年,月,日,時,分,縣市,區,死,受傷,2-30,天候,光線,道路類別,速限,道路型態,事故位置,路面鋪裝,路面狀態,路面缺陷,障礙物,視距,號誌種類,號誌動作,分向設施,快車道或一般車道間,快慢車道間,路面邊線,事故類型及型態,主要肇因,受傷程度,主要傷處,保護裝備,行動電話,當事者區分_類別,車輛用途,當事者行動狀態,駕駛資格情形,駕駛執照種類,飲酒情形,車輛撞擊部位最初,車輛撞擊部位其他,肇事因素個別,肇事因素主要,肇事逃逸,職業,旅次目的,車種,GPS座標X,GPS座標Y,事故類別
2018,12,2,5,43,臺中市,西區,0,1,0,8,3,5,50,4,1,1,5,4,5,7,3,1,10,5,5,2,15,6,3,10,1,1,B03,7,9,1,4,2,15,  ,6,6,1,21,8,B03,24.136547,120.655141,2
2018,12,2,6,2,臺中市,北屯區,0,2,0,8,2,5,50,3,1,1,5,4,5,7,4,4,10,5,5,2,3,23,2,9,3,4,C03,7,9,1,10,2,11,  ,23,23,1,21,8,C03,24.164763,120.696261,2
2018,12,2,6,25,臺中市,大肚區,0,1,0,8,1,5,50,14,9,1,5,4,5,7,4,4,5,4,5,1,16,26,3,10,1,1,B03,7,11,1,8,2,8,  ,26,26,1,9,5,B03,24.152611,120.544894,2
2018,12,2,7,4,臺中市,大甲區,0,0,,8,,,40,,,,,,,,,,,,,,,,,,,,A12,,,1,,2,,,23,,1,9,,A12,24.158942,120.648457,3
2018,12,2,7,28,臺中市,后里區,0,1,0,8,1,5,40,4,1,1,5,4,5,7,4,4,10,5,5,2,15,6,2,9,1,4,C03,7,9,1,10,2,14,  ,6,6,1,22,8,C03,24.305245,120.720138,2
2018,12,2,7,31,臺中市,南屯區,0,0,0,8,1,5,50,4,1,5,5,4,5,7,1,1,3,4,4,2,12,19,3,10,1,2,C03,7,9,3,8,2,11,  ,19,19,1,22,8,C03,24.138735,120.613116,3
2018,12,2,7,39,臺中市,南屯區,0,1,0,8,1,5,40,3,1,1,5,4,5,7,1,1,5,5,5,2,12,6,2,9,1,1,C03,7,9,1,10,2,14,  ,23,6,1,22,8,C03,24.148608,120.611828,2
2018,12,2,7,39,臺中市,石岡區,0,2,0,8,1,5,50,3,1,1,5,4,5,7,1,1,1,2,4,1,10,23,3,10,1,1,B01,7,9,1,4,2,1,  ,23,23,1,10,8,B01,24.277266,120.764249,2
2018,12,2,8,1,臺中市,太平區,0,0,,8,,,50,,,,,,,,,,,,,,,,,,,,C03,,,1,,1,,,23,,1,18,,C03,24.14621,120.7336,3
2018,12,2,8,16,臺中市,北屯區,0,1,0,8,1,5,50,3,1,1,5,4,5,7,2,1,10,5,5,2,16,6,3,10,1,1,B03,7,5,1,8,2,5,  ,6,6,1,5,8,B03,24.174145,120.714946,2
2018,12,2,8,20,臺中市,中區,0,2,0,8,1,5,50,4,1,1,5,4,5,7,2,1,10,5,5,2,15,6,2,9,1,1,C03,7,9,1,10,2,12,  ,6,6,1,20,8,C03,24.141276,120.681968,2
2018,12,2,8,25,臺中市,霧峰區,0,3,0,8,1,5,40,3,2,1,5,4,5,7,4,4,5,5,5,1,16,6,2,9,1,1,C03,7,5,1,10,2,14,  ,6,6,1,12,8,C03,24.073611,120.708421,2
2018,12,2,8,33,臺中市,北區,0,0,,8,,,50,,,,,,,,,,,,,,,,,,,,B03,,,1,,2,,,16,,1,22,,B03,24.144331,120.682036,3
2018,12,2,8,46,臺中市,西區,0,0,,8,,,60,,,,,,,,,,,,,,,,,,,,B03,,,1,,2,,,23,,1,5,,B03,24.15684,120.660336,3
2018,12,2,8,55,臺中市,北屯區,0,1,0,8,1,5,40,14,8,1,5,4,5,7,4,4,5,5,4,2,16,23,2,9,1,1,B02,7,11,3,18,2,8,  ,23,23,1,22,8,B02,24.174738,120.68361,2
2018,12,2,8,55,臺中市,新社區,0,2,0,8,1,5,50,4,1,1,5,4,5,7,3,1,10,5,5,2,16,8,2,9,1,1,C03,7,5,1,10,2,14,  ,8,8,1,21,8,C03,24.206763,120.801941,2
2018,12,2,8,56,臺中市,新社區,0,0,,8,,,50,,,,,,,,,,,,,,,,,,,,C03,,,1,,2,,,23,,1,  ,,C03,24.190476,120.81277,3
2018,12,2,9,0,臺中市,東區,0,2,0,8,1,5,50,3,1,1,5,4,5,7,4,4,10,5,5,2,16,6,2,9,1,1,C03,7,5,1,10,2,14,  ,6,6,1,5,8,C03,24.130344,120.690318,2
2018,12,2,9,6,臺中市,太平區,0,1,0,8,1,5,50,14,9,1,5,4,5,7,4,4,9,5,4,2,13,16,3,10,1,1,B03,7,9,1,8,2,1,  ,16,16,1,4,5,B03,24.156143,120.703363,2
2018,12,2,9,7,臺中市,北屯區,0,0,0,,,,,,,,,,,,,,,,,,,,3,  ,  ,  ,B03,  ,  ,  ,  ,2,  ,  ,  ,  ,  ,21,  ,B03,,,3
2018,12,2,9,16,臺中市,大里區,0,0,,8,1,5,50,3,2,1,5,4,5,7,4,4,10,5,5,1,16,,,,,,B03,,,1,,2,,,6,,1,22,,B03,24.109554,120.681382,3
2018,12,2,9,18,臺中市,北屯區,0,0,,8,,,50,,,,,,,,,,,,,,,,,,,,B12,,,1,,2,,,7,,1,22,,B12,24.17698,120.732396,3
2018,12,2,9,29,臺中市,北區,0,1,0,8,1,5,50,4,1,1,5,4,5,7,1,1,10,5,5,2,17,23,3,10,1,1,B03,7,5,1,8,2,4,  ,23,23,1,21,8,B03,24.161293,120.664743,2
2018,12,2,9,36,臺中市,北區,0,0,,8,,,50,,,,,,,,,,,,,,,,,,,,B12,,,1,,2,,,12,,1,5,,B12,24.166892,120.666131,3
2018,12,2,9,39,臺中市,南屯區,0,0,0,8,1,5,50,14,7,1,5,4,5,7,1,1,5,2,4,2,13,23,3,10,1,1,B03,7,14,1,8,2,3,  ,23,23,1,22,8,B03,24.138674,120.613144,3
2018,12,2,9,42,臺中市,南屯區,0,1,0,8,1,5,50,4,1,1,5,4,5,7,1,1,10,5,5,2,15,25,3,10,3,4,B01,7,9,1,4,2,2,  ,25,25,1,10,9,B01,24.158247,120.634096,2
2018,12,2,9,50,臺中市,西屯區,0,2,0,8,1,5,50,14,9,1,5,4,5,7,4,4,1,3,4,1,12,7,3,10,1,1,B03,7,8,1,8,2,3,  ,7,7,1,22,8,B03,24.172188,120.635343,2
2018,12,2,9,53,臺中市,東區,0,0,,8,,,40,,,,,,,,,,,,,,,,,,,,B03,,,1,,2,,,6,,1,  ,,B03,24.134444,120.686522,3
2018,12,2,9,55,臺中市,太平區,0,1,0,8,1,5,50,4,1,1,5,4,5,7,1,1,10,5,5,2,15,25,3,10,1,1,C03,7,9,1,10,2,12,  ,25,25,1,21,8,C03,24.133577,120.716207,2
2018,12,2,9,57,臺中市,中區,0,1,0,8,1,5,50,4,1,1,5,4,5,7,4,4,10,5,5,2,12,26,3,10,3,4,B03,7,5,1,8,2,4,  ,26,26,1,21,8,B03,24.140796,120.684509,2
2018,12,2,10,8,臺中市,大里區,0,0,,8,,,50,,,,,,,,,,,,,,,,,,,,B03,,,1,,2,,,23,,1,22,,B03,24.085448,120.676166,3
2018,12,2,10,9,臺中市,大甲區,0,0,0,8,,,50,,,,,,,,,,,,,,,23,  ,  ,  ,  ,B03,  ,  ,1,  ,2,  ,  ,23,23,1,  ,  ,B03,24.345061,120.633595,3
2018,12,2,10,26,臺中市,東勢區,0,2,0,8,1,5,40,3,9,1,5,4,5,7,4,4,10,5,5,2,10,5,2,9,1,1,C03,7,9,2,18,2,11,  ,5,5,1,21,8,C03,24.241474,120.835481,2
2018,12,2,10,36,臺中市,南區,0,0,,8,,,40,,,,,,,,,,,,,,,,,,,,B03,,,1,,2,,,12,,1,3,,B03,24.114083,120.658102,3
2018,12,2,10,49,臺中市,北屯區,0,0,,8,,,50,,,,,,,,,,,,,,,,,,,,B03,,,1,,2,,,6,,1,22,,B03,24.179894,120.740985,3
2018,12,2,10,50,臺中市,北屯區,0,0,0,8,,,40,,,,,,,,,,,,,,,67,  ,  ,  ,  ,   ,  ,  ,8,  ,10,  ,  ,67,67,1,  ,  ,   ,24.164058,120.693828,3
2018,12,2,11,0,臺中市,中區,0,1,0,8,1,5,50,4,1,1,5,4,5,7,2,1,10,5,5,2,16,10,3,10,1,1,B03,7,11,1,8,2,5,  ,10,10,1,21,8,B03,24.145834,120.682477,2
2018,12,2,11,0,臺中市,龍井區,0,1,0,8,1,5,50,14,9,1,5,4,5,7,4,4,9,5,5,1,11,4,2,9,2,1,C03,7,9,1,10,8,11,  ,4,4,1,22,8,C03,24.210488,120.525698,2
2018,12,2,11,6,臺中市,北區,0,0,,8,,,50,,,,,,,,,,,,,,,,,,,,B03,,,1,,2,,,26,,1,5,,B03,24.159218,120.675709,3
2018,12,2,11,6,臺中市,西屯區,0,0,,8,1,5,50,14,7,1,5,4,5,7,4,4,1,3,1,1,12,,,,,,B03,,,1,,2,,,23,,1,22,,B03,24.201191,120.656875,3
2018,12,2,11,18,臺中市,南區,0,0,0,8,,,50,,,,,,,,,,,,,,,26,3,  ,  ,  ,B03,  ,  ,1,8,2,  ,  ,26,26,  ,21,  ,B03,24.117675,120.653043,3
2018,12,2,11,34,臺中市,北區,0,2,0,8,1,5,50,3,2,1,5,4,5,7,2,1,5,2,5,2,13,23,3,10,3,4,B12,7,9,1,8,2,5,  ,23,23,1,22,9,B12,24.147171,120.68645,2
2018,12,2,11,40,臺中市,梧棲區,0,0,,8,,,70,,,,,,,,,,,,,,,23,,,,,B03,,,1,,2,,,44,23,  ,  ,,B03,24.254253,120.524772,3
2018,12,2,11,43,臺中市,北屯區,0,1,0,8,1,5,50,3,2,1,5,4,5,7,1,1,1,2,4,2,16,43,2,9,1,1,C03,7,5,1,10,2,14,  ,43,43,1,5,8,C03,24.169421,120.696941,2
2018,12,2,11,44,臺中市,南屯區,0,0,,8,,,50,,,,,,,,,,,,,,,,,,,,B03,,,1,,2,,,23,,1,22,,B03,24.145856,120.636491,3
2018,12,2,11,45,臺中市,北屯區,0,1,0,8,1,5,50,4,1,1,5,4,5,7,2,1,10,5,5,2,16,6,3,10,3,4,B03,7,6,1,8,2,8,  ,6,6,1,21,8,B03,24.181175,120.672516,2
2018,12,2,11,46,臺中市,新社區,0,1,0,8,1,5,50,3,2,1,5,4,5,7,4,4,9,4,5,1,10,1,2,8,1,1,C03,7,4,1,10,2,11,  ,1,1,1,21,8,C03,24.20833,120.821008,2
2018,12,2,11,50,臺中市,南屯區,0,1,0,8,1,5,50,3,1,1,5,4,5,7,2,1,10,5,5,2,16,6,3,10,3,4,B03,7,5,1,8,2,8,  ,6,6,1,22,9,B03,24.152261,120.623981,2
2018,12,2,11,56,臺中市,南屯區,0,1,0,8,1,5,40,14,16,1,5,4,5,7,4,4,10,5,5,2,13,23,3,10,1,1,B03,7,9,1,8,2,1,  ,23,23,1,22,8,B03,24.148948,120.623521,2
2018,12,2,11,56,臺中市,西屯區,0,0,,8,1,5,60,14,7,1,5,4,5,7,2,1,1,1,1,1,12,,,,,,B03,,,1,,2,,,22,,1,22,,B03,24.160648,120.653621,3
2018,12,2,12,6,臺中市,西區,0,1,0,8,1,5,50,4,1,1,5,4,5,7,4,4,10,5,5,2,15,14,2,9,1,1,C03,7,9,1,10,2,11,  ,14,14,1,5,7,C03,24.145539,120.6643,2
2018,12,2,12,20,臺中市,北區,0,1,0,8,1,5,50,14,7,1,5,4,5,7,4,4,9,5,4,2,16,6,3,10,1,1,B03,7,11,1,8,2,4,  ,6,6,1,21,8,B03,24.152497,120.690278,2
2018,12,2,12,30,臺中市,大肚區,0,0,,8,,,50,,,,,,,,,,,,,,,,,,,,B03,,,1,,2,,,6,,1,21,,B03,24.153271,120.54378,3
2018,12,2,12,36,臺中市,霧峰區,0,2,0,8,1,5,40,14,9,1,5,4,5,7,4,4,10,5,5,2,16,6,3,10,1,1,B03,7,5,1,8,2,1,  ,6,6,1,6,8,B03,24.073028,120.714121,2
2018,12,2,12,53,臺中市,北區,0,2,0,8,1,5,50,4,2,1,5,4,5,7,1,1,5,2,4,2,12,43,2,9,3,4,C03,7,9,1,10,2,11,  ,43,43,1,22,9,C03,24.155075,120.668915,2
2018,12,2,13,0,臺中市,北屯區,0,0,,8,,,50,,,,,,,,,,,,,,,,,,,,B03,,,1,,2,,,10,,1,4,,B03,24.190448,120.688478,3
2018,12,2,13,10,臺中市,中區,0,2,0,8,1,5,50,14,9,1,5,4,5,7,4,4,5,5,5,2,17,23,2,9,1,1,C03,7,9,1,10,2,11,  ,23,23,1,5,1,C03,24.136496,120.681568,2
2018,12,2,13,13,臺中市,西區,0,0,,8,,,40,,,,,,,,,,,,,,,,,,,,B03,,,1,,2,,,12,,1,5,,B03,24.144454,120.670086,3
2018,12,2,13,24,臺中市,太平區,0,1,0,8,1,5,50,4,2,1,5,4,5,7,4,4,5,5,5,1,17,10,3,10,1,1,B03,7,11,1,8,2,3,  ,10,10,1,5,3,B03,24.131524,120.71787,2
2018,12,2,13,36,臺中市,北區,0,0,,8,,,50,,,,,,,,,,,,,,,,,,,,B03,,,1,,2,,,23,,1,5,,B03,24.167849,120.672797,3
2018,12,2,14,1,臺中市,新社區,0,5,0,8,1,5,50,14,9,1,5,4,5,7,4,4,5,5,5,1,13,23,3,10,1,1,B03,7,9,1,8,2,1,  ,23,23,1,21,8,B03,24.250916,120.808658,2
2018,12,2,14,2,臺中市,南屯區,0,0,0,8,,,50,,,,,,,,,,,,,,,43,  ,  ,  ,  ,B03,  ,  ,1,  ,11,  ,  ,43,43,1,22,  ,B03,24.150991,120.612346,3
2018,12,2,14,5,臺中市,大里區,0,0,,8,,,40,,,,,,,,,,,,,,,,,,,,B03,,,1,,2,,,5,,1,22,,B03,24.089606,120.694334,4
2018,12,2,14,5,臺中市,沙鹿區,0,2,0,8,1,5,50,3,1,1,5,4,5,7,4,4,10,5,5,2,16,6,3,10,1,1,B03,7,6,1,8,2,2,  ,6,6,1,5,5,B03,24.237323,120.564448,2
2018,12,2,14,7,臺中市,潭子區,0,0,0,8,1,5,40,14,9,1,5,4,5,7,4,4,9,3,5,1,14,19,3,10,1,1,B12,7,2,1,8,6,3,  ,19,19,1,22,1,B12,24.204472,120.716398,3
2018,12,2,14,10,臺中市,北屯區,0,0,,8,,,50,,,,,,,,,,,,,,,,,,,,B12,,,1,,2,,,23,,1,  ,,B12,24.182195,120.703263,3
2018,12,2,14,20,臺中市,沙鹿區,0,1,0,8,1,5,40,14,13,1,5,4,5,7,4,4,1,4,4,1,18,23,2,9,1,1,C03,7,9,1,10,2,12,  ,23,23,1,18,5,C03,24.249492,120.57736,2
2018,12,2,14,30,臺中市,北區,0,0,,8,,,50,,,,,,,,,,,,,,,,,,,,B03,,,1,,2,,,23,,1,  ,,B03,24.153901,120.688207,3
2018,12,2,14,41,臺中市,北區,0,0,,8,,,50,,,,,,,,,,,,,,,,,,,,B03,,,1,,2,,,12,,1,22,,B03,24.1572,120.6785,3
2018,12,2,14,41,臺中市,和平區,0,0,0,8,1,2,40,,9,1,5,4,5,1,4,4,5,4,5,1,12,44,  ,10,1,1,B03,7,9,1,8,2,2,  ,44,44,1,3,9,B03,24.174762,120.882936,3
2018,12,2,14,43,臺中市,北屯區,0,0,0,8,,,50,,,,,,,,,,,,,,,12,  ,  ,  ,  ,B11,  ,  ,1,  ,2,  ,  ,12,12,  ,10,  ,B11,24.185977,120.698682,3
2018,12,2,14,43,臺中市,清水區,0,1,0,8,1,5,50,14,13,1,5,4,5,7,4,4,4,5,5,1,17,26,2,9,2,1,C03,7,9,1,10,8,11,  ,26,26,1,21,8,C03,24.268595,120.566081,2
2018,12,2,14,45,臺中市,太平區,0,1,0,8,1,5,40,4,1,1,5,4,5,7,2,1,10,5,5,2,16,23,2,9,1,1,C03,7,9,1,10,2,11,14,23,23,1,18,8,C03,24.158321,120.717791,2
2018,12,2,14,58,臺中市,神岡區,0,0,,8,,,50,,,,,,,,,,,,,,,,,,,,B03,,,1,,2,,,23,,1,  ,,B03,24.254081,120.66006,3
2018,12,2,14,59,臺中市,南區,0,1,0,8,1,5,50,4,1,1,5,4,5,7,4,4,10,5,5,2,15,6,2,9,1,1,C03,7,9,1,10,2,12,  ,6,6,1,22,9,C03,24.129924,120.675841,2
2018,12,2,15,0,臺中市,大雅區,0,1,0,8,1,5,40,14,9,1,5,4,5,7,4,4,10,5,5,2,16,43,4,11,3,4,   ,7,21,7,19,11,15,  ,43,43,2,22,9,   ,24.222752,120.656335,2
2018,12,2,15,3,臺中市,后里區,0,0,0,8,,,50,,,,,,,,,,,,,,,6,  ,  ,  ,  ,B03,  ,  ,1,  ,2,  ,  ,6,6,1,  ,  ,B03,24.309611,120.730393,3
2018,12,2,15,15,臺中市,大雅區,0,0,,8,,,40,,,,,,,,,,,,,,,,,,,,B03,,,1,,2,,,6,,1,22,,B03,24.209381,120.654362,3
2018,12,2,15,21,臺中市,龍井區,0,1,0,8,1,5,40,4,1,1,5,4,5,7,4,4,10,5,5,2,15,6,3,10,1,1,B03,7,9,1,8,2,5,  ,23,6,1,12,8,B03,24.213888,120.548033,2
2018,12,2,15,24,臺中市,南屯區,0,1,0,8,1,5,50,3,1,1,5,4,5,7,4,4,10,5,5,2,16,10,3,10,3,4,B03,7,11,1,8,2,8,  ,10,10,1,22,9,B03,24.139119,120.637855,2
2018,12,2,15,25,臺中市,西屯區,0,0,,8,,,50,,,,,,,,,,,,,,,,,,,,B03,,,1,,2,,,16,,1,22,,B03,24.163092,120.63798,3
2018,12,2,15,36,臺中市,大雅區,0,4,0,8,1,5,40,3,9,1,5,4,5,6,4,4,5,5,5,1,17,6,3,10,1,1,B03,7,5,1,8,2,1,  ,6,6,1,21,8,B03,24.215236,120.664013,2
2018,12,2,15,44,臺中市,西屯區,0,0,0,8,,,40,,,,,,,,,,,,,,,23,  ,  ,  ,  ,B03,  ,  ,1,  ,2,  ,  ,23,23,1,  ,  ,B03,24.196045,120.647605,3
2018,12,2,15,45,臺中市,北屯區,0,0,,8,,,50,,,,,,,,,,,,,,,,,,,,B03,,,1,,2,,,23,,1,21,,B03,24.192946,120.747068,3
2018,12,2,16,0,臺中市,大里區,0,0,,8,,,50,,,,,,,,,,,,,,,,,,,,C03,,,1,,2,,,7,,1,5,,C03,24.14646,120.676378,3
2018,12,2,16,4,臺中市,沙鹿區,0,1,0,8,1,5,50,3,1,1,5,4,5,7,1,1,1,2,4,2,17,8,2,9,1,1,C03,7,5,1,10,2,14,  ,8,8,1,4,8,C03,24.222505,120.55674,2
2018,12,2,16,14,臺中市,太平區,0,1,0,8,1,5,50,3,1,1,5,4,5,7,4,4,10,5,5,2,17,42,3,10,1,1,C03,7,15,1,10,2,13,  ,42,42,1,21,8,C03,24.121993,120.718972,2
2018,12,2,16,20,臺中市,北屯區,0,1,0,8,1,5,40,4,1,1,5,4,5,7,4,4,10,5,5,2,16,6,2,9,1,1,C03,7,6,1,10,2,11,  ,6,6,1,21,8,C03,24.172466,120.714305,2
2018,12,2,16,22,臺中市,北屯區,0,3,0,8,1,5,50,14,9,1,5,4,5,7,4,4,1,4,5,2,17,43,2,9,1,1,C03,7,9,1,10,2,15,  ,43,43,1,5,8,C03,24.182684,120.686403,2
2018,12,2,16,28,臺中市,大里區,0,1,0,8,1,5,50,4,2,1,5,4,5,7,1,1,10,5,5,2,16,25,3,10,1,1,C03,7,1,1,10,2,11,  ,25,25,1,19,7,C03,24.088486,120.702851,2
2018,12,2,16,30,臺中市,南屯區,0,0,0,8,,,40,,,,,,,,,,,,,,,,3,  ,  ,  ,C03,  ,  ,1,  ,2,  ,  ,10,  ,1,22,  ,C03,24.143315,120.636477,3
2018,12,2,16,35,臺中市,南屯區,0,0,0,8,,,50,,,,,,,,,,,,,,,16,  ,  ,  ,  ,B03,  ,  ,1,8,2,  ,  ,16,16,1,12,  ,B03,24.128904,120.645391,3
2018,12,2,16,39,臺中市,大雅區,0,1,0,8,1,5,50,14,8,1,5,4,5,7,4,4,1,4,4,1,12,7,3,10,1,1,B03,7,8,1,8,2,6,  ,7,7,1,22,8,B03,24.242271,120.626666,2
2018,12,2,16,50,臺中市,后里區,0,1,0,8,1,5,60,3,4,1,5,4,5,7,1,1,1,2,5,1,12,43,3,10,1,1,A05,7,9,1,2,2,5,  ,43,43,1,21,8,A05,24.284968,120.722676,2
2018,12,2,16,54,臺中市,西屯區,0,0,,8,,,50,,,,,,,,,,,,,,,,,,,,B03,,,1,,2,,,23,,1,22,,B03,24.201288,120.663162,3
2018,12,2,17,0,臺中市,南屯區,0,0,,8,,,50,,,,,,,,,,,,,,,,,,,,B03,,,1,,2,,,23,,1,22,,B03,24.151163,120.621596,3
2018,12,2,17,0,臺中市,北屯區,0,1,0,8,2,5,50,4,18,1,5,4,5,7,2,1,10,5,5,2,3,15,2,8,1,1,H01,8,18,8,20,2,16,  ,52,15,1,14,8,H01,24.1761,120.696883,2
2018,12,2,17,0,臺中市,大甲區,0,0,0,8,1,5,50,4,1,1,5,4,5,7,2,1,10,5,5,2,17,21,3,10,2,1,C03,7,13,1,10,1,13,  ,38,21,1,9,8,C03,24.342415,120.622755,3
2018,12,2,17,9,臺中市,南屯區,0,0,,8,,,50,,,,,,,,,,,,,,,,,,,,B01,,,1,,2,,,12,,1,10,,B01,24.133448,120.605326,3
2018,12,2,17,13,臺中市,南區,0,0,0,8,,,50,,,,,,,,,,,,,,,12,  ,  ,  ,  ,B03,  ,  ,1,  ,2,  ,  ,12,12,1,4,  ,B03,24.127902,120.676363,3
2018,12,2,17,15,臺中市,西區,0,0,,8,,,50,,,,,,,,,,,,,,,,,,,,B03,,,1,,11,,,17,,1,  ,,B03,24.146686,120.649924,3
2018,12,2,17,20,臺中市,南屯區,0,0,0,8,,,50,,,,,,,,,,,,,,,16,  ,  ,  ,  ,B03,  ,  ,1,8,2,  ,  ,16,16,1,12,  ,B03,24.141481,120.641861,3
2018,12,2,17,32,臺中市,太平區,0,1,0,8,3,5,50,3,1,1,5,4,5,7,3,1,10,5,5,2,16,6,2,8,1,1,C03,7,5,1,10,2,11,  ,6,6,1,22,9,C03,24.15028,120.710663,2
2018,12,2,17,32,臺中市,清水區,0,0,,8,,,50,,,,,,,,,,,,,,,,,,,,B03,,,1,,2,,,12,,1,21,,B03,24.268375,120.564333,3
2018,12,2,17,33,臺中市,潭子區,0,1,0,8,3,5,40,3,1,1,5,4,5,7,4,4,10,5,5,2,16,6,3,10,1,1,B03,7,5,1,7,2,2,5,6,6,1,22,8,B03,24.220881,120.703526,2
2018,12,2,17,35,臺中市,北區,0,0,,8,,,50,,,,,,,,,,,,,,,,,,,,C03,,,1,,2,,,23,,  ,22,,C03,24.153253,120.682636,3
2018,12,2,17,40,臺中市,北區,0,0,0,8,,,40,,,,,,,,,,,,,,,12,3,  ,  ,  ,B03,  ,  ,1,  ,2,  ,  ,12,12,1,5,  ,B03,24.172172,120.678721,3
2018,12,2,17,40,臺中市,南屯區,0,0,0,8,3,5,50,4,1,1,5,4,5,7,2,1,10,5,5,2,16,25,3,10,1,1,B03,7,7,1,8,2,8,  ,25,25,1,22,9,B03,24.145196,120.62291,3
2018,12,2,17,40,臺中市,大里區,0,0,,8,,,50,,,,,,,,,,,,,,,,,,,,B03,,,3,,2,,,7,,1,12,,B03,24.114851,120.677696,3
2018,12,2,17,46,臺中市,西區,0,1,0,8,3,5,50,3,1,1,5,4,5,7,4,4,10,5,5,2,12,42,3,10,1,1,C03,7,15,1,10,2,14,  ,42,42,1,5,8,C03,24.13932,120.676362,2
2018,12,2,17,48,臺中市,梧棲區,0,3,0,8,3,5,40,3,1,1,5,4,5,7,1,1,10,5,5,2,13,16,2,9,1,1,C03,7,9,1,10,2,11,  ,16,16,1,18,8,C03,24.248686,120.540503,2
2018,12,2,17,53,臺中市,后里區,0,0,,8,,,60,,,,,,,,,,,,,,,,,,,,C03,,,1,,2,,,43,,1,  ,,C03,24.284925,120.722693,3
2018,12,2,17,55,臺中市,西屯區,0,1,0,8,3,5,50,4,2,1,5,4,5,7,4,4,5,5,4,2,16,6,3,10,1,1,B12,7,5,1,8,2,5,  ,6,6,1,22,8,B12,24.171783,120.646227,2
2018,12,2,18,0,臺中市,后里區,0,0,,8,,,60,,,,,,,,,,,,,,,,,,,,B03,,,1,,2,,,16,,1,  ,,B03,24.302066,120.72272,3
2018,12,2,18,8,臺中市,西區,0,0,,8,,,50,,,,,,,,,,,,,,,,,,,,B12,,,1,,2,,,23,,1,5,,B12,24.145241,120.66165,3
2018,12,2,18,8,臺中市,太平區,0,0,,8,,,50,,,,,,,,,,,,,,,,,,,,B12,,,1,,2,,,18,,1,21,,B12,24.150387,120.732144,3
2018,12,2,18,23,臺中市,潭子區,0,2,0,8,3,5,60,14,8,1,5,4,5,7,4,4,1,3,4,1,16,16,2,9,1,1,C03,7,9,1,10,2,11,  ,16,16,1,22,8,C03,24.214342,120.705142,2
2018,12,2,18,25,臺中市,大雅區,0,1,0,8,3,5,40,4,1,1,5,4,5,7,1,1,5,5,5,1,13,16,2,9,1,1,C03,7,9,3,18,2,11,  ,16,16,1,22,8,C03,24.223024,120.653603,2
2018,12,2,18,28,臺中市,北屯區,0,0,0,8,3,5,50,14,9,1,5,4,5,7,4,4,1,1,5,2,13,21,3,10,1,1,B12,7,9,1,8,7,1,  ,21,21,1,21,8,B12,24.182595,120.721636,3
2018,12,2,18,30,臺中市,龍井區,0,0,,8,,,70,,,,,,,,,,,,,,,,,,,,B03,,,1,,2,,,23,,1,22,,B03,24.183361,120.59241,3
2018,12,2,18,44,臺中市,梧棲區,0,0,0,8,,,50,,,,,,,,,,,,,,,6,  ,  ,  ,  ,B03,  ,  ,1,  ,2,  ,  ,6,6,1,2,  ,B03,24.25889,120.532258,3
2018,12,2,18,45,臺中市,南區,0,0,0,,,,,,,,,,,,,,,,,,,40,3,  ,  ,  ,B03,  ,  ,1,  ,2,  ,  ,40,40,1,22,  ,B03,,,3
2018,12,2,18,47,臺中市,霧峰區,0,2,0,8,3,5,40,4,1,1,5,4,5,7,4,4,10,5,5,2,15,6,2,9,1,1,C03,7,9,1,10,2,11,  ,6,6,1,18,5,C03,24.048526,120.690643,2
2018,12,2,18,52,臺中市,北屯區,0,0,,8,,,50,,,,,,,,,,,,,,,,,,,,B03,,,1,,2,,,16,,1,4,,B03,24.190513,120.688455,3
2018,12,2,18,55,臺中市,西區,0,1,0,8,1,5,40,14,8,1,5,4,5,7,4,4,1,4,1,2,17,6,2,9,1,1,C03,7,7,1,10,2,14,  ,6,6,1,22,9,C03,24.156458,120.660401,2
2018,12,2,19,0,臺中市,南屯區,0,0,0,8,,,50,,,,,,,,,,,,,,,23,  ,  ,  ,  ,B03,  ,  ,1,8,2,  ,  ,23,23,1,12,  ,B03,24.158941,120.629433,3
2018,12,2,19,4,臺中市,沙鹿區,0,0,0,8,,,50,,,,,,,,,,,,,,,3,  ,  ,  ,  ,B03,  ,  ,1,  ,2,  ,  ,3,3,  ,  ,  ,B03,24.240916,120.564886,3
2018,12,2,19,10,臺中市,南屯區,0,0,,8,,,50,,,,,,,,,,,,,,,,,,,,B03,,,1,,11,,,23,,2,21,,B03,24.15607,120.650291,3
2018,12,2,19,13,臺中市,西屯區,0,0,,8,,,50,,,,,,,,,,,,,,,,,,,,B03,,,1,,2,,,16,,1,22,,B03,24.165081,120.640839,3
2018,12,2,19,15,臺中市,南區,0,1,0,8,3,5,50,14,7,1,5,4,5,7,4,4,5,4,5,2,13,23,3,10,1,1,C03,7,9,6,10,11,12,14,23,23,1,22,8,C03,24.13426,120.656551,2
2018,12,2,19,20,臺中市,豐原區,0,1,0,8,3,5,50,14,7,1,5,4,5,7,4,4,5,5,4,2,11,42,3,10,3,4,C03,7,9,1,10,11,14,  ,42,42,1,22,8,C03,24.24782,120.729867,2