年,月,日,時,分,縣市,區,死,受傷,2-30,天候,光線,道路類別,速限,道路型態,事故位置,路面鋪裝,路面狀態,路面缺陷,障礙物,視距,號誌種類,號誌動作,分向設施,快車道或一般車道間,快慢車道間,路面邊線,事故類型及型態,主要肇因,受傷程度,主要傷處,保護裝備,行動電話,當事者區分_類別,車輛用途,當事者行動狀態,駕駛資格情形,駕駛執照種類,飲酒情形,車輛撞擊部位最初,車輛撞擊部位其他,肇事因素個別,肇事因素主要,肇事逃逸,職業,旅次目的,車種,GPS座標X,GPS座標Y,事故類別
2018,12,2,19,44,臺中市,東區,0,1,0,8,2,5,50,3,1,1,5,4,5,7,4,4,10,5,5,2,3,15,3,10,1,1,B03,7,5,1,8,2,2,  ,15,15,1,21,8,B03,24.137005,120.697157,2
2018,12,2,19,45,臺中市,東區,0,0,0,8,3,5,50,14,9,1,5,4,5,7,4,4,5,5,5,2,17,67,4,11,3,4,   ,  ,21,7,19,11,  ,  ,67,67,1,22,9,   ,24.140942,120.691033,3
2018,12,2,19,54,臺中市,西區,0,0,0,8,,,40,,,,,,,,,,,,,,,42,3,  ,  ,  ,B02,  ,  ,1,  ,2,  ,  ,42,42,  ,5,  ,B02,24.152557,120.659716,3
2018,12,2,19,54,臺中市,北屯區,0,0,0,8,,,50,,,,,,,,,,,,,,,23,  ,  ,  ,  ,B03,  ,  ,1,  ,2,  ,  ,23,23,1,5,  ,B03,24.182766,120.700218,3
2018,12,2,19,59,臺中市,北區,0,0,,8,,,50,,,,,,,,,,,,,,,,,,,,C03,,,1,,2,,,16,,1,22,,C03,24.149881,120.684222,3
2018,12,2,19,59,臺中市,太平區,0,1,0,8,3,5,50,14,9,1,5,4,5,7,4,4,5,5,5,2,13,16,2,9,1,1,C03,7,12,1,10,2,11,  ,16,16,1,9,5,C03,24.123889,120.724726,2
2018,12,2,20,0,臺中市,后里區,0,0,,8,,,50,,,,,,,,,,,,,,,,,,,,A05,,,1,,2,,,52,,1,10,,A05,24.315792,120.703496,3
2018,12,2,20,5,臺中市,西屯區,0,1,0,8,3,5,40,4,2,1,5,4,5,7,4,4,5,4,5,2,16,8,2,9,1,1,C03,7,5,1,10,2,11,  ,8,8,1,9,8,C03,24.177603,120.636939,2
2018,12,2,20,5,臺中市,大里區,0,2,0,8,3,5,50,3,1,1,5,4,5,7,4,4,5,5,5,2,17,23,2,9,1,1,C03,7,6,1,10,2,11,  ,23,23,1,4,5,C03,24.11379,120.692301,2
2018,12,2,20,9,臺中市,北區,0,1,0,8,3,5,50,4,1,1,5,4,5,7,2,1,10,5,5,2,17,23,2,9,1,1,C03,7,5,1,10,2,12,  ,23,23,1,22,8,C03,24.149,120.6749,2
2018,12,2,20,10,臺中市,西區,0,1,0,8,3,5,40,14,8,1,5,4,5,7,4,4,1,2,1,2,17,23,2,9,1,1,C03,7,9,3,18,8,11,  ,23,23,1,5,5,C03,24.157644,120.658994,2
2018,12,2,20,19,臺中市,北區,0,2,0,7,3,5,50,3,1,1,5,4,5,7,4,4,10,5,4,2,3,13,2,9,1,1,C03,7,9,1,10,2,11,  ,13,13,1,5,8,C03,24.156175,120.670502,2
2018,12,2,20,40,臺中市,北區,0,2,0,8,3,5,50,4,1,1,5,4,5,7,2,1,10,5,5,2,15,25,3,10,1,1,B03,7,9,1,8,2,5,2,25,25,1,22,8,B03,24.146119,120.686102,2
2018,12,2,20,42,臺中市,西屯區,0,2,0,8,3,5,50,14,9,1,5,4,5,7,1,1,5,2,5,2,13,16,2,9,1,1,C03,7,9,1,10,2,11,  ,16,16,1,22,8,C03,24.185088,120.624903,2
2018,12,2,20,45,臺中市,西屯區,0,1,0,8,3,5,50,3,1,1,5,4,5,7,4,4,10,5,5,2,16,6,3,10,1,1,B03,7,5,1,8,2,8,  ,6,6,1,23,8,B03,24.169124,120.648514,2
2018,12,2,20,53,臺中市,西屯區,0,0,,8,,,50,,,,,,,,,,,,,,,,,,,,B01,,,1,,2,,,23,,1,22,,B01,24.161504,120.640732,3
2018,12,2,21,0,臺中市,南區,0,2,0,8,3,5,50,4,2,1,5,4,5,7,2,1,1,5,1,2,18,42,2,9,1,1,C03,7,6,1,10,2,11,  ,42,42,1,18,5,C03,24.124247,120.679207,2
2018,12,2,21,15,臺中市,南屯區,0,0,,8,,,50,,,,,,,,,,,,,,,,,,,,C03,,,1,,2,,,23,,1,22,,C03,24.1438,120.649899,3
2018,12,2,21,20,臺中市,太平區,0,2,0,8,3,5,50,4,4,1,5,4,5,7,1,1,5,5,4,2,13,23,2,9,1,1,C03,7,9,3,18,2,12,  ,23,23,1,4,8,C03,24.116894,120.71813,2
2018,12,2,21,28,臺中市,烏日區,0,0,,8,,,50,,,,,,,,,,,,,,,,,,,,C03,,,1,,2,,,25,,1,22,,C03,24.113718,120.585883,3
2018,12,2,21,30,臺中市,潭子區,0,2,0,8,3,5,40,4,1,1,5,4,5,7,4,4,1,2,5,2,15,26,3,10,1,1,B03,7,9,1,8,2,1,  ,26,26,1,22,8,B03,24.215233,120.706213,2
2018,12,2,21,53,臺中市,西屯區,0,0,,8,,,40,,,,,,,,,,,,,,,,,,,,B12,,,1,,2,,,12,,1,21,,B12,24.15624,120.647793,3
2018,12,2,22,13,臺中市,烏日區,0,1,0,7,3,5,60,14,7,1,5,4,5,7,4,4,1,4,4,1,17,7,3,10,1,1,B03,7,7,1,8,2,15,  ,7,7,1,21,8,B03,24.10822,120.639228,2
2018,12,2,22,24,臺中市,大雅區,0,3,0,8,3,5,50,4,1,1,5,4,5,7,3,1,10,5,5,1,15,6,2,9,1,1,C03,7,9,1,10,2,11,  ,6,6,1,22,9,C03,24.225903,120.664399,2
2018,12,2,22,40,臺中市,北屯區,0,1,0,8,3,5,60,4,1,1,5,4,5,7,1,1,10,5,5,2,16,26,3,10,1,1,B03,7,5,1,8,2,4,  ,26,26,1,21,5,B03,24.162566,120.722106,2
2018,12,2,22,55,臺中市,潭子區,0,0,,8,,,60,,,,,,,,,,,,,,,,,,,,B03,,,1,,2,,,26,,1,22,,B03,24.211056,120.705458,3
2018,12,2,23,4,臺中市,西屯區,0,0,,8,,,50,,,,,,,,,,,,,,,,,,,,C03,,,1,,2,,,6,,1,  ,,C03,24.177806,120.642254,3
2018,12,2,23,15,臺中市,北屯區,0,1,0,8,3,5,50,4,1,1,5,4,5,7,2,1,10,5,5,2,13,23,2,9,1,1,C03,7,9,2,18,2,11,  ,23,23,1,21,8,C03,24.169386,120.685108,2
2018,12,2,23,31,臺中市,太平區,0,1,0,8,3,5,50,14,11,1,5,4,5,7,4,4,5,5,4,1,17,6,3,10,1,1,C03,7,11,1,10,2,11,  ,6,6,1,18,8,C03,24.148876,120.7187,2
2018,12,2,23,33,臺中市,西區,0,1,0,8,3,5,50,3,1,1,5,4,5,7,4,4,10,5,5,2,16,42,3,10,1,1,B03,7,6,1,8,2,7,  ,42,42,1,21,8,B03,24.156122,120.661787,2
2018,12,2,23,41,臺中市,西區,0,0,0,8,,,50,,,,,,,,,,,,,,,6,3,  ,  ,  ,C03,  ,  ,1,  ,2,  ,  ,6,6,  ,5,  ,C03,24.155272,120.660211,3
2018,12,2,23,43,臺中市,西區,0,1,0,8,3,5,50,14,9,1,5,4,5,7,4,4,5,4,5,2,17,26,3,10,1,1,B03,7,11,1,8,2,4,  ,26,26,1,5,5,B03,24.146479,120.661345,2
2018,12,3,0,27,臺中市,西屯區,0,1,0,8,3,5,50,4,1,1,5,4,5,7,3,1,10,5,5,2,16,6,2,9,1,1,C03,7,9,1,10,2,11,  ,6,6,1,22,8,C03,24.164028,120.633086,2
2018,12,3,1,3,臺中市,西屯區,0,2,0,8,3,5,50,4,1,1,5,4,5,7,2,1,10,5,5,2,15,25,2,8,1,1,C03,7,9,1,10,2,12,  ,25,25,1,21,8,C03,24.175914,120.645452,2
2018,12,3,1,6,臺中市,西屯區,0,0,0,8,,,50,,,,,,,,,,,,,,12,42,  ,  ,  ,  ,B03,  ,  ,4,  ,2,1,  ,42,42,1,22,  ,B03,24.157708,120.647023,3
2018,12,3,6,39,臺中市,大里區,0,0,,8,,,40,,,,,,,,,,,,,,,,,,,,B03,,,1,,11,,,12,,2,22,,B03,24.078269,120.694834,3
2018,12,3,6,55,臺中市,南區,0,1,0,8,1,5,40,4,1,1,5,4,5,7,1,1,10,5,5,2,16,25,3,10,1,1,C03,7,6,1,10,2,11,  ,25,25,1,5,8,C03,24.112841,120.649587,2
2018,12,3,7,0,臺中市,太平區,0,0,,8,,,50,,,,,,,,,,,,,,,,,,,,B03,,,1,,2,,,12,,1,19,,B03,24.121215,120.719815,3
2018,12,3,7,2,臺中市,北屯區,0,0,,8,,,50,,,,,,,,,,,,,,,,,,,,C03,,,1,,2,,,23,,1,  ,,C03,24.194783,120.682929,3
2018,12,3,7,15,臺中市,南屯區,0,1,0,8,1,5,50,3,1,1,5,4,5,7,1,1,5,5,5,1,12,26,2,9,1,1,C03,7,9,1,10,2,11,  ,26,26,1,22,8,C03,24.126816,120.607639,2
2018,12,3,7,15,臺中市,烏日區,0,0,0,8,1,2,,4,7,1,5,4,5,7,1,1,1,4,4,1,12,23,3,10,1,1,B01,7,9,1,8,2,1,  ,23,23,1,  ,  ,B01,24.106873,120.613613,3
2018,12,3,7,15,臺中市,潭子區,0,1,0,8,1,5,50,4,1,1,5,4,5,7,1,1,1,4,4,1,11,26,2,9,1,1,C03,7,9,1,10,2,14,  ,26,26,1,22,9,C03,24.215727,120.705299,2
2018,12,3,7,16,臺中市,龍井區,0,1,0,8,1,5,40,14,9,1,5,4,5,7,4,4,10,5,5,2,11,17,2,9,1,1,C03,7,9,1,10,2,14,  ,17,17,1,22,8,C03,24.186979,120.590872,2
2018,12,3,7,19,臺中市,梧棲區,0,0,,8,,,50,,,,,,,,,,,,,,,,,,,,C03,,,1,,2,,,8,,1,11,,C03,24.246099,120.535606,3
2018,12,3,7,20,臺中市,南屯區,0,1,0,8,1,5,50,4,1,1,5,4,5,7,3,1,10,5,5,2,16,6,3,10,3,4,B03,7,6,1,8,9,3,  ,6,6,2,9,8,B03,24.120684,120.628798,2
2018,12,3,7,20,臺中市,大里區,0,0,,8,,,50,,,,,,,,,,,,,,,,,,,,C03,,,1,,2,,,23,,1,21,,C03,24.100956,120.689766,3
2018,12,3,7,21,臺中市,南區,0,1,0,8,1,5,50,3,1,1,5,4,5,7,4,4,9,5,5,2,18,23,2,9,1,1,C03,7,9,1,10,2,14,  ,23,23,1,21,8,C03,24.119777,120.667075,2
2018,12,3,7,24,臺中市,大肚區,0,2,0,8,1,5,50,3,1,1,5,4,5,7,4,4,10,5,5,2,16,11,2,8,1,1,C03,7,11,1,10,2,12,  ,11,11,1,19,5,C03,24.150709,120.541952,2
2018,12,3,7,29,臺中市,北屯區,0,0,0,8,,,40,,,,,,,,,,,,,,,23,  ,  ,  ,  ,B03,  ,  ,1,  ,2,  ,  ,23,23,1,5,  ,B03,24.201256,120.688686,3
2018,12,3,7,30,臺中市,太平區,0,1,0,8,1,5,40,4,1,1,5,4,5,7,2,1,10,5,5,2,16,6,3,10,1,1,C03,7,11,1,10,2,11,  ,6,6,1,10,8,C03,24.151996,120.715151,2
2018,12,3,7,32,臺中市,南屯區,0,1,0,8,1,5,50,4,2,1,5,4,5,7,2,1,5,2,5,2,18,23,2,8,3,4,C03,7,9,1,10,2,12,  ,23,23,1,22,9,C03,24.146809,120.646852,2
2018,12,3,7,35,臺中市,梧棲區,0,3,0,8,1,5,80,14,7,1,5,4,5,7,4,4,1,4,5,1,13,23,3,10,1,1,A31,7,9,1,1,2,5,  ,23,23,1,10,4,A31,24.231672,120.528315,2
2018,12,3,7,37,臺中市,南屯區,0,0,,8,,,60,,,,,,,,,,,,,,,,,,,,B03,,,1,,2,,,16,,1,  ,,B03,24.145189,120.62293,3
2018,12,3,7,38,臺中市,龍井區,0,0,,8,,,60,,,,,,,,,,,,,,,,,,,,B12,,,1,,2,,,23,,1,22,,B12,24.193824,120.579964,3
2018,12,3,7,40,臺中市,東區,0,0,0,8,1,5,50,4,1,1,5,4,5,7,1,1,10,5,5,2,16,6,3,10,1,1,B03,7,6,1,8,2,3,  ,6,6,1,5,8,B03,24.142688,120.701158,3
2018,12,3,7,40,臺中市,西屯區,0,2,0,8,1,5,40,3,2,1,5,4,5,7,4,4,5,4,4,2,16,7,2,9,1,1,C03,7,8,1,10,2,13,  ,7,7,1,22,8,C03,24.184335,120.590648,2
2018,12,3,7,40,臺中市,龍井區,0,0,,8,,,50,,,,,,,,,,,,,,,,,,,,B03,,,1,,2,,,23,,1,9,,B03,24.200956,120.532561,3
2018,12,3,7,40,臺中市,大雅區,0,2,0,8,1,5,40,14,9,1,5,4,5,7,4,4,10,5,5,2,13,23,2,8,1,1,C03,7,9,1,10,2,11,  ,23,23,1,21,8,C03,24.24305,120.651459,2
2018,12,3,7,41,臺中市,龍井區,0,1,0,8,1,5,50,3,2,1,5,4,5,7,4,4,5,5,4,2,2,23,3,10,1,1,C03,7,9,1,10,2,11,  ,23,23,1,22,8,C03,24.181251,120.591377,2
2018,12,3,7,43,臺中市,南屯區,0,0,,8,,,50,,,,,,,,,,,,,,,,,,,,B03,,,1,,2,,,26,,1,  ,,B03,24.146557,120.630797,3
2018,12,3,7,43,臺中市,西屯區,0,2,0,8,1,5,50,4,1,1,5,4,5,7,2,1,10,5,5,2,16,43,2,8,1,1,B03,7,5,1,8,2,5,  ,43,43,1,22,8,B03,24.171154,120.636805,2
2018,12,3,7,43,臺中市,西屯區,0,1,0,8,1,5,50,3,2,1,5,4,5,7,4,4,1,3,4,1,13,16,2,9,1,1,C03,7,8,1,10,2,11,  ,16,16,1,22,8,C03,24.194268,120.609333,2
2018,12,3,7,50,臺中市,北屯區,0,3,0,8,1,5,50,3,1,1,5,4,5,7,4,4,10,5,5,2,17,23,2,9,1,1,C04,7,9,1,8,2,11,  ,23,23,1,22,8,C04,24.169417,120.700801,2
2018,12,3,7,52,臺中市,北區,0,0,,8,,,50,,,,,,,,,,,,,,,,,,,,B03,,,1,,2,,,6,,1,22,,B03,24.171793,120.667166,3
2018,12,3,7,52,臺中市,南屯區,0,2,0,8,1,5,50,4,1,1,5,4,5,7,4,4,5,4,4,2,15,6,2,9,1,1,C03,7,9,1,10,2,14,  ,6,6,1,22,8,C03,24.143848,120.654113,2
2018,12,3,7,54,臺中市,大里區,0,0,,8,,,40,,,,,,,,,,,,,,,44,,,,,B03,,,1,,2,,,17,44,1,21,,B03,24.095138,120.665245,3
2018,12,3,7,55,臺中市,大肚區,0,0,,8,,,50,,,,,,,,,,,,,,,,,,,,B03,,,1,,2,,,18,,1,21,,B03,24.176831,120.579459,3
2018,12,3,7,55,臺中市,大雅區,0,0,,8,,,50,,,,,,,,,,,,,,,,,,,,B03,,,1,,2,,,6,,1,22,,B03,24.212205,120.660734,3
2018,12,3,7,58,臺中市,西屯區,0,0,,8,,,50,,,,,,,,,,,,,,,,,,,,B03,,,1,,2,,,23,,1,  ,,B03,24.174316,120.634047,3
2018,12,3,7,58,臺中市,大里區,0,0,,8,,,80,,,,,,,,,,,,,,,,,,,,B12,,,1,,2,,,16,,1,21,,B12,24.099606,120.691493,3
2018,12,3,7,59,臺中市,西屯區,0,1,0,8,1,5,50,14,9,1,5,4,5,7,4,4,10,5,5,2,12,23,2,9,1,1,C03,7,14,1,10,2,14,  ,23,23,1,22,8,C03,24.176131,120.635033,2
2018,12,3,8,0,臺中市,北區,0,2,0,8,1,5,50,5,1,1,5,4,5,7,1,1,10,5,5,2,15,43,2,9,1,1,C03,7,9,1,10,2,12,  ,43,43,1,5,8,C03,24.158873,120.690914,2
2018,12,3,8,0,臺中市,南區,0,1,0,8,1,5,40,3,1,1,5,4,5,7,4,4,10,5,5,2,16,6,3,10,1,1,C03,7,5,1,10,2,11,  ,6,6,1,21,8,C03,24.12937,120.662648,2
2018,12,3,8,0,臺中市,大肚區,0,1,0,8,1,5,50,4,1,1,5,4,5,7,4,4,10,5,5,2,15,14,3,10,1,1,B03,7,9,1,8,2,1,  ,14,14,1,4,1,B03,24.156557,120.540379,2
2018,12,3,8,1,臺中市,南區,0,3,0,8,1,5,50,14,8,1,5,4,5,7,4,4,1,4,4,2,17,35,3,10,1,1,C03,7,9,1,10,2,15,  ,35,35,1,22,8,C03,24.120294,120.660263,2
2018,12,3,8,1,臺中市,西屯區,0,1,0,8,1,5,50,4,2,1,5,4,5,7,1,1,1,3,1,1,17,23,2,9,1,1,C03,7,9,1,10,2,11,  ,23,23,1,22,8,C03,24.19438,120.609799,2
2018,12,3,8,1,臺中市,龍井區,0,5,0,8,1,5,40,14,9,1,5,4,3,7,4,4,10,5,5,2,17,43,2,9,1,1,C03,7,9,1,10,2,15,  ,43,43,1,22,8,C03,24.192595,120.571863,2
2018,12,3,8,2,臺中市,龍井區,0,2,0,8,1,5,40,4,2,1,5,4,5,7,2,1,10,5,1,2,3,23,2,9,1,1,C03,7,9,1,10,2,11,  ,23,23,1,22,8,C03,24.182846,120.593127,2
2018,12,3,8,8,臺中市,北屯區,0,1,0,8,1,5,50,4,5,1,5,4,5,7,4,4,10,5,5,2,16,6,3,10,1,1,B03,7,5,1,8,2,5,  ,6,6,1,5,8,B03,24.173663,120.711148,2
2018,12,3,8,14,臺中市,太平區,0,1,0,8,1,5,50,14,7,1,5,4,5,7,4,4,5,4,4,1,16,23,3,10,1,1,C03,7,9,1,10,2,11,  ,23,23,1,18,8,C03,24.149978,120.727448,2
2018,12,3,8,21,臺中市,西屯區,0,1,0,8,1,5,50,4,2,1,5,4,5,7,1,1,5,4,4,2,13,16,2,9,1,1,C03,7,9,1,10,2,14,  ,16,16,1,22,8,C03,24.160786,120.653366,2
2018,12,3,8,25,臺中市,南區,0,2,0,8,1,5,50,5,1,1,5,4,5,7,1,1,10,5,5,2,15,25,3,10,1,1,B03,7,9,1,8,2,8,  ,25,25,1,21,8,B03,24.128838,120.658027,2
2018,12,3,8,26,臺中市,西屯區,0,1,0,8,1,5,50,14,7,1,5,4,5,7,4,4,9,4,4,2,16,23,3,10,1,1,B12,7,5,1,8,2,8,  ,6,23,1,22,8,B12,24.164238,120.63491,2
2018,12,3,8,26,臺中市,西屯區,0,0,0,8,1,5,50,3,1,1,5,4,5,7,1,1,10,5,5,2,16,23,3,10,3,4,B03,7,9,1,8,9,2,  ,17,23,2,22,9,B03,24.172364,120.637002,3
2018,12,3,8,28,臺中市,西屯區,0,0,,8,,,40,,,,,,,,,,,,,,,,,,,,B03,,,1,,2,,,16,,1,22,,B03,24.15917,120.656988,3
2018,12,3,8,28,臺中市,西屯區,0,1,0,8,1,5,50,4,2,1,5,4,5,7,1,1,8,3,4,1,17,43,3,10,1,1,C03,7,9,1,10,2,11,  ,43,43,1,22,8,C03,24.174858,120.646958,2
2018,12,3,8,30,臺中市,東勢區,0,1,0,8,1,5,50,14,9,1,5,4,5,7,4,4,5,5,5,1,12,1,3,10,1,1,B12,7,4,1,8,2,5,  ,1,1,1,21,8,B12,24.260363,120.826298,2
2018,12,3,8,34,臺中市,南屯區,0,0,,8,,,40,,,,,,,,,,,,,,,,,,,,B03,,,1,,2,,,16,,1,  ,,B03,24.149799,120.623196,3
2018,12,3,8,35,臺中市,東區,0,2,0,8,1,5,50,14,7,1,5,4,5,7,4,4,7,4,4,2,12,7,2,9,4,5,F01,7,7,8,20,2,16,  ,7,7,1,5,8,F01,24.138811,120.703322,2
2018,12,3,8,37,臺中市,大里區,0,0,,8,,,80,,,,,,,,,,,,,,,,,,,,B03,,,1,,2,,,23,,1,22,,B03,24.101143,120.689837,3
2018,12,3,8,39,臺中市,東區,0,1,0,8,1,5,50,4,1,1,5,4,5,7,2,3,10,5,5,2,15,43,2,9,1,1,C03,7,15,4,8,2,11,  ,43,43,1,21,8,C03,24.14086,120.710416,2
2018,12,3,8,40,臺中市,西屯區,0,1,0,8,1,5,50,14,7,1,5,4,5,7,4,4,5,4,4,2,13,23,3,10,1,1,B03,7,9,1,8,2,1,  ,23,23,1,22,8,B03,24.173065,120.64218,2
2018,12,3,8,40,臺中市,大雅區,0,0,,8,,,50,,,,,,,,,,,,,,,,,,,,A11,,,1,,2,,,23,,1,10,,A11,24.228975,120.613447,3
2018,12,3,8,42,臺中市,潭子區,0,0,,8,,,80,,,,,,,,,,,,,,,,,,,,B03,,,1,,2,,,16,,1,22,,B03,24.201203,120.697926,3
2018,12,3,8,43,臺中市,北屯區,0,0,,8,,,50,,,,,,,,,,,,,,,,,,,,B03,,,2,,2,,,16,,1,21,,B03,24.165017,120.707292,3
2018,12,3,8,43,臺中市,太平區,0,1,0,8,1,5,50,14,9,1,5,4,5,7,4,4,5,4,5,2,16,26,2,9,3,4,C03,7,8,3,18,2,13,  ,26,26,1,20,8,C03,24.126427,120.711585,2
2018,12,3,8,45,臺中市,東區,0,1,0,8,1,5,50,3,2,1,5,4,5,7,4,4,10,5,5,2,17,23,2,9,1,1,C03,7,9,1,10,2,14,  ,23,23,1,18,8,C03,24.141302,120.700037,2
2018,12,3,8,45,臺中市,大肚區,0,1,0,8,1,5,70,3,1,1,5,4,5,7,4,4,10,5,5,2,13,23,2,3,3,4,B03,7,9,1,7,8,1,  ,23,23,1,3,1,B03,24.166906,120.54238,2
2018,12,3,8,47,臺中市,南屯區,0,0,,8,,,50,,,,,,,,,,,,,,,,,,,,B02,,,1,,2,,,23,,1,22,,B02,24.144065,120.646577,3
2018,12,3,8,52,臺中市,北區,0,2,0,8,1,5,40,4,2,1,5,4,5,7,1,1,1,4,4,2,12,6,2,8,1,1,C03,7,6,1,10,2,12,  ,6,6,1,21,8,C03,24.160451,120.675304,2
2018,12,3,8,52,臺中市,東區,0,1,0,8,1,5,50,4,1,1,5,4,5,7,4,4,10,5,5,2,16,6,2,9,4,5,F03,7,9,8,20,2,16,  ,6,6,1,5,8,F03,24.14083,120.69914,2
2018,12,3,8,53,臺中市,龍井區,0,2,0,8,1,5,50,14,9,1,5,4,5,7,4,4,9,5,5,1,17,11,2,9,1,1,C04,7,11,3,18,2,11,  ,11,11,1,22,8,C04,24.17565,120.573919,2
2018,12,3,8,54,臺中市,神岡區,0,0,0,8,,,50,,,,,,,,,,,,,,,12,  ,  ,  ,  ,B03,  ,  ,1,  ,2,  ,  ,12,12,1,21,  ,B03,24.248814,120.69864,3
2018,12,3,8,57,臺中市,北屯區,0,0,,8,,,50,,,,,,,,,,,,,,,,,,,,B03,,,1,,2,,,12,,1,  ,,B03,24.173892,120.668902,3
2018,12,3,8,58,臺中市,北屯區,0,1,0,8,1,5,50,4,18,1,5,4,5,7,4,4,10,5,5,2,6,15,3,10,1,1,C03,7,9,1,10,2,15,  ,15,15,1,22,8,C03,24.18534,120.695739,2
2018,12,3,8,58,臺中市,西屯區,0,1,0,8,1,5,50,14,9,1,5,4,5,7,4,4,5,5,5,2,17,43,3,10,1,1,B03,7,14,1,8,2,15,  ,43,43,1,21,8,B03,24.17014,120.636286,2
2018,12,3,8,58,臺中市,東勢區,0,0,0,8,,,50,,,,,,,,,,,,,,,42,  ,  ,  ,  ,A41,  ,  ,1,  ,2,  ,  ,42,42,1,10,  ,A41,24.16204,120.851587,3
2018,12,3,8,59,臺中市,西屯區,0,1,0,8,1,5,50,14,8,1,5,4,5,7,4,4,5,4,4,2,16,26,3,10,1,1,B03,7,5,1,8,2,6,  ,26,26,1,22,8,B03,24.183866,120.62897,2
2018,12,3,9,5,臺中市,潭子區,0,1,0,8,1,5,50,3,1,1,5,4,5,7,4,4,5,5,4,2,11,26,2,9,4,5,F03,7,5,8,20,2,16,  ,26,26,1,22,9,F03,24.192141,120.701146,2
2018,12,3,9,9,臺中市,太平區,0,0,0,8,,,40,,,,,,,,,,,,,,,43,  ,  ,  ,  ,B12,  ,  ,1,  ,2,  ,  ,43,43,1,21,  ,B12,24.11734,120.70631,3
2018,12,3,9,13,臺中市,南區,0,2,0,8,1,5,50,5,1,1,5,4,5,7,1,1,10,5,5,2,16,6,2,9,1,1,C04,7,5,1,10,2,11,  ,6,6,1,21,8,C04,24.127818,120.674533,2
2018,12,3,9,16,臺中市,北區,0,1,0,8,1,5,50,14,9,1,5,4,5,7,4,4,9,5,4,2,12,19,3,10,3,4,B03,7,1,6,8,2,8,  ,19,19,1,22,9,B03,24.161531,120.691093,2
2018,12,3,9,18,臺中市,北屯區,0,0,,8,,,50,,,,,,,,,,,,,,,,,,,,B12,,,1,,2,,,43,,1,5,,B12,24.174381,120.671048,3
2018,12,3,9,20,臺中市,南屯區,0,2,0,8,1,5,50,4,1,1,5,4,5,7,2,1,10,5,5,2,15,25,2,9,1,1,C03,7,9,1,10,2,11,  ,25,25,1,22,9,C03,24.153708,120.640689,2
2018,12,3,9,20,臺中市,烏日區,0,0,,8,,,30,,,,,,,,,,,,,,,,,,,,B03,,,1,,2,,,23,,1,22,,B03,24.100076,120.631588,3
2018,12,3,9,25,臺中市,大甲區,0,0,,8,,,50,,,,,,,,,,,,,,,,,,,,B12,,,1,,2,,,42,,1,10,,B12,24.388387,120.651111,3
2018,12,3,9,26,臺中市,北屯區,0,0,0,8,,,50,,,,,,,,,,,,,,,23,  ,  ,  ,  ,B03,  ,  ,1,  ,2,  ,  ,23,23,1,5,  ,B03,24.173431,120.711184,3
2018,12,3,9,27,臺中市,南屯區,0,1,0,8,1,7,40,14,7,1,5,4,5,7,4,4,1,4,4,2,12,19,3,10,3,4,E03,7,1,1,8,2,8,  ,19,19,1,23,3,E03,24.153477,120.640767,2
2018,12,3,9,27,臺中市,神岡區,0,0,,8,,,50,,,,,,,,,,,,,,,,,,,,C03,,,1,,2,,,16,,1,21,,C03,24.26956,120.67314,3
2018,12,3,9,30,臺中市,西屯區,0,0,,8,,,40,,,,,,,,,,,,,,,,,,,,B03,,,1,,2,,,23,,1,22,,B03,24.19455,120.65013,3
2018,12,3,9,30,臺中市,大里區,0,0,0,8,1,5,50,14,13,1,5,4,5,7,4,4,5,4,5,1,17,18,3,10,1,1,B03,7,3,1,8,2,5,  ,18,18,1,20,8,B03,24.109609,120.69188,3
2018,12,3,9,36,臺中市,南區,0,0,0,8,1,5,40,14,8,1,5,4,5,7,4,4,9,4,4,2,17,43,3,10,1,1,B03,7,15,1,8,9,1,3,42,43,1,22,8,B03,24.122891,120.654891,3
2018,12,3,9,46,臺中市,龍井區,0,1,0,8,1,5,40,4,1,1,5,4,5,7,4,4,10,5,5,2,15,6,2,2,1,1,C03,7,9,1,10,2,11,  ,6,6,1,9,7,C03,24.125479,120.542675,2
2018,12,3,9,54,臺中市,東區,0,0,0,8,1,5,50,4,1,1,5,4,5,7,4,4,10,5,5,2,15,6,3,10,1,1,B03,7,9,1,8,2,1,  ,6,6,1,5,8,B03,24.148018,120.707932,3
2018,12,3,9,54,臺中市,烏日區,0,1,0,8,1,5,50,3,1,1,5,4,5,7,4,4,10,5,5,2,16,8,3,10,1,1,B12,7,5,1,3,2,8,  ,8,8,1,5,8,B12,24.110235,120.607297,2
2018,12,3,9,55,臺中市,潭子區,0,1,0,8,1,5,50,3,2,1,5,4,5,7,4,4,10,5,5,2,13,16,2,9,1,1,C03,7,9,1,10,2,11,  ,16,16,1,22,8,C03,24.190028,120.701768,2
2018,12,3,9,58,臺中市,霧峰區,0,0,,8,,,40,,,,,,,,,,,,,,,,,,,,B03,,,1,,2,,,23,,1,21,,B03,24.068943,120.662059,3
2018,12,3,10,6,臺中市,南區,0,0,0,8,1,5,50,4,2,1,5,4,5,7,1,1,1,2,4,2,13,16,3,10,1,1,B12,7,9,1,8,2,1,  ,16,16,1,21,8,B12,24.123388,120.66053,3