年,月,日,時,分,縣市,區,死,受傷,2-30,天候,光線,道路類別,速限,道路型態,事故位置,路面鋪裝,路面狀態,路面缺陷,障礙物,視距,號誌種類,號誌動作,分向設施,快車道或一般車道間,快慢車道間,路面邊線,事故類型及型態,主要肇因,受傷程度,主要傷處,保護裝備,行動電話,當事者區分_類別,車輛用途,當事者行動狀態,駕駛資格情形,駕駛執照種類,飲酒情形,車輛撞擊部位最初,車輛撞擊部位其他,肇事因素個別,肇事因素主要,肇事逃逸,職業,旅次目的,車種,GPS座標X,GPS座標Y,事故類別
2018,12,3,10,7,臺中市,沙鹿區,0,2,0,8,1,5,40,11,9,1,5,4,5,7,4,4,10,5,5,2,10,23,2,7,1,1,C03,7,9,1,10,2,11,  ,23,23,1,21,8,C03,24.213987,120.578927,2
2018,12,3,10,8,臺中市,南屯區,0,1,0,8,1,5,10,3,9,1,5,4,5,7,4,4,10,5,5,2,4,23,3,10,1,1,B03,7,6,1,8,2,5,  ,23,23,1,22,8,B03,24.138485,120.648926,2
2018,12,3,10,12,臺中市,北區,0,0,,8,,,50,,,,,,,,,,,,,,,,,,,,B03,,,1,,2,,,7,,1,5,,B03,24.151633,120.698546,3
2018,12,3,10,14,臺中市,梧棲區,0,1,0,8,1,5,50,5,1,1,5,4,5,7,4,4,10,5,5,2,15,6,3,10,1,1,B03,7,9,1,8,2,8,  ,6,6,1,4,8,B03,24.247575,120.54765,2
2018,12,3,10,16,臺中市,后里區,0,0,,8,,,50,,,,,,,,,,,,,,,,,,,,B03,,,1,,2,,,25,,1,5,,B03,24.307141,120.711605,3
2018,12,3,10,18,臺中市,南屯區,0,2,0,8,1,5,50,3,1,1,5,4,5,7,1,1,10,5,4,2,16,6,2,9,1,1,C03,7,5,1,10,2,11,  ,6,6,1,22,8,C03,24.137139,120.612044,2
2018,12,3,10,19,臺中市,南屯區,0,1,0,8,1,5,50,11,7,1,5,4,5,7,4,4,5,5,4,2,18,23,2,9,1,1,C03,7,9,1,10,2,14,  ,23,23,1,22,9,C03,24.140698,120.629702,2
2018,12,3,10,20,臺中市,西屯區,0,1,0,8,1,5,50,14,9,1,5,4,5,7,4,4,5,5,5,2,17,26,3,10,1,1,B03,7,5,6,18,2,15,  ,26,26,1,21,8,B03,24.183951,120.616801,2
2018,12,3,10,23,臺中市,西屯區,0,2,0,8,1,5,50,14,9,1,5,4,5,7,2,1,5,5,5,2,13,16,2,9,1,1,C03,7,9,1,10,2,11,  ,16,16,1,22,8,C03,24.19393,120.62167,2
2018,12,3,10,25,臺中市,龍井區,0,1,0,8,1,5,50,11,9,1,5,4,5,7,4,4,9,5,5,2,18,43,2,9,1,1,C03,7,9,3,18,2,12,  ,43,43,1,22,8,C03,24.193217,120.573313,2
2018,12,3,10,26,臺中市,大里區,0,0,,8,,,50,,,,,,,,,,,,,,,,,,,,   ,,,7,,11,,,67,,1,  ,,   ,24.105217,120.678524,3
2018,12,3,10,44,臺中市,南屯區,0,0,,8,,,60,,,,,,,,,,,,,,,,,,,,B03,,,1,,2,,,23,,1,22,,B03,24.125681,120.63143,3
2018,12,3,10,50,臺中市,潭子區,0,0,,8,1,5,50,4,2,1,5,4,5,7,1,1,1,4,4,1,13,,,,,,B03,,,1,,2,,,23,,1,22,,B03,24.194429,120.702534,3
2018,12,3,10,54,臺中市,西屯區,0,1,0,8,1,5,50,14,7,1,5,4,5,7,4,4,5,4,4,2,13,23,3,10,1,1,B03,7,9,1,8,2,1,  ,23,23,1,22,8,B03,24.17754,120.625246,2
2018,12,3,10,54,臺中市,西屯區,0,0,,8,,,50,,,,,,,,,,,,,,,,,,,,B03,,,1,,2,,,23,,1,22,,B03,24.170253,120.644266,3
2018,12,3,10,58,臺中市,東區,0,0,0,8,1,5,50,14,7,1,5,4,5,7,1,1,1,2,4,2,13,23,3,10,1,1,B03,7,9,1,8,2,5,  ,23,23,1,5,8,B03,24.132126,120.691133,3
2018,12,3,11,1,臺中市,大甲區,0,0,,8,,,50,,,,,,,,,,,,,,,,,,,,B12,,,1,,2,,,16,,1,21,,B12,24.401927,120.646176,3
2018,12,3,11,4,臺中市,北區,0,1,0,8,1,5,50,4,2,1,5,4,5,7,1,1,1,4,4,2,17,26,2,9,3,4,C04,7,11,1,8,2,11,  ,26,26,1,22,9,C04,24.162931,120.66789,2
2018,12,3,11,5,臺中市,北屯區,0,1,0,8,1,5,50,14,8,1,5,4,5,7,4,4,5,5,4,2,16,1,3,10,1,1,B03,7,4,1,8,2,2,  ,1,1,1,21,8,B03,24.170339,120.699967,2
2018,12,3,11,6,臺中市,北屯區,0,0,0,8,,,50,,,,,,,,,,,,,,,23,  ,  ,  ,  ,B12,  ,  ,1,  ,11,  ,  ,23,23,2,5,  ,B12,24.179762,120.741084,3
2018,12,3,11,9,臺中市,南屯區,0,0,,8,,,50,,,,,,,,,,,,,,,,,,,,B03,,,1,,2,,,23,,1,22,,B03,24.139138,120.649891,3
2018,12,3,11,12,臺中市,北區,0,0,,8,,,50,,,,,,,,,,,,,,,,,,,,B03,,,1,,2,,,23,,1,5,,B03,24.159262,120.669368,4
2018,12,3,11,14,臺中市,東勢區,0,1,0,8,1,5,50,4,1,1,5,4,5,7,1,1,10,5,5,2,11,23,2,9,1,1,C03,7,9,1,10,2,11,  ,23,23,1,21,8,C03,24.255748,120.828976,2
2018,12,3,11,16,臺中市,大里區,0,0,,8,,,40,,,,,,,,,,,,,,,,,,,,A41,,,1,,2,,,23,,1,21,,A41,24.097255,120.720683,3
2018,12,3,11,22,臺中市,北屯區,0,1,0,8,1,5,50,3,2,1,5,4,5,7,4,4,10,4,5,2,17,23,2,9,4,5,F01,7,9,8,20,2,16,  ,23,23,1,16,8,F01,24.174971,120.698546,2
2018,12,3,11,23,臺中市,東區,0,0,0,8,,,50,,,,,,,,,,,,,,,23,  ,  ,  ,  ,B12,  ,  ,1,  ,2,  ,  ,23,23,1,5,  ,B12,24.137857,120.698088,3
2018,12,3,11,25,臺中市,西區,0,1,0,8,1,5,50,4,2,1,5,4,5,7,1,1,1,1,1,1,13,16,3,10,1,1,A11,7,9,1,8,2,5,  ,16,16,1,21,8,A11,24.155594,120.662207,2
2018,12,3,11,25,臺中市,南屯區,0,0,0,8,1,5,40,4,2,1,5,4,5,7,1,1,5,5,4,2,13,23,3,10,1,1,B03,7,9,1,8,2,1,  ,23,23,1,22,8,B03,24.148105,120.615263,3
2018,12,3,11,33,臺中市,西屯區,0,0,,8,,,50,,,,,,,,,,,,,,,,,,,,B03,,,1,,2,,,23,,1,22,,B03,24.176111,120.658521,3
2018,12,3,11,35,臺中市,西區,0,0,,8,1,8,50,14,9,1,5,4,5,7,4,4,5,2,5,2,17,,,,,,B03,,,1,,2,,,23,,1,22,,B03,24.147163,120.658657,3
2018,12,3,11,35,臺中市,后里區,0,0,,8,,,50,,,,,,,,,,,,,,,,,,,,B12,,,1,,2,,,16,,1,4,,B12,24.313353,120.704368,3
2018,12,3,11,45,臺中市,東勢區,0,1,0,8,1,5,40,3,1,1,5,4,5,7,4,4,10,5,5,2,11,5,3,10,1,1,B03,7,5,1,8,2,8,  ,5,5,1,21,8,B03,24.244606,120.831414,2
2018,12,3,11,59,臺中市,西屯區,0,0,,8,,,40,,,,,,,,,,,,,,,,,,,,C03,,,1,,2,,,16,,1,22,,C03,24.184446,120.610026,3
2018,12,3,12,1,臺中市,北屯區,0,0,0,8,,,50,,,,,,,,,,,,,,,23,3,  ,  ,  ,B03,  ,  ,1,  ,2,  ,  ,23,23,  ,21,  ,B03,24.161946,120.692616,3
2018,12,3,12,1,臺中市,梧棲區,0,2,0,8,1,5,50,3,1,1,5,4,5,7,4,4,10,5,5,2,16,6,2,5,1,1,C03,7,6,1,10,2,11,  ,6,6,1,20,8,C03,24.246648,120.547211,2
2018,12,3,12,1,臺中市,大甲區,0,0,,8,,,50,,,,,,,,,,,,,,,,,,,,B12,,,1,,2,,,6,,1,9,,B12,24.37214,120.625791,3
2018,12,3,12,5,臺中市,西區,0,1,0,8,1,5,40,4,2,1,5,4,5,7,4,4,5,5,5,1,16,6,2,9,1,1,C03,7,5,1,10,2,12,  ,6,6,1,21,8,C03,24.152875,120.664617,2
2018,12,3,12,5,臺中市,西屯區,0,0,0,8,1,5,50,3,2,1,5,4,5,7,4,4,1,3,1,1,14,12,  ,  ,  ,  ,B03,  ,  ,1,  ,2,  ,  ,12,12,  ,22,  ,B03,24.183138,120.617296,3
2018,12,3,12,5,臺中市,新社區,0,1,0,8,1,5,50,14,9,1,5,4,5,7,4,4,9,4,5,1,13,23,2,9,1,1,C03,7,9,1,10,2,11,  ,23,23,1,21,8,C03,24.228622,120.803,2
2018,12,3,12,10,臺中市,大甲區,0,0,0,8,1,5,,14,2,1,5,4,5,7,4,4,10,5,5,2,14,43,3,10,1,1,B03,7,12,1,8,2,8,  ,43,43,1,21,9,B03,24.347898,120.625545,3
2018,12,3,12,12,臺中市,南區,0,1,0,8,1,5,50,4,1,1,5,4,5,7,4,4,10,5,5,2,11,6,3,10,1,1,B03,7,5,6,8,2,2,  ,6,6,1,22,8,B03,24.114477,120.666833,2
2018,12,3,12,15,臺中市,南屯區,0,0,,8,,,40,,,,,,,,,,,,,,,,,,,,B12,,,1,,2,,,12,,1,22,,B12,24.130345,120.641386,3
2018,12,3,12,18,臺中市,梧棲區,0,1,0,8,1,5,50,4,1,1,5,4,5,7,1,1,10,5,5,2,12,43,3,10,1,1,B03,7,9,1,8,2,2,  ,43,43,1,20,8,B03,24.252888,120.529626,2
2018,12,3,12,20,臺中市,北屯區,0,2,0,8,1,5,50,3,1,1,5,4,5,7,1,1,1,3,5,2,3,52,2,9,4,1,H01,8,16,8,20,1,16,  ,52,52,1,21,8,H01,24.182226,120.706415,2
2018,12,3,12,20,臺中市,沙鹿區,0,0,,8,,,50,,,,,,,,,,,,,,,,,,,,B11,,,1,,2,,,10,,1,9,,B11,24.20172,120.57307,3
2018,12,3,12,24,臺中市,西區,0,1,0,8,1,5,50,4,1,1,5,4,5,7,1,1,1,2,4,1,16,25,3,10,1,1,B03,7,5,1,8,2,1,  ,25,25,1,21,8,B03,24.146932,120.672754,2
2018,12,3,12,25,臺中市,西區,0,1,0,8,1,5,50,4,1,1,5,4,5,7,1,1,5,5,5,2,12,44,3,10,3,4,B03,7,6,1,8,2,2,  ,44,44,1,21,8,B03,24.149032,120.665216,2
2018,12,3,12,35,臺中市,南屯區,,,,8,,,50,,,,,,,,,,,,,,,,,,,,B03,,,1,,2,,,10,,1,22,,B03,24.154559,120.638495,3
2018,12,3,12,36,臺中市,龍井區,0,2,0,8,1,5,40,4,1,1,5,4,5,7,4,4,10,5,5,2,15,6,2,7,1,1,C03,7,9,1,10,2,12,  ,6,6,1,4,4,C03,24.214571,120.512547,2
2018,12,3,12,37,臺中市,南屯區,0,0,0,8,1,5,40,14,8,1,,4,5,7,4,4,5,5,4,2,14,12,3,10,1,1,B12,7,2,1,8,9,6,  ,12,12,1,22,8,B12,24.147852,120.611619,3
2018,12,3,12,43,臺中市,太平區,0,1,0,8,1,5,40,14,7,1,5,4,5,7,4,4,10,5,5,2,17,19,3,10,3,4,B03,7,1,1,8,2,4,  ,19,19,1,9,8,B03,24.102143,120.72893,2
2018,12,3,12,45,臺中市,西區,0,3,0,8,1,5,50,4,1,1,5,4,5,7,2,1,10,5,5,2,16,6,3,10,1,1,B03,7,6,1,8,2,2,  ,6,6,1,20,8,B03,24.146719,120.657388,2
2018,12,3,12,50,臺中市,大里區,0,0,0,,1,5,80,10,7,1,5,4,5,7,4,4,1,4,5,1,17,30,3,10,1,1,A12,7,9,1,7,2,15,  ,30,30,1,10,8,A12,24.100365,120.69177,3
2018,12,3,12,52,臺中市,烏日區,0,1,0,8,1,5,50,3,1,1,5,4,5,7,3,1,5,4,4,1,16,6,2,8,1,1,C03,7,9,1,10,2,11,  ,6,6,1,21,8,C03,24.105595,120.618259,2
2018,12,3,12,56,臺中市,北區,0,0,,8,,,50,,,,,,,,,,,,,,,,,,,,B03,,,1,,2,,,6,,1,22,,B03,24.159806,120.69238,3
2018,12,3,13,5,臺中市,太平區,0,0,,8,,,50,,,,,,,,,,,,,,,,,,,,B03,,,1,,9,,,23,,1,19,,B03,24.126163,120.711988,3
2018,12,3,13,8,臺中市,北屯區,0,0,0,8,,,50,,,,,,,,,,,,,,,43,  ,  ,  ,  ,B03,  ,  ,1,  ,9,  ,  ,43,43,  ,21,  ,B03,24.188282,120.682401,3
2018,12,3,13,15,臺中市,北屯區,0,1,0,8,1,5,50,4,1,1,5,4,5,7,1,1,10,5,5,2,16,23,2,9,1,1,C03,7,9,1,10,2,11,  ,23,23,1,21,8,C03,24.163313,120.719674,2
2018,12,3,13,16,臺中市,北區,0,1,0,8,1,5,50,4,1,1,5,4,5,7,4,4,10,5,5,2,15,6,2,9,4,1,F02,7,9,8,20,2,16,  ,6,6,1,5,8,F02,24.167448,120.672094,2
2018,12,3,13,23,臺中市,西屯區,0,0,0,8,,,50,,,,,,,,,,,,,,,23,  ,  ,  ,  ,A12,  ,  ,1,  ,2,  ,  ,23,23,1,  ,  ,A12,24.19723,120.656966,3
2018,12,3,13,30,臺中市,北區,0,1,0,8,1,5,50,14,7,1,5,4,5,7,4,4,5,4,4,1,17,26,3,10,1,1,C03,7,11,1,10,2,13,  ,26,26,1,21,8,C03,24.152799,120.682416,2
2018,12,3,13,30,臺中市,東區,0,0,0,8,1,5,50,14,9,1,5,4,5,7,4,4,5,5,5,2,17,26,3,10,1,1,B03,7,7,1,8,2,8,  ,26,26,1,5,8,B03,,,3
2018,12,3,13,30,臺中市,南屯區,0,1,0,8,1,5,50,14,9,1,5,4,5,7,4,4,9,5,5,2,3,51,2,1,4,5,H01,8,16,8,20,10,16,  ,51,51,1,22,9,H01,24.147474,120.651137,2
2018,12,3,13,32,臺中市,北區,0,1,0,8,1,5,50,14,9,1,5,4,5,7,4,4,5,5,5,2,17,12,3,10,1,1,B03,7,2,1,8,2,6,  ,12,12,1,5,8,B03,24.158203,120.678177,2
2018,12,3,13,40,臺中市,大甲區,0,1,0,8,1,5,60,4,1,1,5,4,5,7,3,1,10,5,5,2,16,6,3,10,1,1,B03,7,5,6,18,2,5,  ,6,6,1,9,8,B03,24.407863,120.614554,2
2018,12,3,13,45,臺中市,沙鹿區,0,0,0,8,,,60,,,,,,,,,,,,,,,16,  ,  ,  ,  ,B03,  ,  ,6,  ,2,  ,  ,16,16,  ,  ,  ,B03,24.249734,120.601026,3
2018,12,3,13,46,臺中市,沙鹿區,0,0,,8,,,50,,,,,,,,,,,,,,,,,,,,B02,,,1,,2,,,23,,1,  ,,B02,24.213703,120.570511,4
2018,12,3,14,0,臺中市,大里區,0,0,,,,,,,,,,,,,,,,,,,,,,,,,B12,,,1,,2,,,12,,1,21,,B12,24.08386,120.695611,3
2018,12,3,14,5,臺中市,北區,0,0,,8,,,50,,,,,,,,,,,,,,,,,,,,B03,,,1,,2,,,12,,1,22,,B03,24.157245,120.690577,3
2018,12,3,14,14,臺中市,北區,0,1,0,8,1,5,54,14,7,1,5,4,5,7,1,1,5,4,4,2,13,23,2,8,1,1,C03,7,9,1,10,8,11,  ,23,23,1,21,8,C03,24.158377,120.680997,2
2018,12,3,14,20,臺中市,南屯區,,,,8,,,40,,,,,,,,,,,,,,,,,,,,B03,,,1,,2,,,12,,1,22,,B03,24.148429,120.627146,3
2018,12,3,14,27,臺中市,北屯區,0,1,0,8,1,5,50,4,1,1,5,4,5,7,3,1,10,5,5,2,15,6,3,10,1,1,B03,7,9,1,8,2,4,  ,6,6,1,5,8,B03,24.163838,120.688781,2
2018,12,3,14,30,臺中市,烏日區,0,1,0,8,1,5,50,14,9,1,5,4,5,7,4,4,5,5,5,1,16,6,3,10,1,1,B03,7,6,1,8,2,6,  ,6,6,1,21,8,B03,24.125776,120.607268,2
2018,12,3,14,40,臺中市,北屯區,0,1,0,8,1,5,50,14,12,1,5,4,5,7,4,4,5,5,4,2,17,23,2,8,1,1,C03,7,9,4,11,2,11,  ,23,23,1,22,8,C03,24.17676,120.690331,2
2018,12,3,14,50,臺中市,北屯區,0,1,0,8,1,5,50,4,1,1,5,4,5,7,1,1,10,5,5,2,12,19,3,10,1,1,B03,7,1,1,8,2,4,  ,19,19,1,21,8,B03,24.176825,120.66973,2
2018,12,3,14,52,臺中市,大肚區,0,0,,8,,,70,,,,,,,,,,,,,,,,,,,,B03,,,1,,2,,,23,,1,4,,B03,24.13238,120.55459,3
2018,12,3,15,4,臺中市,梧棲區,0,0,,8,,,40,,,,,,,,,,,,,,,,,,,,B12,,,1,,2,,,6,,1,5,,B12,24.238508,120.536768,3
2018,12,3,15,11,臺中市,西屯區,0,0,,8,,,40,,,,,,,,,,,,,,,,,,,,C03,,,1,,2,,,16,,1,22,,C03,24.161248,120.651292,3
2018,12,3,15,11,臺中市,太平區,0,0,,8,,,50,,,,,,,,,,,,,,,,,,,,B03,,,1,,2,,,23,,1,6,,B03,24.12583,120.713528,3
2018,12,3,15,18,臺中市,梧棲區,0,0,,8,,,40,,,,,,,,,,,,,,,,,,,,B12,,,1,,2,,,6,,1,9,,B12,24.248721,120.537105,3
2018,12,3,15,21,臺中市,石岡區,0,0,,8,,,40,,,,,,,,,,,,,,,,,,,,B03,,,1,,2,,,5,,1,22,,B03,24.267951,120.773401,3
2018,12,3,15,28,臺中市,大雅區,0,1,0,8,1,5,50,4,1,1,5,4,5,7,1,1,1,4,4,1,16,25,2,9,1,1,C03,7,9,1,10,2,12,  ,25,25,1,22,8,C03,24.222687,120.646616,2
2018,12,3,15,31,臺中市,烏日區,0,1,0,8,1,5,50,3,1,1,5,4,5,7,1,1,10,5,5,2,16,25,3,10,1,1,A11,7,5,1,1,2,8,  ,25,25,1,10,8,A11,24.11711,120.614417,2
2018,12,3,15,33,臺中市,太平區,0,1,0,8,1,5,50,4,1,1,5,4,5,7,4,4,10,5,5,2,16,6,3,10,1,1,B03,7,5,1,8,2,1,  ,6,6,1,20,6,B03,24.15502,120.704417,2
2018,12,3,15,35,臺中市,新社區,0,1,0,8,1,5,50,3,2,1,5,4,5,7,4,4,9,4,5,1,16,6,3,10,1,1,B03,7,5,1,8,2,8,  ,6,6,1,21,8,B03,24.226616,120.797699,2
2018,12,3,15,39,臺中市,霧峰區,0,0,,8,,,70,,,,,,,,,,,,,,,,,,,,B12,,,1,,2,,,23,,1,  ,,B12,24.044464,120.690548,3
2018,12,3,15,41,臺中市,南區,0,2,0,8,2,5,50,14,9,1,5,4,5,7,4,4,9,5,5,2,16,11,2,9,1,5,F01,7,11,8,20,2,16,  ,11,11,1,21,8,F01,24.116547,120.6586,2
2018,12,3,15,43,臺中市,北屯區,0,0,0,8,1,5,50,4,13,1,5,4,5,7,3,1,4,4,5,2,29,23,3,9,1,1,B03,7,3,1,8,2,1,  ,23,23,1,21,8,B03,24.186923,120.689553,3
2018,12,3,15,45,臺中市,南區,0,1,0,8,1,5,50,5,1,1,5,4,5,7,1,1,10,5,5,2,16,6,3,10,1,1,B03,7,6,1,8,2,2,  ,6,6,1,21,8,B03,24.114796,120.66883,2
2018,12,3,15,50,臺中市,北屯區,0,1,0,8,1,5,50,4,1,1,5,4,5,7,4,4,10,5,5,2,16,6,3,10,1,1,B03,7,6,1,8,2,2,  ,6,6,1,21,8,B03,24.17565,120.730269,2
2018,12,3,15,50,臺中市,東勢區,0,1,0,8,1,5,50,4,2,1,5,4,5,7,1,1,4,3,4,1,16,16,3,10,1,1,B03,7,5,1,8,2,1,  ,16,16,1,22,9,B03,24.260011,120.827008,2
2018,12,3,15,56,臺中市,北區,0,0,0,8,,,0,,,,,,,,,,,,,,,12,3,  ,  ,  ,C03,  ,  ,1,  ,11,  ,  ,12,12,1,5,  ,C03,24.160421,120.675503,3
2018,12,3,16,3,臺中市,南區,0,1,0,8,1,5,50,14,7,1,5,4,5,7,4,4,3,4,5,2,12,6,3,10,1,1,B03,7,6,1,8,2,5,  ,6,6,1,21,8,B03,24.120284,120.649318,2
2018,12,3,16,4,臺中市,東區,0,3,0,8,1,5,50,14,7,1,5,4,5,7,4,4,5,2,4,2,13,23,2,9,1,1,C03,7,9,1,10,2,11,  ,23,23,1,18,8,C03,24.141007,120.689217,2
2018,12,3,16,10,臺中市,西屯區,0,0,0,8,1,5,50,14,7,1,5,4,5,7,4,4,10,4,5,2,13,16,3,10,4,3,B03,7,9,1,8,2,1,  ,16,16,1,22,9,B03,24.180011,120.621482,3
2018,12,3,16,10,臺中市,大里區,0,3,0,8,1,5,50,14,9,1,5,4,5,7,4,4,5,5,5,2,3,51,2,8,4,5,H01,8,16,8,20,10,16,  ,51,51,1,12,8,H01,24.101006,120.695241,2
2018,12,3,16,12,臺中市,大里區,0,0,,8,,,50,,,,,,,,,,,,,,,,,,,,B03,,,1,,2,,,23,,1,22,,B03,24.095468,120.706278,3
2018,12,3,16,15,臺中市,大雅區,0,1,0,8,1,5,50,14,9,1,5,4,5,7,4,4,5,4,5,1,16,26,3,10,1,1,B12,7,5,1,8,2,6,  ,26,26,1,22,9,B12,24.206754,120.644155,2
2018,12,3,16,16,臺中市,后里區,0,0,0,8,1,5,50,3,2,1,5,4,5,7,2,1,1,2,4,1,13,23,  ,  ,  ,  ,B03,  ,  ,1,  ,2,  ,  ,23,23,1,  ,  ,B03,24.306034,120.721858,3
2018,12,3,16,30,臺中市,南區,0,1,0,8,1,5,50,4,1,1,5,4,5,7,4,4,10,5,5,2,15,6,2,9,1,1,C03,7,9,1,10,2,11,  ,6,6,1,22,8,C03,24.119566,120.666998,2
2018,12,3,16,30,臺中市,東勢區,0,1,0,8,1,5,70,3,1,1,5,4,5,7,3,1,10,5,5,2,17,10,2,8,1,1,C03,7,11,1,10,2,14,  ,10,10,1,22,8,C03,24.260833,120.81549,2
2018,12,3,16,34,臺中市,北屯區,0,1,0,8,1,5,50,5,1,1,5,4,5,7,2,1,10,5,5,2,16,6,2,9,1,1,C03,7,6,3,18,2,14,  ,6,6,1,5,8,C03,24.188258,120.686228,2
2018,12,3,16,35,臺中市,南區,0,1,0,8,1,5,50,14,7,1,5,4,5,7,4,4,5,4,4,2,16,26,3,10,1,1,B12,7,6,1,8,2,4,  ,26,26,1,21,8,B12,24.1226,120.678854,2
2018,12,3,16,36,臺中市,東勢區,0,1,0,8,1,5,60,14,7,1,5,4,5,7,4,4,2,3,4,1,16,7,2,9,1,1,C03,7,7,1,10,2,13,  ,7,7,1,22,9,C03,24.232138,120.836318,2
2018,12,3,16,37,臺中市,大雅區,0,0,,8,,,40,,,,,,,,,,,,,,,,,,,,B03,,,1,,2,,,18,,2,  ,,B03,24.238671,120.667351,3
2018,12,3,16,38,臺中市,北區,0,1,0,8,1,5,50,3,1,1,5,4,5,7,4,4,1,4,5,2,12,7,3,10,1,1,C03,7,8,1,10,2,13,13,7,7,1,22,9,C03,24.151975,120.685101,2
2018,12,3,16,39,臺中市,西區,0,2,0,8,1,5,40,14,8,1,5,4,5,7,4,4,3,4,4,2,13,44,3,10,1,1,C03,7,9,1,10,9,13,  ,44,44,1,21,8,C03,24.158466,120.660639,2
2018,12,3,16,41,臺中市,北屯區,0,0,0,8,,,50,,,,,,,,,,,,,,,16,3,  ,  ,  ,B12,  ,  ,1,  ,2,  ,  ,16,16,  ,21,  ,B12,24.201058,120.675985,3
2018,12,3,16,45,臺中市,大甲區,0,0,,8,,,50,,,,,,,,,,,,,,,,,,,,B03,,,1,,2,,,23,,1,9,,B03,24.401278,120.657061,3
2018,12,3,16,47,臺中市,西屯區,0,0,,8,,,40,,,,,,,,,,,,,,,,,,,,B03,,,1,,2,,,12,,1,5,,B03,24.162056,120.634931,3
2018,12,3,16,48,臺中市,烏日區,0,1,0,8,1,5,50,4,1,1,5,4,5,7,1,1,5,4,4,1,15,25,3,10,1,1,B03,7,9,1,8,2,2,  ,25,25,1,21,8,B03,24.106273,120.624746,2
2018,12,3,16,50,臺中市,大甲區,0,0,0,8,2,5,50,14,9,1,5,4,5,7,4,4,2,4,5,1,13,39,3,10,1,1,A41,7,14,1,1,2,3,  ,39,39,1,10,9,A41,24.399712,120.661559,3
2018,12,3,16,58,臺中市,太平區,0,1,0,8,1,5,50,4,1,1,5,4,5,7,1,1,10,5,5,2,16,8,2,9,1,1,F01,7,5,8,20,2,16,  ,8,8,1,21,8,F01,24.129083,120.722072,2
2018,12,3,17,2,臺中市,北屯區,0,0,0,8,,,50,,,,,,,,,,,,,,,2,  ,  ,  ,  ,B03,  ,  ,1,  ,2,  ,  ,44,2,  ,21,  ,B03,24.169496,120.69719,3
2018,12,3,17,2,臺中市,烏日區,0,0,,,,,,,,,,,,,,,,,,,,,,,,,B03,,,1,,2,,,12,,1,  ,,B03,24.106467,120.634713,3
2018,12,3,17,4,臺中市,東區,0,0,0,,,,,,,,,,,,,,,,,,,23,  ,  ,  ,  ,A12,  ,  ,1,  ,2,  ,  ,23,23,1,5,  ,A12,24.127316,120.694405,3
2018,12,3,17,18,臺中市,西屯區,0,1,0,8,1,5,50,14,7,1,5,4,5,7,4,4,5,4,5,1,16,10,3,10,1,1,C03,7,11,1,10,2,11,  ,10,10,1,22,8,C03,24.179762,120.64518,2
2018,12,3,17,21,臺中市,大里區,0,0,,8,,,40,,,,,,,,,,,,,,,,,,,,   ,,,8,,10,,,67,,1,  ,,   ,24.102008,120.669504,3
2018,12,3,17,25,臺中市,烏日區,0,1,0,8,3,5,60,14,12,1,5,4,5,7,4,4,1,4,4,1,13,44,2,9,1,1,C03,7,9,1,10,2,11,  ,16,44,1,21,8,C03,24.105452,120.620742,2
2018,12,3,17,25,臺中市,潭子區,0,1,0,8,3,5,60,14,8,1,5,4,5,7,4,4,1,4,4,1,13,23,3,10,1,1,B03,7,9,1,8,2,1,  ,23,23,1,22,8,B03,24.233615,120.709275,2
2018,12,3,17,26,臺中市,太平區,0,1,0,8,3,5,40,3,9,1,5,4,5,7,4,4,5,4,5,2,16,8,3,10,1,1,B03,7,5,1,8,2,8,  ,8,8,1,21,1,B03,24.122401,120.723729,2
2018,12,3,17,30,臺中市,潭子區,0,1,0,8,2,5,50,14,9,1,5,4,5,7,4,4,10,5,5,2,14,12,3,10,1,1,B03,7,2,1,8,2,7,  ,12,12,1,9,8,B03,24.218733,120.694534,2
2018,12,3,17,30,臺中市,潭子區,0,1,0,8,2,5,50,4,1,1,5,4,5,7,1,1,10,5,5,2,16,6,3,10,1,1,B03,7,6,1,8,2,2,  ,6,6,1,22,8,B03,24.200795,120.709695,2
2018,12,3,17,32,臺中市,龍井區,0,0,,8,,,40,,,,,,,,,,,,,,,,,,,,B03,,,1,,4,,,12,,1,  ,,B03,24.1,120.6,3
2018,12,3,17,37,臺中市,梧棲區,0,1,0,8,3,5,70,14,7,1,5,4,5,7,4,4,1,4,4,1,13,17,3,10,1,1,B03,7,9,1,8,2,1,  ,17,17,1,21,1,B03,24.233481,120.547099,2
2018,12,3,17,38,臺中市,霧峰區,0,1,0,8,1,5,40,3,1,1,5,4,5,7,4,4,10,5,5,1,14,12,3,10,1,1,A12,7,2,1,6,2,6,  ,12,12,1,10,4,A12,24.045178,120.664368,2
2018,12,3,17,40,臺中市,南屯區,0,0,,8,,,50,,,,,,,,,,,,,,,,,,,,B03,,,1,,2,,,26,,1,5,,B03,24.142483,120.63787,3
2018,12,3,17,45,臺中市,烏日區,0,0,,8,,,40,,,,,,,,,,,,,,,,,,,,B11,,,1,,2,,,12,,1,5,,B11,24.036612,120.634633,3
2018,12,3,17,50,臺中市,大甲區,0,0,0,,,,,,,,,,,,,,,,,,,7,  ,  ,  ,  ,B03,  ,  ,1,  ,2,  ,  ,7,7,1,22,  ,B03,24.349497,120.617174,3