年,月,日,時,分,縣市,區,死,受傷,2-30,天候,光線,道路類別,速限,道路型態,事故位置,路面鋪裝,路面狀態,路面缺陷,障礙物,視距,號誌種類,號誌動作,分向設施,快車道或一般車道間,快慢車道間,路面邊線,事故類型及型態,主要肇因,受傷程度,主要傷處,保護裝備,行動電話,當事者區分_類別,車輛用途,當事者行動狀態,駕駛資格情形,駕駛執照種類,飲酒情形,車輛撞擊部位最初,車輛撞擊部位其他,肇事因素個別,肇事因素主要,肇事逃逸,職業,旅次目的,車種,GPS座標X,GPS座標Y,事故類別
2018,12,3,17,52,臺中市,潭子區,0,1,0,8,3,5,60,14,8,1,5,4,5,7,4,4,1,4,4,1,13,23,3,10,1,1,B03,7,9,6,8,5,1,  ,23,23,1,22,8,B03,24.211672,120.686893,2
2018,12,3,17,57,臺中市,北區,0,1,0,8,3,5,50,4,1,1,5,4,5,7,4,4,10,5,5,2,15,6,3,10,1,1,B03,7,9,1,8,2,5,  ,6,6,1,22,8,B03,24.156716,120.695988,2
2018,12,3,17,58,臺中市,烏日區,0,1,0,7,3,5,60,3,1,1,5,4,5,7,1,1,1,2,1,1,12,26,3,10,1,1,A12,7,6,1,7,2,5,  ,26,26,1,21,8,A12,24.091903,120.649213,2
2018,12,3,18,4,臺中市,南屯區,0,0,,8,,,40,,,,,,,,,,,,,,,,,,,,B02,,,1,,2,,,23,,1,5,,B02,24.14744,120.623061,4
2018,12,3,18,5,臺中市,西屯區,0,2,0,8,3,5,40,4,1,1,5,4,5,7,4,4,10,5,5,2,15,6,2,9,3,4,C03,7,9,1,10,2,12,  ,6,6,1,22,9,C03,24.183285,120.64634,2
2018,12,3,18,7,臺中市,北區,0,0,,8,,,50,,,,,,,,,,,,,,,,,,,,A02,,,1,,2,,,42,,1,22,,A02,,,4
2018,12,3,18,8,臺中市,大雅區,0,2,0,8,3,5,50,5,1,1,5,4,5,7,1,1,10,4,5,1,16,6,2,3,1,1,B03,7,5,1,8,2,1,  ,6,6,1,22,9,B03,24.210967,120.673003,2
2018,12,3,18,8,臺中市,大雅區,0,0,,8,,,40,,,,,,,,,,,,,,,,,,,,B03,,,1,,2,,,23,,1,21,,B03,24.227026,120.644438,3
2018,12,3,18,13,臺中市,西區,0,0,0,8,3,5,40,3,1,1,5,4,5,7,4,4,10,5,5,2,18,42,3,10,1,1,C03,7,9,1,10,2,15,  ,42,42,1,5,5,C03,24.138682,120.660178,3
2018,12,3,18,13,臺中市,北屯區,0,0,,8,,,50,,,,,,,,,,,,,,,,,,,,B12,,,1,,2,,,19,,1,21,,B12,24.17478,120.713752,3
2018,12,3,18,14,臺中市,沙鹿區,0,2,0,8,3,5,40,5,1,1,5,4,5,7,2,1,1,4,5,1,11,6,2,7,1,1,C03,7,5,1,10,2,11,  ,6,6,1,19,8,C03,24.238417,120.568203,2
2018,12,3,18,17,臺中市,大雅區,0,0,,8,,,50,,,,,,,,,,,,,,,,,,,,B03,,,1,,2,,,16,,1,  ,,B03,24.227209,120.644229,3
2018,12,3,18,18,臺中市,北屯區,0,2,0,8,3,5,50,4,1,1,5,4,5,7,4,4,10,5,5,2,15,6,2,9,3,4,C03,7,9,1,10,2,12,  ,6,6,1,21,8,C03,24.172175,120.681666,2
2018,12,3,18,24,臺中市,北屯區,0,1,0,8,3,5,50,3,1,1,5,4,5,7,3,1,10,5,5,2,13,16,2,8,1,1,C03,7,9,1,10,2,11,  ,16,16,1,21,8,C03,24.178468,120.738331,2
2018,12,3,18,24,臺中市,沙鹿區,0,1,0,8,2,5,40,14,8,1,5,4,5,7,4,4,1,4,3,1,16,6,3,10,1,1,B03,7,6,1,8,2,2,  ,6,6,1,5,5,B03,24.23321,120.571624,2
2018,12,3,18,25,臺中市,北區,0,1,0,8,1,5,50,14,7,1,5,4,5,7,4,4,1,2,4,2,13,23,2,9,3,4,C03,7,9,1,10,2,11,13,23,23,1,22,9,C03,24.162004,120.664108,2
2018,12,3,18,26,臺中市,北區,0,0,0,8,,,50,,,,,,,,,,,,,,,23,3,  ,  ,  ,B03,  ,  ,1,  ,2,  ,  ,23,23,1,5,  ,B03,24.150352,120.676264,3
2018,12,3,18,26,臺中市,東區,0,1,0,8,3,5,50,4,1,1,5,4,5,7,1,1,10,5,5,2,16,6,3,10,1,1,B03,7,6,1,8,2,2,  ,6,6,1,22,8,B03,24.150752,120.697671,2
2018,12,3,18,27,臺中市,西屯區,0,1,0,8,3,5,40,14,8,1,5,4,5,7,4,4,9,4,4,2,16,42,3,10,1,1,B11,7,5,1,4,2,1,  ,42,42,1,10,8,B11,24.195655,120.643343,2
2018,12,3,18,27,臺中市,豐原區,0,0,,8,,,50,,,,,,,,,,,,,,,,,,,,B03,,,1,,11,,,42,,1,22,,B03,24.251928,120.715523,3
2018,12,3,18,31,臺中市,北區,0,0,0,8,,,50,,,,,,,,,,,,,,,26,  ,  ,  ,  ,B03,  ,  ,1,  ,2,  ,  ,26,26,1,22,  ,B03,24.157269,120.676378,3
2018,12,3,18,31,臺中市,大里區,0,0,,8,,,50,,,,,,,,,,,,,,,,,,,,C03,,,1,,2,,,6,,1,  ,,C03,24.085866,120.715141,3
2018,12,3,18,33,臺中市,北屯區,0,0,0,8,3,5,50,4,2,1,5,4,5,7,1,1,4,3,5,2,16,23,3,10,1,1,B01,7,6,1,3,2,2,  ,23,23,1,21,8,B01,24.167245,120.693556,3
2018,12,3,18,35,臺中市,南屯區,0,0,,,,,,,,,,,,,,,,,,,,,,,,,B03,,,1,,2,,,23,,1,12,,B03,24.151365,120.615726,3
2018,12,3,18,45,臺中市,烏日區,0,1,0,8,3,5,50,14,7,1,5,4,5,7,4,4,5,4,4,1,17,19,3,10,1,1,B03,7,1,1,8,2,15,  ,19,19,1,21,8,B03,24.095534,120.656806,2
2018,12,3,18,50,臺中市,神岡區,0,0,,8,,,50,,,,,,,,,,,,,,,,,,,,C03,,,1,,1,,,12,,1,21,,C03,24.247312,120.687791,3
2018,12,3,18,56,臺中市,南屯區,0,0,,,,,,,,,,,,,,,,,,,,,,,,,B03,,,1,,2,,,26,,  ,  ,,B03,24.153733,120.636528,3
2018,12,3,19,15,臺中市,南屯區,0,0,,8,,,50,,,,,,,,,,,,,,,,,,,,B03,,,1,,2,,,23,,1,5,,B03,24.143905,120.640718,3
2018,12,3,19,17,臺中市,大雅區,0,1,0,8,3,5,50,14,8,1,5,4,5,7,4,4,1,4,4,1,12,7,2,9,1,1,C03,7,7,1,10,2,14,  ,7,7,1,22,9,C03,24.239989,120.63114,2
2018,12,3,19,21,臺中市,潭子區,0,0,,8,3,5,40,4,1,1,5,4,5,7,4,4,10,5,5,2,16,,,,,,B03,,,1,,2,,,6,,1,22,,B03,24.207664,120.707613,3
2018,12,3,19,25,臺中市,東勢區,0,1,0,8,3,5,50,4,1,1,5,4,5,7,4,4,10,5,5,2,15,6,3,10,1,1,B03,7,9,1,8,2,2,  ,6,6,1,19,8,B03,24.255475,120.828286,2
2018,12,3,19,29,臺中市,西屯區,0,0,0,8,,,50,,,,,,,,,,,,,,,6,  ,  ,  ,  ,B03,  ,  ,1,  ,2,  ,  ,6,6,1,5,  ,B03,24.157946,120.638661,3
2018,12,3,19,35,臺中市,北屯區,0,3,0,8,3,5,80,14,9,1,5,4,5,7,4,4,1,3,5,1,13,16,2,9,1,1,B02,7,9,1,8,2,1,  ,16,16,1,3,8,B02,24.170476,120.720766,2
2018,12,3,19,35,臺中市,太平區,0,0,,8,3,5,50,14,9,1,5,4,5,7,4,4,5,4,5,1,13,23,,,,,B03,,,1,,2,,,42,23,1,21,,B03,24.133607,120.719538,3
2018,12,3,19,39,臺中市,北區,0,0,,8,,,50,,,,,,,,,,,,,,,,,,,,B03,,,1,,2,,,23,,1,22,,B03,24.152197,120.675439,3
2018,12,3,19,40,臺中市,西區,0,0,,8,,,50,,,,,,,,,,,,,,,,,,,,B12,,,1,,2,,,6,,1,21,,B12,24.152817,120.658838,3
2018,12,3,19,42,臺中市,南屯區,0,0,,8,,,50,,,,,,,,,,,,,,,,,,,,C03,,,1,,2,,,7,,1,  ,,C03,24.147871,120.638111,3
2018,12,3,19,45,臺中市,東區,,,,,,,,,,,,,,,,,,,,,,,,,,,B12,,,1,,2,,,6,,1,5,,B12,24.135853,120.686173,3
2018,12,3,19,48,臺中市,北區,0,1,0,8,1,5,50,4,1,1,5,4,5,7,1,1,10,5,5,2,16,6,3,10,1,1,C03,7,5,1,10,2,11,12,6,6,1,4,9,C03,24.16027,120.68671,2
2018,12,3,19,48,臺中市,石岡區,0,1,0,8,3,5,70,4,1,1,5,4,5,7,1,1,10,5,5,2,17,25,2,9,1,1,C03,7,11,1,10,2,11,  ,25,25,1,22,8,C03,24.274228,120.776935,2
2018,12,3,19,55,臺中市,南區,0,1,0,8,3,5,50,4,1,1,5,4,5,7,1,1,10,5,5,2,16,26,3,10,1,1,C03,7,5,1,10,2,13,  ,26,26,1,22,9,C03,24.127014,120.662681,2
2018,12,3,20,0,臺中市,北屯區,0,0,0,8,,,40,,,,,,,,,,,,,,,43,  ,  ,  ,  ,B12,  ,  ,7,  ,9,  ,  ,43,43,1,21,  ,B12,24.170695,120.696461,3
2018,12,3,20,0,臺中市,沙鹿區,0,1,0,8,3,5,50,4,1,1,5,4,5,7,3,1,10,5,5,2,15,6,3,10,1,1,B03,7,9,1,8,2,5,  ,6,6,1,4,8,B03,24.215425,120.574024,2
2018,12,3,20,15,臺中市,大里區,0,1,0,8,3,5,50,14,9,1,5,4,5,7,4,4,5,5,5,2,17,23,2,9,1,1,C03,7,9,1,10,2,12,  ,23,23,1,12,5,C03,24.077376,120.684913,2
2018,12,3,20,17,臺中市,北屯區,0,1,0,8,3,5,50,14,7,1,5,4,5,7,4,4,1,4,4,2,13,21,2,9,3,4,C03,7,9,6,10,8,11,  ,21,21,1,21,8,C03,24.162543,120.692115,2
2018,12,3,20,25,臺中市,北區,0,0,0,8,,,50,,,,,,,,,,,,,,,7,3,  ,  ,  ,B03,  ,  ,1,  ,2,  ,  ,7,7,1,5,  ,B03,24.166711,120.678121,3
2018,12,3,20,25,臺中市,神岡區,0,0,,8,,,50,,,,,,,,,,,,,,,,,,,,B03,,,1,,2,,,23,,1,3,,B03,24.267705,120.655921,3
2018,12,3,20,29,臺中市,烏日區,0,1,0,8,4,5,50,4,1,1,5,4,5,7,1,1,10,5,5,2,16,6,3,10,1,1,B03,7,6,1,8,2,6,  ,6,6,1,22,8,B03,24.110479,120.625813,2
2018,12,3,20,30,臺中市,大甲區,0,2,0,8,3,5,50,3,3,1,5,4,5,7,4,4,5,5,5,1,16,6,2,9,1,1,C03,7,11,2,18,2,12,  ,6,6,1,9,9,C03,24.356458,120.633461,2
2018,12,3,20,36,臺中市,神岡區,0,1,0,8,3,5,50,4,1,1,5,4,5,7,1,1,5,5,5,1,16,25,3,10,1,1,B03,7,9,1,8,2,2,  ,25,25,1,21,8,B03,24.27336,120.702018,2
2018,12,3,20,50,臺中市,北屯區,0,3,0,8,3,5,50,3,1,1,5,4,5,7,3,1,10,5,5,2,16,6,2,8,1,1,C03,7,9,1,10,2,11,  ,6,6,1,5,8,C03,24.180573,120.741711,2
2018,12,3,21,6,臺中市,烏日區,0,1,0,7,3,5,50,14,7,1,5,4,5,7,4,4,1,4,1,2,13,22,3,10,1,1,B03,7,9,1,8,9,5,  ,22,22,2,21,8,B03,24.100251,120.62424,2
2018,12,3,21,8,臺中市,南區,0,0,0,8,,,50,,,,,,,,,,,,,,,,3,  ,  ,  ,B11,  ,  ,1,  ,2,  ,  ,23,  ,1,21,  ,B11,24.120865,120.649954,3
2018,12,3,21,20,臺中市,北區,0,1,0,8,3,5,50,14,9,1,5,4,5,7,4,4,10,5,5,2,17,8,3,10,1,1,C03,7,5,1,10,2,11,  ,8,8,1,22,8,C03,24.15017,120.690703,2
2018,12,3,21,28,臺中市,沙鹿區,0,3,0,8,3,5,40,3,1,1,5,4,5,7,1,1,10,5,5,2,17,42,2,9,1,1,C03,7,9,1,10,2,14,  ,42,42,1,18,8,C03,24.215614,120.570897,2
2018,12,3,21,29,臺中市,北區,0,2,0,8,3,5,40,3,2,1,5,4,5,7,2,1,1,2,4,2,16,9,3,10,1,1,B03,7,6,1,8,2,2,  ,9,9,1,22,8,B03,24.156656,120.688363,2
2018,12,3,21,34,臺中市,沙鹿區,0,1,0,8,1,5,40,14,8,1,5,4,5,7,4,4,1,4,4,1,13,23,2,9,1,1,C03,7,9,1,10,2,11,  ,23,23,1,2,8,C03,24.23666,120.570056,2
2018,12,3,21,41,臺中市,沙鹿區,0,1,0,8,3,5,50,4,1,1,5,4,5,7,4,4,10,5,5,2,15,6,2,8,1,1,C03,7,9,1,10,2,12,  ,6,6,1,5,5,C03,24.25045,120.56512,2
2018,12,3,21,50,臺中市,大甲區,0,2,0,8,3,5,40,5,1,1,5,4,5,7,4,4,10,5,5,2,15,6,2,8,1,1,C03,7,9,1,10,2,12,  ,6,6,1,20,8,C03,24.346853,120.617673,2
2018,12,3,21,57,臺中市,西屯區,0,1,0,8,3,5,50,14,7,1,5,4,5,7,4,4,5,4,4,2,16,8,2,9,4,1,F01,7,5,8,20,10,16,  ,8,8,1,20,8,F01,24.164678,120.65886,2
2018,12,3,21,59,臺中市,東區,0,0,0,7,3,5,40,14,8,1,5,4,5,7,4,4,9,4,5,2,16,23,  ,  ,  ,  ,B03,  ,3,1,8,2,2,  ,23,23,1,5,8,B03,24.14554,120.690425,3
2018,12,3,22,9,臺中市,北區,0,1,0,8,3,5,50,4,1,1,5,4,5,7,1,1,10,5,5,2,15,25,3,10,1,1,B03,7,9,1,8,2,5,  ,25,25,1,21,8,B03,24.165441,120.676989,2
2018,12,3,22,10,臺中市,北屯區,0,2,0,8,3,5,40,14,7,1,5,4,5,7,4,4,5,4,4,2,16,19,2,9,3,4,C03,7,1,1,10,2,13,  ,19,19,1,21,8,C03,24.171641,120.694113,2
2018,12,3,22,10,臺中市,西屯區,0,2,0,8,3,5,40,3,1,1,5,4,5,7,4,4,10,5,5,2,16,19,3,10,1,1,B03,7,1,1,8,2,5,  ,19,19,1,22,8,B03,24.162971,120.600988,2
2018,12,3,22,12,臺中市,西屯區,0,0,,8,,,40,,,,,,,,,,,,,,,,,,,,F01,,,8,,8,,,25,,1,5,,F01,24.166611,120.635368,3
2018,12,3,22,17,臺中市,沙鹿區,0,2,0,8,3,5,40,4,8,1,5,4,5,7,4,4,1,4,4,1,13,23,2,8,1,1,C03,7,5,1,10,2,11,  ,23,23,1,8,8,C03,24.230065,120.574268,2
2018,12,3,22,21,臺中市,南屯區,0,0,,8,,,50,,,,,,,,,,,,,,,,,,,,B03,,,1,,2,,,6,,1,5,,B03,24.159467,120.633924,3
2018,12,3,22,32,臺中市,南屯區,0,1,0,7,3,5,50,4,1,1,5,4,5,7,4,4,10,5,5,2,15,6,2,9,1,4,C03,7,9,1,10,2,12,  ,6,6,1,22,8,C03,24.143313,120.624969,2
2018,12,3,22,44,臺中市,南屯區,0,0,,,,,,,,,,,,,,,,,,,,,,,,,,,,,,,,,,,,,,,,,3
2018,12,3,22,44,臺中市,南屯區,0,0,0,8,,,50,,,,,,,,,,,,,,,6,  ,  ,  ,  ,B03,  ,  ,1,8,2,  ,  ,6,6,1,12,  ,B03,24.150574,120.612304,3
2018,12,3,23,15,臺中市,西屯區,0,2,0,8,3,5,50,4,1,1,5,4,5,7,1,1,4,3,5,2,16,8,2,9,1,5,F01,7,5,8,20,2,16,  ,8,8,1,21,8,F01,24.192468,120.645708,2
2018,12,3,23,17,臺中市,大里區,0,0,,8,,,50,,,,,,,,,,,,,,,,,,,,B03,,,1,,2,,,16,,1,22,,B03,24.092241,120.699345,3
2018,12,3,23,35,臺中市,沙鹿區,0,2,0,8,3,5,40,4,1,1,5,4,5,7,3,1,10,5,5,2,18,42,2,9,1,1,C03,7,12,1,10,2,12,  ,42,42,1,18,8,C03,24.199014,120.570807,2
2018,12,3,23,45,臺中市,霧峰區,0,0,,8,,,50,,,,,,,,,,,,,,,,,,,,B03,,,1,,9,,,44,,1,4,,B03,24.075951,120.702783,3
2018,12,3,23,46,臺中市,西區,0,2,0,8,3,5,50,5,1,1,5,4,5,7,1,1,10,5,5,2,17,26,2,9,1,1,C03,7,9,1,10,2,11,  ,26,26,1,5,5,C03,24.151613,120.671845,2
2018,12,3,23,51,臺中市,豐原區,0,2,0,8,3,5,50,4,1,1,5,4,5,7,3,1,10,5,5,2,15,6,3,10,1,1,B03,7,9,1,8,5,4,  ,6,6,1,21,8,B03,24.25343,120.728073,2
2018,12,4,0,3,臺中市,北區,0,0,,8,,,50,,,,,,,,,,,,,,,,,,,,B03,,,1,,2,,,26,,1,22,,B03,24.163355,120.68496,3
2018,12,4,0,3,臺中市,東區,0,1,0,7,3,5,50,4,1,1,5,4,5,7,1,1,10,5,5,2,18,23,2,7,1,1,C03,7,9,1,10,2,14,  ,23,23,1,22,8,C03,24.14449,120.699721,2
2018,12,4,1,13,臺中市,中區,0,2,0,8,3,5,50,4,1,1,5,4,5,7,2,1,10,5,5,2,17,25,2,9,1,1,C03,7,5,1,10,2,14,  ,25,25,1,21,8,C03,24.140134,120.685838,2
2018,12,4,1,19,臺中市,北屯區,0,1,0,8,3,5,50,4,1,1,5,4,5,7,1,1,10,5,5,2,15,25,3,10,1,1,B03,7,9,1,8,2,5,  ,25,25,1,21,8,B03,24.176341,120.669854,2
2018,12,4,2,10,臺中市,梧棲區,0,1,0,8,3,5,90,14,9,1,5,4,5,7,4,4,1,4,5,1,13,23,3,10,1,1,A11,7,9,1,3,2,1,  ,23,23,1,10,1,A11,24.226466,120.526156,2
2018,12,4,3,34,臺中市,北屯區,0,1,0,8,1,5,50,3,1,1,5,4,5,7,4,4,1,4,5,1,26,23,2,1,1,1,B03,7,9,1,8,2,1,  ,23,23,1,22,8,B03,24.2022,120.782706,2
2018,12,4,4,58,臺中市,清水區,0,1,0,8,3,5,60,4,7,1,5,4,5,7,1,1,1,4,1,1,13,23,3,10,1,1,B03,7,9,3,18,8,8,  ,23,23,1,5,8,B03,24.275359,120.547327,2
2018,12,4,5,4,臺中市,西區,0,1,0,8,1,5,50,5,1,1,5,4,5,7,1,1,10,5,5,2,15,25,2,9,1,1,C03,7,9,1,10,1,12,  ,25,25,1,5,5,C03,24.153417,120.668298,2
2018,12,4,5,40,臺中市,大雅區,0,1,0,8,3,5,60,4,1,1,5,4,5,7,1,1,10,5,5,2,16,10,2,9,1,1,C01,7,9,3,18,2,12,  ,23,10,1,22,9,C01,24.225559,120.645354,2
2018,12,4,6,26,臺中市,南區,0,2,0,8,1,5,40,4,2,1,5,4,5,7,1,1,5,5,4,2,11,26,2,8,4,1,F01,7,9,8,20,2,16,  ,26,26,1,5,8,F01,24.125647,120.675154,2
2018,12,4,6,36,臺中市,大甲區,0,0,,8,,,50,,,,,,,,,,,,,,,,,,,,B12,,,1,,2,,,19,,1,4,,B12,24.346399,120.632804,3
2018,12,4,6,40,臺中市,南屯區,0,0,0,8,1,5,50,14,7,1,5,4,5,7,4,4,5,5,5,2,17,26,3,10,1,1,B03,7,11,1,8,2,4,4,26,26,1,5,1,B03,24.148265,120.647534,3
2018,12,4,6,44,臺中市,清水區,0,1,0,8,1,5,40,4,1,1,5,4,5,7,3,1,10,5,5,2,15,6,2,1,1,1,C03,7,9,1,10,2,12,  ,6,6,1,20,8,C03,24.279348,120.571804,2
2018,12,4,6,50,臺中市,清水區,0,0,,8,,,50,,,,,,,,,,,,,1,,,,,,,B03,,,1,,2,,,23,,1,  ,,B03,24.279041,120.555598,3
2018,12,4,7,0,臺中市,太平區,0,0,,8,,,50,,,,,,,,,,,,,,,,,,,,C03,,,1,,2,,,26,,1,5,,C03,24.133441,120.720866,3
2018,12,4,7,9,臺中市,北屯區,0,1,0,8,1,5,50,4,2,1,5,4,5,7,4,4,10,5,5,2,16,23,3,10,1,1,B03,7,5,1,8,2,1,  ,23,23,1,21,8,B03,24.180254,120.671851,2
2018,12,4,7,9,臺中市,神岡區,0,0,,8,,,50,,,,,,,,,,,,,,,,,,,,F01,,,8,,2,,,25,,1,9,,F01,24.276128,120.704841,3
2018,12,4,7,10,臺中市,南屯區,0,1,0,8,1,5,40,14,9,1,5,4,5,7,4,4,10,5,5,2,13,16,2,9,1,1,C03,7,9,1,10,2,11,  ,16,16,1,22,8,C03,24.130984,120.619805,2
2018,12,4,7,11,臺中市,西屯區,0,1,0,8,1,5,40,14,9,1,5,4,5,7,4,4,10,5,5,2,16,19,3,10,3,4,B03,7,1,1,8,2,1,  ,19,19,1,22,9,B03,24.200686,120.657,2
2018,12,4,7,13,臺中市,后里區,0,1,0,8,1,5,50,5,1,1,5,4,5,7,2,1,4,5,5,1,16,8,2,9,1,1,C03,7,5,1,10,2,14,  ,8,8,1,4,8,C03,24.31098,120.68021,2
2018,12,4,7,15,臺中市,南屯區,0,0,0,8,,,50,,,,,,,,,,,,,,,23,  ,  ,  ,  ,B03,  ,  ,1,  ,2,  ,  ,23,23,1,22,  ,B03,24.1386,120.612712,3
2018,12,4,7,17,臺中市,豐原區,0,1,0,8,1,5,50,14,16,1,5,4,5,7,4,4,5,5,5,1,10,23,3,10,1,1,C03,7,9,1,10,2,11,  ,23,23,1,3,8,C03,24.251479,120.712191,2
2018,12,4,7,18,臺中市,太平區,0,0,,8,,,50,,,,,,,,,,,,,,,,,,,,B03,,,1,,2,,,16,,1,19,,B03,24.15898,120.712947,3
2018,12,4,7,18,臺中市,大雅區,0,1,0,8,1,5,40,14,9,1,5,4,5,7,4,4,10,5,5,2,17,19,3,10,1,1,B03,7,1,1,8,2,1,  ,19,19,1,21,8,B03,24.236166,120.62355,2
2018,12,4,7,20,臺中市,沙鹿區,0,1,0,8,1,5,60,4,1,1,5,4,5,7,1,1,10,5,5,2,17,23,3,10,1,1,B03,7,5,1,8,2,5,  ,26,23,1,21,8,B03,24.249997,120.597349,2
2018,12,4,7,25,臺中市,南區,0,1,0,8,1,5,50,4,2,1,5,4,5,7,1,1,1,2,4,2,13,23,3,10,1,1,B03,7,9,1,8,2,1,  ,23,23,1,21,8,B03,24.120615,120.662624,2
2018,12,4,7,25,臺中市,西屯區,0,0,,8,,,50,,,,,,,,,,,,,,,,,,,,H01,,,1,,2,,,43,,1,22,,H01,24.164899,120.653182,3
2018,12,4,7,25,臺中市,大里區,0,0,,8,,,50,,,,,,,,,,,,,,,,,,,,B03,,,1,,2,,,23,,1,22,,B03,24.100195,120.691926,3
2018,12,4,7,25,臺中市,龍井區,0,1,0,8,1,5,60,10,9,1,5,4,5,7,4,4,2,4,5,2,13,23,2,8,1,1,C02,7,9,4,10,2,11,  ,23,23,1,9,1,C02,24.217726,120.546444,2
2018,12,4,7,30,臺中市,霧峰區,0,0,,8,,,50,,,,,,,,,,,,,,,6,,,,,B12,,,1,,2,,,23,6,1,21,,B12,24.060207,120.680197,3
2018,12,4,7,30,臺中市,潭子區,0,0,,8,1,5,80,14,7,1,5,4,5,7,4,4,1,3,5,1,13,,,,,,B03,,,1,,2,,,23,,1,22,,B03,24.201258,120.702686,3
2018,12,4,7,32,臺中市,西屯區,0,1,0,8,1,5,50,3,2,1,5,4,5,7,4,4,1,3,1,1,12,9,3,10,1,1,B03,7,6,1,8,2,2,  ,9,9,1,22,8,B03,24.177368,120.627268,2
2018,12,4,7,32,臺中市,清水區,0,0,,8,,,70,,,,,,,,,,,,,,,,,,,,B12,,,1,,2,,,23,,1,21,,B12,24.26839,120.564336,3
2018,12,4,7,35,臺中市,大肚區,0,1,0,8,1,5,30,11,9,1,5,4,5,7,4,4,5,5,5,1,18,43,2,9,1,1,C03,7,9,1,10,2,14,  ,43,43,1,3,1,C03,24.150543,120.55413,2
2018,12,4,7,36,臺中市,北屯區,0,0,,8,,,50,,,,,,,,,,,,,,,,,,,,B03,,,1,,2,,,26,,1,5,,B03,24.18169,120.723052,3
2018,12,4,7,37,臺中市,南屯區,0,1,0,8,1,5,10,14,9,1,5,4,5,7,4,4,5,5,5,2,16,8,2,9,1,1,C03,7,5,1,10,2,12,  ,8,8,1,22,8,C03,24.149787,120.641937,2
2018,12,4,7,39,臺中市,北區,0,1,0,8,1,5,50,14,7,1,5,4,5,7,4,4,5,4,4,2,17,7,2,9,3,4,C03,7,7,1,10,2,14,  ,7,7,1,19,8,C03,24.161454,120.66454,2
2018,12,4,7,40,臺中市,外埔區,0,0,,8,1,5,50,3,2,1,5,4,5,7,2,1,4,2,4,1,12,,,,,,B03,,,1,,2,,,7,,1,  ,,B03,24.341374,120.639414,3
2018,12,4,7,40,臺中市,神岡區,0,0,,8,,,50,,,,,,,,,,,,,,,,,,,,C03,,,5,,11,,,23,,2,9,,C03,24.276973,120.705113,3
2018,12,4,7,42,臺中市,大甲區,0,1,0,8,1,5,50,14,9,1,5,4,5,7,4,4,9,5,5,1,17,42,3,10,1,1,B03,7,11,1,8,2,3,  ,42,42,1,22,1,B03,24.407603,120.651186,2
2018,12,4,7,45,臺中市,霧峰區,0,1,0,8,1,5,50,3,1,1,5,4,5,7,1,1,10,5,5,2,16,25,3,10,3,4,C03,7,9,1,11,2,11,  ,25,25,1,22,8,C03,24.100291,120.691778,2
2018,12,4,7,45,臺中市,大肚區,0,1,0,8,1,5,50,3,2,1,5,4,5,5,4,4,5,5,5,1,3,52,2,9,1,1,H01,8,20,8,20,10,15,  ,52,52,1,19,5,H01,24.150535,120.542692,2
2018,12,4,7,47,臺中市,烏日區,0,0,,8,,,50,,,,,,,,,,,,,,,,,,,,B03,,,1,,2,,,7,,1,  ,,B03,24.107193,120.635692,3
2018,12,4,7,50,臺中市,霧峰區,0,1,0,8,1,5,40,11,9,1,5,4,5,7,4,4,10,5,5,1,19,42,2,9,1,1,C03,7,9,1,10,2,14,  ,42,42,1,21,5,C03,24.073133,120.67612,2
2018,12,4,7,50,臺中市,霧峰區,0,0,,8,,,70,,,,,,,,,,,,,,,,,,,,B03,,,1,,3,,,16,,1,4,,B03,24.057489,120.69591,3
2018,12,4,7,52,臺中市,太平區,0,1,0,8,1,5,50,4,1,1,5,4,5,7,2,1,10,5,5,2,16,43,2,9,1,1,C03,7,9,1,10,2,12,  ,43,43,1,3,1,C03,24.15944,120.705011,2
2018,12,4,7,55,臺中市,龍井區,0,2,0,8,1,5,50,14,9,1,5,4,5,7,1,1,1,2,5,1,12,23,2,9,1,1,C03,7,9,1,10,2,14,  ,43,23,1,20,5,C03,24.193965,120.535843,2
2018,12,4,7,56,臺中市,豐原區,0,1,0,8,1,5,50,14,9,1,5,4,5,7,1,1,5,4,5,1,17,6,2,9,1,1,C03,7,9,1,10,2,15,  ,14,6,1,21,8,C03,24.251319,120.710509,2
2018,12,4,7,58,臺中市,西屯區,0,1,0,8,1,5,40,14,8,1,5,4,5,7,4,4,1,4,1,2,13,16,2,9,1,1,C03,7,9,1,10,2,11,  ,16,16,1,22,8,C03,24.202123,120.641465,2
2018,12,4,8,0,臺中市,太平區,0,1,0,8,1,5,40,14,8,1,5,4,5,7,4,4,5,4,4,2,13,23,2,9,3,4,C03,7,9,3,18,6,11,  ,23,23,1,5,8,C03,24.149562,120.713521,2
2018,12,4,8,0,臺中市,潭子區,0,1,0,8,1,5,50,4,1,1,5,4,5,7,2,1,5,4,5,1,12,6,3,10,1,1,C03,7,6,1,10,2,12,  ,6,6,1,22,9,C03,24.215636,120.705357,2
2018,12,4,8,3,臺中市,潭子區,0,1,0,8,1,5,50,4,1,1,5,4,5,7,1,1,1,2,4,1,16,25,3,10,1,1,B03,7,9,1,8,2,2,  ,25,25,1,22,8,B03,24.21609,120.693169,2
2018,12,4,8,4,臺中市,龍井區,0,2,0,8,1,5,50,4,1,1,5,4,5,7,4,4,10,5,5,2,15,43,2,9,1,1,C04,7,9,1,10,2,12,  ,43,43,1,9,1,C04,24.202601,120.511838,2