年,月,日,時,分,縣市,區,死,受傷,2-30,天候,光線,道路類別,速限,道路型態,事故位置,路面鋪裝,路面狀態,路面缺陷,障礙物,視距,號誌種類,號誌動作,分向設施,快車道或一般車道間,快慢車道間,路面邊線,事故類型及型態,主要肇因,受傷程度,主要傷處,保護裝備,行動電話,當事者區分_類別,車輛用途,當事者行動狀態,駕駛資格情形,駕駛執照種類,飲酒情形,車輛撞擊部位最初,車輛撞擊部位其他,肇事因素個別,肇事因素主要,肇事逃逸,職業,旅次目的,車種,GPS座標X,GPS座標Y,事故類別
2018,12,4,8,5,臺中市,南區,0,2,0,8,1,5,50,3,1,1,5,4,5,7,4,4,10,5,5,2,16,6,2,9,1,1,C03,7,6,1,10,2,14,  ,6,6,1,17,2,C03,24.124301,120.672636,2
2018,12,4,8,7,臺中市,南屯區,0,0,,8,,,50,,,,,,,,,,,,,,,,,,,,B12,,,1,,2,,,23,,1,  ,,B12,24.140207,120.622146,3
2018,12,4,8,9,臺中市,太平區,0,1,0,8,1,5,40,4,1,1,5,4,5,7,4,4,10,5,5,2,15,6,2,9,1,1,C03,7,9,1,10,2,11,  ,6,6,1,18,9,C03,24.154892,120.728354,2
2018,12,4,8,12,臺中市,北屯區,0,2,0,8,1,5,50,3,1,1,5,4,5,7,3,1,5,4,4,2,15,6,3,10,1,1,C03,7,9,3,18,1,13,  ,6,6,1,22,8,C03,24.201263,120.668257,2
2018,12,4,8,12,臺中市,梧棲區,0,0,,8,,,50,,,,,,,,,,,,,,,,,,,,A41,,,1,,2,,,43,,1,10,,A41,24.240709,120.542156,3
2018,12,4,8,19,臺中市,南屯區,0,2,0,8,1,5,40,4,1,1,5,4,5,7,1,1,10,5,5,2,15,25,2,9,1,1,C03,7,9,3,18,2,11,  ,25,25,1,22,8,C03,24.151206,120.635233,2
2018,12,4,8,19,臺中市,北屯區,0,3,0,8,1,5,50,14,7,1,5,4,5,7,4,4,5,5,4,2,16,19,2,9,1,1,C03,7,1,3,18,2,11,  ,19,19,1,21,8,C03,24.165573,120.704108,2
2018,12,4,8,22,臺中市,梧棲區,0,1,0,8,1,5,50,3,1,1,5,4,5,7,4,4,10,5,5,2,16,8,3,10,1,1,B03,7,5,1,7,2,1,  ,8,8,1,20,9,B03,24.246885,120.539869,2
2018,12,4,8,23,臺中市,北屯區,0,0,0,8,,,80,,,,,,,,,,,,,,,7,  ,  ,  ,  ,B03,  ,  ,1,  ,2,  ,  ,7,7,1,5,  ,B03,24.170529,120.720924,3
2018,12,4,8,26,臺中市,北屯區,0,1,0,8,1,5,40,4,1,1,5,4,5,7,4,4,10,5,5,2,15,6,3,10,1,1,B02,7,9,1,8,2,1,  ,6,6,1,2,8,B02,24.177281,120.696615,2
2018,12,4,8,26,臺中市,西屯區,0,2,0,8,1,5,40,4,1,1,5,4,5,7,1,1,5,5,4,2,16,26,2,7,1,1,C03,7,1,1,10,2,12,  ,26,26,1,22,9,C03,24.182296,120.639542,2
2018,12,4,8,26,臺中市,西屯區,0,3,0,8,1,5,50,4,2,1,5,4,5,7,1,1,10,5,5,2,11,4,2,9,3,4,C03,7,1,4,8,2,14,  ,4,4,1,22,9,C03,24.169551,120.665058,2
2018,12,4,8,27,臺中市,北屯區,0,1,0,8,1,5,50,4,1,1,5,4,5,7,4,4,5,5,5,2,13,43,2,9,1,1,C03,7,9,1,10,2,11,  ,43,43,1,22,8,C03,24.174516,120.670136,2
2018,12,4,8,30,臺中市,大肚區,0,0,,8,,,50,,,,,,,,,,,,,,,,,,,,B12,,,1,,2,,,60,,1,6,,B12,24.124424,120.568136,3
2018,12,4,8,31,臺中市,西屯區,0,1,0,8,1,5,50,14,7,1,5,4,5,7,4,4,10,4,4,2,12,7,2,9,1,1,C03,7,9,1,10,2,13,  ,44,7,1,22,8,C03,24.170126,120.640547,2
2018,12,4,8,38,臺中市,南屯區,0,0,0,8,,,50,,,,,,,,,,,,,,,23,  ,  ,  ,  ,B03,  ,  ,1,  ,2,  ,  ,23,23,1,22,  ,B03,24.150001,120.622203,3
2018,12,4,8,45,臺中市,西屯區,0,0,,8,,,80,,,,,,,,,,,,,,,,,,,,B03,,,1,,2,,,16,,1,22,,B03,24.171365,120.632476,3
2018,12,4,8,45,臺中市,沙鹿區,0,2,0,8,1,5,40,3,2,1,5,4,5,7,4,4,5,5,4,2,16,26,2,9,1,1,C03,7,5,1,10,2,11,  ,26,26,1,21,8,C03,24.237895,120.560558,2
2018,12,4,8,46,臺中市,大里區,0,1,0,8,1,5,50,14,7,1,5,4,5,7,4,4,5,4,4,2,11,26,3,10,1,1,B03,7,5,1,8,2,6,  ,26,26,1,21,9,B03,24.120033,120.688635,2
2018,12,4,8,48,臺中市,西屯區,0,1,0,8,1,5,50,4,2,1,5,4,5,7,2,1,8,3,4,1,12,6,3,10,1,1,B03,7,6,1,8,2,2,  ,6,6,1,22,8,B03,24.163618,120.663053,2
2018,12,4,8,50,臺中市,潭子區,0,1,0,8,1,5,50,3,9,1,5,4,5,7,3,1,1,3,4,1,12,7,2,9,1,1,C03,7,8,1,10,2,12,  ,7,7,1,22,9,C03,24.215954,120.69424,2
2018,12,4,8,55,臺中市,大里區,0,1,0,8,1,5,50,5,1,1,5,4,5,7,1,1,10,5,5,2,17,10,3,10,1,1,A12,7,11,1,1,3,2,  ,10,10,1,22,8,A12,24.087093,120.687436,2
2018,12,4,9,0,臺中市,西屯區,0,1,0,8,1,5,40,14,8,1,5,4,5,7,4,4,5,4,4,2,13,23,2,9,1,1,C03,7,9,1,10,2,11,  ,23,23,1,22,8,C03,24.168495,120.639806,2
2018,12,4,9,0,臺中市,潭子區,0,1,0,8,1,5,40,14,9,1,5,4,5,7,4,4,9,5,5,2,18,43,2,9,1,1,C03,7,9,1,10,9,12,  ,43,43,1,22,8,C03,24.222421,120.702311,2
2018,12,4,9,3,臺中市,西區,0,1,0,8,1,5,50,4,1,1,5,4,5,7,1,1,1,2,4,1,16,14,3,10,1,1,B03,7,9,1,8,2,1,  ,14,14,1,21,8,B03,24.13937,120.657257,2
2018,12,4,9,8,臺中市,北屯區,0,0,,8,,,50,,,,,,,,,,,,,,,,,,,,B03,,,1,,2,,,6,,1,22,,B03,24.171901,120.734049,3
2018,12,4,9,8,臺中市,北屯區,0,0,0,8,,,40,,,,,,,,,,,,,,,12,  ,  ,  ,  ,B02,  ,  ,1,  ,2,  ,  ,12,12,1,22,  ,B02,24.170793,120.685916,3
2018,12,4,9,10,臺中市,潭子區,0,0,,,,,,,,,,,,,,,,,,,,,,,,,B03,,,1,,2,,,44,,1,21,,B03,,,3
2018,12,4,9,12,臺中市,北屯區,0,2,0,8,1,5,50,3,1,1,5,4,5,7,4,4,1,4,5,2,17,6,2,9,1,1,C03,7,6,3,18,2,14,  ,6,6,1,5,8,C03,24.16739,120.685358,2
2018,12,4,9,15,臺中市,大雅區,0,1,0,8,1,5,50,4,1,1,5,4,5,7,4,4,5,5,5,1,17,23,2,7,1,1,C03,7,9,3,18,2,14,  ,23,23,1,21,8,C03,24.228764,120.654805,2
2018,12,4,9,16,臺中市,南區,0,1,0,8,1,5,40,14,9,1,5,4,5,7,4,4,10,5,5,2,17,42,3,10,1,1,C03,7,11,1,10,2,13,  ,42,42,1,4,8,C03,24.132916,120.682786,2
2018,12,4,9,25,臺中市,大里區,0,0,,8,,,50,,,,,,,,,,,,,,,,,,,,   ,,,7,,11,,,67,,1,  ,,   ,24.092873,120.693812,3
2018,12,4,9,30,臺中市,南屯區,0,1,0,8,1,5,40,4,1,1,5,4,5,7,2,1,10,5,5,2,12,17,3,10,3,4,B03,7,9,1,8,2,2,  ,17,17,1,22,9,B03,24.14064,120.625799,2
2018,12,4,9,34,臺中市,烏日區,1,0,0,8,1,8,60,4,1,1,5,4,5,7,1,1,10,5,5,2,16,43,3,10,1,1,B11,7,9,1,2,2,5,  ,43,43,1,21,8,B11,24.092526,120.646061,1
2018,12,4,9,40,臺中市,大甲區,0,1,0,8,1,5,50,4,1,1,5,4,5,7,1,1,10,5,5,2,15,25,2,9,1,1,C03,7,9,3,18,2,12,  ,25,25,1,19,7,C03,24.356161,120.633305,2
2018,12,4,9,48,臺中市,北區,0,0,,8,,,50,,,,,,,,,,,,,,,,,,,,A12,,,1,,2,,,12,,1,22,,A12,24.159213,120.68078,3
2018,12,4,9,48,臺中市,龍井區,0,2,0,8,1,5,50,4,1,1,5,4,5,7,4,4,10,5,5,2,15,6,3,10,1,1,B12,7,9,1,8,2,5,  ,6,6,1,10,4,B12,24.193096,120.52411,2
2018,12,4,9,52,臺中市,大里區,0,0,,8,,,50,,,,,,,,,,,,,,,,,,,,B03,,,1,,2,,,17,,1,12,,B03,24.111198,120.697205,3
2018,12,4,9,52,臺中市,太平區,0,0,,8,,,50,,,,,,,,,,,,,,,,,,,,B12,,,1,,2,,,23,,1,9,,B12,24.105875,120.716298,3
2018,12,4,9,53,臺中市,北屯區,0,1,0,8,1,5,50,5,1,1,5,4,5,7,2,1,10,5,5,2,16,9,3,10,1,1,B12,7,6,1,8,2,2,  ,9,9,1,5,7,B12,24.188493,120.686388,2
2018,12,4,9,54,臺中市,清水區,0,1,0,8,1,5,40,14,9,1,5,4,5,7,4,4,10,5,5,2,3,23,3,10,1,1,C03,7,6,1,10,2,11,  ,23,23,1,21,8,C03,24.268991,120.576778,2
2018,12,4,9,55,臺中市,南區,0,1,0,8,1,5,5,4,1,1,5,4,5,7,4,4,10,5,5,2,15,6,3,10,1,1,B12,7,9,1,8,2,2,  ,6,6,1,21,8,B12,24.128496,120.660976,2
2018,12,4,9,55,臺中市,西屯區,0,1,0,8,1,5,50,14,8,1,5,4,5,7,4,4,5,5,4,2,11,26,3,10,3,4,B12,7,5,1,8,2,1,  ,26,26,1,22,9,B12,24.172093,120.645796,2
2018,12,4,9,56,臺中市,太平區,0,2,0,8,1,5,50,5,1,1,5,4,5,7,2,1,5,4,5,1,16,25,2,9,1,1,C03,7,9,1,10,2,11,  ,25,25,1,21,1,C03,24.149638,120.724659,2
2018,12,4,10,5,臺中市,南區,0,1,0,8,1,5,50,4,1,1,5,4,5,7,1,1,10,5,5,2,16,26,2,9,1,1,C04,7,5,3,18,2,12,  ,26,26,1,5,1,C04,24.128966,120.667483,2
2018,12,4,10,11,臺中市,大里區,0,2,0,8,1,5,50,4,1,1,5,4,5,7,1,1,10,5,5,2,13,23,2,9,3,4,C03,7,9,1,10,2,11,  ,23,23,1,22,8,C03,24.093954,120.719603,2
2018,12,4,10,17,臺中市,北區,0,2,0,8,1,5,50,4,2,1,5,4,5,7,1,1,9,2,4,2,15,25,2,7,1,1,C03,7,9,3,18,2,15,  ,25,25,1,5,8,C03,24.162038,120.664166,2
2018,12,4,10,23,臺中市,太平區,0,0,,8,1,5,40,3,1,1,5,4,5,,4,4,10,5,5,2,16,,,,,,C03,,,1,,2,,,6,,1,18,,C03,24.158114,120.74184,3
2018,12,4,10,28,臺中市,大里區,0,0,,8,,,50,,,,,,,,,,,,,,,,,,,,B03,,,1,,2,,,23,,1,21,,B03,24.111213,120.682312,3
2018,12,4,10,34,臺中市,西屯區,0,2,0,8,1,5,40,14,20,1,5,4,5,7,4,4,10,5,1,1,16,26,2,9,1,1,C03,7,9,1,10,2,12,  ,26,26,1,22,8,C03,24.181888,120.599218,2
2018,12,4,10,40,臺中市,東區,0,0,0,8,1,5,50,14,7,1,5,4,5,7,1,1,5,2,4,2,13,23,3,10,1,1,B11,7,9,1,7,2,1,  ,23,23,1,5,8,B11,24.147904,120.699327,3
2018,12,4,10,44,臺中市,南區,0,1,0,8,1,5,50,4,1,1,5,4,5,7,4,4,10,5,5,2,16,6,2,9,1,1,C03,7,6,1,10,2,11,  ,6,6,1,22,8,C03,24.123613,120.662377,2
2018,12,4,10,44,臺中市,大里區,0,0,,8,,,50,,,,,,,,,,,,,,,,,,,,A22,,,1,,2,,,23,,1,21,,A22,24.112702,120.673976,3
2018,12,4,10,45,臺中市,南屯區,0,0,0,8,,,50,,,,,,,,,,,,,,,3,  ,  ,  ,  ,B12,  ,  ,1,  ,2,  ,  ,23,3,1,22,  ,B12,24.136286,120.604621,3
2018,12,4,10,46,臺中市,新社區,0,0,0,8,,,50,,,,,,,,,,,,,,,12,  ,  ,  ,  ,B12,  ,  ,1,  ,2,  ,  ,12,12,1,22,  ,B12,24.2388,120.806845,3
2018,12,4,10,50,臺中市,南屯區,0,0,,8,,,40,,,,,,,,,,,,,,,,,,,,B12,,,1,,2,,,23,,1,22,,B12,24.150351,120.61062,3
2018,12,4,10,50,臺中市,北屯區,0,0,,8,,,40,,,,,,,,,,,,,,,,,,,,B03,,,1,,2,,,5,,1,  ,,B03,24.201672,120.68384,3
2018,12,4,10,54,臺中市,霧峰區,0,0,,8,,,50,,,,,,,,,,,,,,,,,,,,B03,,,1,,2,,,42,,1,  ,,B03,24.065166,120.70025,3
2018,12,4,11,0,臺中市,南區,0,1,0,8,1,5,50,3,1,1,5,4,5,7,1,1,10,5,4,2,13,16,3,10,1,1,C03,6,9,1,10,2,11,  ,16,16,1,17,5,C03,24.129238,120.684948,2
2018,12,4,11,0,臺中市,梧棲區,0,0,,8,,,50,,,,,,,,,,,,,,,,,,,,B03,,,1,,2,,,12,,1,  ,,B03,24.257177,120.531569,3
2018,12,4,11,5,臺中市,北屯區,0,0,,8,,,40,,,,,,,,,,,,,,,12,,,,,B03,,,1,,2,,,5,12,1,4,,B03,24.176942,120.697836,3
2018,12,4,11,10,臺中市,南屯區,0,0,,8,,,50,,,,,,,,,,,,,,,,,,,,B03,,,1,,2,,,23,,1,  ,,B03,24.151447,120.651355,3
2018,12,4,11,10,臺中市,沙鹿區,0,1,0,8,1,5,60,3,2,1,5,4,5,7,1,1,3,2,4,2,13,23,3,10,1,1,B03,7,9,1,8,2,1,  ,23,23,1,5,5,B03,24.204186,120.56649,2
2018,12,4,11,11,臺中市,北區,0,0,,8,,,50,,,,,,,,,,,,,,,,,,,,B02,,,1,,2,,,23,,1,22,,B02,24.153991,120.688181,3
2018,12,4,11,12,臺中市,東區,0,0,,,,,,,,,,,,,,,,,,,,,,,,,B03,,,1,,2,,,19,,1,5,,B03,24.125668,120.69085,3
2018,12,4,11,13,臺中市,西屯區,0,0,0,8,,,50,,,,,,,,,,,,,,,23,  ,  ,  ,  ,B11,  ,  ,1,  ,2,  ,  ,23,23,1,22,  ,B11,24.183505,120.616728,3
2018,12,4,11,15,臺中市,北屯區,0,0,0,8,,,50,,,,,,,,,,,,,,,10,  ,  ,  ,  ,B03,  ,  ,1,  ,2,  ,  ,10,10,  ,21,  ,B03,24.166984,120.686676,3
2018,12,4,11,23,臺中市,大雅區,0,0,,8,,,50,,,,,,,,,,,,,,,,,,,,B03,,,1,,2,,,19,,1,  ,,B03,24.240365,120.63076,3
2018,12,4,11,28,臺中市,西區,0,1,0,8,1,5,50,5,1,1,5,4,5,7,4,4,10,5,5,2,16,6,2,9,1,4,C03,7,9,1,10,2,12,  ,6,6,1,21,8,C03,24.13795,120.666511,2
2018,12,4,11,28,臺中市,太平區,0,0,,8,,,50,,,,,,,,,,,,,,,,,,,,B12,,,1,,2,,,18,,1,4,,B12,24.147339,120.700639,3
2018,12,4,11,30,臺中市,西屯區,0,1,0,8,1,5,50,4,1,1,5,4,5,7,2,1,10,5,5,2,16,6,3,10,3,4,B03,7,5,1,8,2,2,  ,6,6,2,20,9,B03,24.166676,120.650671,2
2018,12,4,11,32,臺中市,沙鹿區,0,0,,8,,,60,,,,,,,,,,,,,,,,,,,,B03,,,1,,2,,,7,,1,  ,,B03,24.223286,120.578252,3
2018,12,4,11,35,臺中市,西區,0,0,,8,,,50,,,,,,,,,,,,,,,,,,,,A01,,,1,,2,,,23,,1,21,,A01,24.144621,120.676817,3
2018,12,4,11,43,臺中市,烏日區,0,1,0,8,1,5,50,14,9,1,5,4,5,7,4,4,9,4,5,2,27,66,  ,  ,  ,  ,   ,  ,  ,  ,  ,  ,  ,  ,66,66,1,  ,  ,   ,24.109283,120.648278,2
2018,12,4,11,45,臺中市,潭子區,0,1,0,8,1,5,50,14,9,1,5,4,5,7,4,4,7,5,5,1,13,23,2,9,1,1,C03,7,9,1,10,2,11,  ,23,23,1,22,9,C03,24.217724,120.705566,2
2018,12,4,11,50,臺中市,后里區,0,0,0,8,,,60,,,,,,,,,,,,,,,23,  ,  ,  ,  ,A21,  ,  ,1,  ,2,  ,  ,23,23,1,  ,  ,A21,24.294656,120.723856,3
2018,12,4,11,51,臺中市,西屯區,0,0,,8,,,1,,,,,,,,,,,,,,,,,,,,B12,,,1,,2,,,12,,1,22,,B12,24.181806,120.61485,3
2018,12,4,12,0,臺中市,太平區,0,1,0,8,1,5,50,3,9,1,5,4,5,7,4,4,5,4,5,2,12,18,2,8,1,1,C03,7,9,1,10,2,14,  ,23,18,1,18,2,C03,24.142033,120.732889,2
2018,12,4,12,0,臺中市,神岡區,0,0,,8,,,50,,,,,,,,,,,,,,,,,,,,A12,,,1,,2,,,42,,1,9,,A12,24.246885,120.68532,3
2018,12,4,12,1,臺中市,梧棲區,0,0,,8,,,60,,,,,,,,,,,,,,,,,,,,B03,,,1,,2,,,17,,1,  ,,B03,24.257823,120.539517,4
2018,12,4,12,5,臺中市,南屯區,0,0,,8,,,40,,,,,,,,,,,,,,,,,,,,B03,,,1,,2,,,18,,1,5,,B03,24.159263,120.634076,4
2018,12,4,12,8,臺中市,西屯區,0,0,0,8,1,5,60,4,2,1,5,4,5,7,2,1,1,3,1,1,12,23,  ,  ,  ,  ,B12,  ,  ,1,  ,2,  ,  ,23,23,1,22,  ,B12,24.182888,120.593341,3
2018,12,4,12,13,臺中市,潭子區,0,2,0,8,1,5,50,14,9,1,5,4,5,7,4,4,5,5,5,1,16,16,2,8,1,1,C03,7,9,1,9,2,12,  ,16,16,1,22,8,C03,24.216426,120.707466,2
2018,12,4,12,14,臺中市,北區,0,2,0,8,1,5,40,4,1,1,5,4,1,7,1,1,5,4,4,2,16,1,2,8,1,1,C03,7,4,1,10,2,15,  ,1,1,1,5,8,C03,24.163035,120.682328,2
2018,12,4,12,19,臺中市,后里區,0,0,,8,1,5,50,4,7,1,5,4,5,7,1,1,5,4,4,1,13,,,,,,C03,,,1,,2,,,16,,1,  ,,C03,24.333169,120.730185,3
2018,12,4,12,23,臺中市,中區,0,1,0,8,1,5,50,4,1,1,5,4,5,7,1,1,10,5,5,2,16,42,2,9,1,1,C03,7,5,1,10,2,11,  ,42,42,1,21,8,C03,24.14758,120.679168,2
2018,12,4,12,24,臺中市,北區,0,2,0,8,1,5,50,4,1,1,5,4,5,7,1,1,10,5,5,2,16,6,3,10,3,4,B02,7,5,1,8,2,1,  ,6,6,1,5,8,B02,24.161611,120.680984,2
2018,12,4,12,38,臺中市,龍井區,0,0,,8,,,70,,,,,,,,,,,,,,,,,,,,A12,,,1,,2,,,7,,1,22,,A12,24.190205,120.579867,3
2018,12,4,12,50,臺中市,北屯區,0,2,0,8,1,5,50,4,1,1,5,4,5,7,1,1,10,5,5,2,16,23,2,9,1,1,C03,7,9,1,10,2,11,  ,23,23,1,21,8,C03,24.172601,120.720933,2
2018,12,4,12,50,臺中市,和平區,0,0,0,8,1,4,30,11,9,1,5,4,5,7,4,4,10,5,5,1,14,12,3,10,1,1,B03,7,2,1,8,2,5,  ,12,12,1,5,6,B03,24.26152,121.241027,4
2018,12,4,12,58,臺中市,北區,0,1,0,8,1,5,50,4,1,1,5,4,5,7,1,1,1,4,5,2,16,25,3,10,1,1,B03,7,9,1,8,2,2,  ,25,25,1,21,8,B03,24.165168,120.676896,2
2018,12,4,12,58,臺中市,南屯區,0,2,0,8,1,5,50,15,9,1,5,4,5,7,4,4,9,5,5,2,12,7,2,9,1,1,C03,7,8,1,10,2,12,  ,7,7,1,22,8,C03,24.155785,120.651712,2
2018,12,4,13,3,臺中市,西屯區,0,0,,8,,,40,,,,,,,,,,,,,,,,,,,,B03,,,1,,2,,,42,,1,22,,B03,24.163566,120.650066,3
2018,12,4,13,10,臺中市,南屯區,0,1,0,8,1,5,50,14,7,1,5,4,5,7,4,4,5,4,4,2,12,23,2,9,1,1,C03,7,9,1,10,2,12,  ,23,23,1,22,8,C03,24.376818,120.641975,2
2018,12,4,13,14,臺中市,西屯區,0,2,0,8,1,5,50,4,7,1,5,4,5,7,1,1,5,4,4,2,13,23,2,9,1,1,C03,7,9,1,10,2,14,  ,23,23,1,22,8,C03,24.198943,120.642896,2
2018,12,4,13,33,臺中市,北區,0,1,0,8,1,5,50,4,1,1,5,4,5,7,1,1,1,2,4,2,12,8,2,9,3,4,C03,7,5,1,10,2,14,  ,8,8,1,22,9,C03,24.163071,120.669043,2
2018,12,4,13,36,臺中市,西屯區,0,1,0,8,1,5,50,4,1,5,5,4,5,7,1,1,10,5,5,2,1,15,3,10,3,4,B12,7,5,1,8,2,8,  ,15,15,1,22,9,B12,24.170396,120.662266,2
2018,12,4,13,39,臺中市,梧棲區,0,0,,8,,,40,,,,,,,,,,,,,,,,,,,,A12,,,1,,2,,,12,,1,  ,,A12,24.239398,120.518185,3
2018,12,4,13,39,臺中市,潭子區,0,0,,8,,,50,,,,,,,,,,,,,,,,,,,,C03,,,1,,2,,,23,,1,22,,C03,24.210633,120.688049,3
2018,12,4,13,48,臺中市,西區,0,0,0,8,,,40,,,,,,,,,,,,,,,12,3,  ,  ,  ,B03,  ,  ,1,  ,1,  ,  ,12,12,  ,5,  ,B03,24.138847,120.660321,3
2018,12,4,13,51,臺中市,東區,0,0,,,,,,,,,,,,,,,,,,,,,,,,,B03,,,1,,9,,,12,,1,5,,B03,24.13458,120.700798,3
2018,12,4,13,55,臺中市,南屯區,,,,8,,,50,,,,,,,,,,,,,,,,,,,,B03,,,1,,2,,,23,,1,22,,B03,24.146544,120.61619,3
2018,12,4,14,0,臺中市,西區,0,0,0,8,,,0,,,,,,,,,,,,,,,,3,  ,  ,  ,B03,  ,  ,1,  ,2,  ,  ,12,  ,  ,21,  ,B03,24.132136,120.66508,3
2018,12,4,14,5,臺中市,潭子區,0,0,,8,1,5,60,4,2,1,5,4,5,7,1,1,3,4,4,1,13,,,,,,B03,,,1,,2,,,23,,1,22,,B03,24.201158,120.703591,3
2018,12,4,14,11,臺中市,北區,0,0,0,8,,,50,,,,,,,,,,,,,,,23,3,  ,  ,  ,A11,  ,  ,1,  ,11,  ,  ,23,23,1,5,  ,A11,24.153232,120.679195,3
2018,12,4,14,30,臺中市,南屯區,,,,8,,,60,,,,,,,,,,,,,,,,,,,,A12,,,1,,2,,,23,,1,10,,A12,24.13631,120.598055,3
2018,12,4,14,31,臺中市,大里區,0,0,,8,,,50,,,,,,,,,,,,,,,,,,,,B12,,,1,,2,,,12,,1,  ,,B12,24.094501,120.690188,3
2018,12,4,14,44,臺中市,西屯區,0,1,0,8,1,5,50,14,7,1,5,4,5,7,4,4,5,4,5,2,16,43,2,9,1,1,C03,7,5,1,10,2,12,  ,43,43,1,22,8,C03,24.185269,120.625774,2
2018,12,4,14,47,臺中市,西屯區,0,1,0,8,1,5,50,4,2,1,5,4,5,7,2,1,8,3,4,1,17,10,2,8,1,1,C03,7,11,1,10,2,14,  ,10,10,1,22,8,C03,24.171586,120.64469,2
2018,12,4,14,50,臺中市,南屯區,0,1,0,8,1,5,50,4,1,1,5,4,5,7,2,1,10,5,5,2,27,66,  ,  ,  ,  ,   ,  ,  ,  ,  ,  ,  ,  ,66,66,1,  ,  ,   ,24.134849,120.641369,2
2018,12,4,14,55,臺中市,北屯區,0,0,,8,,,50,,,,,,,,,,,,,,,,,,,,B12,,,1,,2,,,23,,1,5,,B12,24.165019,120.706007,3
2018,12,4,14,59,臺中市,南屯區,0,0,,8,,,50,,,,,,,,,,,,,,,,,,,,B12,,,1,,2,,,23,,1,5,,B12,24.135663,120.643895,4
2018,12,4,15,7,臺中市,北區,0,1,0,8,1,5,50,14,9,1,5,4,5,7,4,4,5,5,5,2,12,23,2,9,1,1,C03,7,9,3,18,2,14,14,23,23,1,22,9,C03,24.163321,120.676789,2
2018,12,4,15,9,臺中市,南區,0,1,0,8,1,5,50,4,1,1,5,4,5,7,1,1,10,5,5,2,16,8,2,9,1,1,C03,7,5,1,10,2,14,  ,8,8,1,22,8,C03,24.123766,120.683881,2
2018,12,4,15,16,臺中市,北屯區,0,2,0,8,1,5,50,4,1,1,5,4,5,7,4,4,10,5,5,2,15,6,2,9,1,1,C03,7,9,1,10,2,11,12,6,6,1,18,8,C03,24.165488,120.725178,2
2018,12,4,15,35,臺中市,霧峰區,0,0,,8,,,40,,,,,,,,,,,,,,,,,,,,B03,,,1,,2,,,23,,1,18,,B03,24.064175,120.675683,3
2018,12,4,15,45,臺中市,西屯區,0,1,0,8,1,5,40,14,8,1,5,4,5,7,4,4,8,3,4,2,12,19,3,10,1,1,B03,7,1,1,14,2,5,  ,19,19,1,22,9,B03,24.165966,120.663553,2
2018,12,4,16,3,臺中市,東勢區,0,2,0,8,1,5,40,3,1,1,5,4,5,7,4,4,10,5,5,2,17,9,2,9,1,1,C03,7,6,1,10,2,11,  ,9,9,1,21,8,C03,24.263032,120.829716,2
2018,12,4,16,5,臺中市,北屯區,0,2,0,8,1,5,40,4,1,1,5,4,5,7,4,4,10,5,5,2,15,6,3,10,1,1,B12,7,9,1,5,2,5,  ,6,6,1,5,8,B12,24.185862,120.701213,2
2018,12,4,16,7,臺中市,太平區,0,1,0,8,1,5,50,3,1,1,5,4,5,7,4,4,10,5,5,2,16,42,2,9,1,1,C03,7,9,3,18,2,14,  ,23,42,1,9,7,C03,24.149228,120.715765,2
2018,12,4,16,10,臺中市,后里區,0,0,,8,,,60,,,,,,,,,,,,,,,,,,,,B03,,,1,,2,,,43,,1,  ,,B03,24.321106,120.724941,3
2018,12,4,16,15,臺中市,龍井區,0,1,0,8,1,5,50,5,1,1,5,4,5,7,4,4,10,5,5,2,12,16,2,8,1,1,C03,7,9,1,10,2,12,  ,16,16,1,18,8,C03,24.180896,120.589696,2
2018,12,4,16,19,臺中市,南區,0,1,0,8,2,5,50,4,1,1,5,4,5,7,1,1,10,5,5,2,16,26,3,10,1,1,B03,7,6,1,8,2,5,  ,26,26,1,21,8,B03,24.128994,120.668655,2
2018,12,4,16,20,臺中市,東區,0,1,0,8,1,8,50,4,1,5,5,4,5,7,1,1,10,5,5,2,16,6,3,10,1,1,A12,7,5,1,8,2,6,  ,6,6,1,22,8,A12,24.14798,120.69728,2
2018,12,4,16,22,臺中市,西屯區,0,0,,8,,,40,,,,,,,,,,,,,,,,,,,,B12,,,1,,2,,,23,,1,22,,B12,24.169868,120.644098,3
2018,12,4,16,23,臺中市,太平區,0,0,,8,,,40,,,,,,,,,,,,,,,,,,,,B03,,,1,,2,,,8,,1,2,,B03,24.156315,120.719902,3
2018,12,4,16,30,臺中市,大甲區,0,1,0,8,1,5,40,4,2,1,5,4,5,7,3,1,10,5,5,2,17,17,3,10,1,1,B12,7,9,1,8,2,15,  ,17,17,1,9,8,B12,24.346937,120.630405,2
2018,12,4,16,31,臺中市,西屯區,0,0,,8,,,40,,,,,,,,,,,,,,,,,,,,B03,,,1,,2,,,23,,1,21,,B03,24.163203,120.648229,3
2018,12,4,16,33,臺中市,大里區,0,0,,8,,,60,,,,,,,,,,,,,,,,,,,,B03,,,1,,2,,,16,,1,2,,B03,24.104563,120.680132,3
2018,12,4,16,35,臺中市,后里區,0,0,,8,,,50,,,,,,,,,,,,,,,,,,,,B12,,,1,,2,,,12,,1,22,,B12,24.322128,120.70196,3