年,月,日,時,分,縣市,區,死,受傷,2-30,天候,光線,道路類別,速限,道路型態,事故位置,路面鋪裝,路面狀態,路面缺陷,障礙物,視距,號誌種類,號誌動作,分向設施,快車道或一般車道間,快慢車道間,路面邊線,事故類型及型態,主要肇因,受傷程度,主要傷處,保護裝備,行動電話,當事者區分_類別,車輛用途,當事者行動狀態,駕駛資格情形,駕駛執照種類,飲酒情形,車輛撞擊部位最初,車輛撞擊部位其他,肇事因素個別,肇事因素主要,肇事逃逸,職業,旅次目的,車種,GPS座標X,GPS座標Y,事故類別
2018,12,4,16,37,臺中市,北屯區,0,0,0,8,1,5,50,14,9,1,5,4,5,7,1,1,1,3,5,2,13,23,3,10,1,1,B03,7,9,1,8,2,1,  ,23,23,1,21,8,B03,24.172558,120.685516,3
2018,12,4,16,45,臺中市,北屯區,0,0,0,8,,,50,,,,,,,,,,,,,,,23,  ,  ,  ,  ,B03,  ,  ,1,  ,2,  ,  ,23,23,1,21,  ,B03,24.172131,120.696008,3
2018,12,4,16,50,臺中市,清水區,0,0,0,,,,40,,,,,,,,,,,,,,,19,  ,  ,  ,  ,B03,  ,  ,1,  ,2,  ,  ,19,19,1,5,  ,B03,24.27017,120.573657,3
2018,12,4,16,52,臺中市,潭子區,0,0,,8,,,50,,,,,,,,,,,,,,,,,,,,B03,,,1,,2,,,26,,1,22,,B03,24.216273,120.691343,3
2018,12,4,16,54,臺中市,龍井區,0,2,0,8,2,5,40,4,1,1,5,4,5,7,4,4,10,5,5,2,9,60,2,9,1,1,C03,7,9,1,10,2,11,  ,23,60,1,18,2,C03,24.201278,120.505175,2
2018,12,4,16,55,臺中市,北屯區,0,2,0,8,1,5,50,5,1,1,5,4,5,7,4,4,10,5,5,2,10,21,2,9,1,4,C03,7,9,1,10,6,11,  ,21,21,1,22,8,C03,24.17426,120.695823,2
2018,12,4,16,58,臺中市,西屯區,0,0,0,8,,,50,,,,,,,,,,,,,,,42,  ,  ,  ,  ,B01,  ,  ,1,  ,2,  ,  ,42,42,1,  ,  ,B01,24.167685,120.64109,3
2018,12,4,17,9,臺中市,西屯區,0,0,,8,,,40,,,,,,,,,,,,,,,,,,,,B12,,,1,,2,,,23,,1,22,,B12,24.161703,120.654685,3
2018,12,4,17,10,臺中市,外埔區,0,0,0,8,3,5,50,14,8,1,5,4,5,7,4,1,5,4,4,1,16,11,4,11,1,4,C03,7,11,7,19,9,12,  ,11,11,1,22,8,C03,24.31386,120.692388,4
2018,12,4,17,13,臺中市,后里區,0,1,0,8,4,5,60,14,12,1,5,4,5,7,4,4,1,5,4,1,13,16,2,8,1,4,C03,7,9,1,10,2,11,  ,16,16,1,22,8,C03,24.286808,120.722861,2
2018,12,4,17,15,臺中市,北屯區,0,2,0,8,2,5,50,3,1,1,5,4,5,7,4,4,10,5,5,2,16,6,3,10,1,1,B03,7,5,1,8,2,8,  ,6,6,1,5,8,B03,24.165373,120.725613,2
2018,12,4,17,16,臺中市,南區,0,0,,8,,,50,,,,,,,,,,,,,,,,,,,,C03,,,1,,2,,,23,,1,  ,,C03,24.132014,120.677013,3
2018,12,4,17,17,臺中市,北屯區,0,1,0,8,3,5,40,4,1,1,5,4,5,7,2,1,10,5,5,2,16,6,3,10,1,1,B03,7,6,1,8,2,2,  ,6,6,1,5,8,B03,24.164951,120.694324,2
2018,12,4,17,19,臺中市,北區,0,1,0,8,1,5,50,5,1,1,5,4,5,7,1,1,10,5,5,2,16,26,3,10,1,1,B03,7,6,1,8,2,2,  ,26,26,1,22,9,B03,24.15477,120.68615,2
2018,12,4,17,21,臺中市,北屯區,0,1,0,8,1,5,50,4,1,1,5,4,5,7,1,1,10,5,5,2,16,6,3,10,1,1,B12,7,5,6,18,2,8,  ,6,6,2,10,8,B12,24.200848,120.676651,2
2018,12,4,17,21,臺中市,北屯區,0,0,0,8,2,5,50,14,9,1,5,4,5,7,4,4,1,3,5,2,16,7,3,10,1,1,B03,7,8,1,8,2,1,  ,7,7,1,21,8,B03,24.173348,120.669581,3
2018,12,4,17,26,臺中市,龍井區,0,1,0,8,2,5,50,3,2,1,5,4,5,7,4,4,10,5,5,1,12,17,2,9,1,1,C03,7,7,1,10,2,12,  ,17,17,1,18,2,C03,24.189916,120.587133,2
2018,12,4,17,27,臺中市,大雅區,0,1,0,8,3,5,50,4,1,1,5,4,5,7,1,1,5,5,5,1,16,23,3,10,1,1,B12,7,6,1,8,2,6,  ,44,23,1,22,9,B12,24.246136,120.655167,2
2018,12,4,17,33,臺中市,南屯區,0,0,,8,,,40,,,,,,,,,,,,,,,6,,,,,C03,,,1,,2,,,23,6,1,18,,C03,24.136771,120.608351,3
2018,12,4,17,35,臺中市,北屯區,0,0,,8,,,80,,,,,,,,,,,,,,,,,,,,B03,,,3,,2,,,16,,1,5,,B03,24.188028,120.722378,3
2018,12,4,17,41,臺中市,西區,0,0,,8,,,50,,,,,,,,,,,,,,,,,,,,B03,,,1,,2,,,23,,1,21,,B03,24.134503,120.673461,3
2018,12,4,17,43,臺中市,南屯區,0,0,,8,,,50,,,,,,,,,,,,,,,,,,,,B03,,,1,,2,,,23,,1,5,,B03,24.149745,120.622866,4
2018,12,4,17,43,臺中市,西屯區,0,0,,8,,,50,,,,,,,,,,,,,,,,,,,,B03,,,1,,2,,,7,,1,21,,B03,24.185239,120.639948,3
2018,12,4,17,44,臺中市,大甲區,0,0,0,8,1,3,50,14,9,1,5,4,5,7,4,4,5,3,5,1,12,19,3,10,1,1,B03,7,1,1,8,2,5,  ,19,19,1,4,8,B03,24.346721,120.62342,3
2018,12,4,17,48,臺中市,烏日區,0,1,0,7,3,5,50,14,9,1,5,4,1,6,4,4,5,4,5,1,29,65,  ,  ,  ,  ,   ,  ,  ,  ,  ,  ,  ,  ,65,65,1,  ,  ,   ,24.062705,120.642936,2
2018,12,4,17,50,臺中市,北屯區,0,2,0,8,3,5,50,4,1,1,5,4,5,7,2,1,10,5,5,2,16,9,3,10,3,4,B03,7,6,1,8,2,5,  ,9,9,1,19,8,B03,24.164238,120.715406,2
2018,12,4,17,50,臺中市,大里區,0,4,0,8,3,5,50,3,1,1,5,4,5,7,4,4,10,5,5,2,16,10,2,8,1,1,B03,7,11,1,8,2,8,  ,10,10,1,5,5,B03,24.084806,120.697641,2
2018,12,4,17,52,臺中市,大雅區,0,1,0,8,3,5,60,4,1,1,5,4,5,7,1,1,10,5,5,2,16,6,3,10,1,1,B03,7,5,1,8,2,2,  ,6,6,1,22,9,B03,24.229935,120.646092,2
2018,12,4,17,55,臺中市,南區,0,1,0,8,3,5,50,4,1,1,5,4,5,7,4,4,10,5,5,2,16,6,2,9,1,1,C03,7,5,1,10,2,12,  ,6,6,1,22,8,C03,24.118748,120.664383,2
2018,12,4,17,55,臺中市,太平區,0,1,0,8,3,5,50,3,1,1,5,4,5,7,2,1,10,5,5,2,17,26,2,9,1,1,C03,7,10,1,10,2,13,  ,26,26,1,4,8,C03,24.127388,120.715878,2
2018,12,4,17,56,臺中市,中區,0,0,0,8,,,50,,,,,,,,,,,,,,,16,3,  ,  ,  ,C03,  ,  ,1,  ,2,  ,  ,16,16,  ,5,  ,C03,24.144689,120.681776,3
2018,12,4,18,0,臺中市,大里區,0,0,,8,,,40,,,,,,,,,,,,,,,,,,,,B12,,,1,,1,,,12,,1,21,,B12,24.100438,120.701659,3
2018,12,4,18,3,臺中市,南區,0,0,0,8,3,5,50,14,7,1,5,4,5,7,4,4,1,4,4,2,13,23,3,10,1,1,B03,7,9,1,7,2,1,  ,23,23,1,21,8,B03,24.116252,120.670052,3
2018,12,4,18,7,臺中市,北屯區,0,1,0,8,3,5,50,5,1,1,5,4,5,7,1,1,1,3,5,2,12,13,2,9,1,1,C03,7,9,1,10,2,14,  ,13,13,1,21,8,C03,24.184443,120.702486,2
2018,12,4,18,10,臺中市,大雅區,0,0,,8,,,40,,,,,,,,,,,,,,,,,,,,B12,,,1,,2,,,12,,1,  ,,B12,24.208904,120.641609,3
2018,12,4,18,15,臺中市,北屯區,0,0,0,8,,,50,,,,,,,,,,,,,,,16,  ,  ,  ,  ,C03,  ,  ,1,  ,2,  ,  ,16,16,1,5,  ,C03,24.168916,120.68518,3
2018,12,4,18,15,臺中市,西屯區,0,0,,8,,,50,,,,,,,,,,,,,,,,,,,,B12,,,1,,2,,,16,,1,5,,B12,24.18159,120.635165,3
2018,12,4,18,20,臺中市,西屯區,0,1,0,8,3,5,5,4,1,1,5,4,5,7,2,1,9,4,5,2,16,26,3,10,1,1,B03,7,6,1,8,2,5,  ,26,26,1,21,8,B03,24.170621,120.6322,2
2018,12,4,18,20,臺中市,沙鹿區,0,2,0,8,3,5,40,14,8,1,5,4,5,7,4,4,1,4,4,1,13,23,2,5,1,1,C03,7,9,1,10,1,11,  ,23,23,1,6,8,C03,24.248837,120.602763,2
2018,12,4,18,23,臺中市,西區,0,2,0,8,3,5,50,4,1,1,5,4,5,7,1,1,10,5,5,2,13,16,2,9,1,1,C03,7,9,1,10,2,11,  ,16,16,1,5,5,C03,24.156977,120.659594,2
2018,12,4,18,23,臺中市,西屯區,0,0,,8,,,50,,,,,,,,,,,,,,,,,,,,B03,,,1,,2,,,6,,1,22,,B03,24.159281,120.627756,3
2018,12,4,18,25,臺中市,大里區,0,1,0,8,3,5,50,14,9,1,5,4,5,7,4,4,9,5,5,1,17,19,3,10,1,1,B03,7,1,1,8,2,1,  ,19,19,1,21,8,B03,24.087685,120.69512,2
2018,12,4,18,26,臺中市,西區,0,1,0,8,3,5,50,4,1,1,5,4,5,7,4,4,10,5,5,2,16,8,2,9,1,1,C03,7,9,1,10,2,12,  ,23,8,1,21,8,C03,24.146702,120.659458,2
2018,12,4,18,30,臺中市,大里區,0,2,0,8,3,5,50,4,1,1,5,4,5,7,1,1,10,5,5,2,13,23,2,9,1,1,C03,7,9,1,10,2,11,  ,23,23,1,11,1,C03,24.096545,120.714575,2
2018,12,4,18,33,臺中市,北區,0,1,0,8,3,5,50,14,9,1,5,4,5,7,4,4,1,5,5,2,13,23,2,8,1,1,C03,7,9,1,10,2,11,  ,23,23,1,22,8,C03,24.165451,120.683009,2
2018,12,4,18,34,臺中市,大里區,0,0,,8,3,5,20,14,2,1,5,4,5,7,1,1,8,3,5,1,2,,,,,,C03,,,1,,2,,,6,,1,21,,C03,24.110408,120.674775,3
2018,12,4,18,35,臺中市,北屯區,0,0,0,8,,,80,,,,,,,,,,,,,,,16,  ,  ,  ,  ,B03,  ,  ,1,  ,2,  ,  ,16,16,1,  ,  ,B03,24.17858,120.721238,3
2018,12,4,18,36,臺中市,西屯區,0,0,,8,,,40,,,,,,,,,,,,,,,,,,,,B03,,,1,,2,,,42,,1,21,,B03,24.159365,120.6523,3
2018,12,4,18,39,臺中市,東勢區,0,1,0,8,3,5,50,3,1,1,5,4,5,7,4,4,8,4,5,1,17,42,2,8,1,1,B12,7,3,1,8,2,1,  ,42,42,1,22,9,B12,24.260146,120.825793,2
2018,12,4,18,48,臺中市,西屯區,0,0,0,8,,,50,,,,,,,,,,,,,,,7,  ,  ,  ,  ,B03,  ,  ,1,  ,2,  ,  ,7,7,1,  ,  ,B03,24.164865,120.65101,3
2018,12,4,19,1,臺中市,南區,0,1,0,8,3,5,50,4,1,1,5,4,5,7,1,1,10,5,5,2,13,23,2,9,1,1,C03,7,9,1,10,2,11,  ,23,23,1,21,8,C03,24.118858,120.669893,2
2018,12,4,19,2,臺中市,大雅區,0,2,0,8,3,5,50,4,1,1,5,4,5,7,1,1,10,5,5,2,16,1,2,9,1,1,C03,7,4,1,10,2,12,  ,1,1,1,22,9,C03,24.229935,120.646092,2
2018,12,4,19,5,臺中市,東區,0,0,0,8,,,50,,,,,,,,,,,,,,,7,  ,  ,  ,  ,B03,  ,  ,1,  ,2,  ,  ,7,7,1,22,  ,B03,24.137028,120.689072,3
2018,12,4,19,8,臺中市,南區,0,0,0,8,,,50,,,,,,,,,,,,,,,23,  ,  ,  ,  ,C03,  ,  ,1,  ,2,  ,  ,23,23,1,22,  ,C03,24.120712,120.649827,3
2018,12,4,19,10,臺中市,沙鹿區,0,3,0,8,3,5,70,3,1,1,5,4,5,7,1,1,10,5,5,2,17,25,2,9,1,1,C03,7,9,1,10,2,11,  ,25,25,1,3,8,C03,24.242367,120.621056,2
2018,12,4,19,18,臺中市,南區,0,0,0,8,3,5,50,4,1,1,5,4,5,7,4,4,10,5,5,2,15,6,3,10,1,1,C03,7,9,1,10,2,12,  ,6,6,1,21,8,C03,24.127591,120.673225,3
2018,12,4,19,27,臺中市,大雅區,0,1,0,8,3,5,40,14,8,1,5,4,5,7,4,4,1,5,5,2,12,23,2,9,1,1,C03,7,9,4,8,2,11,  ,23,23,1,22,1,C03,24.206812,120.626543,2
2018,12,4,19,30,臺中市,大雅區,0,0,,8,,,40,,,,,,,,,,,,,,,,,,,,A05,,,1,,2,,,5,,1,  ,,A05,24.226981,120.650019,3
2018,12,4,19,35,臺中市,霧峰區,0,0,,8,,,50,,,,,,,,,,,,,,,,,,,,B03,,,1,,2,,,12,,1,21,,B03,24.045211,120.69276,3
2018,12,4,19,49,臺中市,烏日區,0,1,0,7,3,5,60,4,1,1,5,4,5,7,1,1,5,4,5,1,15,43,3,10,1,1,B03,7,9,1,8,2,15,  ,43,43,1,21,8,B03,24.058065,120.645488,2
2018,12,4,20,4,臺中市,烏日區,0,0,,8,,,50,,,,,,,,,,,,,,,,,,,,B03,,,1,,2,,,9,,1,19,,B03,24.110515,120.625866,3
2018,12,4,20,6,臺中市,梧棲區,0,0,,8,,,50,,,,,,,,,,,,,,,,,,,,A41,,,1,,2,,,9,,1,10,,A41,24.253643,120.524456,3
2018,12,4,20,10,臺中市,太平區,0,1,0,8,3,5,40,14,9,1,5,4,5,7,4,4,5,5,5,2,11,43,3,10,1,1,A12,7,9,1,7,2,7,  ,43,43,1,21,8,A12,24.1402,120.730767,2
2018,12,4,20,10,臺中市,清水區,0,1,0,8,3,5,50,4,1,1,5,4,5,7,1,1,10,5,5,2,16,10,3,10,1,1,B03,7,11,1,8,2,6,  ,10,10,1,5,5,B03,24.272298,120.57674,2
2018,12,4,20,12,臺中市,龍井區,0,1,0,8,3,5,40,3,1,2,5,4,5,7,4,4,10,5,5,2,16,19,3,10,1,1,B03,7,1,1,8,2,5,  ,19,19,1,9,1,B03,24.182943,120.588741,2
2018,12,4,20,30,臺中市,龍井區,0,2,0,7,3,5,40,3,1,1,5,4,5,7,1,1,10,5,5,2,16,25,2,8,1,1,C03,7,5,3,18,2,13,  ,25,25,1,21,8,C03,24.18841,120.578964,2
2018,12,4,20,35,臺中市,南區,0,0,,8,,,50,,,,,,,,,,,,,,,,,,,,B03,,,1,,2,,,12,,1,22,,B03,24.130507,120.660938,3
2018,12,4,20,40,臺中市,霧峰區,0,0,,8,,,50,,,,,,,,,,,,,,,,,,,,C03,,,1,,2,,,12,,  ,4,,C03,24.063421,120.697424,3
2018,12,4,20,40,臺中市,大甲區,0,1,0,8,3,5,50,4,1,1,5,4,5,7,1,1,10,5,5,2,17,6,3,10,1,1,B03,7,5,1,8,2,1,  ,6,6,1,22,9,B03,24.35117,120.614791,2
2018,12,4,21,10,臺中市,潭子區,0,0,,8,,,60,,,,,,,,,,,,,,,,,,,,A05,,,1,,2,,,16,,1,22,,A05,24.209316,120.70523,3
2018,12,4,21,11,臺中市,北區,0,0,0,8,,,50,,,,,,,,,,,,,,,,3,  ,  ,  ,B03,  ,  ,1,  ,2,  ,  ,12,  ,1,22,  ,B03,24.165158,120.667553,3
2018,12,4,21,12,臺中市,南屯區,0,2,0,8,3,5,50,14,9,1,5,4,5,7,4,4,9,5,5,2,16,10,2,9,1,1,C03,7,11,3,18,2,11,12,10,10,1,5,8,C03,24.141351,120.634193,2
2018,12,4,21,13,臺中市,清水區,0,0,,8,,,40,,,,,,,,,,,,,,,,,,,,B03,,,1,,2,,,5,,1,5,,B03,24.309625,120.594817,3
2018,12,4,21,15,臺中市,外埔區,0,2,0,8,4,5,50,14,9,1,5,4,5,7,4,4,1,4,5,1,13,23,2,9,1,4,C03,7,9,1,10,2,11,  ,23,23,1,22,8,C03,24.319393,120.668476,2
2018,12,4,21,16,臺中市,北屯區,0,0,0,8,3,5,50,14,9,1,5,4,5,7,4,4,9,4,5,2,13,23,3,10,1,1,C03,7,9,1,10,2,11,  ,23,23,1,21,8,C03,24.185564,120.666751,3
2018,12,4,21,21,臺中市,神岡區,0,0,0,8,3,5,50,14,22,1,5,4,5,7,4,4,9,5,5,1,25,21,3,10,1,1,B12,7,9,6,8,8,1,  ,21,21,1,21,8,B12,24.261905,120.674262,3
2018,12,4,21,30,臺中市,大里區,0,2,0,8,3,5,50,14,9,1,5,4,5,7,4,4,3,4,5,1,16,42,2,8,1,1,C03,7,15,1,10,2,14,  ,42,42,1,5,5,C03,24.104315,120.681303,2
2018,12,4,21,34,臺中市,西區,0,1,0,8,3,5,50,4,18,1,5,4,5,7,1,1,10,5,5,2,3,15,3,10,1,1,B03,7,5,1,8,3,8,  ,15,15,1,21,8,B03,24.140144,120.658839,2
2018,12,4,21,40,臺中市,東區,0,2,0,8,3,5,50,4,1,1,5,4,5,7,1,1,10,5,5,2,16,6,3,10,1,1,B03,7,5,1,8,2,1,  ,6,6,1,21,8,B03,24.127561,120.702074,2
2018,12,4,21,48,臺中市,潭子區,0,1,0,8,3,5,60,14,8,1,5,4,5,7,4,4,3,4,4,1,16,6,3,10,1,1,B03,7,8,1,8,2,2,  ,6,6,1,22,8,B03,24.223448,120.690016,2
2018,12,4,21,54,臺中市,太平區,0,1,0,8,3,5,50,14,7,1,5,4,5,7,4,4,4,4,4,1,16,26,3,10,1,1,B03,7,11,1,8,2,7,  ,26,26,1,21,8,B03,24.14545,120.714184,2
2018,12,4,22,0,臺中市,霧峰區,0,0,,8,,,50,,,,,,,,,,,,,,,,,,,,B03,,,1,,2,,,4,,1,  ,,B03,24.054058,120.696465,3
2018,12,4,22,6,臺中市,東區,0,2,0,7,3,5,50,3,2,1,5,4,5,7,1,1,5,2,5,2,13,13,2,9,1,1,C03,7,9,1,10,2,11,  ,13,13,1,22,8,C03,24.135826,120.686775,2
2018,12,4,22,25,臺中市,中區,0,2,0,8,3,5,50,4,1,1,5,4,5,7,1,1,10,5,5,2,16,23,2,8,1,1,C03,7,9,1,10,2,15,  ,23,23,1,21,8,C03,24.144662,120.675825,2
2018,12,4,22,28,臺中市,南區,0,1,0,7,3,5,50,4,1,1,5,4,5,7,1,1,10,5,5,2,16,23,2,8,1,1,C03,7,9,1,10,2,11,  ,23,23,1,21,8,C03,24.114169,120.666755,2
2018,12,4,22,36,臺中市,北區,0,0,,8,3,5,50,15,9,1,5,4,5,7,1,1,8,3,4,,13,,,,,,B03,,,1,,2,,,23,,1,5,,B03,24.163899,120.685091,3
2018,12,4,22,49,臺中市,西區,0,1,0,8,3,5,50,4,1,1,5,4,5,7,2,1,10,5,5,2,16,25,3,10,1,1,B03,7,5,1,8,2,7,  ,25,25,1,19,9,B03,24.146713,120.659504,2
2018,12,4,23,20,臺中市,南區,0,1,0,8,3,5,50,3,1,1,5,4,5,7,1,1,10,5,5,2,18,23,2,9,1,1,C03,7,5,4,8,2,15,  ,23,23,1,22,9,C03,24.125305,120.657186,2
2018,12,4,23,27,臺中市,北區,0,1,0,8,3,5,50,5,1,1,5,4,5,7,1,1,10,5,5,2,2,15,3,10,1,4,B03,7,5,1,8,2,2,  ,15,15,1,21,8,B03,24.154653,120.686234,2
2018,12,5,0,12,臺中市,沙鹿區,0,2,0,8,3,5,40,3,8,1,5,4,5,7,3,1,1,4,2,1,17,6,3,10,1,1,C03,7,6,1,10,2,15,  ,6,6,1,18,8,C03,24.219142,120.580304,2
2018,12,5,1,19,臺中市,北屯區,0,0,0,8,,,40,,,,,,,,,,,,,,,23,  ,  ,  ,  ,B03,  ,  ,1,  ,2,  ,  ,23,23,1,5,  ,B03,24.175991,120.670745,3
2018,12,5,5,28,臺中市,沙鹿區,0,1,0,8,3,5,50,4,2,1,5,4,5,7,1,1,10,5,5,2,20,23,2,9,1,1,B03,7,21,7,19,4,1,  ,23,23,1,21,8,B03,24.240449,120.562396,2
2018,12,5,6,24,臺中市,北屯區,0,0,,8,,,50,,,,,,,,,,,,,,,,,,,,B03,,,1,,2,,,19,,1,4,,B03,24.175445,120.711018,3
2018,12,5,7,0,臺中市,清水區,0,1,0,8,2,5,50,4,1,1,5,4,5,7,4,4,10,5,5,2,15,6,2,9,4,5,F03,7,9,8,20,11,16,  ,6,6,1,19,8,F03,24.270973,120.578559,2
2018,12,5,7,2,臺中市,太平區,0,0,,8,,,40,,,,,,,,,,,,,,,,,,,,B03,,,1,,11,,,23,,1,  ,,B03,24.150194,120.731168,3
2018,12,5,7,7,臺中市,南屯區,0,0,,8,,,50,,,,,,,,,,,,,,,,,,,,B03,,,1,,2,,,23,,1,22,,B03,24.139261,120.614478,3
2018,12,5,7,14,臺中市,西屯區,0,2,0,8,1,5,40,4,1,1,5,4,5,7,4,4,10,5,5,2,15,6,2,9,3,4,C03,7,9,1,10,2,11,  ,6,6,1,22,8,C03,24.165615,120.663981,2
2018,12,5,7,16,臺中市,北區,0,0,,8,1,5,40,,,,,,,,,,,,,,,,,,,,A02,,,1,,2,,,17,,1,5,,A02,24.156989,120.688666,3
2018,12,5,7,16,臺中市,南區,0,1,0,8,1,5,50,4,1,1,5,4,5,7,1,1,10,5,5,2,29,23,2,9,1,1,C03,7,9,1,8,2,15,  ,23,23,1,21,8,C03,24.123666,120.679343,2
2018,12,5,7,20,臺中市,沙鹿區,0,1,0,8,1,5,50,14,9,1,5,4,5,7,4,4,9,5,5,1,16,23,3,10,1,1,B03,7,9,1,3,2,5,  ,23,23,1,21,8,B03,24.196041,120.569618,2
2018,12,5,7,21,臺中市,南區,0,3,0,8,1,5,50,14,9,1,5,4,5,7,4,4,9,5,5,2,3,53,2,9,4,1,H01,8,16,8,20,2,16,  ,53,53,1,16,8,H01,24.113445,120.666451,2
2018,12,5,7,25,臺中市,西屯區,0,1,0,8,1,5,50,3,1,1,5,4,5,7,4,4,10,5,5,2,16,9,3,10,1,1,B03,7,6,1,8,2,2,  ,9,9,1,22,8,B03,24.182652,120.625116,2
2018,12,5,7,31,臺中市,西屯區,0,1,0,8,1,5,50,14,7,1,5,4,5,7,4,4,1,4,1,2,13,23,3,10,3,4,B03,7,9,1,8,2,1,  ,23,23,1,22,9,B03,24.179926,120.621656,2
2018,12,5,7,37,臺中市,東區,0,1,0,8,1,5,50,14,9,1,5,4,5,7,4,4,5,4,5,2,29,67,  ,  ,  ,  ,   ,  ,  ,  ,  ,  ,  ,  ,67,67,1,  ,  ,   ,24.124,120.67149,2
2018,12,5,7,45,臺中市,大里區,0,2,0,8,1,5,50,14,9,1,5,4,5,7,4,4,9,5,5,2,16,6,2,9,3,4,C03,7,5,1,10,2,12,  ,6,6,1,12,1,C03,24.094855,120.680266,2
2018,12,5,7,46,臺中市,梧棲區,0,1,0,8,1,5,50,14,9,1,5,4,5,7,4,4,5,4,5,1,16,10,3,10,1,1,B03,7,11,1,8,2,4,  ,10,10,1,5,8,B03,24.243199,120.527479,2
2018,12,5,7,47,臺中市,南區,0,0,0,8,,,50,,,,,,,,,,,,,,,,3,  ,  ,  ,B03,  ,  ,1,  ,2,  ,  ,23,  ,1,21,  ,B03,24.124594,120.679423,3
2018,12,5,7,47,臺中市,西屯區,0,1,0,8,1,5,40,14,9,1,5,4,5,7,4,4,10,5,5,2,16,19,3,10,3,4,C03,7,1,1,10,2,12,  ,19,19,1,21,8,C03,24.183126,120.646267,2
2018,12,5,7,57,臺中市,大雅區,0,1,0,8,1,5,50,14,9,1,5,4,5,7,4,4,5,5,5,1,17,26,3,10,1,1,C03,7,11,1,10,2,14,  ,26,26,1,22,8,C03,24.208539,120.629652,2
2018,12,5,7,59,臺中市,大里區,0,0,,8,,,50,,,,,,,,,,,,,,,,,,,,A11,,,1,,11,,,19,,2,10,,A11,24.098226,120.697258,3
2018,12,5,8,0,臺中市,新社區,0,1,0,8,1,5,50,3,1,1,5,4,5,7,4,4,5,5,5,1,16,23,2,9,1,1,C03,7,9,1,10,2,11,  ,23,23,1,9,8,C03,24.246525,120.805754,2
2018,12,5,8,5,臺中市,北屯區,0,0,,8,,,40,,,,,,,,,,,,,,,,,,,,B03,,,1,,2,,,23,,1,  ,,B03,24.163005,120.719474,3
2018,12,5,8,5,臺中市,烏日區,0,1,0,8,1,7,40,4,1,1,5,4,3,7,4,4,1,5,5,2,15,6,2,9,1,1,C03,7,9,1,10,2,12,  ,6,6,1,22,8,C03,24.070817,120.638917,2
2018,12,5,8,9,臺中市,北屯區,0,0,,8,,,50,,,,,,,,,,,,,,,,,,,,B03,,,1,,2,,,23,,1,5,,B03,24.173277,120.69824,3
2018,12,5,8,11,臺中市,西區,0,2,0,8,1,5,50,4,1,1,5,4,5,7,4,4,10,5,5,2,15,6,3,10,1,1,C03,7,9,1,10,2,11,  ,6,6,1,21,8,C03,24.145441,120.664301,2
2018,12,5,8,18,臺中市,沙鹿區,0,1,0,8,1,5,40,14,9,1,5,4,5,7,4,4,10,5,5,2,17,42,2,9,1,1,C03,7,9,1,10,2,11,  ,42,42,1,21,8,C03,24.21788,120.560139,2
2018,12,5,8,25,臺中市,北屯區,0,0,,8,,,50,,,,,,,,,,,,,,,,,,,,B03,,,1,,2,,,19,,1,22,,B03,24.174073,120.673781,3
2018,12,5,8,30,臺中市,南屯區,0,1,0,8,1,5,40,14,8,1,5,4,5,7,4,4,1,4,1,2,13,23,3,10,1,1,B12,7,8,1,8,2,5,  ,23,23,1,10,9,B12,24.144574,120.617445,2
2018,12,5,8,32,臺中市,霧峰區,0,1,0,8,1,5,50,3,2,1,5,4,5,7,4,4,9,4,5,2,12,6,3,10,3,4,B03,7,6,1,8,2,2,  ,6,6,1,9,8,B03,24.068781,120.699165,2
2018,12,5,8,33,臺中市,西屯區,0,0,,8,,,40,,,,,,,,,,,,,,,,,,,,B03,,,1,,2,,,23,,1,22,,B03,24.159358,120.638801,3
2018,12,5,8,40,臺中市,北屯區,0,2,0,8,1,5,50,4,2,1,5,4,5,7,1,1,1,4,5,2,13,16,2,9,1,1,C03,7,9,1,10,2,11,  ,16,16,1,21,8,C03,24.172748,120.679646,2
2018,12,5,8,43,臺中市,東區,0,1,0,8,1,5,50,4,1,1,5,4,5,7,4,4,1,2,4,2,16,19,2,9,1,1,C03,7,1,6,18,2,14,  ,19,19,1,5,8,C03,24.132501,120.692273,2
2018,12,5,8,44,臺中市,沙鹿區,0,0,,8,,,60,,,,,,,,,,,,,,,,,,,,A12,,,1,,2,,,23,,1,10,,A12,24.250155,120.59093,3
2018,12,5,8,45,臺中市,龍井區,0,1,0,8,1,5,40,3,1,1,5,4,5,7,4,4,10,5,5,2,17,6,3,10,1,1,C03,7,5,1,10,2,11,  ,6,6,1,22,8,C03,24.180707,120.583251,2
2018,12,5,8,50,臺中市,潭子區,0,0,,8,1,5,50,4,7,1,5,4,5,7,4,4,10,5,5,2,16,,,,,,B03,,,1,,2,,,10,,1,22,,B03,24.212353,120.703525,3
2018,12,5,8,52,臺中市,北區,0,1,0,8,1,5,50,14,9,1,5,4,5,7,4,4,5,5,5,2,17,40,3,10,3,4,B02,7,14,1,8,2,2,  ,40,40,1,5,8,B02,24.173772,120.673913,2
2018,12,5,8,53,臺中市,南屯區,0,0,,8,,,50,,,,,,,,,,,,,,,,,,,,B03,,,1,,2,,,19,,1,22,,B03,24.15373,120.617621,3
2018,12,5,8,59,臺中市,龍井區,0,1,0,8,1,5,40,3,9,1,5,4,5,7,4,4,10,5,5,1,16,6,3,10,1,1,B12,7,5,1,8,2,5,  ,6,6,1,3,8,B12,24.187253,120.528035,2