年,月,日,時,分,縣市,區,死,受傷,2-30,天候,光線,道路類別,速限,道路型態,事故位置,路面鋪裝,路面狀態,路面缺陷,障礙物,視距,號誌種類,號誌動作,分向設施,快車道或一般車道間,快慢車道間,路面邊線,事故類型及型態,主要肇因,受傷程度,主要傷處,保護裝備,行動電話,當事者區分_類別,車輛用途,當事者行動狀態,駕駛資格情形,駕駛執照種類,飲酒情形,車輛撞擊部位最初,車輛撞擊部位其他,肇事因素個別,肇事因素主要,肇事逃逸,職業,旅次目的,車種,GPS座標X,GPS座標Y,事故類別
2018,12,5,9,0,臺中市,潭子區,,,,8,,,50,,,,,,,,,,,,,,,,,,,,   ,,,7,,9,,,43,,2,  ,,   ,24.224258,120.692431,3
2018,12,5,9,1,臺中市,北區,0,2,0,8,1,5,50,4,1,1,5,4,5,7,4,4,5,4,5,2,16,6,2,7,1,1,C03,7,9,4,8,2,11,  ,6,6,1,21,8,C03,24.162331,120.682336,2
2018,12,5,9,3,臺中市,北屯區,0,0,,8,,,50,,,,,,,,,,,,,,,,,,,,B03,,,1,,2,,,23,,1,  ,,B03,24.170297,120.694606,3
2018,12,5,9,7,臺中市,西屯區,0,0,,8,1,5,50,14,2,1,5,4,5,7,4,4,8,3,5,1,14,,,,,,A11,,,1,,2,,,12,,1,22,,A11,24.161333,120.602186,3
2018,12,5,9,10,臺中市,西屯區,0,0,,8,,,40,,,,,,,,,,,,,,,,,,,,B03,,,1,,2,,,12,,1,22,,B03,24.169352,120.643217,3
2018,12,5,9,10,臺中市,霧峰區,0,0,,8,,,40,,,,,,,,,,,,,,,,,,,,B12,,,1,,2,,,25,,1,10,,B12,24.070088,120.662527,3
2018,12,5,9,13,臺中市,南屯區,0,2,0,8,1,5,50,14,7,1,5,4,5,7,4,4,5,4,4,2,12,8,2,9,1,1,C03,7,5,1,10,2,14,  ,8,8,1,22,8,C03,24.114668,120.626236,2
2018,12,5,9,18,臺中市,大雅區,0,1,0,8,1,5,50,14,9,1,5,4,5,7,1,1,5,5,5,2,17,4,3,10,1,1,C03,7,11,1,10,2,15,  ,4,4,1,22,8,C03,24.223057,120.64972,2
2018,12,5,9,40,臺中市,沙鹿區,0,0,,8,,,60,,,,,,,,,,,,,,,,,,,,A11,,,1,,2,,,17,,1,  ,,A11,24.221043,120.579772,3
2018,12,5,9,48,臺中市,西屯區,0,0,,8,,,40,,,,,,,,,,,,,,,,,,,,B03,,,1,,2,,,6,,1,22,,B03,24.183443,120.615045,3
2018,12,5,9,52,臺中市,北區,0,0,,8,,,40,,,,,,,,,,,,,,,,,,,,B12,,,1,,2,,,42,,1,5,,B12,24.151894,120.680887,3
2018,12,5,9,53,臺中市,梧棲區,0,0,,8,,,50,,,,,,,,,,,,,,,,,,,,B12,,,1,,2,,,42,,1,10,,B12,24.253002,120.529711,3
2018,12,5,9,55,臺中市,東區,0,1,0,8,1,5,50,4,1,1,5,4,5,7,1,1,5,5,5,2,16,6,3,10,1,1,B12,7,5,1,8,2,1,  ,6,6,1,5,8,B12,24.127938,120.700586,2
2018,12,5,10,12,臺中市,西區,0,0,,8,,,50,,,,,,,,,,,,,,,,,,,,F03,,,1,,2,,,6,,1,19,,F03,24.139739,120.685937,3
2018,12,5,10,17,臺中市,后里區,0,0,,8,,,60,,,,,,,,,,,,,,,7,,,,,A41,,,1,,2,,,23,7,1,22,,A41,24.284437,120.72255,3
2018,12,5,10,18,臺中市,中區,0,2,0,8,1,5,50,4,1,1,5,4,5,7,1,1,10,5,5,2,16,26,2,9,1,1,C03,7,5,1,10,2,12,  ,26,26,1,5,5,C03,24.13797,120.679948,2
2018,12,5,10,20,臺中市,北屯區,0,1,0,8,1,5,50,4,1,1,5,4,5,7,1,1,10,5,5,2,15,25,3,10,1,1,B03,7,9,1,8,2,5,  ,25,25,1,5,8,B03,24.1698,120.67941,2
2018,12,5,10,21,臺中市,大里區,0,1,0,8,1,5,40,4,4,1,5,4,5,7,1,1,1,4,4,1,13,16,2,9,3,4,C03,7,9,1,10,2,11,  ,16,16,1,5,8,C03,24.102985,120.67503,2
2018,12,5,10,27,臺中市,西屯區,0,0,,8,,,50,,,,,,,,,,,,,,,,,,,,B12,,,1,,2,,,17,,1,22,,B12,24.188241,120.618005,3
2018,12,5,10,37,臺中市,南區,0,0,0,8,,,50,,,,,,,,,,,,,,,,3,  ,  ,  ,B03,  ,  ,1,  ,2,  ,  ,23,  ,1,21,  ,B03,24.11102,120.648316,3
2018,12,5,10,42,臺中市,南屯區,0,0,0,8,,,50,,,,,,,,,,,,,,,23,  ,  ,  ,  ,B03,  ,  ,1,  ,2,  ,  ,23,23,1,22,  ,B03,24.150813,120.630641,3
2018,12,5,10,44,臺中市,西屯區,0,0,,8,,,50,,,,,,,,,,,,,,,,,,,,B03,,,1,,2,,,19,,1,22,,B03,24.169108,120.648054,3
2018,12,5,10,47,臺中市,西區,0,1,0,8,1,5,50,3,1,1,5,4,5,7,4,4,10,5,5,2,17,23,2,9,1,1,C03,7,9,1,10,2,14,  ,23,23,1,5,1,C03,24.150558,120.66432,2
2018,12,5,10,47,臺中市,霧峰區,0,0,,8,,,50,,,,,,,,,,,,,,,,,,,,B12,,,1,,2,,,23,,1,21,,B12,24.070295,120.696734,3
2018,12,5,10,50,臺中市,后里區,0,1,0,8,1,5,50,14,8,1,5,4,5,7,4,4,5,5,4,1,17,40,3,10,1,1,B03,7,13,1,8,2,4,  ,40,40,1,22,9,B03,24.310628,120.712576,2
2018,12,5,10,52,臺中市,北區,0,2,0,8,1,5,50,14,9,1,5,4,5,7,4,4,4,3,5,2,13,23,2,9,3,4,C03,7,9,1,10,2,11,  ,23,23,1,5,8,C03,24.167102,120.680784,2
2018,12,5,10,53,臺中市,西屯區,0,1,0,8,1,5,40,14,8,1,5,4,5,7,4,4,1,4,1,2,12,43,2,9,1,4,C03,7,9,1,10,2,15,  ,43,43,1,21,8,C03,24.158328,120.657056,2
2018,12,5,11,3,臺中市,潭子區,,,,8,,,40,,,,,,,,,,,,,,,,,,,,B03,,,1,,2,,,18,,1,22,,B03,24.2082554,120.710225,3
2018,12,5,11,4,臺中市,清水區,0,0,,8,,,50,,,,,,,,,,,,,,,,,,,,B03,,,1,,2,,,42,,1,21,,B03,24.268516,120.566163,3
2018,12,5,11,10,臺中市,北屯區,0,1,0,8,1,5,50,4,1,1,5,4,5,7,1,1,10,5,5,2,16,23,3,10,1,1,B03,7,5,1,8,2,8,  ,23,23,1,22,8,B03,24.183203,120.696216,2
2018,12,5,11,15,臺中市,大里區,0,2,0,8,1,5,50,14,9,1,5,4,5,7,4,4,9,4,5,1,13,16,2,9,3,4,C03,7,9,1,10,2,11,  ,16,16,1,19,8,C03,24.088283,120.689326,2
2018,12,5,11,17,臺中市,西屯區,0,1,0,8,1,5,50,14,7,1,5,4,5,7,4,4,5,4,4,2,18,42,2,9,1,1,C03,7,9,1,10,2,14,  ,42,42,1,22,8,C03,24.188343,120.617754,2
2018,12,5,11,20,臺中市,清水區,0,0,,,,,40,,,,,,,,,,,,,,,,,,,,B12,,,1,,2,,,19,,1,5,,B12,24.260433,120.569147,3
2018,12,5,11,20,臺中市,梧棲區,0,0,,8,,,40,,,,,,,,,,,,,,,,,,,,B12,,,1,,2,,,19,,  ,  ,,B12,24.224756,120.518182,4
2018,12,5,11,20,臺中市,神岡區,0,0,,8,,,40,,,,,,,,,,,,,,,,,,,,A12,,,1,,2,,,23,,1,21,,A12,24.24106,120.691223,4
2018,12,5,11,24,臺中市,北區,0,1,0,8,1,5,50,4,1,1,5,4,5,7,1,1,10,5,5,2,13,16,3,10,3,4,B03,7,9,1,8,2,5,  ,16,16,1,5,8,B03,24.159223,120.670502,2
2018,12,5,11,27,臺中市,石岡區,0,0,,8,,,50,,,,,,,,,,,,,,,,,,,,B03,,,1,,2,,,23,,1,22,,B03,24.274678,120.782751,3
2018,12,5,11,30,臺中市,北屯區,0,1,0,8,1,5,50,3,1,1,5,4,5,7,1,1,10,5,5,2,16,6,3,10,1,1,B01,7,5,1,8,2,2,  ,6,6,1,10,8,B01,24.164994,120.69142,2
2018,12,5,11,34,臺中市,西屯區,0,1,0,8,1,5,50,3,2,1,5,4,5,7,1,1,8,3,4,1,17,43,2,9,1,1,C03,7,9,1,10,2,14,  ,43,43,1,22,8,C03,24.161201,120.661073,2
2018,12,5,11,37,臺中市,后里區,0,0,,8,,,50,,,,,,,,,,,,,,,,,,,,B03,,,1,,2,,,43,,1,22,,B03,24.315122,120.686585,3
2018,12,5,11,42,臺中市,沙鹿區,0,3,0,8,1,5,50,3,1,1,5,4,5,7,4,4,10,5,5,2,16,6,2,9,1,1,C03,7,5,1,10,2,12,  ,6,6,1,19,8,C03,24.242189,120.561101,2
2018,12,5,11,43,臺中市,西區,0,1,0,8,1,5,40,14,7,1,5,4,5,7,4,4,5,5,4,2,17,26,3,10,1,1,C03,7,7,1,10,2,12,  ,26,26,1,21,8,C03,24.145228,120.664576,2
2018,12,5,11,46,臺中市,太平區,0,2,0,8,1,5,40,3,9,1,5,4,5,7,4,4,10,5,5,2,10,5,2,9,1,1,C03,7,9,4,8,2,11,  ,5,5,1,9,1,C03,24.123474,120.714979,2
2018,12,5,11,52,臺中市,南區,0,1,0,8,1,5,50,14,7,1,5,4,5,7,4,4,5,5,4,2,16,19,2,8,1,1,C03,7,1,1,10,2,14,  ,19,19,1,4,8,C03,24.113515,120.654976,2
2018,12,5,11,55,臺中市,北屯區,0,0,0,8,,,50,,,,,,,,,,,,,,,12,3,  ,  ,  ,B03,  ,  ,1,  ,2,  ,  ,12,12,  ,21,  ,B03,24.165437,120.6877,3
2018,12,5,11,56,臺中市,西屯區,0,1,0,8,1,8,40,14,9,1,5,4,5,7,4,4,9,5,4,2,17,43,3,10,1,1,C03,7,6,1,10,2,15,  ,43,43,1,22,9,C03,24.177137,120.668055,2
2018,12,5,12,0,臺中市,南區,0,3,0,8,1,5,50,3,1,1,5,4,5,7,4,4,10,5,5,2,15,6,2,8,1,1,C03,7,9,1,10,2,12,  ,6,6,1,4,8,C03,24.123974,120.672971,2
2018,12,5,12,2,臺中市,南區,0,1,0,8,1,5,50,3,1,1,5,4,5,7,4,4,10,5,5,2,17,42,3,10,1,1,C03,7,15,1,8,2,11,  ,42,42,1,21,8,C03,24.126844,120.664833,2
2018,12,5,12,6,臺中市,西屯區,0,1,0,8,1,5,40,14,9,1,5,4,5,7,4,4,10,4,4,2,16,19,3,10,1,1,C03,7,1,1,10,2,11,  ,19,19,1,22,8,C03,24.181818,120.645196,2
2018,12,5,12,8,臺中市,沙鹿區,0,1,0,8,1,5,40,3,2,1,5,4,5,7,4,4,1,4,4,1,17,23,2,9,1,1,C03,7,9,1,10,2,12,  ,23,23,1,18,8,C03,24.228731,120.574583,2
2018,12,5,12,10,臺中市,外埔區,0,1,0,8,1,5,50,14,9,1,5,4,5,7,4,4,5,5,5,1,17,19,3,10,1,1,C03,7,1,1,10,2,11,  ,19,19,1,22,9,C03,24.341176,120.64135,2
2018,12,5,12,15,臺中市,北區,0,0,,8,1,5,40,,,,,,,,,,,,,,,,,,,,C03,,,1,,2,,,43,,1,5,,C03,24.157052,120.678936,3
2018,12,5,12,15,臺中市,東區,0,1,0,8,1,5,50,3,1,1,5,4,5,7,4,4,5,5,4,2,17,6,3,10,1,1,B03,7,6,1,5,2,2,  ,6,6,1,5,8,B03,24.121926,120.685553,2
2018,12,5,12,20,臺中市,西屯區,0,0,,8,,,50,,,,,,,,,,,,,,,,,,,,B12,,,1,,2,,,23,,1,22,,B12,24.160976,120.636482,3
2018,12,5,12,26,臺中市,清水區,0,0,,8,,,40,,,,,,,,,,,,,,,,,,,,B03,,,1,,2,,,12,,1,21,,B03,24.273213,120.568906,3
2018,12,5,12,27,臺中市,北屯區,0,0,,8,,,50,,,,,,,,,,,,,,,,,,,,B03,,,1,,2,,,23,,1,  ,,B03,24.177459,120.685367,3
2018,12,5,12,35,臺中市,潭子區,0,1,0,8,1,5,50,14,9,1,5,4,3,5,4,4,9,4,5,1,16,19,3,10,1,1,B03,7,1,3,18,2,1,  ,19,19,1,22,8,B03,24.194606,120.7202,2
2018,12,5,12,38,臺中市,南區,0,1,0,8,1,5,50,14,7,1,5,4,5,7,4,4,1,4,4,2,16,7,3,10,1,1,B03,7,7,1,8,2,4,  ,7,7,1,21,8,B03,24.127338,120.66602,2
2018,12,5,12,38,臺中市,霧峰區,0,0,,8,,,50,,,,,,,,,,,,,,,,,,,,B12,,,1,,2,,,19,,1,7,,B12,24.062116,120.698958,3
2018,12,5,12,38,臺中市,龍井區,0,0,,8,,,50,,,,,,,,,,,,,,,,,,,,B03,,,1,,2,,,19,,1,  ,,B03,24.204262,120.521603,3
2018,12,5,12,43,臺中市,西屯區,0,1,0,8,1,5,50,4,1,1,5,4,5,7,3,1,10,5,5,2,16,6,3,10,1,1,B01,7,9,1,4,2,2,  ,6,6,1,22,8,B01,24.170163,120.651096,2
2018,12,5,12,48,臺中市,北屯區,0,3,0,8,1,5,50,3,1,1,5,4,5,7,4,4,10,5,5,2,17,23,2,9,1,1,C03,7,9,1,10,2,11,  ,23,23,1,22,8,C03,24.168296,120.728524,2
2018,12,5,12,54,臺中市,西屯區,0,0,0,8,,,50,,,,,,,,,,,,,,,23,  ,  ,  ,  ,B03,  ,  ,1,  ,2,  ,  ,23,23,1,  ,  ,B03,24.199086,120.65649,3
2018,12,5,12,59,臺中市,東勢區,0,0,0,8,1,5,50,14,9,1,5,4,5,7,4,4,1,4,4,1,13,23,3,10,1,1,B03,7,1,1,8,2,1,  ,23,23,1,19,8,B03,24.261442,120.822418,3
2018,12,5,13,5,臺中市,北屯區,0,1,0,8,1,5,50,4,1,1,5,4,5,7,1,1,10,5,5,2,16,6,3,10,1,1,B12,7,6,1,8,2,5,  ,6,6,1,22,8,B12,24.17602,120.722539,2
2018,12,5,13,9,臺中市,烏日區,0,0,,8,,,40,,,,,,,,,,,,,,,,,,,,B02,,,1,,2,,,9,,1,21,,B02,24.113307,120.587717,3
2018,12,5,13,10,臺中市,東區,0,0,,,,,,,,,,,,,,,,,,,,,,,,,B03,,,1,,9,,,12,,1,5,,B03,24.145585,120.69575,3
2018,12,5,13,13,臺中市,北區,0,0,,8,,,40,,,,,,,,,,,,,,,,,,,,B03,,,1,,2,,,23,,1,5,,B03,24.154349,120.685047,3
2018,12,5,13,20,臺中市,后里區,0,0,,8,,,40,,,,,,,,,,,,,,,,,,,,A05,,,1,,2,,,44,,1,22,,A05,24.28715,120.69991,3
2018,12,5,13,27,臺中市,太平區,0,0,,8,,,50,,,,,,,,,,,,,,,,,,,,B03,,,1,,2,,,13,,1,  ,,B03,24.149735,120.73428,3
2018,12,5,13,30,臺中市,大肚區,0,0,,8,,,50,,,,,,,,,,,,,,,,,,,,B03,,,1,,2,,,12,,1,21,,B03,24.132252,120.553908,3
2018,12,5,13,31,臺中市,北區,0,1,0,8,1,5,50,14,7,1,5,4,5,7,4,4,1,4,4,2,12,17,2,9,1,1,C03,7,9,1,10,2,14,  ,44,17,1,21,8,C03,24.153506,120.698824,2
2018,12,5,13,44,臺中市,神岡區,0,0,,8,,,50,,,,,,,,,,,,,,,,,,,,B12,,,1,,2,,,12,,1,21,,B12,24.246768,120.682432,3
2018,12,5,13,46,臺中市,大里區,0,1,0,8,1,5,40,4,1,1,5,4,5,7,4,4,10,5,5,2,17,19,3,10,1,1,B03,7,1,1,8,2,5,  ,19,19,1,21,8,B03,24.102431,120.681236,2
2018,12,5,13,54,臺中市,西屯區,0,1,0,8,1,5,50,4,2,1,5,4,5,7,2,1,1,1,1,1,13,23,3,10,1,1,B03,7,1,1,8,2,1,  ,23,23,1,22,8,B03,24.196386,120.654611,2
2018,12,5,13,57,臺中市,新社區,0,0,0,8,,,50,,,,,,,,,,,,,,,17,  ,  ,  ,  ,B12,  ,  ,1,  ,2,  ,  ,17,17,1,  ,  ,B12,24.173669,120.821439,3
2018,12,5,14,0,臺中市,西區,0,0,0,8,,,50,,,,,,,,,,,,,,,23,3,  ,  ,  ,B03,  ,  ,1,  ,2,  ,  ,23,23,1,21,  ,B03,24.135048,120.680332,3
2018,12,5,14,0,臺中市,南屯區,0,0,0,8,1,5,50,14,7,1,5,4,5,7,4,4,5,4,4,2,13,23,3,10,1,1,B03,7,9,1,8,7,1,  ,23,23,1,22,9,B03,24.134772,120.644056,3
2018,12,5,14,3,臺中市,南區,0,1,0,8,1,5,50,14,7,1,5,4,5,7,4,4,5,2,4,2,17,42,2,9,1,1,C03,7,9,1,10,2,12,  ,42,42,1,21,8,C03,24.130784,120.674703,2
2018,12,5,14,12,臺中市,西屯區,0,1,0,8,1,5,40,4,1,1,5,4,5,7,2,1,1,5,5,2,12,17,3,10,1,1,B12,7,9,1,8,2,2,  ,17,17,1,22,8,B12,24.162731,120.649894,2
2018,12,5,14,14,臺中市,南區,0,1,0,8,1,5,50,14,7,1,5,4,5,7,4,4,5,4,4,2,16,10,3,10,1,1,B03,7,11,1,8,2,8,  ,10,10,1,21,8,B03,24.120556,120.655573,2
2018,12,5,14,16,臺中市,北屯區,0,0,0,8,1,5,50,14,9,1,5,4,5,7,4,4,1,3,5,2,13,23,3,10,1,1,B12,7,9,1,8,2,1,  ,23,23,1,21,8,B12,24.164653,120.712338,3
2018,12,5,14,22,臺中市,西屯區,0,0,0,8,,,60,,,,,,,,,,,,,,,7,  ,  ,  ,  ,B03,  ,  ,1,  ,2,  ,  ,7,7,1,22,  ,B03,24.167629,120.640803,3
2018,12,5,14,25,臺中市,北區,0,0,0,8,,,50,,,,,,,,,,,,,,,6,  ,  ,  ,  ,B01,  ,  ,1,4,2,  ,  ,6,6,1,  ,  ,B01,24.168765,120.671743,3
2018,12,5,14,25,臺中市,東區,0,1,0,8,1,5,50,4,1,1,5,4,5,7,1,1,10,5,5,2,16,9,3,10,1,1,B03,7,6,1,8,2,6,  ,9,9,1,22,8,B03,24.138843,120.700147,2
2018,12,5,14,26,臺中市,西屯區,0,1,0,8,1,5,50,14,7,1,5,4,5,7,4,4,5,4,4,2,13,23,3,10,3,4,B12,7,9,1,8,2,1,  ,23,23,1,22,9,B12,24.185818,120.623313,2
2018,12,5,14,35,臺中市,西區,0,0,,8,,,50,,,,,,,,,,,,,,,,,,,,B03,,,1,,2,,,19,,1,21,,B03,24.13197,120.66713,3
2018,12,5,14,40,臺中市,烏日區,0,0,,8,,,50,,,,,,,,,,,,,,,,,,,,B12,,,1,,2,,,23,,1,22,,B12,24.08342,120.643895,3
2018,12,5,14,41,臺中市,南屯區,0,0,0,8,,,50,,,,,,,,,,,,,,,12,  ,  ,  ,  ,B03,  ,  ,1,  ,2,  ,  ,12,12,1,22,  ,B03,24.143763,120.649905,3
2018,12,5,14,51,臺中市,沙鹿區,0,0,,8,,,60,,,,,,,,,,,,,,,,,,,,B12,,,1,,2,,,23,,1,  ,,B12,24.237765,120.568923,4
2018,12,5,14,55,臺中市,南屯區,0,0,0,8,,,50,,,,,,,,,,,,,,,23,  ,  ,  ,  ,B02,  ,  ,1,8,2,  ,  ,23,23,1,12,  ,B02,24.141309,120.63824,3
2018,12,5,14,57,臺中市,東區,0,2,0,8,1,5,50,4,1,1,5,4,5,7,1,1,10,5,5,2,13,16,2,9,1,1,C03,7,9,1,10,2,11,  ,16,16,1,5,8,C03,24.132766,120.693283,2
2018,12,5,15,0,臺中市,北區,0,1,0,8,1,5,50,14,7,1,5,4,5,7,1,1,5,2,4,2,16,26,2,9,1,1,C03,7,11,6,18,2,11,  ,26,26,1,22,8,C03,24.155163,120.694693,2
2018,12,5,15,1,臺中市,西屯區,0,0,0,8,,,50,,,,,,,,,,,,,,,42,  ,  ,  ,  ,B03,  ,  ,1,  ,2,  ,  ,42,42,1,  ,  ,B03,24.184485,120.626161,3
2018,12,5,15,5,臺中市,霧峰區,0,0,,8,,,40,,,,,,,,,,,,,,,,,,,,C03,,,1,,2,,,12,,1,5,,C03,24.064691,120.679511,3
2018,12,5,15,10,臺中市,西屯區,0,1,0,8,1,5,30,3,1,1,5,4,5,7,3,3,8,3,4,2,16,8,2,9,1,1,C03,7,5,1,10,2,12,  ,8,8,1,22,9,C03,24.187036,120.642526,2
2018,12,5,15,14,臺中市,西區,0,0,0,8,,,0,,,,,,,,,,,,,,,,3,  ,  ,  ,B03,  ,  ,1,  ,2,  ,  ,42,  ,  ,21,  ,B03,24.15228,120.666073,3
2018,12,5,15,14,臺中市,神岡區,0,0,,8,,,50,,,,,,,,,,,,,,,,,,,,B12,,,1,,2,,,17,,1,21,,B12,24.260301,120.704838,3
2018,12,5,15,15,臺中市,南屯區,0,0,0,8,,,40,,,,,,,,,,,,,,,,3,  ,  ,  ,B03,  ,  ,1,  ,2,  ,  ,23,  ,1,22,  ,B03,24.152453,120.636878,4
2018,12,5,15,15,臺中市,梧棲區,0,1,0,8,1,5,50,14,9,1,5,4,5,7,4,4,5,5,5,2,9,60,2,9,4,5,H01,8,16,8,20,10,16,  ,60,60,1,20,8,H01,24.25719,120.530479,2
2018,12,5,15,24,臺中市,西屯區,0,1,0,8,1,5,40,3,1,1,5,4,5,7,3,1,10,5,5,2,13,16,2,7,1,1,C03,7,9,1,10,2,11,  ,16,16,1,5,8,C03,24.200536,120.655305,2
2018,12,5,15,27,臺中市,潭子區,0,0,,8,,,50,,,,,,,,,,,,,,,,,,,,B12,,,1,,2,,,23,,1,22,,B12,24.213008,120.711244,3
2018,12,5,15,40,臺中市,南區,0,0,0,8,1,5,50,14,8,1,5,4,5,,4,4,1,4,4,2,12,23,3,10,1,1,C03,7,9,1,10,2,12,  ,23,23,1,22,8,C03,24.121778,120.679301,3
2018,12,5,15,41,臺中市,沙鹿區,0,1,0,8,1,5,50,3,1,1,5,4,5,7,4,4,10,5,5,2,17,19,2,8,1,1,C03,7,1,1,10,2,14,  ,19,19,1,21,8,C03,24.239073,120.560013,2
2018,12,5,15,50,臺中市,南區,0,2,0,8,1,5,50,3,1,1,5,4,5,7,1,1,10,5,5,2,15,25,2,7,1,1,C03,7,9,1,10,2,12,  ,25,25,1,4,8,C03,24.120612,120.679269,2
2018,12,5,15,54,臺中市,西區,0,1,0,8,1,5,50,4,1,1,5,4,5,7,1,1,10,5,5,2,16,42,3,10,1,1,B03,7,6,1,8,2,5,  ,42,42,1,21,8,B03,24.150901,120.665306,2
2018,12,5,15,56,臺中市,清水區,0,2,0,8,1,5,40,14,9,1,5,4,5,7,4,4,10,5,5,2,15,6,2,9,1,1,C03,7,9,3,18,2,11,  ,6,6,1,21,8,C03,24.264833,120.56597,2
2018,12,5,16,5,臺中市,北區,0,1,0,8,1,5,40,14,9,1,5,4,5,7,4,4,10,5,5,2,17,40,3,10,2,1,B03,7,15,1,8,2,4,  ,40,40,1,22,9,B03,24.173453,120.672948,2
2018,12,5,16,10,臺中市,北屯區,0,0,0,8,,,40,,,,,,,,,,,,,,,23,  ,  ,  ,  ,B03,  ,  ,1,  ,2,  ,  ,23,23,1,19,  ,B03,24.200531,120.676573,3
2018,12,5,16,11,臺中市,石岡區,0,1,0,8,1,5,50,14,7,1,5,4,5,7,4,4,2,4,4,1,13,23,3,10,1,1,B03,7,9,1,8,2,1,  ,23,23,1,21,8,B03,24.260686,120.818418,2
2018,12,5,16,15,臺中市,大肚區,0,1,0,8,1,5,70,14,7,1,5,4,5,7,1,1,1,4,4,1,16,25,3,10,1,1,B12,7,9,1,1,2,7,  ,25,25,1,10,8,B12,24.128368,120.55621,2
2018,12,5,16,22,臺中市,西屯區,0,0,,8,,,50,,,,,,,,,,,,,,,,,,,,C03,,,1,,9,,,6,,1,21,,C03,24.17961,120.642544,3
2018,12,5,16,23,臺中市,東區,0,0,,8,,,50,,,,,,,,,,,,,,,,,,,,C03,,,1,,1,,,25,,1,22,,C03,24.14008,120.689308,3
2018,12,5,16,34,臺中市,西屯區,0,0,,8,,,40,,,,,,,,,,,,,,,,,,,,B12,,,1,,2,,,23,,1,22,,B12,24.196358,120.646523,3
2018,12,5,16,40,臺中市,北屯區,0,1,0,8,1,5,50,14,7,1,5,4,5,7,4,4,10,5,5,2,16,19,3,10,3,4,B03,7,1,1,8,2,1,  ,19,19,1,21,8,B03,24.187958,120.679136,2
2018,12,5,16,40,臺中市,西屯區,0,0,0,8,1,5,80,,,,,,,,,,,,,,,16,  ,  ,  ,  ,B12,  ,  ,1,  ,2,1,  ,16,16,1,22,  ,B12,24.179549,120.6351,3
2018,12,5,16,45,臺中市,沙鹿區,0,0,,8,,,50,,,,,,,,,,,,,,,,,,,,B03,,,1,,2,,,12,,1,5,,B03,24.243956,120.561792,3
2018,12,5,16,50,臺中市,清水區,0,0,0,8,2,5,70,14,2,1,5,4,5,7,1,1,1,4,4,1,13,16,3,10,1,1,B03,7,9,1,8,7,5,  ,16,16,1,12,8,B03,24.292967,120.588556,3
2018,12,5,16,55,臺中市,西屯區,0,1,0,8,1,5,50,4,2,1,5,4,5,7,2,1,10,5,5,2,12,19,3,10,1,1,C03,7,1,1,10,2,14,  ,19,19,1,18,8,C03,24.177925,120.651873,2
2018,12,5,16,56,臺中市,太平區,0,0,,8,,,50,,,,,,,,,,,,,,,23,,,,,B03,,,1,,2,,,38,23,1,  ,,B03,24.160126,120.711493,3
2018,12,5,16,59,臺中市,北屯區,0,1,0,8,3,5,40,10,16,1,5,4,5,7,4,4,10,5,5,1,13,23,3,10,3,4,B12,7,9,1,8,2,1,  ,23,23,1,21,8,B12,24.201241,120.688228,2
2018,12,5,17,0,臺中市,南屯區,0,1,0,8,3,5,40,3,1,1,5,4,5,7,1,1,10,5,5,2,16,25,2,8,1,1,C03,7,9,1,10,2,12,  ,25,25,1,22,9,C03,24.116687,120.640381,2
2018,12,5,17,5,臺中市,大肚區,0,2,0,8,3,5,40,3,1,1,5,4,5,7,4,4,10,5,5,2,16,6,2,9,1,1,C03,7,5,1,10,2,14,  ,6,6,1,21,8,C03,24.15328,120.532971,2
2018,12,5,17,7,臺中市,南屯區,0,0,,8,,,50,,,,,,,,,,,,,,,,,,,,B12,,,1,,2,,,23,,1,22,,B12,24.141439,120.633648,3
2018,12,5,17,7,臺中市,北屯區,0,1,0,8,3,5,40,14,9,1,5,4,5,7,4,4,5,4,5,2,16,42,3,10,1,1,C03,7,8,1,10,2,13,14,42,42,1,5,8,C03,24.175915,120.719715,2
2018,12,5,17,8,臺中市,北屯區,0,1,0,8,2,5,50,3,1,1,5,4,5,7,4,4,4,3,5,2,12,19,3,10,1,1,B03,7,1,1,8,2,8,  ,19,19,1,21,8,B03,24.164751,120.712241,2
2018,12,5,17,10,臺中市,大肚區,0,1,0,8,2,5,50,4,1,1,5,4,5,7,4,4,10,5,5,2,3,14,3,10,1,1,C03,7,9,1,10,2,11,  ,14,14,1,22,8,C03,24.159662,120.574307,2
2018,12,5,17,15,臺中市,西屯區,0,1,0,8,1,5,50,14,8,1,5,4,5,7,4,4,8,3,1,2,12,13,2,9,1,1,C03,7,9,1,10,2,12,  ,13,13,1,22,9,C03,24.172496,120.665021,2
2018,12,5,17,15,臺中市,潭子區,0,1,0,8,2,5,50,4,1,1,5,4,5,7,1,1,5,5,5,1,15,25,2,9,1,1,C03,7,9,1,10,2,11,  ,25,25,1,22,9,C03,24.218149,120.71737,2
2018,12,5,17,18,臺中市,清水區,0,1,0,8,1,5,50,3,2,1,5,4,5,7,4,4,9,4,4,1,16,6,3,10,1,1,B03,7,7,1,8,2,4,  ,6,6,1,21,8,B03,24.28295,120.582648,2