年,月,日,時,分,縣市,區,死,受傷,2-30,天候,光線,道路類別,速限,道路型態,事故位置,路面鋪裝,路面狀態,路面缺陷,障礙物,視距,號誌種類,號誌動作,分向設施,快車道或一般車道間,快慢車道間,路面邊線,事故類型及型態,主要肇因,受傷程度,主要傷處,保護裝備,行動電話,當事者區分_類別,車輛用途,當事者行動狀態,駕駛資格情形,駕駛執照種類,飲酒情形,車輛撞擊部位最初,車輛撞擊部位其他,肇事因素個別,肇事因素主要,肇事逃逸,職業,旅次目的,車種,GPS座標X,GPS座標Y,事故類別
2018,12,5,17,27,臺中市,西屯區,0,0,,8,,,40,,,,,,,,,,,,,,,,,,,,C03,,,1,,2,,,6,,1,21,,C03,24.180193,120.644161,4
2018,12,5,17,30,臺中市,沙鹿區,0,1,0,8,3,5,40,3,1,1,5,4,5,7,4,4,10,5,5,2,16,6,3,10,1,1,B03,7,5,1,8,2,5,  ,6,6,1,21,8,B03,24.22098,120.598327,2
2018,12,5,17,35,臺中市,南區,0,0,,8,,,50,,,,,,,,,,,,,,,,,,,,B03,,,1,,2,,,12,,1,22,,B03,24.114921,120.659055,3
2018,12,5,17,40,臺中市,大里區,0,1,0,8,3,5,50,4,1,1,5,4,5,7,1,1,10,5,5,2,16,6,3,10,1,1,B03,7,5,1,8,2,6,  ,6,6,1,21,8,B03,24.102603,120.681694,2
2018,12,5,17,42,臺中市,新社區,0,2,0,7,4,5,50,3,1,1,5,4,5,7,4,4,5,5,5,1,17,13,2,9,1,1,C03,7,9,2,18,2,12,  ,13,13,1,9,8,C03,24.212213,120.79589,2
2018,12,5,17,45,臺中市,北屯區,0,1,0,8,3,5,40,4,1,1,5,4,5,7,1,1,10,5,5,2,12,42,3,10,1,1,C03,7,15,1,10,2,12,  ,42,42,1,18,8,C03,24.161041,120.727941,2
2018,12,5,17,50,臺中市,北區,0,0,,8,,,40,,,,,,,,,,,,,,,,,,,,B12,,,6,,2,,,26,,1,  ,,B12,24.162422,120.682903,3
2018,12,5,17,56,臺中市,西屯區,0,0,,8,,,50,,,,,,,,,,,,,,,,,,,,A31,,,1,,2,,,26,,1,22,,A31,24.201204,120.659696,3
2018,12,5,17,58,臺中市,潭子區,0,1,0,8,2,5,50,14,9,1,5,4,5,7,4,4,1,2,5,1,18,23,2,9,1,1,C03,7,9,1,10,2,12,  ,23,23,1,21,8,C03,24.207207,120.722356,2
2018,12,5,18,0,臺中市,北屯區,0,2,0,8,3,5,50,14,9,1,5,4,5,7,4,4,1,2,5,2,12,23,2,8,1,1,C03,7,9,1,10,2,15,  ,23,23,1,21,8,C03,24.17424,120.671281,2
2018,12,5,18,1,臺中市,南區,0,1,0,8,3,5,50,3,1,1,5,4,5,7,4,4,10,5,5,1,18,23,2,9,1,1,C02,7,9,1,9,2,12,  ,23,23,1,4,1,C02,24.130473,120.671483,2
2018,12,5,18,1,臺中市,大雅區,0,1,0,8,3,5,50,11,9,1,5,4,5,7,4,4,5,2,5,1,11,4,3,10,1,1,B12,7,9,1,8,2,2,  ,4,4,1,22,9,B12,24.248564,120.653536,2
2018,12,5,18,5,臺中市,南區,0,0,0,8,1,5,50,4,1,1,5,4,5,7,1,1,10,5,5,2,12,44,3,10,1,1,C03,7,9,1,10,5,11,  ,44,44,1,22,8,C03,24.130676,120.684593,3
2018,12,5,18,6,臺中市,西區,0,0,0,8,,,50,,,,,,,,,,,,,,,17,3,  ,  ,  ,B01,  ,  ,1,  ,2,  ,  ,17,17,  ,10,  ,B01,24.150889,120.661845,3
2018,12,5,18,7,臺中市,西屯區,0,1,0,8,3,5,50,4,1,1,5,4,5,7,1,1,5,4,4,2,16,19,2,9,1,1,C03,7,1,1,10,2,14,  ,19,19,1,21,8,C03,24.169574,120.608597,2
2018,12,5,18,14,臺中市,西區,0,2,0,8,1,5,50,4,1,1,5,4,5,7,4,4,10,5,5,2,15,6,2,9,1,1,C03,7,9,1,10,2,11,  ,6,6,1,5,5,C03,24.154801,120.662032,2
2018,12,5,18,15,臺中市,西屯區,0,1,0,8,3,5,40,3,1,1,5,4,5,7,4,4,10,5,5,2,16,6,3,10,1,1,B12,7,5,1,8,2,4,  ,6,6,1,21,8,B12,24.180246,120.593501,2
2018,12,5,18,16,臺中市,神岡區,0,0,0,8,3,5,50,14,9,1,5,4,5,7,4,4,5,5,5,1,26,21,3,10,1,1,B02,7,9,1,8,8,5,  ,21,21,1,21,8,B02,24.26575,120.655966,3
2018,12,5,18,20,臺中市,烏日區,0,1,0,8,3,5,60,3,8,1,5,4,5,7,4,4,1,4,4,1,16,9,3,10,1,1,B03,7,6,1,8,2,6,  ,9,9,1,22,8,B03,24.106206,120.633253,2
2018,12,5,18,20,臺中市,梧棲區,0,1,0,8,3,5,50,3,1,1,5,4,5,7,2,1,10,5,5,2,16,8,3,10,1,1,B03,7,5,1,8,2,6,  ,8,8,1,5,5,B03,24.248563,120.528759,2
2018,12,5,18,34,臺中市,北區,0,1,0,8,3,5,50,14,8,1,5,4,5,7,4,4,5,4,4,2,18,16,2,9,1,1,C03,7,12,1,10,2,12,  ,16,16,1,22,9,C03,24.15589,120.681486,2
2018,12,5,18,34,臺中市,烏日區,0,1,0,8,3,5,50,3,1,1,5,4,5,7,4,4,10,5,5,2,17,23,3,10,1,1,B03,7,9,1,8,2,5,  ,23,23,1,22,8,B03,24.09358,120.649317,2
2018,12,5,18,35,臺中市,南區,0,0,,8,,,50,,,,,,,,,,,,,,,,,,,,B12,,,1,,2,,,1,,1,22,,B12,24.121996,120.648949,3
2018,12,5,18,40,臺中市,大雅區,0,1,0,8,3,5,50,3,1,1,5,4,5,7,4,4,1,4,5,1,17,10,3,10,1,1,B03,7,11,1,8,3,5,  ,10,10,1,22,9,B03,24.214463,120.649731,2
2018,12,5,18,45,臺中市,沙鹿區,0,2,0,8,3,5,40,12,9,1,5,4,5,7,4,4,10,5,5,2,11,6,2,9,1,1,C03,7,9,1,10,2,14,  ,6,6,1,17,9,C03,24.218149,120.583882,2
2018,12,5,18,47,臺中市,南區,0,0,0,8,,,50,,,,,,,,,,,,,,,7,3,  ,  ,  ,B03,  ,  ,1,  ,2,  ,  ,7,7,  ,9,  ,B03,24.121874,120.661121,3
2018,12,5,18,48,臺中市,后里區,0,1,0,8,3,5,60,4,2,1,5,4,5,7,1,1,1,4,5,1,12,25,3,10,1,1,C03,7,5,2,18,2,12,  ,25,25,1,16,5,C03,24.315746,120.72433,2
2018,12,5,18,50,臺中市,西區,0,0,0,8,,,50,,,,,,,,,,,,,,,23,3,  ,  ,  ,B03,  ,  ,1,  ,2,  ,  ,23,23,1,21,  ,B03,24.140304,120.665786,3
2018,12,5,18,50,臺中市,南屯區,0,1,0,8,3,5,50,3,1,1,5,4,5,7,4,4,10,5,5,2,16,6,3,10,3,4,B03,7,5,1,8,2,6,  ,6,6,1,22,8,B03,24.139,120.60575,2
2018,12,5,19,4,臺中市,梧棲區,0,2,0,8,3,5,60,14,9,1,5,4,5,7,1,1,1,4,5,1,13,43,2,9,3,4,C03,7,9,1,10,8,11,  ,43,43,1,11,9,C03,24.237064,120.530856,2
2018,12,5,19,12,臺中市,西屯區,0,0,,8,,,40,,,,,,,,,,,,,,,,,,,,B02,,,1,,2,,,12,,1,5,,B02,24.160088,120.632923,3
2018,12,5,19,17,臺中市,西區,0,2,0,8,3,5,40,3,1,1,5,4,3,5,4,4,10,5,5,2,3,53,2,8,4,5,H01,8,20,8,20,3,16,  ,53,53,1,21,8,H01,24.138082,120.659565,2
2018,12,5,19,20,臺中市,北屯區,0,0,0,8,3,5,50,5,9,1,5,4,5,7,1,1,4,3,5,2,13,23,3,10,1,1,B03,7,9,1,8,2,1,  ,23,23,1,21,8,B03,24.166711,120.691653,3
2018,12,5,19,28,臺中市,南屯區,0,0,,8,,,50,,,,,,,,,,,,,,,,,,,,B12,,,1,,2,,,23,,1,21,,B12,24.141357,120.646633,3
2018,12,5,19,35,臺中市,北屯區,0,1,0,8,3,5,50,3,2,1,5,4,5,7,1,1,1,2,4,2,16,8,2,9,1,1,C03,7,5,3,18,2,14,  ,8,8,1,19,8,C03,24.169278,120.697003,2
2018,12,5,19,36,臺中市,西區,0,0,0,8,,,50,,,,,,,,,,,,,,,12,3,  ,  ,  ,B03,  ,  ,1,  ,2,  ,  ,12,12,  ,5,  ,B03,24.154991,120.653358,3
2018,12,5,19,38,臺中市,北屯區,0,1,0,8,3,5,50,14,7,1,5,4,5,7,4,4,9,5,4,2,16,6,3,10,3,4,B03,7,5,1,8,2,8,  ,6,6,1,21,8,B03,24.191061,120.680958,2
2018,12,5,19,40,臺中市,梧棲區,0,0,,8,,,50,,,,,,,,,,,,,,,,,,,,C03,,,1,,2,,,6,,1,6,,C03,24.246546,120.534128,4
2018,12,5,19,48,臺中市,北區,0,1,0,8,3,5,50,4,1,1,5,4,5,7,4,4,10,5,5,2,15,6,2,9,1,1,C03,7,9,1,10,2,11,  ,6,6,1,22,9,C03,24.160195,120.686704,2
2018,12,5,19,50,臺中市,潭子區,0,0,,8,,,50,,,,,,,,,,,,,,,,,,,,B03,,,1,,2,,,12,,1,22,,B03,24.194404,120.696827,3
2018,12,5,19,51,臺中市,南區,0,0,0,8,3,5,50,11,9,1,5,4,5,7,4,4,1,5,5,2,12,7,3,10,4,5,F01,7,5,8,20,11,16,  ,7,7,1,16,8,F01,24.126048,120.670203,4
2018,12,5,20,3,臺中市,大里區,0,1,0,8,3,5,50,14,9,1,5,4,5,7,4,4,10,5,5,1,16,19,3,10,1,1,B03,7,1,1,8,2,5,  ,19,19,1,4,8,B03,24.087732,120.702628,2
2018,12,5,20,17,臺中市,南區,0,2,0,8,3,8,50,3,1,1,5,4,5,7,1,1,10,4,5,2,3,43,2,9,1,1,C03,7,9,1,10,2,11,  ,43,43,1,22,8,C03,24.12105,120.65076,2
2018,12,5,20,17,臺中市,西屯區,0,1,0,8,1,5,50,4,1,1,5,4,5,7,1,1,9,4,4,2,12,9,3,10,1,1,B03,7,6,1,8,2,2,  ,9,9,1,21,8,B03,24.184567,120.62605,2
2018,12,5,20,23,臺中市,西區,0,0,0,8,,,50,,,,,,,,,,,,,,,23,3,  ,  ,  ,C03,  ,  ,1,  ,2,  ,  ,23,23,1,21,  ,C03,24.155869,120.656369,3
2018,12,5,20,30,臺中市,霧峰區,0,1,0,8,3,5,70,4,1,1,5,4,5,7,4,4,1,4,4,1,15,19,2,9,1,1,C03,7,1,1,10,2,12,  ,19,19,1,18,8,C03,24.073256,120.699385,2
2018,12,5,20,33,臺中市,南屯區,0,0,,8,,,40,,,,,,,,,,,,,,,,,,,,B03,,,1,,2,,,23,,1,5,,B03,24.151166,120.640478,3
2018,12,5,20,38,臺中市,南區,0,0,0,8,,,50,,,,,,,,,,,,,,,6,3,  ,  ,  ,B03,  ,  ,1,  ,2,  ,  ,6,6,  ,4,  ,B03,24.12384,120.665236,3
2018,12,5,20,40,臺中市,龍井區,0,0,,8,,,50,,,,,,,,,,,,,,,,,,,,B12,,,1,,2,,,23,,1,9,,B12,24.203123,120.523378,3
2018,12,5,21,5,臺中市,沙鹿區,0,1,0,8,3,5,50,4,1,1,5,4,5,7,1,1,10,5,5,2,16,4,2,8,1,1,C03,7,9,1,10,2,11,  ,4,4,1,18,8,C03,24.226807,120.575162,2
2018,12,5,21,14,臺中市,東區,0,1,0,7,3,5,50,3,1,1,5,4,5,7,1,1,10,5,5,2,16,6,3,10,1,1,B03,7,6,1,8,2,2,  ,6,6,1,22,8,B03,24.142951,120.71072,2
2018,12,5,21,15,臺中市,太平區,0,0,,8,,,40,,,,,,,,,,,,,,,,,,,,B03,,,1,,2,,,23,,1,21,,B03,24.108312,120.73284,3
2018,12,5,21,23,臺中市,西屯區,0,1,0,8,3,5,50,4,1,1,5,4,5,7,2,1,10,5,5,2,12,8,2,7,1,1,C03,7,5,1,10,2,12,  ,8,8,1,18,8,C03,24.169366,120.636108,2
2018,12,5,21,25,臺中市,北區,0,0,0,8,,,40,,,,,,,,,,,,,,,12,3,  ,  ,  ,B03,  ,  ,1,  ,2,  ,  ,12,12,1,22,  ,B03,24.154444,120.686405,3
2018,12,5,21,30,臺中市,西屯區,0,0,0,8,,,40,,,,,,,,,,,,,,,26,  ,  ,  ,  ,B03,  ,  ,1,  ,2,  ,  ,26,26,1,22,  ,B03,24.170238,120.632743,3
2018,12,5,21,35,臺中市,梧棲區,0,1,0,8,3,5,40,14,8,1,5,4,5,7,4,4,10,5,3,2,12,9,2,9,1,1,C03,7,9,1,10,2,11,  ,13,9,1,2,9,C03,24.247528,120.54247,2
2018,12,5,21,42,臺中市,梧棲區,0,2,0,8,3,5,50,4,1,1,5,4,5,7,4,4,10,5,5,2,15,43,2,9,1,1,C03,7,9,1,10,2,12,  ,43,43,1,2,9,C03,24.244475,120.535713,2
2018,12,5,21,46,臺中市,南區,0,0,0,8,3,5,50,14,8,1,5,4,5,7,4,4,9,4,4,2,13,42,3,10,1,1,B03,7,9,1,8,2,5,  ,42,42,1,22,8,B03,24.123001,120.655038,3
2018,12,5,21,58,臺中市,霧峰區,0,1,0,8,3,5,40,4,1,1,5,4,5,7,4,4,10,5,5,2,16,6,3,10,1,1,B03,7,5,1,8,2,8,  ,6,6,1,4,8,B03,24.070883,120.700631,2
2018,12,5,22,6,臺中市,北屯區,0,0,0,8,,,40,,,,,,,,,,,,,,,43,3,  ,  ,  ,B03,  ,  ,1,8,2,  ,  ,43,43,  ,21,  ,B03,24.183566,120.702191,3
2018,12,5,22,9,臺中市,南區,0,2,0,8,3,5,50,14,9,1,5,4,5,7,4,4,5,4,5,2,16,6,2,9,1,1,C03,7,5,1,10,2,14,  ,6,6,1,22,9,C03,24.111328,120.662055,2
2018,12,5,22,12,臺中市,沙鹿區,0,1,0,8,3,5,50,3,1,1,5,4,5,7,4,4,10,5,5,2,16,6,2,9,1,1,C03,7,5,1,10,2,11,  ,6,6,1,2,9,C03,24.238361,120.559983,2
2018,12,5,22,30,臺中市,北屯區,0,2,0,8,3,5,40,4,1,1,5,4,5,7,4,4,10,5,5,2,15,6,2,9,1,1,C03,7,9,1,10,2,11,  ,6,6,1,4,8,C03,24.181773,120.671113,2
2018,12,5,22,30,臺中市,大里區,0,1,0,8,3,5,40,4,1,1,5,4,5,7,3,1,10,5,5,2,17,6,3,10,1,1,B03,7,5,1,8,2,6,  ,6,6,1,9,8,B03,24.113055,120.693611,2
2018,12,5,23,12,臺中市,北區,0,1,0,8,3,5,50,14,7,1,5,4,5,7,4,4,5,4,4,2,17,19,3,10,1,1,B12,7,1,1,8,2,8,  ,19,19,1,22,8,B12,24.161517,120.680968,2
2018,12,5,23,16,臺中市,西區,0,1,0,8,3,5,50,11,7,1,5,4,5,7,4,4,5,5,4,2,18,42,2,9,1,1,C03,7,9,1,10,2,12,  ,42,42,1,21,8,C03,24.153837,120.655158,2
2018,12,5,23,18,臺中市,沙鹿區,0,1,0,8,3,5,50,3,1,1,5,4,5,7,4,4,10,5,5,2,17,6,3,10,1,1,B03,7,5,1,8,2,8,  ,6,6,1,21,8,B03,24.227453,120.57475,2
2018,12,5,23,40,臺中市,南屯區,0,1,0,8,3,5,40,14,9,1,5,4,5,7,4,4,1,4,5,2,17,13,2,9,1,1,B03,7,9,1,8,2,1,  ,13,13,1,21,8,B03,24.147069,120.604497,2
2018,12,6,0,8,臺中市,潭子區,0,0,,8,,,50,,,,,,,,,,,,,,,,,,,,B03,,,1,,2,,,8,,1,22,,B03,24.198397,120.721881,3
2018,12,6,0,20,臺中市,沙鹿區,0,1,0,8,3,5,50,3,20,2,5,4,5,7,1,1,10,5,5,2,14,23,2,8,1,1,C03,7,5,1,15,2,14,  ,23,23,1,18,8,C03,24.22704,120.575767,2
2018,12,6,0,30,臺中市,大雅區,0,1,0,8,3,5,40,4,1,1,5,4,5,7,3,1,10,5,5,2,17,6,3,10,1,1,B03,7,9,1,8,2,7,  ,6,6,1,22,9,B03,24.231367,120.623738,2
2018,12,6,0,52,臺中市,西屯區,0,0,,8,,,50,,,,,,,,,,,,,,,,,,,,B03,,,4,,2,,,23,,1,22,,B03,24.17201,120.651675,3
2018,12,6,3,2,臺中市,北區,0,1,0,8,3,5,50,4,2,1,5,4,5,7,1,1,1,4,4,2,16,25,3,10,1,1,B03,7,9,6,18,11,1,  ,25,25,1,21,8,B03,24.171681,120.67192,2
2018,12,6,3,15,臺中市,龍井區,0,1,0,8,3,5,50,3,1,1,5,4,5,7,4,4,10,5,5,2,17,6,2,9,1,4,C03,7,5,1,10,2,11,  ,14,6,1,18,8,C03,24.180694,120.589147,2
2018,12,6,6,0,臺中市,北屯區,0,1,0,8,2,5,50,3,1,1,5,4,5,7,4,4,10,5,5,2,16,6,3,10,3,4,B12,7,5,4,10,2,1,  ,6,6,1,7,8,B12,24.195286,120.747558,2
2018,12,6,6,40,臺中市,北屯區,0,1,0,8,1,5,50,14,7,1,5,4,5,7,4,4,1,4,4,2,18,23,2,9,1,1,C03,7,9,1,10,2,14,  ,23,23,1,4,8,C03,24.182352,120.702026,2
2018,12,6,6,41,臺中市,沙鹿區,0,2,0,8,1,5,40,14,8,1,5,4,5,7,2,1,10,5,5,2,3,15,2,9,1,1,C03,7,9,1,10,2,11,  ,15,15,1,18,8,C03,24.217143,120.580309,2
2018,12,6,6,53,臺中市,梧棲區,0,0,,8,,,50,,,,,,,,,,,,,,,,,,,,C03,,,1,,2,,,44,  ,  ,  ,,C03,24.248327,120.538432,3
2018,12,6,6,58,臺中市,西屯區,0,0,,8,,,60,,,,,,,,,,,,,,,,,,,,B03,,,1,,2,,,42,,1,22,,B03,24.178388,120.624924,3
2018,12,6,7,3,臺中市,北屯區,0,1,0,8,1,5,50,4,1,1,5,4,5,7,1,1,1,4,4,2,16,27,3,10,1,1,B03,7,6,1,8,2,6,  ,27,27,1,22,8,B03,24.177255,120.66939,2
2018,12,6,7,10,臺中市,龍井區,0,1,0,8,1,5,50,3,1,1,5,4,5,7,4,4,10,5,5,2,16,6,3,10,1,1,B03,7,5,1,8,2,2,  ,6,6,1,22,8,B03,24.19103,120.598867,2
2018,12,6,7,17,臺中市,沙鹿區,0,0,,8,,,50,,,,,,,,,,,,,,,,,,,,B03,,,1,,2,,,26,,1,2,,B03,24.226789,120.575167,3
2018,12,6,7,21,臺中市,北屯區,0,0,0,8,,,50,,,,,,,,,,,,,,,16,  ,  ,  ,  ,B12,  ,  ,1,  ,2,  ,  ,16,16,1,  ,  ,B12,24.16816,120.687057,3
2018,12,6,7,33,臺中市,西區,0,1,0,8,1,5,50,14,9,1,5,4,5,7,4,4,5,2,5,2,14,12,3,10,1,1,B03,7,2,1,8,2,6,  ,12,12,1,5,1,B03,24.140347,120.667046,2
2018,12,6,7,34,臺中市,烏日區,0,1,0,8,1,5,50,4,1,1,5,4,5,7,4,4,10,5,5,2,16,8,3,10,1,1,B01,7,5,1,4,2,1,  ,8,8,1,10,8,B01,24.108022,120.650525,2
2018,12,6,7,34,臺中市,梧棲區,0,0,,8,,,50,,,,,,,,,,,,,,,,,,,,B03,,,1,,2,,,6,,1,2,,B03,24.255149,120.537791,3
2018,12,6,7,34,臺中市,大雅區,0,1,0,8,1,5,40,3,1,1,5,4,5,7,4,4,3,4,4,1,12,19,3,10,1,1,B03,7,1,1,8,2,4,  ,19,19,1,22,9,B03,24.238683,120.632459,2
2018,12,6,7,39,臺中市,西屯區,0,1,0,8,1,5,40,4,1,1,5,4,5,7,4,4,10,5,5,2,18,42,2,8,1,1,C03,7,9,1,10,2,14,  ,42,42,1,21,8,C03,24.177321,120.6632,2
2018,12,6,7,40,臺中市,大甲區,0,1,0,8,1,5,50,14,7,1,5,4,5,7,4,4,5,4,4,1,17,10,3,10,1,1,B03,7,11,1,8,2,4,  ,10,10,1,21,8,B03,24.357956,120.633516,2
2018,12,6,7,43,臺中市,西屯區,0,1,0,8,1,5,40,3,2,1,5,4,5,7,2,1,2,4,4,2,16,43,3,10,3,4,B03,7,6,1,8,2,2,  ,43,43,1,22,8,B03,24.183277,120.61536,2
2018,12,6,7,45,臺中市,南屯區,0,1,0,8,1,5,40,4,1,1,5,4,5,7,4,4,10,5,5,2,15,6,2,8,1,1,C03,7,9,1,10,2,11,  ,6,6,1,22,9,C03,24.142757,120.600157,2
2018,12,6,7,50,臺中市,西屯區,0,1,0,8,1,5,50,4,1,1,5,4,5,7,2,1,10,5,5,2,12,7,3,10,3,4,C03,7,8,1,10,2,13,  ,7,7,1,22,9,C03,24.171476,120.644305,2
2018,12,6,7,52,臺中市,北屯區,0,1,0,8,1,5,50,4,1,1,5,4,5,7,1,1,10,5,5,2,16,6,2,9,1,1,C03,7,9,1,10,2,11,  ,14,6,1,4,1,C03,24.17184,120.687676,2
2018,12,6,7,52,臺中市,大里區,0,0,,8,,,40,,,,,,,,,,,,,,,,,,,,C03,,,1,,2,,,19,,1,12,,C03,24.094283,120.714963,3
2018,12,6,7,53,臺中市,太平區,0,1,0,8,1,5,50,14,7,1,5,4,5,7,4,4,5,4,4,2,12,40,3,10,1,1,B03,7,14,1,8,2,2,  ,40,40,1,4,1,B03,24.151988,120.721045,2
2018,12,6,7,54,臺中市,沙鹿區,0,1,0,8,1,5,40,4,1,1,5,4,5,7,4,4,9,5,5,2,17,6,3,10,1,1,B01,7,9,1,3,2,5,  ,6,6,1,10,8,B01,24.232446,120.556558,2
2018,12,6,7,54,臺中市,大安區,0,0,0,8,,,,,,,,,,,,,,,,,,26,  ,  ,  ,  ,B03,  ,  ,1,  ,2,  ,  ,26,26,1,21,  ,B03,24.335236,120.596016,3
2018,12,6,7,55,臺中市,太平區,0,1,0,8,1,5,50,3,1,1,5,4,5,7,4,4,10,5,5,2,16,6,3,10,1,1,B03,7,6,1,8,2,2,  ,6,6,1,2,8,B03,24.132358,120.723982,2
2018,12,6,8,0,臺中市,大里區,0,1,0,8,1,5,50,4,2,1,5,4,5,7,4,4,10,5,5,2,29,67,  ,  ,  ,  ,   ,  ,  ,  ,  ,  ,  ,  ,67,67,1,  ,  ,   ,24.088075,120.695902,2
2018,12,6,8,0,臺中市,龍井區,0,1,0,8,1,5,40,4,1,1,5,4,5,7,1,1,10,5,5,2,16,25,2,9,1,1,C03,7,9,1,10,2,11,  ,25,25,1,22,8,C03,24.176993,120.576856,2
2018,12,6,8,0,臺中市,大肚區,0,0,,8,,,60,,,,,,,,,,,,,,,,,,,,B03,,,1,,2,,,42,,1,21,,B03,24.154844,120.544651,3
2018,12,6,8,1,臺中市,西區,0,1,0,8,1,5,40,4,1,1,5,4,5,7,1,1,10,5,5,2,16,42,3,10,1,1,B03,7,6,1,8,2,6,  ,42,42,1,21,8,B03,24.155071,120.662595,2
2018,12,6,8,1,臺中市,梧棲區,0,2,0,8,1,5,40,3,1,1,5,4,5,7,1,1,10,5,5,2,16,25,2,9,1,1,C03,7,5,1,10,2,12,  ,25,25,1,5,8,C03,24.241699,120.532531,2
2018,12,6,8,1,臺中市,大雅區,0,1,0,8,1,5,50,14,9,1,5,4,5,7,4,4,5,5,5,1,13,23,3,10,1,1,B03,7,9,1,8,2,1,  ,23,23,1,22,9,B03,24.22032,120.654202,2
2018,12,6,8,10,臺中市,南屯區,0,0,,8,,,50,,,,,,,,,,,,,,,,,,,,B03,,,1,,2,,,7,,1,  ,,B03,24.142225,120.64089,3
2018,12,6,8,12,臺中市,南屯區,0,0,,8,,,40,,,,,,,,,,,,,,,,,,,,F03,,,8,,2,,,23,,1,22,,F03,24.140555,120.640741,3
2018,12,6,8,16,臺中市,北屯區,0,0,0,8,1,5,50,14,9,1,5,4,5,7,2,1,1,3,5,2,13,23,3,10,1,1,B03,7,9,1,8,2,1,  ,23,23,1,  ,8,B03,24.170636,120.698188,3
2018,12,6,8,17,臺中市,北屯區,0,0,,8,,,50,,,,,,,,,,,,,,,,,,,,B03,,,1,,2,,,23,,1,22,,B03,24.182437,120.71537,3
2018,12,6,8,20,臺中市,龍井區,0,3,0,8,1,5,40,4,1,1,5,4,5,7,4,4,10,5,5,2,16,6,2,7,1,1,C03,7,9,1,10,2,12,  ,6,6,1,22,8,C03,24.180553,120.587196,2
2018,12,6,8,21,臺中市,西屯區,0,0,,8,,,60,,,,,,,,,,,,,,,,,,,,B03,,,1,,2,,,23,,1,22,,B03,24.180962,120.619247,3
2018,12,6,8,24,臺中市,太平區,0,1,0,8,1,5,50,3,7,1,5,4,5,7,4,4,5,4,4,2,16,26,3,10,1,1,B12,7,5,1,8,2,6,  ,26,26,1,21,1,B12,24.151699,120.703349,2
2018,12,6,8,25,臺中市,西區,0,1,0,8,1,5,40,3,1,1,5,4,5,7,4,4,1,4,4,2,16,16,2,9,1,1,C03,7,9,1,10,2,11,  ,16,16,1,5,9,C03,24.148355,120.674128,2
2018,12,6,8,25,臺中市,烏日區,0,0,,8,,,60,,,,,,,,,,,,,,,16,,,,,B02,,,1,,2,,,67,16,1,  ,,B02,24.105564,120.620366,3
2018,12,6,8,29,臺中市,北屯區,0,1,0,8,1,5,50,4,1,1,5,4,4,7,1,1,10,5,5,2,13,16,2,9,1,1,C03,7,9,1,10,2,11,  ,16,16,1,21,8,C03,24.194265,120.686471,2
2018,12,6,8,35,臺中市,大甲區,0,1,0,8,1,5,50,14,9,1,5,4,5,7,4,4,9,5,5,1,2,42,3,10,1,1,B12,7,9,1,8,2,15,  ,42,42,1,21,8,B12,24.347516,120.62507,2
2018,12,6,8,36,臺中市,西屯區,0,2,0,8,1,5,50,14,9,1,5,4,5,7,4,4,10,4,5,2,16,23,2,9,1,1,C03,7,9,1,10,2,14,  ,23,23,1,21,8,C03,24.17263,120.663883,2
2018,12,6,8,37,臺中市,太平區,0,1,0,8,1,5,50,14,9,1,5,4,5,7,4,4,9,5,5,2,16,34,3,10,2,1,G03,7,15,1,8,2,8,  ,34,34,1,6,4,G03,24.138991,120.711402,2
2018,12,6,8,39,臺中市,西屯區,0,1,0,8,1,5,50,14,7,1,5,4,5,7,4,4,5,4,4,2,18,42,2,9,3,4,C03,7,9,1,10,2,15,  ,42,42,1,22,8,C03,24.185532,120.623949,2
2018,12,6,8,40,臺中市,梧棲區,0,0,,8,,,50,,,,,,,,,,,,,,,,,,,,B12,,,1,,2,,,18,,1,3,,B12,24.251865,120.529264,3
2018,12,6,8,42,臺中市,北屯區,0,0,,8,,,50,,,,,,,,,,,,,,,,,,,,B03,,,1,,2,,,16,,1,  ,,B03,24.201347,120.678404,3
2018,12,6,8,45,臺中市,南區,0,0,,8,,,50,,,,,,,,,,,,,,,,,,,,B03,,,1,,2,,,23,,1,22,,B03,24.122374,120.659849,3
2018,12,6,8,46,臺中市,西屯區,0,1,0,8,1,5,50,3,1,1,5,4,5,7,1,1,5,5,5,2,16,6,3,10,3,4,C03,7,6,6,18,2,13,  ,6,6,1,22,9,C03,24.171873,120.636943,2
2018,12,6,8,52,臺中市,神岡區,0,0,,8,,,50,,,,,,,,,,,,,,,,,,,,B03,,,1,,2,,,17,,1,21,,B03,24.264407,120.676829,3
2018,12,6,9,1,臺中市,西屯區,0,1,0,8,1,5,50,14,7,1,5,4,5,7,4,4,10,4,4,2,16,7,2,9,1,1,C03,7,9,1,10,2,12,  ,13,7,1,22,8,C03,24.177434,120.66684,2
2018,12,6,9,7,臺中市,大雅區,0,0,,8,,,40,,,,,,,,,,,,,,,,,,,,B12,,,1,,1,,,23,,1,22,,B12,24.208771,120.641866,4
2018,12,6,9,9,臺中市,西屯區,0,0,,8,,,50,,,,,,,,,,,,,,,,,,,,B03,,,1,,2,,,12,,1,  ,,B03,24.164789,120.654265,3
2018,12,6,9,10,臺中市,大里區,0,0,,8,,,50,,,,,,,,,,,,,,,,,,,,C03,,,1,,2,,,23,,1,21,,C03,24.097712,120.719051,3