年,月,日,時,分,縣市,區,死,受傷,2-30,天候,光線,道路類別,速限,道路型態,事故位置,路面鋪裝,路面狀態,路面缺陷,障礙物,視距,號誌種類,號誌動作,分向設施,快車道或一般車道間,快慢車道間,路面邊線,事故類型及型態,主要肇因,受傷程度,主要傷處,保護裝備,行動電話,當事者區分_類別,車輛用途,當事者行動狀態,駕駛資格情形,駕駛執照種類,飲酒情形,車輛撞擊部位最初,車輛撞擊部位其他,肇事因素個別,肇事因素主要,肇事逃逸,職業,旅次目的,車種,GPS座標X,GPS座標Y,事故類別
2018,12,6,9,11,臺中市,南屯區,0,0,,8,,,40,,,,,,,,,,,,,,,,,,,,B12,,,1,,2,,,23,,1,22,,B12,24.147071,120.623046,3
2018,12,6,9,16,臺中市,東區,0,1,0,8,1,5,50,14,9,1,5,4,5,7,4,4,5,5,5,2,17,43,2,9,1,1,C03,7,9,1,10,2,11,  ,43,43,1,5,8,C03,24.129131,120.699483,2
2018,12,6,9,17,臺中市,后里區,0,0,,8,,,50,,,,,,,,,,,,,,,,,,,,,,,,,,,,,,,,,,24.315935,120.677956,3
2018,12,6,9,26,臺中市,西屯區,0,2,0,8,1,5,40,14,8,1,5,4,5,7,4,4,5,4,5,2,3,23,2,9,1,1,C03,7,9,1,10,2,15,  ,23,23,1,22,9,C03,24.185067,120.625093,2
2018,12,6,9,27,臺中市,西屯區,0,1,0,8,1,5,50,3,1,1,5,4,5,7,1,1,5,5,5,2,16,8,2,9,1,1,C03,7,5,1,10,2,14,  ,8,8,1,21,8,C03,24.170595,120.61093,2
2018,12,6,9,28,臺中市,烏日區,0,1,0,8,1,5,50,4,1,1,5,4,5,7,1,1,5,5,5,1,16,43,3,10,1,1,A12,7,9,1,3,2,4,  ,43,43,1,22,8,A12,24.110178,120.627608,2
2018,12,6,9,30,臺中市,潭子區,0,1,0,8,1,5,50,5,1,1,5,4,5,7,3,1,5,5,5,2,15,19,3,10,1,1,C03,7,1,1,10,2,11,  ,19,19,1,22,9,C03,24.215522,120.705984,2
2018,12,6,9,33,臺中市,北屯區,0,0,0,8,1,7,80,14,9,1,5,4,5,7,4,4,1,3,5,2,12,23,3,10,1,1,B03,7,9,1,8,2,4,  ,23,23,1,21,8,B03,24.182378,120.721646,3
2018,12,6,9,50,臺中市,大肚區,0,0,,8,,,50,,,,,,,,,,,,,,,,,,,,B03,,,1,,2,,,42,,1,21,,B03,24.155851,120.547926,3
2018,12,6,9,52,臺中市,西屯區,0,0,,8,,,50,,,,,,,,,,,,,,,,,,,,B03,,,1,,2,,,26,,1,22,,B03,24.170828,120.640527,3
2018,12,6,9,55,臺中市,潭子區,0,0,,8,1,5,50,3,2,1,5,4,5,7,4,4,5,5,5,1,14,,,,,,B12,,,1,,2,,,12,,1,22,,B12,24.22002,120.70816,3
2018,12,6,10,0,臺中市,北區,0,1,0,8,1,5,40,14,8,1,5,4,5,7,4,4,5,4,4,2,17,17,2,9,1,1,C03,7,9,1,10,2,14,  ,17,17,1,22,9,C03,24.156038,120.679288,2
2018,12,6,10,10,臺中市,西區,0,1,0,8,1,5,50,4,1,1,5,4,5,7,2,1,10,5,5,2,17,23,3,10,1,1,C03,7,9,1,10,2,14,  ,23,23,1,5,7,C03,24.148845,120.652905,2
2018,12,6,10,12,臺中市,西區,0,2,0,8,1,5,40,5,1,1,5,4,5,7,1,1,5,5,5,1,16,9,2,9,1,1,C03,7,6,1,10,2,12,  ,9,9,1,21,8,C03,24.145564,120.658684,2
2018,12,6,10,20,臺中市,大甲區,0,1,0,8,1,5,70,3,1,1,5,4,5,7,4,4,10,5,5,2,16,6,3,10,1,1,A41,7,11,1,3,2,4,  ,6,6,1,10,9,A41,24.408215,120.643233,2
2018,12,6,10,27,臺中市,西屯區,0,0,,8,,,50,,,,,,,,,,,,,,,,,,,,B03,,,1,,2,,,16,,1,22,,B03,24.175296,120.666895,3
2018,12,6,10,42,臺中市,北屯區,0,0,,8,,,50,,,,,,,,,,,,,,,,,,,,B12,,,1,,2,,,19,,1,  ,,B12,24.173487,120.6894,3
2018,12,6,10,46,臺中市,太平區,0,0,,8,,,50,,,,,,,,,,,,,,,,,,,,B03,,,1,,2,,,6,,1,6,,B03,24.15823,120.718891,3
2018,12,6,10,50,臺中市,大安區,0,0,0,8,1,6,40,14,9,1,5,4,5,7,4,4,9,4,5,1,16,43,3,10,1,1,B03,7,9,1,8,2,2,  ,43,43,1,3,1,B03,24.346518,120.585936,3
2018,12,6,10,52,臺中市,太平區,0,1,0,8,1,5,50,3,1,1,5,4,5,7,4,4,10,5,5,2,16,6,3,10,1,1,B03,7,5,1,8,2,1,  ,6,6,1,21,8,B03,24.101773,120.716854,2
2018,12,6,10,52,臺中市,大雅區,0,1,0,8,1,5,50,3,22,1,5,4,5,7,4,4,1,4,4,1,16,6,3,10,1,1,B12,7,6,1,8,2,2,  ,6,6,1,22,9,B12,24.217987,120.646372,2
2018,12,6,10,56,臺中市,南屯區,0,0,,8,,,40,,,,,,,,,,,,,,,,,,,,B02,,,1,,2,,,12,,1,  ,,B02,24.139436,120.620645,3
2018,12,6,10,56,臺中市,大里區,0,2,0,8,1,5,40,14,9,1,5,4,5,7,3,1,9,5,4,1,17,8,2,9,4,5,F01,7,5,8,20,2,16,  ,8,8,1,20,8,F01,24.080201,120.696421,2
2018,12,6,10,57,臺中市,烏日區,0,0,,8,,,50,,,,,,,,,,,,,,,,,,,,B03,,,1,,2,,,12,,1,20,,B03,24.106128,120.626323,4
2018,12,6,11,6,臺中市,神岡區,0,0,,8,,,60,,,,,,,,,,,,,,,,,,,,B12,,,1,,1,,,7,,1,21,,B12,24.273885,120.665028,3
2018,12,6,11,13,臺中市,大肚區,0,0,,8,,,60,,,,,,,,,,,,,,,,,,,,B12,,,1,,2,,,23,,1,22,,B12,24.172395,120.582428,3
2018,12,6,11,14,臺中市,北屯區,0,1,0,8,1,5,50,4,1,1,5,4,5,7,1,1,10,5,5,2,15,25,2,9,1,1,C03,7,9,1,10,2,11,  ,25,25,1,21,8,C03,24.173103,120.687827,2
2018,12,6,11,14,臺中市,北屯區,0,1,0,8,1,5,50,14,7,1,5,4,3,7,4,4,5,5,4,2,17,23,2,9,1,1,C03,7,9,1,10,2,12,  ,23,23,1,21,8,C03,24.170593,120.692353,2
2018,12,6,11,15,臺中市,東區,0,1,0,8,1,5,50,14,9,1,5,4,5,7,4,4,1,4,5,2,12,16,2,2,1,1,B03,7,9,1,8,2,1,  ,16,16,1,22,8,B03,24.142105,120.71067,2
2018,12,6,11,23,臺中市,西區,0,1,0,8,1,5,50,4,1,1,5,4,5,7,1,1,10,5,5,2,16,25,3,10,1,1,B01,7,9,1,4,2,8,  ,25,25,1,10,9,B01,24.14887,120.673621,2
2018,12,6,11,29,臺中市,北屯區,0,0,,8,,,50,,,,,,,,,,,,,,,,,,,,A02,,,1,,2,,,23,,1,10,,A02,24.16712,120.720676,3
2018,12,6,11,32,臺中市,西屯區,0,0,0,8,,,40,,,,,,,,,,,,,,,42,  ,  ,  ,  ,B03,  ,  ,1,  ,2,  ,  ,42,42,1,  ,  ,B03,24.162145,120.650113,3
2018,12,6,11,33,臺中市,外埔區,0,0,,8,,,50,,,,,,,,,,,,,,,,,,,,B12,,,1,,2,,,12,,1,4,,B12,24.342348,120.637575,3
2018,12,6,11,35,臺中市,大里區,0,0,,8,,,50,,,,,,,,,,,,,,,,,,,,B03,,,1,,2,,,23,,1,21,,B03,24.103196,120.684667,3
2018,12,6,11,40,臺中市,龍井區,0,0,,8,,,60,,,,,,,,,,,,,,,,,,,,B03,,,3,,2,,,23,,1,22,,B03,24.18637,120.577651,3
2018,12,6,11,45,臺中市,大肚區,0,1,0,8,1,5,50,3,1,1,5,4,5,7,4,4,10,5,5,2,14,12,3,10,1,1,B03,7,2,1,6,2,3,  ,12,12,1,21,8,B03,24.151994,120.543475,2
2018,12,6,11,54,臺中市,梧棲區,0,0,,8,,,40,,,,,,,,,,,,,,,,,,,,C03,,,3,,2,,,6,,1,12,,C03,24.254892,120.530101,3
2018,12,6,11,55,臺中市,新社區,0,0,0,,,,40,,,,,,,,,,,,,,,19,  ,  ,  ,  ,B03,  ,  ,1,  ,2,  ,  ,19,19,1,  ,  ,B03,24.208671,120.803151,3
2018,12,6,12,1,臺中市,南區,0,1,0,8,1,5,50,4,1,1,5,4,5,7,4,4,10,5,5,2,15,6,3,10,1,1,B03,7,9,1,8,2,5,  ,6,6,1,21,8,B03,24.130463,120.682084,2
2018,12,6,12,4,臺中市,大雅區,0,2,0,8,1,5,50,3,1,1,5,4,5,7,4,4,10,5,5,2,16,1,2,9,1,1,C03,7,4,1,10,2,11,  ,1,1,1,22,9,C03,24.220897,120.645936,2
2018,12,6,12,8,臺中市,大里區,0,0,,8,,,50,,,,,,,,,,,,,,,44,,,,,B03,,,1,,2,,,26,44,1,18,,B03,24.096353,120.701566,3
2018,12,6,12,9,臺中市,北區,0,2,0,8,1,5,50,3,1,1,5,4,5,7,4,4,10,5,5,2,12,6,2,9,3,4,C03,7,5,1,10,2,12,  ,6,6,1,5,8,C03,24.15533,120.685863,2
2018,12,6,12,15,臺中市,神岡區,0,0,0,8,,,50,,,,,,,,,,,,,,,17,  ,  ,  ,  ,B03,  ,  ,1,  ,2,  ,  ,17,17,1,22,  ,B03,24.269238,120.65671,4
2018,12,6,12,18,臺中市,大里區,0,0,,8,,,40,,,,,,,,,,,,,,,,,,,,B03,,,7,,11,,,43,,1,  ,,B03,24.111047,120.696538,3
2018,12,6,12,22,臺中市,西屯區,0,2,0,8,1,5,50,15,8,1,5,4,5,7,1,1,4,4,4,2,17,43,2,9,1,1,C03,7,11,1,10,2,11,  ,43,43,1,22,9,C03,24.178413,120.650274,2
2018,12,6,12,29,臺中市,北屯區,0,1,0,8,1,5,50,4,1,1,5,4,5,7,3,1,10,5,5,2,15,6,2,9,1,1,B03,7,9,1,8,2,5,  ,6,6,1,22,8,B03,24.17027,120.715837,2
2018,12,6,12,36,臺中市,西屯區,0,1,0,8,1,5,60,4,1,1,5,4,5,7,1,1,1,5,5,2,16,26,3,10,1,1,B12,7,6,1,8,2,2,  ,26,26,1,22,8,B12,24.201407,120.644142,2
2018,12,6,12,48,臺中市,北屯區,0,0,0,8,,,50,,,,,,,,,,,,,,,16,  ,  ,  ,  ,B12,  ,  ,1,  ,2,  ,  ,16,16,1,5,  ,B12,24.196123,120.747696,3
2018,12,6,12,50,臺中市,大甲區,0,1,0,8,1,5,50,4,1,1,5,4,5,7,1,1,10,5,5,2,17,8,2,9,1,1,C03,7,5,2,18,2,14,  ,8,8,1,22,9,C03,24.34225,120.61606,2
2018,12,6,12,57,臺中市,太平區,0,1,0,8,1,5,50,4,9,1,5,4,5,7,1,1,4,3,5,1,16,9,2,9,1,1,C03,7,5,1,10,2,12,  ,43,9,1,21,1,C03,24.128724,120.717759,2
2018,12,6,13,0,臺中市,梧棲區,0,1,0,8,1,5,40,14,9,1,5,4,5,7,4,4,10,5,5,2,16,19,3,10,1,1,C03,7,1,1,10,2,12,  ,19,19,1,12,3,C03,24.230279,120.533539,2
2018,12,6,13,4,臺中市,南屯區,0,0,,8,,,60,,,,,,,,,,,,,,,,,,,,B03,,,1,,2,,,23,,1,22,,B03,24.153826,120.62412,3
2018,12,6,13,4,臺中市,大甲區,0,1,0,8,1,5,50,4,2,1,5,4,5,7,1,1,5,5,5,2,17,19,3,10,1,1,C03,7,1,1,10,2,14,  ,19,19,1,5,9,C03,24.342241,120.622591,2
2018,12,6,13,10,臺中市,大里區,0,0,,8,,,40,,,,,,,,,,,,,,,,,,,,C03,,,1,,2,,,6,,1,21,,C03,24.094723,120.706187,3
2018,12,6,13,18,臺中市,西區,0,0,0,8,,,50,,,,,,,,,,,,,,,23,3,  ,  ,  ,B03,  ,  ,1,  ,2,  ,  ,23,23,1,21,  ,B03,24.15683,120.656986,3
2018,12,6,13,25,臺中市,南屯區,0,1,0,8,1,5,40,5,1,1,5,4,5,7,2,1,10,5,5,2,16,7,3,10,1,1,B03,7,10,1,8,2,2,  ,7,7,1,22,9,B03,24.150633,120.612307,2
2018,12,6,13,30,臺中市,南屯區,0,0,0,8,,,40,,,,,,,,,,,,,,,,3,  ,  ,  ,B12,  ,  ,1,  ,2,  ,  ,23,  ,1,22,  ,B12,24.138503,120.610847,3
2018,12,6,13,33,臺中市,南屯區,0,1,0,8,1,5,50,4,1,1,5,4,5,7,4,4,10,5,5,2,17,13,2,9,1,1,C03,7,9,1,10,2,14,  ,13,13,1,22,9,C03,24.146879,120.64079,2
2018,12,6,13,36,臺中市,北區,0,1,0,8,1,5,50,14,7,1,5,4,5,7,4,4,4,3,4,2,12,26,3,10,3,4,B03,7,11,1,2,2,4,  ,26,26,1,5,8,B03,24.16691,120.672744,2
2018,12,6,13,37,臺中市,南屯區,0,0,0,8,1,5,50,4,1,1,5,4,5,7,1,1,10,5,5,2,16,6,3,10,1,1,B11,7,5,1,4,2,2,  ,6,6,1,22,8,B11,24.136307,120.606907,3
2018,12,6,13,44,臺中市,中區,0,1,0,8,1,5,50,4,2,1,5,4,5,7,1,1,10,5,5,2,3,42,3,10,1,1,A05,7,6,1,2,2,5,  ,42,42,1,10,9,A05,24.139256,120.684406,2
2018,12,6,13,44,臺中市,外埔區,0,1,0,8,1,5,50,11,9,1,5,4,5,7,4,4,5,5,5,1,21,23,2,9,1,1,C03,7,9,1,10,2,11,  ,23,23,1,22,9,C03,24.330538,120.635673,2
2018,12,6,13,46,臺中市,西區,0,0,,8,,,50,,,,,,,,,,,,,,,,,,,,A12,,,1,,2,,,23,,1,5,,A12,24.14439,120.664009,3
2018,12,6,13,47,臺中市,西區,0,1,0,8,1,5,50,3,1,1,5,4,5,7,4,4,10,5,5,2,17,23,3,10,1,1,B03,7,5,1,6,2,1,  ,23,23,1,21,8,B03,24.136931,120.679105,2
2018,12,6,13,50,臺中市,大里區,0,1,0,8,1,5,50,4,1,1,5,4,5,7,4,4,10,5,5,2,15,6,2,9,1,1,C03,7,9,1,10,2,12,  ,6,6,1,21,8,C03,24.102832,120.676339,2
2018,12,6,13,55,臺中市,大雅區,0,0,,8,,,40,,,,,,,,,,,,,,,,,,,,B11,,,1,,2,,,19,,1,  ,,B11,24.234295,120.648618,3
2018,12,6,14,0,臺中市,西屯區,0,3,0,8,1,5,50,4,1,1,5,4,5,7,2,1,10,5,5,2,16,25,3,10,3,4,B02,7,9,1,8,2,1,  ,25,25,1,22,9,B02,24.179458,120.634546,2
2018,12,6,14,5,臺中市,西屯區,0,0,0,8,,,50,,,,,,,,,,,,,,,42,  ,  ,  ,  ,B03,  ,  ,1,  ,2,  ,  ,42,42,1,21,  ,B03,24.179893,120.634436,3
2018,12,6,14,9,臺中市,西屯區,0,0,,8,,,50,,,,,,,,,,,,,,,,,,,,A21,,,1,,2,,,17,,1,  ,,A21,24.201027,120.658919,3
2018,12,6,14,10,臺中市,太平區,0,1,0,8,1,5,40,4,1,1,5,4,5,7,1,1,5,5,5,2,16,6,3,10,1,1,B03,7,5,1,8,2,8,  ,6,6,1,19,5,B03,24.151401,120.716835,2
2018,12,6,14,14,臺中市,東區,0,0,0,8,,,50,,,,,,,,,,,,,,,,  ,  ,  ,  ,C03,  ,  ,1,  ,2,  ,  ,6,  ,1,  ,  ,C03,24.132251,120.689738,3
2018,12,6,14,14,臺中市,南屯區,0,1,0,8,1,5,40,14,7,1,5,4,5,7,4,4,5,5,4,2,12,7,2,9,1,1,C03,7,7,1,10,2,14,  ,7,7,1,22,8,C03,24.152424,120.632679,2
2018,12,6,14,18,臺中市,東勢區,0,1,0,8,1,5,70,14,8,1,5,4,5,7,4,4,1,4,4,1,13,23,2,9,1,1,C03,7,9,1,10,2,11,14,23,23,1,22,8,C03,24.232862,120.836092,2
2018,12,6,14,19,臺中市,沙鹿區,0,1,0,8,1,5,40,15,9,1,5,4,5,7,4,4,10,5,5,2,11,43,2,9,1,1,C03,7,9,1,10,2,14,  ,43,43,1,21,8,C03,24.224235,120.577289,2
2018,12,6,14,20,臺中市,太平區,0,1,0,8,1,5,50,4,1,1,5,4,5,7,1,1,10,5,5,2,16,38,2,9,1,1,C03,7,14,1,10,2,11,  ,38,38,1,4,8,C03,24.121702,120.709703,2
2018,12,6,14,22,臺中市,南屯區,0,0,,8,,,50,,,,,,,,,,,,,,,,,,,,A31,,,1,,2,,,7,,1,10,,A31,24.141445,120.640391,3
2018,12,6,14,26,臺中市,北區,0,0,0,8,,,50,,,,,,,,,,,,,,,26,  ,  ,  ,  ,B03,  ,  ,1,  ,2,  ,  ,26,26,1,19,  ,B03,24.155744,120.681501,3
2018,12,6,14,34,臺中市,烏日區,0,1,0,8,1,5,30,5,1,4,5,2,1,7,1,1,10,5,5,2,16,23,3,10,1,1,C03,7,9,1,10,2,11,  ,23,23,1,18,8,C03,24.117851,120.608051,2
2018,12,6,14,40,臺中市,潭子區,0,0,,8,,,50,,,,,,,,,,,,,,,,,,,,B03,,,1,,2,,,16,,1,22,,B03,24.211396,120.689949,3
2018,12,6,14,40,臺中市,潭子區,0,0,,8,,,40,,,,,,,,,,,,,,,,,,,,B03,,,1,,2,,,42,,1,22,,B03,24.224225,120.721311,3
2018,12,6,14,41,臺中市,大雅區,0,0,,8,,,40,,,,,,,,,,,,,,,,,,,,B12,,,1,,2,,,5,,1,21,,B12,24.213384,120.633464,3
2018,12,6,15,9,臺中市,南屯區,0,0,,8,,,50,,,,,,,,,,,,,,,,,,,,B12,,,1,,2,,,23,,1,  ,,B12,24.142397,120.64646,3
2018,12,6,15,9,臺中市,北屯區,0,1,0,8,1,5,40,3,1,1,5,4,5,7,4,4,10,5,5,2,3,23,3,10,1,1,C03,7,9,1,10,2,11,  ,23,23,1,22,8,C03,24.171247,120.706955,2
2018,12,6,15,10,臺中市,北區,0,0,0,8,,,50,,,,,,,,,,,,,,,38,  ,  ,  ,  ,C03,  ,  ,6,  ,2,  ,  ,23,38,1,22,  ,C03,24.1533,120.6824,3
2018,12,6,15,13,臺中市,南屯區,0,2,0,8,1,5,50,4,1,1,5,4,5,7,1,1,10,5,5,2,16,6,2,9,1,1,C03,7,5,1,10,2,11,  ,6,6,1,22,8,C03,24.149949,120.649779,2
2018,12,6,15,17,臺中市,西屯區,0,0,0,8,,,25,,,,,,,,,,,,,,,7,  ,  ,  ,  ,A12,  ,  ,1,  ,2,  ,  ,7,7,1,10,  ,A12,24.200321,120.64839,3
2018,12,6,15,18,臺中市,沙鹿區,0,1,0,8,1,5,40,3,8,1,5,4,5,7,4,4,1,4,1,2,16,6,3,10,1,1,B03,7,6,1,8,2,4,  ,6,6,1,21,8,B03,24.224346,120.577889,2
2018,12,6,15,19,臺中市,東區,0,0,0,8,1,5,50,3,2,1,5,4,5,7,4,4,10,5,5,2,17,23,3,10,1,1,B01,7,15,1,8,2,6,  ,23,23,1,21,8,B01,24.141132,120.692143,3
2018,12,6,15,20,臺中市,東區,0,1,0,8,1,5,50,4,2,1,5,4,5,7,1,1,5,4,5,2,17,8,3,10,1,1,B12,7,5,1,8,2,8,  ,8,8,1,5,8,B12,24.13527,120.688491,2
2018,12,6,15,27,臺中市,北區,0,0,,8,,,50,,,,,,,,,,,,,,,,,,,,B03,,,1,,2,,,26,,1,22,,B03,24.15293,120.687265,3
2018,12,6,15,30,臺中市,清水區,0,0,,8,,,50,,,,,,,,,,,,,,,,,,,,G06,,,7,,11,,,43,,  ,  ,,G06,24.265238,120.560348,3
2018,12,6,15,35,臺中市,南屯區,0,2,0,8,1,5,50,4,1,1,5,4,5,7,1,1,10,5,5,2,15,25,2,9,1,1,C04,7,9,1,10,2,12,  ,25,25,1,22,8,C04,24.14684,120.643781,2
2018,12,6,15,36,臺中市,大雅區,0,1,0,8,1,5,50,14,8,1,5,4,5,7,4,4,5,4,5,1,12,7,2,9,1,1,C03,7,7,1,10,2,14,  ,7,7,1,22,9,C03,24.230468,120.656474,2
2018,12,6,15,40,臺中市,西區,0,2,0,8,1,5,50,5,1,1,5,4,5,7,1,1,10,5,5,2,17,19,2,9,1,1,C03,7,1,1,10,2,11,  ,19,19,1,8,9,C03,24.15362,120.670261,2
2018,12,6,15,40,臺中市,沙鹿區,0,1,0,8,1,5,40,14,7,1,5,4,5,7,4,4,8,5,4,2,16,10,3,10,1,1,B03,7,11,1,8,2,4,  ,10,10,1,5,9,B03,24.226427,120.57541,2
2018,12,6,15,48,臺中市,霧峰區,0,0,,8,,,40,,,,,,,,,,,,,,,,,,,,B03,,,1,,4,,,23,,1,21,,B03,24.06829,120.662368,3
2018,12,6,15,56,臺中市,南屯區,0,0,,8,,,50,,,,,,,,,,,,,,,,,,,,B03,,,1,,2,,,42,,1,20,,B03,24.150896,120.633418,3
2018,12,6,16,0,臺中市,西屯區,0,2,0,8,1,5,50,14,9,1,5,4,4,7,1,1,1,4,5,2,13,16,2,9,1,1,C03,7,9,1,10,2,11,  ,16,16,1,12,8,C03,24.198194,120.651507,2
2018,12,6,16,20,臺中市,大里區,0,0,,8,,,40,,,,,,,,,,,,,,,,,,,,   ,,,7,,11,,,43,,1,  ,,   ,24.109632,120.69559,3
2018,12,6,16,20,臺中市,龍井區,0,2,0,8,1,5,50,3,1,1,5,4,5,7,4,4,10,5,5,2,12,26,2,9,1,1,C03,7,9,1,10,2,12,  ,26,26,1,21,8,C03,24.190929,120.592991,2
2018,12,6,16,27,臺中市,北區,0,2,0,8,1,5,50,4,1,1,5,4,5,7,4,4,10,5,5,2,15,6,2,9,1,1,C03,7,9,1,10,2,12,  ,6,6,1,22,8,C03,24.1698,120.6779,2
2018,12,6,16,27,臺中市,大里區,0,0,,8,,,60,,,,,,,,,,,,,,,44,,,,,B03,,,1,,2,,,7,44,1,21,,B03,24.100633,120.691481,3
2018,12,6,16,32,臺中市,南區,0,1,0,8,1,5,50,14,9,1,5,4,5,7,4,4,3,4,5,2,12,6,2,9,1,1,C03,7,9,1,10,2,14,  ,6,6,1,21,8,C03,24.131386,120.676929,2
2018,12,6,16,45,臺中市,西屯區,0,0,,8,,,50,,,,,,,,,,,,,,,,,,,,B03,,,1,,2,,,16,,1,22,,B03,24.177,120.639273,3
2018,12,6,16,45,臺中市,大雅區,0,2,0,8,1,5,50,4,1,1,5,4,5,7,1,1,3,4,5,1,16,6,4,11,1,1,B03,7,15,1,8,2,8,  ,6,6,1,21,8,B03,24.216209,120.649287,2
2018,12,6,16,45,臺中市,大雅區,0,1,0,8,2,5,40,4,1,1,5,4,5,7,3,1,10,5,5,2,17,6,2,9,1,1,C03,7,5,3,18,2,14,  ,6,6,1,22,9,C03,24.209404,120.644296,2
2018,12,6,16,49,臺中市,大甲區,0,0,0,,,,,,,,,,,,,,,,,,,23,  ,  ,  ,  ,B12,  ,  ,1,  ,2,  ,  ,23,23,1,22,  ,B12,24.362934,120.639272,4
2018,12,6,16,50,臺中市,霧峰區,0,0,,8,,,40,,,,,,,,,,,,,,,,,,,,A41,,,1,,2,,,19,,1,22,,A41,24.079228,120.657527,3
2018,12,6,16,54,臺中市,北區,0,1,0,8,1,5,50,4,1,1,5,4,5,7,1,1,10,5,5,2,16,42,3,10,1,1,B03,7,5,1,8,2,8,  ,42,42,1,22,8,B03,24.169966,120.675711,2
2018,12,6,16,55,臺中市,南區,0,0,0,8,,,50,,,,,,,,,,,,,,,23,3,  ,  ,  ,B03,  ,  ,1,  ,2,  ,  ,23,23,  ,5,  ,B03,24.119148,120.650608,3
2018,12,6,17,5,臺中市,大里區,0,0,,8,,,40,,,,,,,,,,,,,,,,,,,,B03,,,1,,2,,,16,,1,21,,B03,24.09649,120.667118,3
2018,12,6,17,6,臺中市,東區,0,0,,8,,,50,,,,,,,,,,,,,,,,,,,,   ,,,7,,11,,,67,,1,  ,,   ,24.131333,120.705236,3
2018,12,6,17,7,臺中市,西屯區,0,0,,8,,,50,,,,,,,,,,,,,,,44,,,,,B03,,,1,,2,,,23,,1,22,,B03,24.167751,120.638378,3
2018,12,6,17,8,臺中市,新社區,0,0,0,8,,,40,,,,,,,,,,,,,,,6,  ,  ,  ,  ,B03,  ,  ,1,  ,2,  ,  ,6,6,1,21,  ,B03,24.195211,120.809763,3
2018,12,6,17,13,臺中市,西屯區,0,1,0,8,1,5,50,4,1,1,5,4,5,7,2,1,5,5,5,2,12,9,3,10,1,1,B03,7,6,1,8,2,5,  ,9,9,1,22,8,B03,24.189139,120.615575,2
2018,12,6,17,15,臺中市,大里區,0,1,0,8,3,5,50,14,9,1,5,4,5,7,4,4,9,5,5,1,17,9,3,10,1,1,B03,7,6,1,4,2,6,  ,9,9,1,21,8,B03,24.105625,120.69813,2
2018,12,6,17,25,臺中市,西區,0,0,0,8,,,50,,,,,,,,,,,,,,,12,3,  ,  ,  ,B12,  ,  ,1,  ,2,  ,  ,12,12,1,21,  ,B12,24.147321,120.653026,3
2018,12,6,17,28,臺中市,西區,0,1,0,8,1,5,50,3,1,1,5,4,5,7,1,1,10,5,5,2,16,25,3,10,1,1,B03,7,5,1,8,2,2,  ,25,25,1,21,8,B03,24.144657,120.657261,2
2018,12,6,17,29,臺中市,太平區,0,1,0,8,3,5,50,14,9,1,5,4,5,7,4,4,4,5,5,1,13,16,3,10,1,1,C03,7,9,1,10,2,11,  ,16,16,1,5,7,C03,24.147896,120.715738,2
2018,12,6,17,30,臺中市,大里區,0,1,0,8,1,5,50,3,1,1,5,4,5,7,4,4,10,5,5,2,13,23,3,10,1,1,C03,7,9,1,10,2,11,  ,23,23,1,21,8,C03,24.108808,120.69172,2
2018,12,6,17,32,臺中市,東區,0,1,0,8,3,5,50,4,1,1,5,4,5,7,4,4,10,5,5,2,1,10,3,10,1,1,B03,7,11,1,8,2,5,  ,10,10,1,5,8,B03,24.144528,120.703596,2
2018,12,6,17,32,臺中市,北屯區,0,0,0,8,,,50,,,,,,,,,,,,,,,6,  ,  ,  ,  ,B12,  ,  ,6,  ,2,  ,  ,6,6,1,  ,  ,B12,24.162799,120.719191,3
2018,12,6,17,35,臺中市,北屯區,0,0,0,8,,,50,,,,,,,,,,,,,,,1,  ,  ,  ,  ,B03,  ,  ,1,  ,2,  ,  ,1,1,1,10,  ,B03,24.180443,120.682533,3
2018,12,6,17,35,臺中市,龍井區,0,0,,8,,,50,,,,,,,,,,,,,,,,,,,,B03,,,1,,2,,,10,,1,4,,B03,24.183786,120.530361,3
2018,12,6,17,38,臺中市,西屯區,0,1,0,8,3,5,50,14,7,1,5,4,5,7,4,4,9,5,4,2,12,23,3,10,1,1,B03,7,6,1,8,2,6,  ,9,23,1,22,8,B03,24.190775,120.614281,2
2018,12,6,17,40,臺中市,大里區,0,0,,8,,,50,,,,,,,,,,,,,,,,,,,,B03,,,1,,2,,,26,,1,5,,B03,24.115204,120.674365,3
2018,12,6,17,40,臺中市,梧棲區,0,2,0,8,3,5,50,14,9,1,5,4,5,7,4,4,9,5,5,2,12,23,2,9,1,1,C03,7,9,1,10,2,12,  ,23,23,1,2,9,C03,24.263848,120.53544,2
2018,12,6,17,40,臺中市,潭子區,0,0,,8,,,60,,,,,,,,,,,,,,,,,,,,B03,,,1,,2,,,26,,1,22,,B03,24.207003,120.705008,3
2018,12,6,17,41,臺中市,大里區,0,0,,8,,,50,,,,,,,,,,,,,,,,,,,,B03,,,1,,2,,,18,,1,21,,B03,24.115381,120.679471,3
2018,12,6,17,43,臺中市,北屯區,0,0,,8,,,50,,,,,,,,,,,,,,,,,,,,B03,,,1,,2,,,7,,1,22,,B03,24.203451,120.686445,3
2018,12,6,17,45,臺中市,南屯區,0,0,0,8,3,5,50,14,7,1,5,4,5,7,1,,5,5,4,,12,42,3,10,1,1,B03,7,9,1,8,2,7,  ,42,42,1,22,8,B03,24.14871,120.637607,3