年,月,日,時,分,縣市,區,死,受傷,2-30,天候,光線,道路類別,速限,道路型態,事故位置,路面鋪裝,路面狀態,路面缺陷,障礙物,視距,號誌種類,號誌動作,分向設施,快車道或一般車道間,快慢車道間,路面邊線,事故類型及型態,主要肇因,受傷程度,主要傷處,保護裝備,行動電話,當事者區分_類別,車輛用途,當事者行動狀態,駕駛資格情形,駕駛執照種類,飲酒情形,車輛撞擊部位最初,車輛撞擊部位其他,肇事因素個別,肇事因素主要,肇事逃逸,職業,旅次目的,車種,GPS座標X,GPS座標Y,事故類別
2018,12,7,9,40,臺中市,中區,0,1,0,8,1,5,50,4,1,1,5,4,5,7,3,1,10,5,5,2,15,6,2,8,1,1,C03,7,9,1,10,2,11,  ,6,6,1,5,1,C03,24.142812,120.675788,2
2018,12,7,9,40,臺中市,東區,0,1,0,8,1,5,50,4,1,1,5,4,5,7,1,1,10,5,5,2,17,26,3,10,1,1,B03,7,9,1,8,2,2,  ,26,26,1,22,8,B03,24.140075,120.69645,2
2018,12,7,9,43,臺中市,西屯區,0,0,,8,,,50,,,,,,,,,,,,,,,,,,,,B03,,,1,,2,,,17,,1,22,,B03,24.181763,120.616621,3
2018,12,7,9,49,臺中市,后里區,0,1,0,8,1,5,50,14,9,1,5,4,5,7,4,4,9,5,5,1,13,23,2,9,1,1,C03,7,9,1,10,2,11,  ,23,23,1,22,9,C03,24.312693,120.693633,2
2018,12,7,9,50,臺中市,大里區,0,1,0,8,1,5,40,14,7,1,5,4,5,7,1,1,1,4,4,1,12,7,2,9,3,4,C03,7,8,1,10,2,12,  ,7,7,1,12,8,C03,24.118991,120.68754,2
2018,12,7,9,54,臺中市,南屯區,0,0,,8,,,50,,,,,,,,,,,,,,,,,,,,A12,,,1,,2,,,19,,1,  ,,A12,24.148656,120.612961,3
2018,12,7,9,59,臺中市,北區,0,0,,8,,,50,,,,,,,,,,,,,,,,,,,,B03,,,1,,2,,,23,,1,22,,B03,24.1591,120.6853,3
2018,12,7,10,0,臺中市,西屯區,0,1,0,8,1,5,40,14,9,1,5,4,5,7,4,4,1,4,4,2,17,42,2,8,1,1,C04,7,9,1,10,2,12,14,42,42,1,22,8,C04,24.200066,120.657341,2
2018,12,7,10,1,臺中市,大里區,0,0,,8,,,50,,,,,,,,,,,,,,,,,,,,B02,,,1,,2,,,23,,1,21,,B02,24.093325,120.682136,3
2018,12,7,10,4,臺中市,太平區,0,1,0,8,1,5,50,4,1,1,5,4,5,7,1,1,10,5,5,2,16,6,3,10,1,1,B12,7,6,1,8,2,5,  ,6,6,1,19,8,B12,24.149299,120.714288,2
2018,12,7,10,9,臺中市,西屯區,0,1,0,8,1,5,50,4,1,1,5,4,5,7,1,1,10,5,5,2,17,23,3,10,1,1,B03,7,5,1,8,2,8,  ,23,23,1,21,8,B03,24.191366,120.610665,2
2018,12,7,10,12,臺中市,太平區,0,0,,8,,,50,,,,,,,,,,,,,,,,,,,,B12,,,1,,2,,,16,,1,21,,B12,24.15042,120.715121,3
2018,12,7,10,12,臺中市,大雅區,0,0,,8,,,50,,,,,,,,,,,,,,,,,,,,B03,,,1,,2,,,23,,1,  ,,B03,24.216813,120.648994,3
2018,12,7,10,15,臺中市,西屯區,0,1,0,8,1,5,50,14,7,1,5,4,5,7,4,4,5,4,5,2,12,26,2,9,1,1,C03,7,1,3,18,2,13,  ,26,26,1,21,8,C03,24.179449,120.645085,2
2018,12,7,10,20,臺中市,北屯區,0,4,0,8,1,5,40,3,2,1,5,4,5,7,4,4,10,5,5,2,16,6,2,8,1,1,C04,7,6,1,10,2,11,  ,6,6,1,21,8,C04,24.168958,120.698746,2
2018,12,7,10,24,臺中市,西區,0,1,0,8,1,5,50,3,2,1,5,4,5,7,4,4,9,5,5,2,16,6,2,9,1,1,C04,7,6,3,18,2,14,  ,6,6,1,21,8,C04,24.137611,120.672536,2
2018,12,7,10,27,臺中市,東區,0,1,0,8,1,5,50,14,7,1,5,4,5,7,4,4,3,4,4,2,13,43,3,10,3,4,B03,7,9,1,8,2,6,  ,43,43,1,5,8,B03,24.135745,120.690036,2
2018,12,7,10,28,臺中市,南區,0,1,0,8,1,5,50,4,1,1,5,4,5,7,4,4,10,5,5,2,17,12,3,10,1,1,B03,7,2,1,8,2,7,  ,12,12,1,21,8,B03,24.125846,120.662253,2
2018,12,7,10,35,臺中市,北區,0,0,0,8,,,40,,,,,,,,,,,,,,,42,  ,  ,  ,  ,B12,  ,  ,1,  ,2,  ,  ,42,42,1,  ,  ,B12,24.166503,120.670495,3
2018,12,7,10,37,臺中市,南屯區,0,0,,8,,,50,,,,,,,,,,,,,,,,,,,,B03,,,1,,9,,,23,,2,22,,B03,24.140901,120.654968,3
2018,12,7,10,40,臺中市,沙鹿區,0,1,0,8,1,5,50,4,1,1,5,4,5,7,1,1,10,5,5,2,17,9,3,10,1,1,B12,7,6,1,8,2,2,  ,9,9,1,21,8,B12,24.242442,120.571348,2
2018,12,7,10,50,臺中市,南屯區,0,0,0,8,,,50,,,,,,,,,,,,,,,,3,  ,  ,  ,B03,  ,  ,1,  ,2,  ,  ,25,  ,1,22,  ,B03,24.140419,120.622562,3
2018,12,7,10,54,臺中市,北區,0,2,0,8,1,5,50,4,1,1,5,4,5,7,1,1,10,5,5,2,15,25,2,9,3,4,C03,7,9,1,10,2,13,  ,25,25,1,5,8,C03,24.148304,120.683506,2
2018,12,7,10,55,臺中市,南區,0,0,,,,,,,,,,,,,,,,,,,,,,,,,B03,,,1,,2,,,23,,1,21,,B03,24.125067,120.681822,3
2018,12,7,10,56,臺中市,龍井區,0,1,0,8,1,5,40,4,1,1,5,4,5,7,4,4,10,5,5,2,15,6,3,10,1,1,B12,7,9,1,8,2,5,  ,6,6,1,12,8,B12,24.195593,120.516361,2
2018,12,7,11,2,臺中市,西屯區,0,2,0,8,1,5,50,14,7,1,5,4,5,7,4,4,5,4,4,1,12,42,2,9,1,1,C03,7,9,1,10,2,14,  ,42,42,1,22,9,C03,24.185794,120.623236,2
2018,12,7,11,9,臺中市,北屯區,0,0,,8,,,40,,,,,,,,,,,,,,,,,,,,B03,,,1,,2,,,23,,1,  ,,B03,24.201292,120.68778,3
2018,12,7,11,20,臺中市,清水區,0,0,0,8,1,5,60,4,2,1,,4,5,7,1,1,1,4,4,1,13,16,3,10,1,1,B12,7,9,6,8,5,1,  ,16,16,1,22,8,B12,24.296458,120.552732,3
2018,12,7,11,30,臺中市,南區,0,1,0,8,1,5,50,4,1,1,5,4,5,7,1,1,5,2,5,2,17,7,3,10,1,1,B12,7,7,1,8,2,4,  ,7,7,1,22,8,B12,24.133284,120.683556,2
2018,12,7,11,30,臺中市,西屯區,0,1,0,8,1,5,40,11,9,1,5,4,5,7,4,4,10,4,4,2,11,6,2,8,1,1,C03,7,9,1,10,2,11,  ,6,6,1,22,8,C03,24.187164,120.627437,2
2018,12,7,11,31,臺中市,南屯區,0,0,,8,,,40,,,,,,,,,,,,,,,,,,,,   ,,,7,,11,,,43,,1,  ,,   ,24.141673,120.635621,3
2018,12,7,11,34,臺中市,西區,0,2,0,8,1,5,50,4,1,1,5,4,5,7,1,1,5,4,4,1,16,6,2,9,1,1,C03,7,5,1,10,2,11,  ,6,6,1,21,8,C03,24.152449,120.661517,2
2018,12,7,11,34,臺中市,南屯區,0,0,,8,,,50,,,,,,,,,,,,,,,,,,,,B12,,,1,,2,,,23,,1,  ,,B12,24.138625,120.612643,3
2018,12,7,11,40,臺中市,沙鹿區,0,1,0,8,1,5,50,4,1,1,5,4,5,7,4,4,10,5,5,2,15,6,2,8,1,1,C03,7,9,1,10,2,12,  ,6,6,1,18,5,C03,24.243187,120.562702,2
2018,12,7,11,43,臺中市,西屯區,0,0,0,8,1,5,50,,,,,,,,,,,,,,,7,  ,  ,  ,  ,B01,  ,  ,1,  ,2,2,  ,7,7,1,21,  ,B01,24.172978,120.665796,3
2018,12,7,11,47,臺中市,西區,0,2,0,8,1,5,40,4,1,1,5,4,5,7,4,4,5,5,5,2,15,6,2,7,1,1,C03,7,9,1,10,2,14,  ,6,6,1,22,8,C03,24.13844,120.655116,2
2018,12,7,11,56,臺中市,西區,0,0,,8,,,40,,,,,,,,,,,,,,,,,,,,B02,,,1,,2,,,12,,1,22,,B02,24.143416,120.658757,3
2018,12,7,11,56,臺中市,西屯區,0,0,,8,,,50,,,,,,,,,,,,,,,,,,,,B03,,,1,,2,,,23,,1,22,,B03,24.197576,120.656763,3
2018,12,7,11,57,臺中市,西屯區,0,0,0,8,1,5,50,,,,,,,,,,,,,,,6,  ,  ,  ,  ,B12,  ,  ,1,  ,2,5,  ,6,6,1,22,  ,B12,24.15721,120.646878,3
2018,12,7,12,0,臺中市,西區,0,0,,8,,,40,,,,,,,,,,,,,,,,,,,,C03,,,1,,2,,,9,,1,21,,C03,24.14783,120.660079,3
2018,12,7,12,0,臺中市,潭子區,0,1,0,8,1,5,40,4,1,1,5,4,5,7,1,3,9,4,4,2,15,6,3,10,1,1,C01,7,9,1,9,2,11,  ,6,6,1,22,8,C01,24.2115873,120.704296,2
2018,12,7,12,2,臺中市,東區,0,1,0,8,1,5,50,3,1,1,5,4,5,7,4,4,10,5,5,2,16,6,3,10,1,1,B03,7,5,1,8,2,1,  ,6,6,1,22,8,B03,24.139862,120.705811,2
2018,12,7,12,9,臺中市,西區,0,1,0,8,1,5,50,4,1,1,5,4,5,7,4,4,10,5,5,2,15,6,2,8,1,1,C03,7,9,1,10,2,12,  ,6,6,1,4,9,C03,24.137195,120.657776,2
2018,12,7,12,13,臺中市,大雅區,0,1,0,8,1,5,40,3,1,1,5,4,5,7,4,4,10,5,5,2,13,16,3,10,1,1,B03,7,5,1,8,2,1,  ,16,16,1,22,9,B03,24.22428,120.646314,2
2018,12,7,12,16,臺中市,梧棲區,0,2,0,8,1,5,50,4,1,1,5,4,5,7,1,1,10,5,5,2,15,25,2,8,1,1,C03,7,9,3,18,2,12,  ,25,25,1,2,9,C03,24.244849,120.525048,2
2018,12,7,12,17,臺中市,梧棲區,0,0,,8,,,40,,,,,,,,,,,,,,,,,,,,B03,,,1,,2,,,23,,1,2,,B03,24.260484,120.52913,3
2018,12,7,12,19,臺中市,清水區,0,0,0,8,1,5,70,14,7,1,5,4,5,7,4,4,1,4,1,1,17,42,3,10,1,1,A41,7,9,1,1,4,2,  ,42,42,1,10,8,A41,24.282516,120.536841,3
2018,12,7,12,20,臺中市,南屯區,0,1,0,8,1,5,50,14,7,1,5,4,5,7,4,4,5,5,4,2,17,13,2,9,1,1,C03,7,9,1,10,2,12,  ,13,13,1,22,9,C03,24.13163,120.649853,2
2018,12,7,12,23,臺中市,梧棲區,0,1,0,8,1,5,40,4,1,1,5,4,5,7,1,1,10,5,5,2,16,25,2,9,1,1,C03,7,5,3,18,3,12,  ,25,25,1,19,9,C03,24.243294,120.533498,2
2018,12,7,12,25,臺中市,西屯區,0,0,,8,,,50,,,,,,,,,,,,,,,,,,,,B12,,,1,,2,,,23,,1,22,,B12,24.168318,120.641306,3
2018,12,7,12,28,臺中市,西屯區,0,0,0,8,1,5,60,,,,,,,,,,,,,,,23,  ,  ,  ,  ,B03,  ,  ,1,  ,2,1,  ,23,23,1,22,  ,B03,24.155398,120.646666,3
2018,12,7,12,29,臺中市,西屯區,0,1,0,8,1,5,40,14,9,1,5,4,5,7,4,4,10,5,5,2,11,23,3,10,1,1,C03,7,9,1,10,2,11,  ,23,23,1,22,9,C03,24.179599,120.646441,2
2018,12,7,12,29,臺中市,大里區,0,0,,8,,,50,,,,,,,,,,,,,,,,,,,,B03,,,1,,2,,,23,,1,21,,B03,24.11199,120.678195,3
2018,12,7,12,30,臺中市,南區,0,0,,8,1,5,40,14,8,1,5,4,5,7,4,4,1,2,4,2,12,,,,,,B03,,,1,,2,,,23,,1,5,,B03,24.117049,120.657606,3
2018,12,7,12,32,臺中市,烏日區,0,0,,8,,,30,,,,,,,,,,,,,,,,,,,,B02,,,1,,2,,,19,,1,10,,B02,24.111828,120.616278,3
2018,12,7,12,35,臺中市,北屯區,0,2,0,8,1,5,50,3,1,1,5,4,5,7,4,4,10,5,5,2,16,26,2,7,1,1,C03,7,5,1,10,2,11,  ,26,26,1,21,8,C03,24.194613,120.687563,2
2018,12,7,12,36,臺中市,沙鹿區,0,0,,8,,,50,,,,,,,,,,,,,,,,,,,,B03,,,1,,2,,,42,,1,  ,,B03,24.243171,120.561503,3
2018,12,7,12,49,臺中市,北區,0,1,0,8,1,5,50,4,2,1,5,4,5,7,1,1,10,5,5,2,17,19,3,10,1,1,B12,7,1,1,8,2,7,  ,19,19,1,21,8,B12,24.150283,120.673984,2
2018,12,7,12,49,臺中市,西屯區,0,1,0,8,1,5,50,14,7,1,5,4,5,7,4,4,10,5,5,2,12,7,2,9,1,1,C03,7,7,1,10,2,14,  ,7,7,1,21,8,C03,24.180342,120.637742,2
2018,12,7,12,50,臺中市,大里區,0,0,,8,,,40,,,,,,,,,,,,,,,,,,,,B12,,,1,,2,,,12,,1,21,,B12,24.107256,120.70247,3
2018,12,7,12,51,臺中市,神岡區,0,2,0,8,1,5,50,4,1,1,5,4,5,7,4,4,10,5,4,2,16,6,2,9,1,1,C03,7,5,1,10,2,13,  ,6,6,1,22,9,C03,24.252573,120.674286,2
2018,12,7,12,58,臺中市,西屯區,0,0,0,8,1,5,40,,,,,,,,,,,,,,,12,  ,  ,  ,  ,B11,  ,  ,1,  ,2,3,  ,12,12,1,21,  ,B11,24.163551,120.628813,3
2018,12,7,13,0,臺中市,沙鹿區,0,0,,8,,,40,,,,,,,,,,,,,,,,,,,,   ,,,7,,11,,,43,,  ,  ,,   ,24.223685,120.579085,3
2018,12,7,13,3,臺中市,西屯區,0,0,0,8,,,50,,,,,,,,,,,,,,,7,  ,  ,  ,  ,B03,  ,  ,1,  ,2,  ,  ,7,7,1,22,  ,B03,24.179656,120.614762,3
2018,12,7,13,5,臺中市,南區,0,2,0,8,1,5,50,14,8,1,5,4,5,7,4,4,9,4,4,2,17,23,2,9,1,1,C03,7,15,1,10,2,11,  ,23,23,1,21,8,C03,24.121436,120.653013,2
2018,12,7,13,7,臺中市,大里區,0,1,0,8,1,5,50,3,2,1,5,1,5,7,1,1,5,2,5,2,13,23,2,9,1,1,C03,7,9,1,10,2,11,  ,23,23,1,21,8,C03,24.09663,120.687749,2
2018,12,7,13,15,臺中市,西區,0,1,0,8,1,5,50,4,1,1,5,4,5,7,1,1,10,5,5,2,29,67,  ,  ,  ,  ,   ,  ,  ,  ,  ,  ,  ,  ,67,67,1,  ,  ,   ,24.158342,120.657932,2
2018,12,7,13,17,臺中市,北區,0,2,0,8,1,5,50,14,7,1,5,4,5,7,1,1,1,3,4,2,13,23,2,9,3,4,C03,7,9,1,10,2,12,  ,23,23,1,5,8,C03,24.161543,120.663112,2
2018,12,7,13,28,臺中市,大雅區,0,0,0,8,,,50,,,,,,,,,,,,,,,16,  ,  ,  ,  ,B12,  ,  ,1,  ,2,  ,  ,16,16,1,  ,  ,B12,24.213292,120.649929,3
2018,12,7,13,30,臺中市,西屯區,0,0,0,8,,,70,,,,,,,,,,,,,,,43,  ,  ,  ,  ,B03,  ,  ,1,  ,2,  ,  ,43,43,1,21,  ,B03,24.17936,120.624911,3
2018,12,7,13,33,臺中市,西屯區,0,3,0,8,1,5,50,14,7,1,5,4,5,7,4,4,5,4,4,2,13,16,3,10,3,4,B03,7,9,1,8,2,1,  ,16,16,1,21,8,B03,24.188586,120.617032,2
2018,12,7,13,33,臺中市,潭子區,0,1,0,8,1,5,40,4,1,1,5,4,5,7,1,1,10,5,5,2,12,19,3,10,1,1,C03,7,9,1,10,2,11,  ,23,19,1,22,8,C03,24.215888,120.691184,2
2018,12,7,13,35,臺中市,太平區,0,0,1,8,1,5,40,14,9,1,5,4,5,7,4,4,10,5,5,2,17,42,3,10,3,4,A11,7,13,1,3,2,3,  ,42,42,1,21,1,A11,24.148734,120.738057,2
2018,12,7,13,38,臺中市,南屯區,0,0,0,8,,,50,,,,,,,,,,,,,,,23,  ,  ,  ,  ,B03,  ,  ,1,  ,2,  ,  ,23,23,1,21,  ,B03,24.124989,120.631425,3
2018,12,7,13,38,臺中市,龍井區,0,1,0,8,1,5,50,3,1,1,5,4,5,7,4,4,10,5,5,2,16,6,3,10,1,1,C03,7,5,1,10,11,11,  ,6,6,1,12,8,C03,24.202496,120.523296,2
2018,12,7,13,43,臺中市,霧峰區,0,0,,8,,,40,,,,,,,,,,,,,,,,,,,,B12,,,1,,2,,,23,,1,12,,B12,24.074201,120.716861,3
2018,12,7,13,43,臺中市,太平區,0,1,0,8,1,5,50,4,1,1,5,4,5,7,2,1,10,5,5,2,13,23,2,8,1,1,C03,7,6,1,10,2,11,  ,23,23,1,4,5,C03,24.148802,120.716005,2
2018,12,7,13,45,臺中市,北屯區,0,0,,8,,,40,,,,,,,,,,,,,,,,,,,,B11,,,1,,2,,,40,,1,5,,B11,24.196983,120.6613,3
2018,12,7,13,50,臺中市,龍井區,0,2,0,8,1,5,40,3,1,1,5,4,5,7,4,4,10,5,5,2,16,6,2,8,1,1,C03,7,5,1,10,2,14,  ,6,6,1,22,8,C03,24.183986,120.586035,2
2018,12,7,13,51,臺中市,霧峰區,0,0,,8,,,40,,,,,,,,,,,,,,,,,,,,B03,,,1,,2,,,7,,1,3,,B03,24.06786,120.662485,3
2018,12,7,13,51,臺中市,潭子區,0,0,,8,,,60,,,,,,,,,,,,,,,,,,,,C03,,,1,,2,,,16,,1,  ,,C03,24.217033,120.705586,3
2018,12,7,13,52,臺中市,西屯區,0,2,0,8,1,5,1,14,20,1,5,4,5,7,4,4,1,4,1,2,11,23,2,9,1,1,C03,7,9,1,10,2,11,  ,23,23,1,22,9,C03,24.181736,120.597217,2
2018,12,7,13,54,臺中市,北區,0,0,,8,1,5,50,,,,,,,,,,,,,,,,,,,,B03,,,1,,2,,,23,,1,5,,B03,24.163101,120.686273,3
2018,12,7,13,59,臺中市,北屯區,0,0,,8,,,50,,,,,,,,,,,,,,,,,,,,B11,,,4,,2,,,23,,1,  ,,B11,24.166939,120.686876,3
2018,12,7,14,0,臺中市,西屯區,0,1,0,8,1,5,50,14,8,1,5,4,5,7,4,4,5,4,4,2,16,19,2,9,1,1,C03,7,1,1,10,2,14,  ,19,19,1,22,8,C03,24.168107,120.638534,2
2018,12,7,14,6,臺中市,梧棲區,0,1,0,8,1,5,40,14,8,1,5,4,5,7,4,4,10,5,1,1,17,23,2,9,1,1,C03,7,9,1,10,2,15,  ,23,23,1,18,9,C03,24.241439,120.532817,2
2018,12,7,14,7,臺中市,西屯區,0,1,0,8,1,5,50,4,1,1,5,4,5,7,4,4,10,5,5,2,17,23,2,9,1,1,C03,7,9,1,10,2,12,  ,23,23,1,21,8,C03,24.177594,120.645151,2
2018,12,7,14,7,臺中市,大里區,0,0,,8,,,60,,,,,,,,,,,,,,,,,,,,B12,,,1,,2,,,23,,1,22,,B12,24.085918,120.676791,3
2018,12,7,14,16,臺中市,南屯區,0,1,0,8,1,5,50,4,1,1,5,4,5,7,2,1,10,5,5,2,16,1,2,9,1,1,C03,7,9,3,18,7,11,  ,1,1,1,21,8,C03,24.148616,120.611733,2
2018,12,7,14,18,臺中市,東區,0,1,0,8,1,5,50,4,1,1,5,4,5,7,1,1,10,5,5,2,16,6,3,10,1,1,B12,7,5,1,8,2,2,  ,6,6,1,22,8,B12,24.130646,120.704751,2
2018,12,7,14,20,臺中市,大里區,0,0,,8,,,40,,,,,,,,,,,,,,,,,,,,B12,,,1,,2,,,12,,1,20,,B12,24.124221,120.69259,3
2018,12,7,14,21,臺中市,西屯區,0,2,0,8,1,5,40,14,8,1,5,4,5,7,4,4,1,4,4,2,13,23,2,7,1,1,C03,7,6,1,10,2,11,  ,23,23,1,21,8,C03,24.163666,120.643721,2
2018,12,7,14,34,臺中市,西區,0,0,0,8,,,50,,,,,,,,,,,,,,,23,3,  ,  ,  ,B12,  ,  ,1,  ,2,  ,  ,23,23,1,21,  ,B12,24.148845,120.654001,3
2018,12,7,14,39,臺中市,南區,0,1,0,8,1,5,50,14,7,1,5,4,5,7,4,4,5,2,5,2,16,26,3,10,1,1,B12,7,11,1,8,2,4,  ,26,26,1,22,8,B12,24.119139,120.648982,2
2018,12,7,14,40,臺中市,沙鹿區,0,2,0,8,1,5,50,4,1,1,5,4,5,7,4,4,10,5,5,2,16,6,2,9,1,1,C03,7,9,1,10,2,11,  ,6,6,1,4,8,C03,24.237846,120.560989,2
2018,12,7,14,45,臺中市,南屯區,0,0,,8,,,50,,,,,,,,,,,,,,,,,,,,B03,,,1,,2,,,12,,1,  ,,B03,24.148554,120.611795,3
2018,12,7,14,50,臺中市,大甲區,0,1,0,8,1,5,50,14,9,1,5,4,5,7,4,4,1,4,4,1,17,7,3,10,1,1,B03,7,8,1,8,2,3,  ,7,7,1,22,9,B03,24.38823,120.651245,2
2018,12,7,14,52,臺中市,西屯區,0,0,,8,,,40,,,,,,,,,,,,,,,,,,,,B03,,,1,,2,,,6,,1,22,,B03,24.159521,120.656003,3
2018,12,7,14,54,臺中市,東勢區,0,1,0,8,1,5,50,14,7,1,5,4,5,7,4,4,5,5,4,2,17,19,3,10,1,1,B12,7,1,1,8,2,8,  ,19,19,1,9,8,B12,24.263283,120.826263,2
2018,12,7,14,55,臺中市,北屯區,0,2,0,8,1,5,50,4,2,1,5,4,5,7,1,1,5,5,5,2,13,16,2,9,1,1,C03,7,9,1,10,2,11,  ,16,16,1,21,8,C03,24.197124,120.68028,2
2018,12,7,14,56,臺中市,北屯區,0,2,0,8,1,5,40,5,1,1,5,4,5,7,1,1,10,5,5,2,15,25,2,7,1,1,C03,7,9,1,9,2,12,  ,25,25,1,21,8,C03,24.177126,120.730268,2
2018,12,7,14,57,臺中市,南區,0,0,,8,1,5,50,4,2,1,5,4,5,7,2,1,1,4,5,2,12,,,,,,B03,,,1,,2,,,7,,1,5,,B03,24.126194,120.669953,3
2018,12,7,15,0,臺中市,潭子區,0,2,0,8,1,5,40,3,1,1,5,4,5,7,1,1,10,5,5,2,16,23,3,10,1,1,B03,7,9,1,8,2,5,  ,23,23,1,22,8,B03,24.204434,120.716406,2
2018,12,7,15,3,臺中市,北區,0,0,0,8,,,50,,,,,,,,,,,,,,,23,3,  ,  ,  ,B03,  ,  ,1,8,2,5,  ,23,23,  ,21,  ,B03,24.163122,120.686282,3
2018,12,7,15,5,臺中市,南屯區,0,1,0,8,1,5,40,4,1,1,5,4,5,7,4,4,10,5,5,2,16,6,2,9,1,1,C03,7,6,1,10,2,14,  ,6,6,1,22,9,C03,24.137684,120.637118,2
2018,12,7,15,12,臺中市,南區,0,1,0,8,1,5,50,4,1,1,5,4,5,7,2,1,10,5,5,2,13,16,2,8,1,1,C03,7,9,1,10,2,11,  ,16,16,1,21,8,C03,24.124265,120.679279,2
2018,12,7,15,12,臺中市,南區,0,2,0,8,1,5,40,4,1,1,5,4,5,7,4,4,10,5,5,2,15,6,3,10,1,1,B03,7,9,1,8,2,2,  ,6,6,1,4,8,B03,24.116338,120.665838,2
2018,12,7,15,15,臺中市,南區,0,1,0,8,1,5,50,4,1,1,5,4,5,7,1,1,10,5,5,2,3,15,3,10,1,1,B03,7,5,1,8,2,1,  ,15,15,1,22,8,B03,24.120195,120.650591,2
2018,12,7,15,27,臺中市,北屯區,0,1,0,8,1,5,50,4,1,1,5,4,5,7,1,1,10,5,5,2,15,43,3,10,3,4,B03,7,9,1,8,2,6,  ,43,43,1,21,8,B03,24.164918,120.69415,2
2018,12,7,15,30,臺中市,南屯區,,,,8,,,50,,,,,,,,,,,,,,,,,,,,B03,,,1,,2,,,42,,1,22,,B03,24.139603,120.62823,3
2018,12,7,15,34,臺中市,西區,0,2,0,8,1,5,40,4,4,1,5,4,5,7,1,1,5,5,4,2,13,23,2,8,3,4,C03,7,9,1,10,2,11,  ,23,23,1,21,8,C03,24.136527,120.665525,2
2018,12,7,15,36,臺中市,西屯區,0,0,0,8,,,40,,,,,,,,,,,,,,,42,  ,  ,  ,  ,B03,  ,  ,1,  ,2,  ,  ,42,42,1,22,  ,B03,24.158176,120.64949,3
2018,12,7,15,45,臺中市,南屯區,0,2,0,8,1,5,40,14,8,1,5,4,5,7,4,4,1,4,1,2,13,16,2,9,3,4,C03,7,9,1,10,2,11,  ,16,16,1,22,8,C03,24.118528,120.63847,2
2018,12,7,15,50,臺中市,烏日區,0,1,0,8,1,5,40,14,8,1,5,4,5,7,4,4,1,5,5,1,17,13,2,9,1,1,C03,7,9,1,10,2,14,  ,13,13,1,22,8,C03,24.094438,120.636752,2
2018,12,7,15,50,臺中市,大甲區,0,0,0,,,,,,,,,,,,,,,,,,,16,  ,  ,  ,  ,B03,  ,  ,1,  ,2,  ,  ,16,16,1,22,  ,B03,24.327008,120.60871,3
2018,12,7,15,54,臺中市,后里區,0,1,0,8,1,5,40,3,2,1,5,4,5,7,4,4,9,5,5,1,12,6,3,10,1,1,B03,7,6,1,8,2,7,  ,6,6,1,21,8,B03,24.306902,120.728389,2
2018,12,7,15,57,臺中市,南屯區,0,0,,8,,,50,,,,,,,,,,,,,,,,,,,,B03,,,1,,2,,,23,,1,5,,B03,24.143158,120.636108,3
2018,12,7,16,1,臺中市,西屯區,0,0,,8,,,50,,,,,,,,,,,,,,,,,,,,B03,,,1,,2,,,7,,1,22,,B03,24.165244,120.640542,3
2018,12,7,16,3,臺中市,北屯區,0,1,0,8,1,5,50,5,1,1,5,4,5,7,1,1,5,5,5,2,12,27,3,10,1,1,B11,7,6,1,8,2,6,  ,27,27,1,22,8,B11,24.172676,120.690624,2
2018,12,7,16,5,臺中市,東區,0,0,0,8,1,5,50,14,9,1,5,4,5,7,4,4,9,5,5,2,17,23,3,10,1,1,B03,7,9,1,8,2,5,  ,23,23,1,5,8,B03,24.127306,120.699052,3
2018,12,7,16,5,臺中市,梧棲區,0,2,0,8,1,5,50,4,1,1,5,4,5,7,4,4,10,5,5,2,15,6,3,10,1,1,B11,7,9,1,8,2,7,  ,6,6,1,10,9,B11,24.225543,120.536918,2
2018,12,7,16,8,臺中市,南區,0,1,0,8,1,5,50,4,1,1,5,4,5,7,1,1,10,5,5,2,12,7,3,10,1,1,B03,7,8,1,8,2,5,  ,7,7,1,5,8,B03,24.117436,120.66999,2
2018,12,7,16,8,臺中市,西屯區,0,0,,8,,,40,,,,,,,,,,,,,,,,,,,,C03,,,1,,2,,,16,,1,22,,C03,24.19406,120.623446,3
2018,12,7,16,10,臺中市,西區,0,0,0,8,,,50,,,,,,,,,,,,,,,40,3,  ,  ,  ,B03,  ,  ,1,  ,2,  ,  ,40,40,1,21,  ,B03,24.137634,120.678157,3
2018,12,7,16,11,臺中市,潭子區,0,0,,8,,,50,,,,,,,,,,,,,,,,,,,,B12,,,7,,11,,,23,,2,  ,,B12,24.204701,120.704443,3
2018,12,7,16,12,臺中市,南區,0,0,,8,,,50,,,,,,,,,,,,,,,,,,,,B03,,,1,,2,,,23,,1,2,,B03,24.115683,120.670325,3
2018,12,7,16,13,臺中市,神岡區,0,1,0,8,1,5,50,3,1,1,5,4,5,7,4,4,10,5,5,2,16,44,3,10,1,1,B02,7,9,1,8,2,8,4,14,44,1,22,8,B02,24.282313,120.67411,2
2018,12,7,16,15,臺中市,大甲區,0,1,0,8,1,5,50,14,9,1,5,4,5,7,4,4,5,5,5,1,29,43,2,8,1,1,C03,7,9,1,10,2,14,  ,43,43,1,22,9,C03,24.345615,120.623579,2
2018,12,7,16,17,臺中市,神岡區,0,1,0,8,1,7,25,14,8,1,5,4,5,7,4,4,9,5,4,2,29,21,2,9,4,5,F03,7,9,8,20,8,16,  ,21,21,1,20,9,F03,24.239784,120.681232,2