年,月,日,時,分,縣市,區,死,受傷,2-30,天候,光線,道路類別,速限,道路型態,事故位置,路面鋪裝,路面狀態,路面缺陷,障礙物,視距,號誌種類,號誌動作,分向設施,快車道或一般車道間,快慢車道間,路面邊線,事故類型及型態,主要肇因,受傷程度,主要傷處,保護裝備,行動電話,當事者區分_類別,車輛用途,當事者行動狀態,駕駛資格情形,駕駛執照種類,飲酒情形,車輛撞擊部位最初,車輛撞擊部位其他,肇事因素個別,肇事因素主要,肇事逃逸,職業,旅次目的,車種,GPS座標X,GPS座標Y,事故類別
2018,12,7,16,27,臺中市,西區,0,1,0,8,1,5,50,5,1,1,5,4,5,7,1,1,10,5,5,2,16,26,3,10,1,1,B03,7,6,1,8,2,5,  ,26,26,1,21,8,B03,24.129304,120.66702,2
2018,12,7,16,27,臺中市,西區,0,0,,8,,,50,,,,,,,,,,,,,,,,,,,,B03,,,1,,2,,,23,,1,22,,B03,24.13666,120.678626,3
2018,12,7,16,37,臺中市,后里區,0,1,0,8,1,5,50,14,9,1,5,4,4,7,4,4,5,5,5,1,14,12,3,10,1,1,B12,7,2,1,8,2,7,  ,12,12,1,22,8,B12,24.308346,120.721363,2
2018,12,7,16,49,臺中市,大雅區,0,0,,8,,,50,,,,,,,,,,,,,,,,,,,,B01,,,1,,2,,,7,,1,  ,,B01,24.215387,120.64951,3
2018,12,7,16,50,臺中市,北屯區,0,0,0,8,,,50,,,,,,,,,,,,,,,16,3,  ,  ,  ,B03,  ,  ,1,  ,2,  ,  ,16,16,  ,21,  ,B03,24.201363,120.686091,3
2018,12,7,16,52,臺中市,南區,0,0,,8,,,50,,,,,,,,,,,,,,,,,,,,B03,,,1,,2,,,16,,1,2,,B03,24.122922,120.654755,3
2018,12,7,16,55,臺中市,霧峰區,0,1,0,8,3,5,50,3,2,1,5,4,5,7,1,1,5,4,4,1,9,36,3,10,1,1,A02,7,15,1,2,2,15,  ,36,36,1,10,8,A02,24.062903,120.698501,2
2018,12,7,17,2,臺中市,西屯區,0,1,0,8,1,5,50,4,1,1,5,4,5,7,1,1,8,3,4,2,17,13,2,9,1,1,C03,7,9,1,10,2,14,  ,13,13,1,22,9,C03,24.172338,120.660678,2
2018,12,7,17,4,臺中市,太平區,0,1,0,8,1,5,50,3,1,1,5,4,5,7,4,4,10,5,5,2,16,6,2,9,1,1,C03,7,5,1,10,2,12,  ,6,6,1,21,1,C03,24.113365,120.71013,2
2018,12,7,17,10,臺中市,北屯區,0,1,0,8,2,5,50,5,1,1,5,4,5,7,1,1,10,5,5,2,13,44,2,9,3,4,C03,7,6,1,10,2,11,  ,16,44,1,21,8,C03,24.164814,120.693936,2
2018,12,7,17,13,臺中市,沙鹿區,0,1,0,8,3,5,60,3,2,1,5,4,5,7,4,4,1,4,4,1,17,23,3,10,1,1,B03,7,6,1,8,2,5,  ,44,23,1,5,8,B03,24.24519,120.612831,2
2018,12,7,17,13,臺中市,大雅區,0,1,0,8,2,5,40,5,1,1,5,4,5,7,4,4,10,5,5,2,17,6,3,10,1,1,B03,7,9,1,8,2,1,  ,6,6,1,22,9,B03,24.218904,120.638217,2
2018,12,7,17,15,臺中市,南屯區,0,0,,8,,,50,,,,,,,,,,,,,,,,,,,,B03,,,1,,2,,,12,,1,21,,B03,24.151895,120.64694,3
2018,12,7,17,15,臺中市,大肚區,0,2,0,8,1,5,40,3,1,1,5,4,5,7,4,4,10,5,5,1,16,6,2,9,1,1,C03,7,5,1,10,2,14,  ,6,6,1,19,8,C03,24.126323,120.565451,2
2018,12,7,17,17,臺中市,龍井區,0,2,0,8,3,5,50,3,1,1,5,4,5,7,4,4,10,5,5,2,13,10,2,8,1,1,C03,7,9,1,10,2,11,  ,16,10,1,21,8,C03,24.188199,120.589282,2
2018,12,7,17,22,臺中市,北屯區,0,2,0,8,2,5,40,11,9,1,5,4,5,7,4,4,10,5,5,2,10,5,2,8,1,1,C03,7,9,1,10,2,11,  ,5,5,1,19,5,C03,24.176755,120.671403,2
2018,12,7,17,23,臺中市,太平區,0,1,0,8,2,5,50,3,1,1,5,4,5,7,4,4,10,5,5,2,16,6,3,10,1,1,B03,7,5,1,8,2,1,  ,6,6,1,21,8,B03,24.116691,120.708259,2
2018,12,7,17,25,臺中市,北屯區,0,1,0,8,3,5,50,5,1,1,5,4,5,7,1,1,10,5,5,2,18,23,2,9,1,1,C03,7,9,1,10,2,12,  ,23,23,1,21,8,C03,24.177148,120.730124,2
2018,12,7,17,25,臺中市,沙鹿區,0,1,0,8,3,5,50,14,9,1,5,4,5,7,4,4,9,5,4,1,16,26,3,10,1,1,B03,7,5,1,8,2,8,  ,26,26,1,4,8,B03,24.228514,120.571876,2
2018,12,7,17,28,臺中市,大里區,0,0,,8,,,40,,,,,,,,,,,,,,,,,,,,B03,,,1,,2,,,16,,1,5,,B03,24.10048,120.692888,3
2018,12,7,17,28,臺中市,大里區,0,0,,8,,,50,,,,,,,,,,,,,,,,,,,,B12,,,1,,2,,,12,,1,3,,B12,24.095748,120.6873,3
2018,12,7,17,30,臺中市,北區,0,0,0,8,3,5,50,14,9,1,5,4,5,7,4,4,2,5,5,2,13,23,3,10,1,1,B03,7,9,6,18,8,1,  ,23,23,1,22,8,B03,24.148724,120.68377,3
2018,12,7,17,30,臺中市,北屯區,0,1,0,8,3,5,50,4,1,1,5,4,5,7,4,4,10,5,5,2,15,6,3,10,1,1,C03,7,9,1,10,2,12,  ,6,6,1,22,8,C03,24.162536,120.69525,2
2018,12,7,17,32,臺中市,大里區,0,0,,8,,,40,,,,,,,,,,,,,,,,,,,,B03,,,3,,2,,,42,,1,18,,B03,24.082409,120.709012,3
2018,12,7,17,37,臺中市,北屯區,0,1,0,8,2,5,50,3,2,1,5,4,5,7,1,1,1,5,5,2,16,6,3,10,1,1,B03,7,6,1,8,2,2,  ,6,6,1,5,8,B03,24.200714,120.664883,2
2018,12,7,17,38,臺中市,烏日區,0,1,0,8,3,5,40,4,2,1,5,4,5,7,4,4,10,5,5,1,17,43,3,10,1,1,B12,7,2,1,8,2,15,  ,43,43,1,21,1,B12,24.098489,120.640363,2
2018,12,7,17,39,臺中市,烏日區,0,0,,8,,,40,,,,,,,,,,,,,,,,,,,,C03,,,1,,2,,,23,,1,22,,C03,24.12671,120.607555,3
2018,12,7,17,40,臺中市,太平區,0,0,,8,,,50,,,,,,,,,,,,,,,,,,,,B03,,,1,,2,,,23,,1,21,,B03,24.159203,120.709462,3
2018,12,7,17,43,臺中市,烏日區,0,1,0,8,3,5,40,4,2,1,5,4,5,7,4,4,10,5,5,2,14,12,3,10,1,1,B03,7,2,1,8,2,3,  ,12,12,1,22,8,B03,24.112952,120.639348,2
2018,12,7,17,43,臺中市,梧棲區,0,1,0,8,1,5,70,4,1,1,5,4,5,7,1,1,10,5,5,1,16,26,2,9,3,4,C03,7,9,1,10,2,14,  ,44,26,1,21,8,C03,24.244164,120.551675,2
2018,12,7,17,45,臺中市,大甲區,0,0,,8,,,60,,,,,,,,,,,,,,,,,,,,B03,,,1,,2,,,17,,1,21,,B03,24.346513,120.617216,3
2018,12,7,17,45,臺中市,大雅區,0,1,0,8,3,5,50,14,9,1,5,4,5,7,4,4,8,5,5,1,1,23,2,8,1,1,C03,7,9,1,10,2,12,  ,23,23,1,21,8,C03,24.236384,120.655224,2
2018,12,7,17,51,臺中市,烏日區,0,0,,8,,,50,,,,,,,,,,,,,,,,,,,,C03,,,1,,2,,,23,,1,22,,C03,24.118145,120.607974,3
2018,12,7,17,54,臺中市,西屯區,0,0,0,8,3,5,50,,,,,,,,,,,,,,,23,  ,  ,  ,  ,B03,  ,  ,1,  ,2,4,  ,23,23,1,22,  ,B03,24.173061,120.633789,3
2018,12,7,17,54,臺中市,大甲區,0,0,,8,,,50,,,,,,,,,,,,,,,,,,,,B03,,,1,,2,,,23,,1,22,,B03,24.352339,120.628631,3
2018,12,7,17,55,臺中市,龍井區,0,1,0,8,3,5,70,14,7,1,5,4,5,7,4,4,1,4,1,2,13,23,2,8,1,1,B03,7,9,1,8,2,1,  ,23,23,1,22,8,B03,24.19537,120.58001,2
2018,12,7,17,57,臺中市,北區,0,0,0,8,,,50,,,,,,,,,,,,,,,,3,  ,  ,  ,B11,  ,  ,1,  ,2,  ,  ,23,  ,1,10,  ,B11,24.171726,120.67206,3
2018,12,7,17,57,臺中市,潭子區,0,0,,8,,,50,,,,,,,,,,,,,,,,,,,,B03,,,1,,2,,,7,,1,22,,B03,24.201221,120.703491,3
2018,12,7,17,59,臺中市,南屯區,0,0,,8,,,40,,,,,,,,,,,,,,,,,,,,B03,,,1,,2,,,26,,1,5,,B03,24.14039,120.622968,3
2018,12,7,17,59,臺中市,南屯區,0,0,,8,,,50,,,,,,,,,,,,,,,,,,,,B03,,,1,,2,,,25,,1,21,,B03,24.152293,120.652977,3
2018,12,7,18,0,臺中市,南屯區,0,0,,8,,,50,,,,,,,,,,,,,,,,,,,,B03,,,1,,2,,,26,,1,22,,B03,24.148881,120.623229,3
2018,12,7,18,2,臺中市,太平區,0,1,0,8,3,5,40,14,8,1,5,4,5,7,4,4,5,5,4,1,17,23,2,9,1,1,C03,7,9,1,10,2,14,  ,23,23,1,21,8,C03,24.149103,120.720925,2
2018,12,7,18,6,臺中市,大里區,0,0,,8,,,50,,,,,,,,,,,,,,,,,,,,B03,,,1,,2,,,23,,1,19,,B03,24.110764,120.679524,3
2018,12,7,18,6,臺中市,烏日區,0,1,0,8,3,5,70,14,12,1,5,4,5,7,4,4,1,4,4,1,16,7,3,10,1,1,B12,7,8,3,18,7,2,  ,7,7,1,21,8,B12,24.108613,120.606525,2
2018,12,7,18,7,臺中市,南屯區,0,1,0,8,1,5,50,3,1,1,5,4,5,7,4,4,5,5,5,2,16,1,2,9,1,1,C03,7,4,1,10,2,12,  ,1,1,1,4,8,C03,24.154484,120.635583,2
2018,12,7,18,9,臺中市,南屯區,0,0,,8,,,50,,,,,,,,,,,,,,,,,,,,B12,,,1,,2,,,42,,1,22,,B12,24.152185,120.62082,3
2018,12,7,18,13,臺中市,西屯區,0,0,,8,,,50,,,,,,,,,,,,,,,,,,,,B03,,,1,,2,,,43,,1,  ,,B03,24.171636,120.636325,3
2018,12,7,18,16,臺中市,太平區,0,0,,8,,,50,,,,,,,,,,,,,,,,,,,,B03,,,1,,2,,,23,,1,21,,B03,24.1347,120.728669,3
2018,12,7,18,18,臺中市,南區,0,2,0,8,2,5,40,3,1,1,5,4,5,7,4,4,10,5,5,2,16,10,2,9,1,1,C03,7,11,1,10,2,14,  ,10,10,1,5,8,C03,24.119151,120.671392,2
2018,12,7,18,20,臺中市,霧峰區,0,0,,8,,,80,,,,,,,,,,,,,,,,,,,,B03,,,1,,2,,,23,,1,3,,B03,24.055575,120.685272,3
2018,12,7,18,21,臺中市,南屯區,0,1,0,7,3,5,50,3,1,1,5,4,5,7,4,4,10,5,5,2,18,23,2,9,1,4,C03,7,9,1,10,2,12,  ,23,23,1,22,8,C03,24.138468,120.610445,2
2018,12,7,18,24,臺中市,北屯區,0,0,,8,,,50,,,,,,,,,,,,,,,,,,,,B03,,,1,,2,,,6,,1,21,,B03,24.176078,120.67748,3
2018,12,7,18,24,臺中市,神岡區,0,0,,8,,,50,,,,,,,,,,,,,,,,,,,,B03,,,1,,2,,,25,,1,19,,B03,24.251373,120.701367,3
2018,12,7,18,26,臺中市,梧棲區,0,1,0,8,3,5,50,14,9,1,5,4,5,7,4,4,9,5,5,1,18,23,2,9,3,4,C03,7,9,1,10,2,11,  ,23,23,1,21,8,C03,24.227303,120.543243,2
2018,12,7,18,27,臺中市,西屯區,0,0,,8,,,50,,,,,,,,,,,,,,,,,,,,B03,,,1,,2,,,23,,1,22,,B03,24.168385,120.657065,3
2018,12,7,18,31,臺中市,北屯區,0,0,0,8,,,50,,,,,,,,,,,,,,,26,  ,  ,  ,  ,B12,  ,  ,1,  ,2,  ,  ,26,26,1,22,  ,B12,24.171906,120.69087,3
2018,12,7,18,32,臺中市,西屯區,0,0,,8,,,50,,,,,,,,,,,,,,,,,,,,B03,,,1,,2,,,43,,1,22,,B03,24.193065,120.65969,3
2018,12,7,18,32,臺中市,西屯區,0,0,0,8,,,60,,,,,,,,,,,,,,,23,  ,  ,  ,  ,B03,  ,  ,1,  ,2,  ,  ,23,23,1,22,  ,B03,24.184896,120.609784,3
2018,12,7,18,35,臺中市,西區,0,1,0,8,3,5,50,4,1,1,5,4,5,7,4,4,10,5,5,2,17,6,2,9,1,1,F03,7,5,8,20,2,16,  ,6,6,1,22,9,F03,24.14902,120.660116,2
2018,12,7,18,41,臺中市,中區,0,1,0,8,3,5,50,4,2,1,5,4,5,7,1,1,5,2,5,2,17,43,3,10,1,1,C03,7,6,1,10,2,12,  ,43,43,1,21,8,C03,24.135802,120.682309,2
2018,12,7,18,47,臺中市,北屯區,0,1,0,8,3,5,40,4,1,1,5,4,5,7,4,4,10,5,5,2,16,6,2,8,1,1,C03,7,6,1,10,2,14,  ,6,6,1,4,8,C03,24.17445,120.670153,2
2018,12,7,18,51,臺中市,西區,0,0,0,8,,,50,,,,,,,,,,,,,,,23,3,  ,  ,  ,B03,  ,  ,1,  ,1,  ,  ,23,23,2,21,  ,B03,24.145781,120.671701,3
2018,12,7,18,58,臺中市,南屯區,0,0,,8,,,50,,,,,,,,,,,,,,,,,,,,B03,,,1,,2,,,7,,1,4,,B03,24.146234,120.631292,3
2018,12,7,18,59,臺中市,南屯區,0,1,0,8,3,5,50,4,1,1,5,4,5,7,1,1,10,5,5,2,16,6,3,10,3,4,B02,7,5,1,4,2,5,  ,6,6,1,22,8,B02,24.150852,120.648628,2
2018,12,7,19,2,臺中市,西屯區,0,1,0,8,3,5,40,4,1,1,5,4,5,7,1,1,8,3,4,2,11,8,2,8,1,1,C03,7,5,1,10,2,11,  ,8,8,1,22,9,C03,24.163703,120.662263,2
2018,12,7,19,7,臺中市,南屯區,0,0,,8,,,50,,,,,,,,,,,,,,,,,,,,B02,,,1,,2,,,16,,1,  ,,B02,24.147556,120.64455,3
2018,12,7,19,7,臺中市,西屯區,0,0,,8,,,50,,,,,,,,,,,,,,,,,,,,B03,,,1,,2,,,16,,1,  ,,B03,24.183536,120.606128,3
2018,12,7,19,8,臺中市,沙鹿區,0,0,,8,,,50,,,,,,,,,,,,,,,,,,,,B03,,,1,,2,,,23,,1,4,,B03,24.25413,120.567565,3
2018,12,7,19,10,臺中市,東區,0,1,0,8,3,5,50,4,1,1,5,4,5,7,1,1,10,5,5,2,16,26,3,10,1,1,B01,7,6,1,4,2,2,  ,26,26,1,10,8,B01,24.134118,120.689103,2
2018,12,7,19,10,臺中市,霧峰區,0,0,,8,,,50,,,,,,,,,,,,,,,,,,,,B12,,,1,,2,,,23,,1,7,,B12,24.06856,120.699254,3
2018,12,7,19,11,臺中市,北屯區,0,0,0,8,,,50,,,,,,,,,,,,,,,26,  ,  ,  ,  ,B03,  ,  ,1,  ,2,  ,  ,26,26,1,22,  ,B03,24.186671,120.686336,3
2018,12,7,19,17,臺中市,神岡區,0,0,,8,,,50,,,,,,,,,,,,,,,,,,,,B03,,,1,,2,,,23,,1,22,,B03,24.246713,120.685486,3
2018,12,7,19,20,臺中市,西區,0,0,,8,,,40,,,,,,,,,,,,,,,,,,,,B03,,,3,,2,,,23,,1,22,,B03,24.154653,120.661586,3
2018,12,7,19,21,臺中市,西屯區,0,0,,8,,,50,,,,,,,,,,,,,,,,,,,,B03,,,1,,2,,,23,,1,22,,B03,24.184067,120.608407,3
2018,12,7,19,25,臺中市,南區,0,1,0,8,3,5,40,4,2,1,5,4,5,7,4,4,10,5,5,2,17,23,2,9,1,1,C03,7,9,1,10,2,12,  ,23,23,1,18,8,C03,24.125661,120.673613,2
2018,12,7,19,36,臺中市,龍井區,0,0,,8,,,40,,,,,,,,,,,,,,,,,,,,B03,,,1,,2,,,17,,1,  ,,B03,24.184161,120.534523,3
2018,12,7,19,38,臺中市,南屯區,0,0,,8,,,50,,,,,,,,,,,,,,,,,,,,B12,,,1,,2,,,12,,1,21,,B12,24.151396,120.646705,3
2018,12,7,19,39,臺中市,西屯區,0,0,,8,,,40,,,,,,,,,,,,,,,,,,,,B03,,,1,,2,,,12,,1,  ,,B03,24.17103,120.64909,3
2018,12,7,19,39,臺中市,大雅區,0,2,0,8,3,5,50,14,9,1,5,4,5,7,4,4,5,5,5,1,17,23,2,8,1,1,C03,7,9,1,10,2,11,  ,23,23,1,21,8,C03,24.226384,120.647795,2
2018,12,7,19,40,臺中市,北屯區,0,1,0,8,3,5,50,14,9,1,5,4,5,7,4,4,1,4,5,2,16,42,3,10,1,1,B03,7,15,1,8,2,5,  ,42,42,1,22,8,B03,24.173991,120.67452,2
2018,12,7,19,40,臺中市,后里區,0,0,,8,,,50,,,,,,,,,,,,,,,,,,,,B11,,,1,,9,,,23,,1,4,,B11,24.31372,120.692968,3
2018,12,7,19,41,臺中市,東區,0,1,0,8,3,5,50,4,1,1,5,4,5,7,1,1,10,5,5,2,16,26,3,10,1,1,C03,7,4,1,10,2,12,  ,26,26,1,18,8,C03,24.142756,120.709971,2
2018,12,7,19,44,臺中市,北區,0,0,,8,,,50,,,,,,,,,,,,,,,,,,,,B03,,,1,,2,,,7,,1,22,,B03,24.155406,120.681691,3
2018,12,7,19,45,臺中市,龍井區,0,0,,8,,,40,,,,,,,,,,,,,,,,,,,,B03,,,1,,2,,,12,,1,2,,B03,24.208772,120.549728,3
2018,12,7,19,47,臺中市,西屯區,0,0,,8,,,40,,,,,,,,,,,,,,,,,,,,B03,,,1,,2,,,12,,1,22,,B03,24.156723,120.65613,3
2018,12,7,19,49,臺中市,中區,0,2,0,8,3,5,50,4,1,1,5,4,5,7,4,4,10,5,5,2,15,6,2,8,3,4,C03,7,9,1,10,2,12,  ,6,6,1,21,8,C03,24.144884,120.677545,2
2018,12,7,19,51,臺中市,南屯區,0,0,,8,,,50,,,,,,,,,,,,,,,,,,,,B03,,,1,,2,,,42,,1,22,,B03,24.15337,120.615916,3
2018,12,7,19,56,臺中市,東區,0,0,0,8,,,50,,,,,,,,,,,,,,,42,3,  ,  ,  ,B12,  ,  ,1,  ,2,  ,  ,42,42,1,21,  ,B12,24.132548,120.690208,3
2018,12,7,19,57,臺中市,北區,0,1,0,8,3,5,50,3,1,1,5,4,5,7,4,4,10,5,5,2,17,42,2,9,1,4,C03,7,9,1,10,2,12,  ,42,42,1,21,8,C03,24.149663,120.675692,2
2018,12,7,19,57,臺中市,南屯區,,,,8,,,40,,,,,,,,,,,,,,,,,,,,B03,,,1,,2,,,23,,1,22,,B03,24.145199,120.622915,3
2018,12,7,19,59,臺中市,南區,0,0,0,8,,,50,,,,,,,,,,,,,,,23,  ,  ,  ,  ,B03,  ,  ,1,  ,2,  ,  ,23,23,1,18,  ,B03,24.129298,120.684215,3
2018,12,7,20,0,臺中市,沙鹿區,0,0,,8,,,40,,,,,,,,,,,,,,,,,,,,B03,,,1,,2,,,23,,1,18,,B03,24.236996,120.569878,3
2018,12,7,20,1,臺中市,南屯區,0,1,0,8,3,5,40,14,8,1,5,4,5,7,4,4,1,4,4,2,13,23,2,9,1,1,C03,7,9,1,10,2,12,14,23,23,1,4,8,C03,24.140176,120.65425,2
2018,12,7,20,5,臺中市,梧棲區,0,2,0,8,3,5,40,3,1,1,5,4,5,7,1,1,10,5,5,1,17,23,2,9,3,4,C03,7,14,1,10,2,14,  ,44,23,1,21,8,C03,24.245648,120.547655,2
2018,12,7,20,7,臺中市,大雅區,0,2,0,8,3,5,50,3,1,1,5,4,5,7,3,1,9,4,4,1,17,19,2,5,1,1,C03,7,1,1,10,2,13,  ,19,19,1,12,1,C03,24.21861,120.6638,2
2018,12,7,20,8,臺中市,大甲區,0,0,,8,,,50,,,,,,,,,,,,,,,,,,,,B03,,,1,,2,,,23,,1,21,,B03,24.356458,120.6337,3
2018,12,7,20,21,臺中市,北屯區,0,2,0,8,3,5,50,5,1,1,5,4,5,7,2,1,10,5,5,2,16,8,2,1,3,4,B03,7,5,1,5,2,8,  ,8,8,1,21,8,B03,24.165026,120.700112,2
2018,12,7,20,23,臺中市,北屯區,0,0,,8,,,50,,,,,,,,,,,,,,,,,,,,B03,,,1,,2,,,17,,1,22,,B03,24.172136,120.699313,3
2018,12,7,20,23,臺中市,大里區,0,0,,8,,,50,,,,,,,,,,,,,,,,,,,,B03,,,1,,2,,,19,,1,19,,B03,24.098174,120.674611,3
2018,12,7,20,28,臺中市,南區,0,2,0,8,3,5,50,4,2,1,5,4,5,7,1,1,5,5,4,2,16,23,2,8,1,1,C03,7,9,1,10,2,12,  ,23,23,1,4,8,C03,24.126356,120.68408,2
2018,12,7,20,29,臺中市,西區,0,0,,,,,,,,,,,,,,,,,,,,,,,,,B02,,,1,,11,,,7,,1,22,,B02,24.150871,120.663021,3
2018,12,7,20,39,臺中市,龍井區,0,1,0,8,3,5,70,4,2,1,5,4,5,7,2,1,1,4,4,1,29,43,2,8,1,1,C03,7,9,1,10,2,11,  ,43,43,1,9,1,C03,24.175663,120.543328,2
2018,12,7,20,39,臺中市,大雅區,0,1,0,8,3,5,50,11,8,1,5,4,5,7,4,4,9,4,4,1,18,23,2,9,1,1,C03,7,9,1,10,2,11,  ,23,23,1,22,9,C03,24.21053,120.64478,2
2018,12,7,20,42,臺中市,西區,0,2,0,8,3,5,50,4,1,1,5,4,5,7,1,1,10,5,5,2,16,25,2,9,1,1,C04,7,9,1,10,2,11,  ,25,25,1,21,8,C04,24.144326,120.665292,2
2018,12,7,20,52,臺中市,東區,0,1,0,8,3,5,50,5,1,1,5,4,5,7,1,1,10,5,5,2,17,25,3,10,1,1,C03,7,9,1,10,2,11,  ,25,25,1,21,8,C03,24.137281,120.689233,2
2018,12,7,20,54,臺中市,太平區,0,1,0,8,1,5,40,14,12,1,5,4,5,7,4,4,5,5,4,1,12,23,2,8,1,1,C03,7,9,1,10,2,12,  ,23,23,1,18,5,C03,24.149133,120.720595,2
2018,12,7,20,55,臺中市,大里區,0,0,0,8,3,5,50,4,2,1,5,4,5,7,4,4,10,5,5,2,16,43,3,10,1,1,B12,7,11,1,8,9,5,  ,43,43,1,20,8,B12,24.082712,120.697532,3
2018,12,7,21,0,臺中市,沙鹿區,0,1,0,8,3,5,60,3,1,1,5,4,5,7,2,1,10,5,5,2,16,26,3,10,1,1,B12,7,6,1,8,2,1,  ,26,26,2,9,5,B12,24.209798,120.581237,2
2018,12,7,21,5,臺中市,南區,0,1,0,8,3,5,50,3,1,1,5,4,5,7,4,4,5,4,4,2,16,6,3,10,1,1,B03,7,5,1,8,2,1,  ,6,6,1,4,5,B03,24.131019,120.673104,2
2018,12,7,21,7,臺中市,西屯區,0,1,0,8,3,5,40,3,2,1,5,4,5,7,2,1,5,4,4,2,16,26,2,9,3,4,C03,7,5,1,10,2,14,  ,26,26,1,22,8,C03,24.175826,120.650295,2
2018,12,7,21,18,臺中市,南區,0,0,0,8,,,50,,,,,,,,,,,,,,,7,3,  ,  ,  ,B03,  ,  ,1,8,2,  ,  ,7,7,  ,21,  ,B03,24.112063,120.650723,3
2018,12,7,21,18,臺中市,沙鹿區,0,1,0,8,3,5,50,14,7,1,5,4,5,7,4,4,9,5,4,2,16,6,3,10,1,1,B03,7,11,1,8,2,4,  ,6,6,1,4,8,B03,24.217418,120.579528,2
2018,12,7,21,25,臺中市,西區,0,1,0,8,3,5,50,4,1,1,5,4,5,7,4,4,10,5,5,2,16,6,3,10,3,4,B12,7,9,1,8,2,15,  ,6,6,1,10,8,B12,24.152546,120.660174,2
2018,12,7,21,25,臺中市,南區,0,2,0,8,3,5,50,4,1,1,5,4,5,7,4,4,10,5,5,2,15,6,2,7,1,1,C03,7,9,1,10,2,11,  ,6,6,1,4,8,C03,24.131816,120.678501,2
2018,12,7,21,29,臺中市,太平區,0,0,,8,,,40,,,,,,,,,,,,,,,,,,,,C03,,,1,,2,,,23,,1,18,,C03,24.148055,120.700833,3
2018,12,7,21,30,臺中市,北屯區,0,1,0,8,3,5,50,4,1,1,5,4,5,7,4,4,10,5,5,2,16,6,3,10,1,1,B12,7,5,1,8,2,4,  ,6,6,1,22,8,B12,24.171553,120.698336,2
2018,12,7,21,35,臺中市,北屯區,0,2,0,8,1,5,50,3,1,1,5,4,5,7,1,1,1,4,4,2,16,25,2,8,1,1,C03,7,1,1,10,2,14,  ,25,25,1,18,5,C03,24.200926,120.690015,2
2018,12,7,21,36,臺中市,北區,0,1,0,8,3,5,50,14,7,1,5,4,5,7,4,4,9,5,4,2,14,12,3,10,1,1,B03,7,2,1,8,2,6,  ,12,12,1,22,8,B03,24.154738,120.670502,2
2018,12,7,21,36,臺中市,西屯區,0,0,,8,,,50,,,,,,,,,,,,,,,,,,,,B01,,,1,,2,,,23,,1,10,,B01,24.182249,120.63945,3
2018,12,7,21,38,臺中市,北屯區,0,1,0,8,3,5,50,4,2,1,5,4,5,7,2,1,1,2,5,2,13,23,2,9,1,1,C03,7,9,3,18,2,11,  ,23,23,1,21,8,C03,24.172356,120.68745,2
2018,12,7,21,40,臺中市,梧棲區,0,2,0,8,3,5,50,14,9,1,5,4,5,7,4,4,4,5,5,1,16,23,2,9,1,1,C03,7,9,1,8,2,14,  ,23,23,1,19,8,C03,24.248648,120.534813,2
2018,12,7,21,50,臺中市,西區,0,0,0,8,,,40,,,,,,,,,,,,,,,,  ,  ,  ,  ,B03,  ,  ,1,  ,2,  ,  ,23,  ,  ,  ,  ,B03,24.153317,120.666366,3
2018,12,7,22,3,臺中市,北區,0,1,0,7,3,5,50,4,1,1,5,4,5,7,4,4,10,5,5,2,15,6,2,9,1,1,C03,7,9,1,10,2,11,  ,6,6,1,5,8,C03,24.150091,120.680561,2
2018,12,7,22,10,臺中市,西屯區,0,1,0,8,3,5,40,4,1,1,5,4,5,6,4,4,10,5,5,2,15,6,2,9,1,1,C03,7,9,1,10,2,14,  ,6,6,1,5,8,C03,24.185955,120.618486,2
2018,12,7,22,11,臺中市,中區,0,1,0,8,3,5,50,4,1,1,5,4,5,7,3,1,10,5,5,2,15,6,2,8,1,1,C03,7,9,1,10,2,11,  ,6,6,1,22,9,C03,24.142826,120.675814,2
2018,12,7,22,15,臺中市,太平區,0,2,0,8,3,5,50,4,1,1,5,4,5,7,1,1,10,5,5,2,16,6,2,9,1,1,C03,7,5,1,10,2,12,  ,6,6,1,21,8,C03,24.107835,120.725141,2
2018,12,7,22,30,臺中市,烏日區,0,0,,8,,,50,,,,,,,,,,,,,,,,,,,,B03,,,1,,2,,,23,,1,  ,,B03,24.105105,120.639905,3
2018,12,7,22,35,臺中市,東區,0,1,0,8,3,5,50,4,1,1,5,4,5,7,4,4,10,5,5,2,18,13,2,9,1,1,C03,7,9,1,10,2,12,  ,13,13,1,5,8,C03,24.12799,120.69888,2
2018,12,7,22,38,臺中市,北屯區,0,0,,8,,,50,,,,,,,,,,,,,,,,,,,,B03,,,1,,2,,,12,,1,5,,B03,24.17912,120.669081,3
2018,12,7,22,49,臺中市,北區,0,1,0,8,3,5,50,4,4,1,5,4,5,7,2,1,3,4,5,2,13,23,2,7,1,1,C03,7,9,3,18,2,14,  ,23,23,1,21,8,C03,24.14605,120.686318,2
2018,12,7,22,52,臺中市,西屯區,0,1,0,8,3,5,40,14,8,1,5,4,5,7,4,4,8,3,1,2,13,16,2,8,1,1,C03,7,9,1,10,2,11,  ,16,16,1,22,9,C03,24.165516,120.64422,2
2018,12,7,23,35,臺中市,北屯區,0,1,0,8,3,5,50,4,1,1,5,4,5,7,1,1,10,5,5,2,16,25,3,10,3,4,B01,7,5,1,4,2,1,  ,25,25,1,10,8,B01,24.167653,120.700574,2