年,月,日,時,分,縣市,區,死,受傷,2-30,天候,光線,道路類別,速限,道路型態,事故位置,路面鋪裝,路面狀態,路面缺陷,障礙物,視距,號誌種類,號誌動作,分向設施,快車道或一般車道間,快慢車道間,路面邊線,事故類型及型態,主要肇因,受傷程度,主要傷處,保護裝備,行動電話,當事者區分_類別,車輛用途,當事者行動狀態,駕駛資格情形,駕駛執照種類,飲酒情形,車輛撞擊部位最初,車輛撞擊部位其他,肇事因素個別,肇事因素主要,肇事逃逸,職業,旅次目的,車種,GPS座標X,GPS座標Y,事故類別
2018,12,7,23,36,臺中市,北區,0,1,0,8,3,5,50,3,2,1,5,4,5,7,1,1,5,4,5,2,16,26,2,9,1,1,C03,7,5,1,10,2,12,  ,26,26,1,22,8,C03,24.166833,120.668201,2
2018,12,7,23,40,臺中市,潭子區,0,1,0,8,3,5,60,14,7,1,5,4,5,7,4,4,8,3,4,1,13,23,3,10,1,1,B03,7,9,1,8,2,1,  ,23,23,1,22,1,B03,24.212086,120.705317,2
2018,12,7,23,44,臺中市,潭子區,0,1,0,8,3,5,60,3,2,1,5,4,5,7,3,1,10,5,5,2,27,23,2,9,1,1,C03,7,9,1,10,2,11,  ,23,23,1,22,8,C03,24.226171,120.707773,2
2018,12,7,23,45,臺中市,南屯區,0,1,0,8,3,5,60,14,7,1,5,4,5,7,4,4,1,2,1,2,13,23,3,10,1,1,A04,7,9,1,1,2,5,  ,23,23,1,21,8,A04,24.135536,120.623326,2
2018,12,8,1,37,臺中市,龍井區,0,2,0,8,3,5,40,3,1,1,5,4,5,7,1,1,10,5,5,2,15,25,2,9,1,1,C03,7,9,1,10,2,11,  ,25,25,1,22,8,C03,24.188353,120.581141,2
2018,12,8,3,33,臺中市,北區,0,0,,8,,,50,,,,,,,,,,,,,,,,,,,,C03,,,1,,4,,,23,,1,  ,,C03,24.149553,120.677876,3
2018,12,8,3,50,臺中市,大安區,0,1,0,8,3,5,50,4,1,1,5,4,5,7,3,1,10,5,5,2,15,6,3,10,1,1,B03,7,9,1,8,2,5,  ,6,6,1,4,8,B03,24.374166,120.60208,2
2018,12,8,4,24,臺中市,西屯區,0,1,0,8,3,5,40,14,8,1,5,4,5,7,1,1,1,4,4,2,12,23,3,10,1,1,B01,7,9,1,8,2,1,  ,23,23,1,12,8,B01,24.160595,120.65292,2
2018,12,8,5,19,臺中市,北區,0,2,0,7,3,5,50,3,1,1,5,4,5,7,1,1,10,5,5,2,15,25,2,9,1,1,C03,7,9,1,10,2,14,  ,25,25,1,5,8,C03,24.165147,120.670479,2
2018,12,8,5,30,臺中市,沙鹿區,0,2,0,8,3,5,70,14,12,1,5,4,5,7,4,4,1,4,4,1,13,23,2,9,1,1,C03,7,9,1,10,2,11,  ,23,23,1,21,8,C03,24.245905,120.609727,2
2018,12,8,5,55,臺中市,霧峰區,0,0,0,,,,,,,,,,,,,,,,,,,67,  ,  ,  ,  ,   ,  ,  ,7,  ,11,  ,  ,67,67,1,  ,  ,   ,24.066202,120.702131,3
2018,12,8,6,10,臺中市,東區,0,3,0,8,1,5,50,4,1,1,5,4,5,7,1,1,5,5,4,2,3,53,2,7,4,5,H01,8,16,8,20,11,16,  ,53,53,1,21,8,H01,24.136756,120.706324,2
2018,12,8,6,10,臺中市,沙鹿區,0,0,,8,,,40,,,,,,,,,,,,,,,,,,,,B12,,,1,,2,,,12,,1,  ,,B12,24.242018,120.576182,3
2018,12,8,6,43,臺中市,南屯區,0,0,0,8,,,50,,,,,,,,,,,,,,,13,  ,  ,  ,  ,B03,  ,  ,1,  ,2,  ,  ,13,13,1,22,  ,B03,24.13338,120.64641,3
2018,12,8,6,45,臺中市,沙鹿區,0,1,0,8,1,5,50,14,8,1,5,4,5,7,4,4,1,4,1,1,23,23,2,1,1,1,B03,7,8,1,8,2,1,  ,23,23,1,21,8,B03,24.239088,120.566405,2
2018,12,8,6,50,臺中市,大里區,0,1,0,8,1,5,50,3,1,1,5,4,5,7,1,1,10,5,5,2,12,23,3,10,1,1,C03,7,9,1,10,2,11,  ,23,23,1,22,5,C03,24.123653,120.690338,2
2018,12,8,7,15,臺中市,大里區,0,1,0,8,1,5,50,14,7,1,5,4,5,7,4,4,5,4,4,2,16,19,3,10,1,1,C03,7,1,1,10,2,11,  ,19,19,1,5,1,C03,24.12023,120.688403,2
2018,12,8,7,22,臺中市,西區,0,0,,8,,,40,,,,,,,,,,,,,,,,,,,,C03,,,1,,2,,,26,,1,22,,C03,24.130227,120.665287,3
2018,12,8,7,22,臺中市,北區,0,0,,8,,,50,,,,,,,,,,,,,,,,,,,,B03,,,1,,2,,,12,,1,22,,B03,24.156787,120.687685,3
2018,12,8,7,38,臺中市,大里區,0,2,0,8,1,5,50,4,2,1,5,4,5,7,1,1,5,4,4,2,17,19,2,8,1,1,C03,7,1,1,10,2,14,  ,19,19,1,21,1,C03,24.096521,120.698924,2
2018,12,8,7,40,臺中市,石岡區,0,2,0,8,1,5,70,14,8,1,5,4,5,7,4,4,1,4,4,1,12,23,2,9,1,1,F01,7,9,8,20,2,16,  ,23,23,1,21,8,F01,24.253731,120.831018,2
2018,12,8,7,41,臺中市,北屯區,0,0,,8,,,50,,,,,,,,,,,,,,,,,,,,C03,,,1,,2,,,23,,1,22,,C03,24.176117,120.723945,3
2018,12,8,7,44,臺中市,中區,0,1,0,8,1,5,50,3,2,1,5,4,5,7,2,1,10,5,5,2,17,23,2,9,1,1,C03,7,9,1,10,2,11,  ,23,23,1,18,7,C03,24.143772,120.67787,2
2018,12,8,7,45,臺中市,北區,0,0,,8,,,40,,,,,,,,,,,,,,,,,,,,B03,,,1,,11,,,26,,2,22,,B03,24.152,120.6977,3
2018,12,8,7,45,臺中市,東區,0,4,0,8,1,5,40,3,1,1,5,4,5,7,4,4,10,5,5,2,16,8,2,9,1,1,C03,7,5,4,8,2,12,  ,8,8,1,21,8,C03,24.145294,120.699572,2
2018,12,8,7,57,臺中市,太平區,0,1,0,8,1,5,50,4,1,1,5,4,5,7,1,1,10,5,5,2,17,42,2,9,1,1,C03,7,9,1,10,2,11,  ,42,42,1,21,8,C03,24.149248,120.714278,2
2018,12,8,7,59,臺中市,西屯區,0,0,0,8,,,50,,,,,,,,,,,,,,,9,  ,  ,  ,  ,B03,  ,  ,1,  ,2,  ,  ,9,9,1,  ,  ,B03,24.200434,120.65671,3
2018,12,8,8,1,臺中市,神岡區,0,1,0,8,1,5,50,3,1,1,5,4,5,7,4,4,5,4,4,2,16,6,3,10,1,1,B03,7,11,1,8,2,15,  ,6,6,1,21,1,B03,24.251309,120.682516,2
2018,12,8,8,8,臺中市,霧峰區,0,0,,8,,,40,,,,,,,,,,,,,,,,,,,,B03,,,1,,2,,,6,,1,19,,B03,24.066591,120.655748,3
2018,12,8,8,10,臺中市,沙鹿區,0,1,0,8,1,5,50,11,8,1,5,4,5,7,4,4,5,5,4,2,26,42,2,9,1,1,C03,7,9,1,10,2,11,  ,42,42,1,9,8,C03,24.244238,120.582425,2
2018,12,8,8,12,臺中市,大肚區,0,1,0,8,1,5,70,3,1,1,5,4,5,7,1,1,10,5,5,2,15,25,3,10,1,1,C03,7,1,1,10,2,12,  ,25,25,1,12,5,C03,24.153978,120.548379,2
2018,12,8,8,15,臺中市,梧棲區,0,1,0,8,1,5,50,3,1,1,5,4,5,7,4,4,1,4,5,2,16,9,3,10,1,1,B03,7,6,1,8,2,2,  ,9,9,1,4,8,B03,24.258298,120.552961,2
2018,12,8,8,19,臺中市,西屯區,0,2,0,8,1,5,40,14,8,1,5,4,5,7,4,4,1,4,1,2,16,7,3,10,1,1,B01,7,8,1,8,2,2,7,7,7,1,21,8,B01,24.162615,120.650608,2
2018,12,8,8,32,臺中市,后里區,0,0,,8,,,50,,,,,,,,,,,,,,,,,,,,B03,,,1,,2,,,26,,1,  ,,B03,24.325855,120.707523,3
2018,12,8,8,38,臺中市,大里區,0,2,0,8,1,5,40,11,9,1,5,4,5,7,4,4,10,5,5,1,16,23,2,9,1,1,C03,7,9,1,10,2,14,  ,23,23,1,18,8,C03,24.096147,120.714234,2
2018,12,8,8,40,臺中市,霧峰區,0,1,0,8,1,5,50,14,7,1,5,4,5,7,4,4,5,5,4,2,13,23,2,9,1,1,C03,7,9,1,10,2,11,  ,23,23,1,18,8,C03,24.04541,120.685871,2
2018,12,8,8,43,臺中市,北屯區,0,2,0,8,1,5,50,14,12,1,5,4,5,7,4,4,5,5,5,2,13,43,2,9,1,1,C03,7,9,1,10,2,11,  ,43,43,1,22,8,C03,24.177149,120.690459,2
2018,12,8,8,49,臺中市,潭子區,0,2,0,8,1,5,40,3,1,1,5,4,5,7,4,4,9,5,5,1,15,19,2,9,1,1,C03,7,1,3,18,2,11,  ,19,19,1,22,8,C03,24.224903,120.692447,2
2018,12,8,8,50,臺中市,南屯區,0,0,,8,,,50,,,,,,,,,,,,,,,,,,,,B03,,,1,,2,,,23,,2,21,,B03,24.130337,120.638189,3
2018,12,8,8,55,臺中市,北區,0,1,0,8,1,5,50,4,2,1,5,4,5,7,2,1,10,5,5,2,16,26,3,10,1,1,B03,7,6,1,8,2,5,  ,26,26,1,22,8,B03,24.1617,120.6764,2
2018,12,8,9,0,臺中市,西區,0,1,0,8,1,5,50,14,9,1,5,4,5,7,4,4,5,2,5,2,13,16,2,7,1,1,C03,7,9,1,10,2,11,  ,16,16,1,21,8,C03,24.134123,120.676136,2
2018,12,8,9,0,臺中市,北屯區,0,1,0,8,1,5,50,5,1,1,5,4,5,7,2,1,10,5,5,2,17,13,3,10,1,1,B03,7,9,1,8,2,6,  ,43,13,1,21,8,B03,24.200863,120.686551,2
2018,12,8,9,0,臺中市,西屯區,0,0,0,8,1,5,40,14,9,1,5,4,5,7,4,4,10,4,5,2,16,17,3,10,3,4,B11,7,9,1,8,9,2,  ,17,17,1,22,9,B11,24.171621,120.619435,3
2018,12,8,9,2,臺中市,南區,0,2,0,8,1,5,50,4,1,1,5,4,5,7,1,1,10,5,5,2,17,6,3,10,1,1,C03,7,5,1,10,2,14,  ,6,6,1,5,8,C03,24.130266,120.677047,2
2018,12,8,9,8,臺中市,中區,0,1,0,8,1,5,50,14,7,1,5,4,5,7,1,1,5,5,4,2,18,23,2,9,1,1,C03,7,9,1,10,2,14,  ,23,23,1,22,8,C03,24.147122,120.678759,2
2018,12,8,9,10,臺中市,西區,0,2,0,8,1,5,50,4,1,1,5,4,5,7,1,1,10,5,5,2,13,16,2,9,1,1,C03,7,9,1,10,2,11,  ,16,16,1,21,5,C03,24.141358,120.675954,2
2018,12,8,9,12,臺中市,石岡區,0,1,0,8,1,5,40,3,2,1,5,4,5,7,4,4,10,5,5,1,17,23,2,9,1,1,C03,7,5,2,18,2,11,  ,23,23,1,21,8,C03,24.27266,120.794016,2
2018,12,8,9,15,臺中市,大甲區,0,0,,8,,,40,,,,,,,,,,,,,,,,,,,,B12,,,1,,2,,,12,,1,4,,B12,24.380542,120.653722,3
2018,12,8,9,20,臺中市,霧峰區,0,1,0,8,1,5,50,4,1,1,5,4,5,7,1,1,10,5,5,2,13,23,3,10,1,1,B03,7,6,1,8,2,1,  ,23,23,1,5,5,B03,24.077651,120.699321,2
2018,12,8,9,20,臺中市,大雅區,0,3,0,8,1,5,50,14,9,1,5,4,5,7,4,4,1,4,5,2,13,16,2,9,1,1,C03,7,9,1,10,2,11,  ,16,16,1,22,9,C03,24.212262,120.650187,2
2018,12,8,9,23,臺中市,西屯區,0,1,0,8,1,5,50,4,1,1,5,4,5,7,4,4,5,5,5,2,16,16,2,9,1,1,C03,7,9,1,10,2,14,  ,16,16,1,22,8,C03,24.165212,120.656984,2
2018,12,8,9,26,臺中市,西屯區,0,0,,8,,,50,,,,,,,,,,,,,,,,,,,,B03,,,1,,2,,,23,,1,21,,B03,24.198212,120.656668,3
2018,12,8,9,29,臺中市,太平區,0,0,,8,,,50,,,,,,,,,,,,,,,,,,,,B11,,,1,,2,,,42,,1,10,,B11,24.123609,120.717552,3
2018,12,8,9,30,臺中市,西區,0,1,0,8,1,5,40,14,8,1,5,4,5,7,4,4,5,4,4,2,18,43,2,9,1,1,C03,7,9,1,10,2,12,  ,43,43,1,5,7,C03,24.136086,120.672591,2
2018,12,8,9,32,臺中市,東區,0,1,0,8,1,5,50,4,1,1,5,4,5,7,3,1,10,5,5,2,15,6,2,9,1,1,C03,7,9,1,10,2,11,  ,6,6,1,22,8,C03,24.141555,120.70221,2
2018,12,8,9,38,臺中市,大里區,0,1,0,8,1,5,50,4,1,1,5,4,5,7,2,1,5,5,5,2,12,25,3,10,1,1,B03,7,6,1,8,2,2,  ,25,25,1,21,8,B03,24.095536,120.687263,2
2018,12,8,9,40,臺中市,霧峰區,0,0,,8,,,80,,,,,,,,,,,,,,,,,,,,B03,,,1,,4,,,16,,1,9,,B03,24.058265,120.687588,3
2018,12,8,9,40,臺中市,梧棲區,0,0,,8,,,60,,,,,,,,,,,,,,,,,,,,B03,,,1,,2,,,42,,1,5,,B03,24.223364,120.524827,3
2018,12,8,9,45,臺中市,西區,0,1,0,8,1,5,50,4,1,1,5,4,5,7,4,4,10,5,5,2,15,6,2,9,1,1,C03,7,9,1,10,2,12,  ,6,6,1,8,9,C03,24.148813,120.673305,2
2018,12,8,9,45,臺中市,西屯區,0,0,0,8,1,5,50,,,,,,,,,,,,,,,9,  ,  ,  ,  ,B03,  ,  ,1,  ,2,2,  ,9,9,1,21,  ,B03,24.197708,120.654076,3
2018,12,8,9,47,臺中市,大雅區,0,0,,8,,,50,,,,,,,,,,,,,,,,,,,,C03,,,1,,2,,,23,,1,  ,,C03,24.222456,120.669589,3
2018,12,8,9,48,臺中市,太平區,0,2,0,8,1,5,50,3,1,1,5,4,5,7,4,4,10,5,5,2,16,6,2,9,1,1,C03,7,5,3,18,2,11,  ,6,6,1,19,8,C03,24.155416,120.720019,2
2018,12,8,9,51,臺中市,東區,0,0,0,8,,,40,,,,,,,,,,,,,,,12,  ,  ,  ,  ,B03,  ,  ,1,8,2,  ,  ,12,12,1,  ,  ,B03,24.12462,120.692988,3
2018,12,8,9,57,臺中市,北屯區,0,0,,8,,,50,,,,,,,,,,,,,,,,,,,,B03,,,1,,2,,,23,,1,22,,B03,24.187986,120.66147,3
2018,12,8,10,8,臺中市,北區,0,3,0,8,1,5,50,4,1,1,5,4,5,7,4,4,10,5,5,2,15,6,2,9,1,1,C03,7,9,1,10,2,11,  ,6,6,1,22,8,C03,24.158393,120.697349,2
2018,12,8,10,10,臺中市,霧峰區,0,1,0,8,1,5,30,15,9,1,5,4,5,7,4,4,9,5,5,1,13,23,3,10,3,4,B12,7,9,1,7,2,1,  ,23,23,1,6,3,B12,24.079193,120.701686,2
2018,12,8,10,13,臺中市,北屯區,0,1,0,8,1,5,50,14,7,1,5,4,5,7,4,4,9,4,5,2,16,42,3,10,1,1,B03,7,15,1,8,2,4,  ,42,42,1,21,8,B03,24.186441,120.68705,2
2018,12,8,10,16,臺中市,后里區,0,0,,8,1,5,50,3,2,1,5,4,5,7,4,4,5,5,5,1,16,,,,,,C03,,,1,,2,,,14,,1,  ,,C03,24.309156,120.726832,3
2018,12,8,10,21,臺中市,南區,0,0,,,,,,,,,,,,,,,,,,,,,,,,,B03,,,1,,2,,,6,,1,21,,B03,24.125125,120.661851,3
2018,12,8,10,27,臺中市,東勢區,0,1,0,8,1,5,60,4,1,1,5,4,5,7,1,1,1,4,5,2,17,25,3,10,1,1,B03,7,9,1,8,2,1,4,25,25,1,21,8,B03,24.261508,120.822663,2
2018,12,8,10,30,臺中市,南屯區,0,1,0,8,1,5,50,14,7,1,5,4,5,7,4,4,5,4,4,2,18,23,2,8,1,1,C03,7,9,1,10,2,12,  ,23,23,1,22,8,C03,24.137835,120.653149,2
2018,12,8,10,32,臺中市,北屯區,0,2,0,8,1,5,50,4,1,1,5,4,5,7,4,4,10,5,5,2,15,6,2,8,1,1,C03,7,9,1,10,2,11,  ,6,6,1,21,8,C03,24.164102,120.697867,2
2018,12,8,10,34,臺中市,沙鹿區,0,1,0,8,1,5,50,14,9,1,5,4,5,7,4,4,5,4,4,2,12,17,2,1,1,1,C03,7,9,1,10,2,14,  ,17,17,1,19,8,C03,24.224235,120.576765,2
2018,12,8,10,34,臺中市,大雅區,0,1,0,8,1,5,50,4,1,1,5,4,5,7,4,4,10,5,5,1,15,6,2,8,1,1,B03,7,9,1,8,2,5,  ,6,6,1,21,8,B03,24.238059,120.666207,2
2018,12,8,10,38,臺中市,南屯區,0,0,0,8,,,60,,,,,,,,,,,,,,,23,  ,  ,  ,  ,B12,  ,  ,1,  ,2,  ,  ,23,23,1,22,  ,B12,24.12577,120.631343,3
2018,12,8,10,53,臺中市,西區,0,2,0,8,1,5,50,4,2,1,5,4,5,7,1,1,10,5,5,2,17,19,2,9,1,1,C03,7,1,1,10,2,14,  ,19,19,1,21,8,C03,24.134346,120.675901,2
2018,12,8,10,55,臺中市,北屯區,0,1,0,8,1,5,50,14,7,1,5,4,5,7,4,4,5,5,5,2,16,19,2,9,1,1,C03,7,1,1,10,2,15,  ,19,19,1,22,8,C03,24.168278,120.686102,2
2018,12,8,10,57,臺中市,北屯區,0,1,0,8,1,5,50,14,7,1,5,4,5,7,4,4,5,4,4,2,13,23,3,10,1,1,B12,7,9,1,8,2,5,  ,23,23,1,5,8,B12,24.167178,120.693476,2
2018,12,8,11,0,臺中市,北區,0,0,,8,,,40,,,,,,,,,,,,,,,,,,,,B03,,,1,,2,,,43,,1,22,,B03,24.1448,120.6861,3
2018,12,8,11,0,臺中市,梧棲區,0,1,0,8,1,5,50,14,9,1,5,4,5,7,1,1,5,5,5,2,17,40,3,10,3,4,B12,7,14,1,8,2,4,  ,40,40,1,21,8,B12,24.246254,120.542015,2
2018,12,8,11,1,臺中市,南屯區,0,0,,8,,,40,,,,,,,,,,,,,,,,,,,,B03,,,1,,2,,,40,,1,  ,,B03,24.152041,120.637126,3
2018,12,8,11,2,臺中市,西區,0,1,0,8,1,5,50,4,1,1,5,4,5,7,4,4,10,5,5,2,15,6,2,9,1,1,C03,7,9,1,10,2,12,  ,6,6,1,21,5,C03,24.141145,120.669799,2
2018,12,8,11,7,臺中市,西屯區,0,0,0,8,,,80,,,,,,,,,,,,,,,23,  ,  ,  ,  ,B03,  ,  ,1,  ,2,  ,  ,23,23,1,22,  ,B03,24.159461,120.626775,3
2018,12,8,11,12,臺中市,南區,0,0,,8,,,50,,,,,,,,,,,,,,,,,,,,B03,,,1,,2,,,23,,1,5,,B03,24.118966,120.660263,3
2018,12,8,11,14,臺中市,西區,0,0,,8,,,40,,,,,,,,,,,,,,,,,,,,B03,,,1,,2,,,12,,1,22,,B03,24.144931,120.650166,3
2018,12,8,11,19,臺中市,太平區,0,1,0,8,1,5,50,14,8,1,5,4,5,7,4,4,5,5,4,2,17,40,3,10,1,1,B03,7,13,1,8,2,4,  ,40,40,1,21,8,B03,24.125211,120.713654,2
2018,12,8,11,20,臺中市,南屯區,0,1,0,8,1,5,50,14,8,1,5,4,5,7,4,4,5,4,4,2,16,26,3,10,1,1,B03,7,11,1,8,2,2,  ,26,26,1,22,9,B03,24.124525,120.631212,2
2018,12,8,11,20,臺中市,潭子區,0,2,0,8,1,5,50,4,1,1,5,4,5,7,4,4,9,5,5,2,3,23,2,9,1,1,C03,7,9,1,10,2,11,  ,23,23,1,22,8,C03,24.212322,120.704325,2
2018,12,8,11,25,臺中市,西屯區,0,0,0,8,1,5,50,,,,,,,,,,,,,,,23,  ,  ,  ,  ,B03,  ,  ,1,  ,2,1,  ,23,23,1,22,  ,B03,24.202593,120.657167,3
2018,12,8,11,31,臺中市,西屯區,0,0,,8,,,50,,,,,,,,,,,,,,,,,,,,B03,,,1,,2,,,7,,1,21,,B03,24.188791,120.616341,3
2018,12,8,11,31,臺中市,大雅區,0,1,0,8,1,5,50,3,1,1,5,4,5,1,3,1,5,5,5,1,16,6,3,10,1,1,B03,7,5,1,8,2,6,  ,6,6,1,21,8,B03,24.244465,120.657838,2
2018,12,8,11,32,臺中市,潭子區,0,0,,8,,,40,,,,,,,,,,,,,,,,,,,,B03,,,1,,2,,,16,,1,  ,,B03,24.218688,120.717703,3
2018,12,8,11,35,臺中市,南區,0,2,0,8,1,5,50,14,8,1,5,4,5,7,4,4,5,5,4,2,14,12,3,10,1,1,B03,7,2,1,8,2,3,  ,12,12,1,21,8,B03,24.122237,120.653953,2
2018,12,8,11,40,臺中市,沙鹿區,0,2,0,8,1,5,40,3,1,1,5,4,5,7,4,4,10,5,5,2,13,16,2,9,1,1,C03,7,9,1,10,2,11,  ,16,16,1,4,5,C03,24.25985,120.598309,2
2018,12,8,11,41,臺中市,西屯區,0,1,0,8,1,5,50,3,1,1,5,4,5,7,4,4,10,5,5,2,16,8,3,10,1,1,B12,7,5,1,8,2,2,  ,8,8,1,21,8,B12,24.17581,120.640178,2
2018,12,8,11,41,臺中市,西屯區,0,1,0,8,1,5,50,4,1,1,5,4,5,7,2,1,10,5,5,2,16,42,3,10,3,4,A21,7,6,1,1,2,2,  ,42,42,1,22,8,A21,24.160159,120.607219,2
2018,12,8,11,43,臺中市,南屯區,0,0,,8,,,50,,,,,,,,,,,,,,,,,,,,B03,,,1,,2,,,7,,1,22,,B03,24.126215,120.631991,3
2018,12,8,11,45,臺中市,南屯區,0,0,,,,,,,,,,,,,,,,,,,,,,,,,B03,,,1,,2,,,23,,2,21,,B03,24.140264,120.64913,3
2018,12,8,11,45,臺中市,西屯區,0,0,0,8,1,5,50,,,,,,,,,,,,,,,23,  ,  ,  ,  ,B03,  ,  ,1,  ,2,1,  ,23,23,1,22,  ,B03,24.200731,120.656558,3
2018,12,8,11,47,臺中市,梧棲區,0,2,0,8,1,5,60,4,1,1,5,4,5,7,3,1,10,4,3,1,16,26,2,9,3,4,H02,7,20,8,20,10,16,  ,67,26,1,21,8,H02,24.222816,120.526576,2
2018,12,8,11,50,臺中市,沙鹿區,0,0,,8,,,50,,,,,,,,,,,,,,,,,,,,B03,,,1,,2,,,7,,1,5,,B03,24.242571,120.561277,3
2018,12,8,11,50,臺中市,潭子區,0,0,,8,,,50,,,,,,,,,,,,,,,,,,,,B03,,,1,,2,,,23,,1,22,,B03,24.200756,120.703254,3
2018,12,8,11,53,臺中市,北區,0,1,0,8,1,5,50,4,18,1,5,4,5,7,1,1,10,5,5,2,9,15,3,10,1,1,B03,7,6,1,8,2,8,  ,15,15,1,22,8,B03,24.160361,120.68232,2
2018,12,8,11,54,臺中市,梧棲區,0,0,,8,,,50,,,,,,,,,,,,,,,,,,,,B12,,,1,,2,,,38,,  ,  ,,B12,24.254181,120.529463,4
2018,12,8,12,0,臺中市,西區,0,1,0,8,1,5,50,4,1,1,5,4,5,7,4,4,10,5,5,2,15,6,2,8,1,1,B03,7,9,1,8,2,5,  ,6,6,1,5,9,B03,24.145605,120.658138,2
2018,12,8,12,6,臺中市,西屯區,0,0,0,8,1,5,40,,,,,,,,,,,,,,,9,  ,  ,  ,  ,B03,  ,  ,1,  ,2,5,  ,9,9,1,21,  ,B03,24.158961,120.656543,3
2018,12,8,12,10,臺中市,沙鹿區,0,0,,8,,,40,,,,,,,,,,,,,,,,,,,,B03,,,1,,2,,,6,,  ,4,,B03,24.24996,120.583259,4
2018,12,8,12,14,臺中市,南區,0,0,,8,,,50,,,,,,,,,,,,,,,,,,,,B03,,,1,,2,,,6,,1,5,,B03,24.111813,120.650108,3
2018,12,8,12,23,臺中市,太平區,,,,8,,,40,,,,,,,,,,,,,,,,,,,,F01,,,8,,2,,,23,,1,16,,F01,24.149455,120.703228,3
2018,12,8,12,30,臺中市,大雅區,0,2,0,8,1,5,50,3,1,1,5,4,5,7,4,4,10,4,5,1,3,23,2,9,1,1,C03,7,9,2,18,2,12,  ,23,23,1,22,9,C03,24.225392,120.650574,2
2018,12,8,12,31,臺中市,南區,0,0,,8,,,50,,,,,,,,,,,,,,,,,,,,B03,,,1,,2,,,23,,1,19,,B03,24.121411,120.661933,3
2018,12,8,12,33,臺中市,北區,0,0,,8,,,50,,,,,,,,,,,,,,,,,,,,B03,,,1,,2,,,23,,1,  ,,B03,24.159321,120.679624,3
2018,12,8,12,40,臺中市,沙鹿區,0,0,,8,,,60,,,,,,,,,,,,,,,,,,,,A12,,,1,,2,,,42,,1,9,,A12,24.250588,120.57775,3
2018,12,8,12,43,臺中市,西區,0,1,0,8,1,5,50,4,1,1,5,4,5,7,4,4,10,5,5,2,15,6,2,9,1,1,C03,7,9,1,10,2,12,  ,6,6,1,21,8,C03,24.147673,120.664343,2
2018,12,8,12,44,臺中市,中區,0,1,0,8,1,5,50,4,1,1,5,4,5,7,4,4,10,5,5,2,16,6,3,10,1,1,B03,7,6,1,8,2,8,  ,6,6,1,21,5,B03,24.142831,120.6806,2
2018,12,8,12,44,臺中市,大肚區,0,0,,8,,,40,,,,,,,,,,,,,,,,,,,,B03,,,1,,2,,,12,,1,4,,B03,24.147247,120.54723,3
2018,12,8,12,45,臺中市,大雅區,0,1,0,8,1,5,50,4,1,1,5,4,5,6,4,4,5,5,5,1,15,6,3,10,1,1,B03,7,9,1,8,2,4,  ,6,6,1,21,8,B03,24.228768,120.654781,2
2018,12,8,12,50,臺中市,潭子區,0,0,,8,,,50,,,,,,,,,,,,,,,,,,,,B03,,,3,,2,,,23,,1,22,,B03,24.21811,120.718364,3
2018,12,8,12,51,臺中市,西屯區,0,0,,8,,,60,,,,,,,,,,,,,,,,,,,,B03,,,1,,2,,,42,,1,22,,B03,24.16058,120.635835,3
2018,12,8,12,52,臺中市,北屯區,0,1,0,8,1,5,50,5,1,1,5,4,5,7,1,1,3,2,5,2,16,6,3,10,1,1,A11,7,6,1,3,2,2,  ,6,6,1,22,8,A11,24.188242,120.686296,2
2018,12,8,12,55,臺中市,北屯區,0,0,0,8,1,8,50,4,1,1,5,4,5,7,1,1,10,5,5,2,16,42,3,10,1,1,B03,7,5,1,8,2,4,  ,42,42,  ,21,  ,B03,24.186071,120.676761,3
2018,12,8,13,0,臺中市,龍井區,0,0,,8,,,40,,,,,,,,,,,,,,,,,,,,B03,,,1,,2,,,17,,1,21,,B03,24.182701,120.58506,3
2018,12,8,13,17,臺中市,西屯區,0,1,0,8,1,5,50,3,2,1,5,4,5,7,4,4,5,4,4,2,16,10,3,10,1,1,B03,7,11,1,8,2,4,  ,10,10,1,21,8,B03,24.175331,120.649441,2
2018,12,8,13,26,臺中市,西區,0,1,0,8,1,5,50,3,1,1,5,4,5,7,2,1,1,4,4,2,16,6,3,10,1,1,B03,7,5,1,8,2,2,  ,6,6,1,22,8,B03,24.140013,120.662599,2
2018,12,8,13,30,臺中市,清水區,0,2,0,8,1,5,50,4,1,1,5,4,5,7,3,1,10,5,5,2,16,6,3,10,1,1,B03,7,6,1,8,2,5,  ,6,6,1,21,8,B03,24.269284,120.570079,2
2018,12,8,13,36,臺中市,西屯區,0,2,0,8,1,5,50,14,9,1,5,4,5,7,4,4,1,5,5,2,17,23,2,9,3,4,C03,7,9,1,10,2,12,  ,23,23,1,22,8,C03,24.15601,120.646695,2
2018,12,8,13,36,臺中市,大里區,0,1,0,8,1,5,50,11,9,1,5,4,3,5,4,4,5,5,5,2,10,23,3,10,1,1,B03,7,9,1,8,2,8,  ,23,23,1,21,8,B03,24.107806,120.710033,2
2018,12,8,13,39,臺中市,北屯區,0,1,0,8,1,5,50,3,1,1,5,4,5,7,4,4,10,5,5,2,16,6,3,10,1,1,B01,7,5,1,3,2,5,  ,6,6,1,5,8,B01,24.168288,120.695546,2