年,月,日,時,分,縣市,區,死,受傷,2-30,天候,光線,道路類別,速限,道路型態,事故位置,路面鋪裝,路面狀態,路面缺陷,障礙物,視距,號誌種類,號誌動作,分向設施,快車道或一般車道間,快慢車道間,路面邊線,事故類型及型態,主要肇因,受傷程度,主要傷處,保護裝備,行動電話,當事者區分_類別,車輛用途,當事者行動狀態,駕駛資格情形,駕駛執照種類,飲酒情形,車輛撞擊部位最初,車輛撞擊部位其他,肇事因素個別,肇事因素主要,肇事逃逸,職業,旅次目的,車種,GPS座標X,GPS座標Y,事故類別
2018,12,8,13,41,臺中市,北屯區,0,1,0,8,1,5,50,4,1,1,5,4,5,7,1,1,10,5,5,2,16,26,3,10,1,1,B03,7,6,1,8,2,5,  ,26,26,1,22,8,B03,24.161972,120.719144,2
2018,12,8,13,41,臺中市,潭子區,0,3,0,8,1,5,50,14,9,1,5,4,5,7,4,4,9,4,4,1,13,16,2,9,1,1,C03,7,9,1,10,2,11,  ,16,16,1,21,8,C03,24.21607,120.692783,2
2018,12,8,13,46,臺中市,西屯區,0,0,,8,,,40,,,,,,,,,,,,,,,,,,,,B03,,,1,,2,,,12,,1,21,,B03,24.163581,120.637073,3
2018,12,8,13,49,臺中市,北屯區,0,0,,8,,,40,,,,,,,,,,,,,,,,,,,,B03,,,1,,2,,,10,,1,  ,,B03,24.196739,120.683029,3
2018,12,8,13,50,臺中市,梧棲區,0,1,0,8,1,5,50,14,7,1,5,4,5,7,4,4,5,4,4,2,17,26,3,10,3,4,B03,7,11,1,8,2,4,  ,26,26,1,21,8,B03,24.255767,120.530675,2
2018,12,8,13,51,臺中市,北區,0,1,0,8,1,5,50,4,1,1,5,4,5,7,2,1,10,5,5,2,12,7,3,10,1,1,B03,7,8,1,8,2,5,  ,7,7,1,22,8,B03,24.1592,120.6721,2
2018,12,8,13,57,臺中市,西屯區,0,0,,8,,,50,,,,,,,,,,,,,,,,,,,,C03,,,1,,2,,,12,,1,  ,,C03,24.174086,120.648001,3
2018,12,8,13,57,臺中市,神岡區,0,0,0,8,,,50,,,,,,,,,,,,,,,7,  ,  ,  ,  ,B03,  ,  ,1,  ,2,  ,  ,7,7,1,22,  ,B03,24.246968,120.684988,3
2018,12,8,14,3,臺中市,龍井區,0,2,0,8,1,5,60,4,9,1,5,4,5,7,2,1,1,4,4,1,13,23,2,7,1,1,B12,7,9,1,3,2,5,  ,23,23,1,6,8,B12,24.124587,120.542786,2
2018,12,8,14,7,臺中市,霧峰區,0,0,,8,,,40,,,,,,,,,,,,,,,,,,,,B03,,,1,,2,,,12,,1,22,,B03,24.061946,120.700574,3
2018,12,8,14,12,臺中市,南區,0,1,0,8,1,8,50,3,1,1,5,4,3,5,4,4,3,5,5,2,17,6,3,10,1,1,B03,7,6,1,8,2,1,  ,6,6,1,21,8,B03,24.109629,120.661331,2
2018,12,8,14,12,臺中市,大里區,0,0,,8,,,50,,,,,,,,,,,,,,,,,,,,B02,,,1,,2,,,42,,1,4,,B02,24.088343,120.686631,3
2018,12,8,14,15,臺中市,霧峰區,0,0,,8,,,50,,,,,,,,,,,,,,,,,,,,B03,,,1,,2,,,23,,1,5,,B03,24.0645,120.698392,3
2018,12,8,14,16,臺中市,西屯區,0,2,0,8,1,5,40,3,5,1,5,4,5,7,4,4,5,4,4,2,16,23,3,10,1,1,C03,7,9,1,10,2,11,  ,23,23,1,21,8,C03,24.163818,120.662261,2
2018,12,8,14,21,臺中市,沙鹿區,0,0,,8,,,40,,,,,,,,,,,,,,,,,,,,C03,,,1,,2,,,23,,1,18,,C03,24.224378,120.577508,3
2018,12,8,14,31,臺中市,霧峰區,0,2,0,8,1,5,30,14,9,4,5,2,1,7,4,4,10,5,5,2,18,42,2,9,3,4,C03,7,9,1,10,2,14,  ,42,42,1,18,8,C03,24.077718,120.674535,2
2018,12,8,14,35,臺中市,南屯區,0,0,,,,,,,,,,,,,,,,,,,,,,,,,B03,,,1,,2,,,17,,1,22,,B03,24.144915,120.628181,3
2018,12,8,14,47,臺中市,西屯區,0,0,0,8,,,40,,,,,,,,,,,,,,,42,  ,  ,  ,  ,C03,  ,  ,1,  ,1,  ,  ,42,42,1,21,  ,C03,24.180546,120.630171,3
2018,12,8,14,48,臺中市,東區,0,0,0,8,1,5,50,3,1,1,5,4,5,7,1,1,10,5,5,2,13,16,3,10,1,1,B11,7,6,1,8,2,5,  ,16,16,1,5,8,B11,24.136472,120.687941,3
2018,12,8,14,50,臺中市,北區,0,1,0,8,1,5,50,14,7,1,5,4,5,7,4,4,2,4,4,2,17,23,2,9,1,1,C04,7,9,3,18,2,14,  ,23,23,1,22,9,C04,24.145315,120.682256,2
2018,12,8,14,50,臺中市,大安區,0,0,,8,,,40,,,,,,,,,,,,,,,,,,,,B03,,,1,,2,,,6,,1,21,,B03,24.34459,120.586253,3
2018,12,8,14,56,臺中市,梧棲區,0,4,0,8,1,5,40,4,1,1,5,4,5,7,4,4,10,5,5,1,15,6,2,9,3,4,C03,7,9,1,10,2,12,  ,6,6,1,21,8,C03,24.241837,120.557881,2
2018,12,8,15,0,臺中市,后里區,0,0,,8,1,5,40,14,7,1,5,4,5,7,4,4,1,4,4,1,13,,,,,,B03,,,1,,2,,,23,,1,22,,B03,24.320753,120.697583,3
2018,12,8,15,8,臺中市,新社區,0,0,0,8,,,50,,,,,,,,,,,,,,,6,  ,  ,  ,  ,B12,  ,  ,1,  ,2,  ,  ,6,6,1,7,  ,B12,24.24204,120.807369,3
2018,12,8,15,20,臺中市,沙鹿區,0,0,,8,,,50,,,,,,,,,,,,,,,,,,,,B03,,,1,,2,,,42,,  ,4,,B03,24.203172,120.566926,3
2018,12,8,15,21,臺中市,北屯區,0,0,,8,,,50,,,,,,,,,,,,,,,,,,,,B03,,,1,,2,,,26,,1,4,,B03,24.1978,120.6864,3
2018,12,8,15,22,臺中市,北屯區,0,1,0,8,1,5,50,5,1,1,5,4,5,7,2,1,10,5,5,2,12,8,2,1,1,1,C03,7,5,1,10,2,14,  ,8,8,1,21,8,C03,24.173486,120.730166,2
2018,12,8,15,24,臺中市,北區,0,1,0,8,1,5,50,4,2,1,5,4,5,7,1,1,10,5,5,2,17,6,3,10,1,1,B03,7,6,1,8,2,3,  ,6,6,1,22,8,B03,24.159229,120.675739,2
2018,12,8,15,28,臺中市,西屯區,0,1,0,8,1,5,50,4,1,1,5,4,5,7,2,1,5,5,5,2,12,9,3,10,1,1,B03,7,6,1,8,2,2,  ,9,9,1,22,8,B03,24.182099,120.62503,2
2018,12,8,15,39,臺中市,西屯區,0,0,,8,,,40,,,,,,,,,,,,,,,,,,,,B03,,,1,,2,,,23,,1,22,,B03,24.177976,120.643558,3
2018,12,8,15,45,臺中市,西屯區,0,1,0,8,1,5,50,3,1,1,5,4,5,7,4,4,10,5,5,2,16,9,3,10,3,4,B01,7,6,1,4,2,5,  ,9,9,1,22,8,B01,24.162104,120.641187,2
2018,12,8,15,47,臺中市,神岡區,0,1,0,8,1,5,50,3,1,1,5,4,5,7,4,4,10,5,5,2,17,19,2,9,3,4,C03,7,1,1,10,2,14,  ,19,19,1,20,9,C03,24.242396,120.68179,2
2018,12,8,15,51,臺中市,大里區,0,0,,8,,,50,,,,,,,,,,,,,,,,,,,,F02,,,1,,2,,,25,,1,11,,F02,24.096099,120.701587,3
2018,12,8,15,55,臺中市,西區,0,1,0,8,1,5,50,3,1,1,5,4,5,7,1,1,10,5,5,2,17,43,2,7,1,1,C03,7,1,1,10,2,11,  ,43,43,1,22,9,C03,24.140127,120.66549,2
2018,12,8,15,55,臺中市,南區,0,1,0,8,1,5,40,3,1,1,5,4,5,7,3,1,10,5,5,2,16,19,3,10,4,5,F01,7,1,8,20,2,16,  ,19,19,1,22,8,F01,24.130583,120.677627,2
2018,12,8,16,0,臺中市,南屯區,0,0,0,8,1,5,50,4,1,1,5,4,5,7,2,4,10,5,5,2,16,23,3,10,1,1,B03,7,5,1,8,2,5,5,23,23,1,5,5,B03,24.142634,120.647698,3
2018,12,8,16,16,臺中市,后里區,0,1,0,8,1,5,50,4,1,1,5,4,5,7,3,1,5,4,3,1,15,6,3,10,1,1,B03,7,9,1,8,2,4,  ,6,6,1,21,8,B03,24.306061,120.711083,2
2018,12,8,16,20,臺中市,清水區,0,0,,8,,,70,,,,,,,,,,,,,,,,,,,,B03,,,1,,2,,,23,,1,  ,,B03,24.282048,120.581373,3
2018,12,8,16,23,臺中市,潭子區,0,1,0,8,1,5,60,14,9,1,5,4,5,7,4,4,9,4,4,1,12,6,3,10,1,1,B03,7,6,1,8,2,2,  ,6,6,1,21,8,B03,24.207655,120.704808,2
2018,12,8,16,25,臺中市,沙鹿區,0,2,0,8,1,5,60,3,1,1,5,4,5,7,1,1,10,5,5,2,16,6,3,10,1,1,B03,7,6,1,8,2,2,  ,6,6,1,5,5,B03,24.251583,120.575564,2
2018,12,8,16,27,臺中市,北區,0,1,0,8,1,5,50,14,7,1,5,4,5,7,4,4,10,4,4,2,16,7,3,10,1,1,B03,7,8,1,8,2,6,  ,7,7,1,5,8,B03,24.14698,120.689404,2
2018,12,8,16,45,臺中市,豐原區,0,0,,,,,,,,,,,,,,,,,,,,,,,,,B03,,,1,,2,,,26,,1,20,,B03,,,3
2018,12,8,16,46,臺中市,西屯區,0,0,,8,,,40,,,,,,,,,,,,,,,,,,,,B01,,,1,,2,,,23,,1,10,,B01,24.164401,120.649298,3
2018,12,8,16,50,臺中市,南屯區,0,0,0,8,2,5,50,14,9,1,5,4,5,7,4,4,1,4,5,2,12,17,3,10,1,1,C03,7,9,1,8,2,4,4,17,17,1,5,5,C03,24.149285,120.622612,3
2018,12,8,16,52,臺中市,西區,0,0,0,8,,,50,,,,,,,,,,,,,,,,3,  ,  ,  ,B03,  ,  ,1,  ,2,  ,  ,23,  ,  ,21,  ,B03,24.148453,120.674336,4
2018,12,8,16,52,臺中市,北屯區,0,2,0,8,1,5,50,4,1,1,5,4,5,7,1,1,10,5,5,2,16,6,3,10,1,1,B03,7,6,1,8,2,6,  ,6,6,1,21,8,B03,24.17395,120.692686,2
2018,12,8,16,52,臺中市,梧棲區,0,2,0,8,1,5,50,14,7,1,5,4,5,7,4,4,9,4,4,2,17,10,3,10,3,4,B03,7,11,1,8,2,8,  ,10,10,1,21,8,B03,24.245166,120.546362,2
2018,12,8,16,58,臺中市,神岡區,0,2,0,8,1,5,50,14,7,1,5,4,5,7,4,4,9,5,4,2,17,6,2,9,1,1,C03,7,11,1,10,2,14,  ,6,6,1,22,9,C03,24.257983,120.665686,2
2018,12,8,17,0,臺中市,后里區,0,0,,8,,,60,,,,,,,,,,,,,,,,,,,,B03,,,1,,2,,,7,,1,4,,B03,24.29364,120.723661,3
2018,12,8,17,3,臺中市,大里區,0,0,,,,,,,,,,,,,,,,,,,,,,,,,C03,,,1,,2,,,23,,1,21,,C03,,,3
2018,12,8,17,6,臺中市,南區,0,0,,,,,,,,,,,,,,,,,,,,,,,,,B03,,,1,,2,,,7,,1,3,,B03,24.109842,120.644626,3
2018,12,8,17,9,臺中市,南屯區,0,0,,8,,,50,,,,,,,,,,,,,,,,,,,,B03,,,1,,2,,,12,,1,22,,B03,24.113283,120.625958,3
2018,12,8,17,10,臺中市,豐原區,0,2,0,8,3,5,40,3,2,1,5,4,5,7,4,4,10,5,5,1,10,42,2,9,3,4,C03,7,9,1,10,6,11,  ,42,42,1,22,8,C03,24.267421,120.729228,2
2018,12,8,17,14,臺中市,北區,0,1,0,8,3,5,50,4,1,1,5,4,5,7,1,1,10,5,5,2,17,7,2,8,1,1,C03,7,10,1,10,2,13,  ,7,7,1,21,8,C03,24.150283,120.676172,2
2018,12,8,17,20,臺中市,西屯區,0,1,0,8,1,5,40,14,8,1,5,4,5,7,4,4,1,4,5,2,17,6,3,10,1,1,B03,7,9,1,8,2,6,  ,6,6,1,22,8,B03,24.158345,120.657,2
2018,12,8,17,30,臺中市,西屯區,0,0,0,8,,,40,,,,,,,,,,,,,,,42,  ,  ,  ,  ,A12,  ,  ,1,  ,2,  ,  ,42,42,1,  ,  ,A12,24.18567,120.612571,3
2018,12,8,17,30,臺中市,大雅區,0,3,0,8,3,5,50,3,1,1,5,4,5,7,4,4,9,4,4,1,17,19,2,8,1,1,C03,7,1,1,10,2,11,  ,19,19,1,22,9,C03,24.2263,120.64758,2
2018,12,8,17,33,臺中市,大里區,0,3,0,8,4,5,50,3,2,1,5,4,5,7,4,4,5,5,5,1,16,6,2,5,1,1,C03,7,5,1,10,2,12,  ,6,6,1,22,8,C03,24.088835,120.701277,2
2018,12,8,17,38,臺中市,西屯區,0,0,,8,,,40,,,,,,,,,,,,,,,,,,,,C03,,,1,,2,,,16,,1,22,,C03,24.18424,120.609585,3
2018,12,8,17,41,臺中市,北屯區,0,2,0,8,3,5,50,14,9,1,5,4,5,7,4,4,5,5,5,2,12,23,2,8,1,1,C03,7,9,2,18,2,11,  ,23,23,1,15,8,C03,24.184905,120.667146,2
2018,12,8,17,41,臺中市,后里區,0,0,,,,,,,,,,,,,,,,,,,,,,,,,B12,,,1,,2,,,3,,1,  ,,B12,24.309744,120.716945,3
2018,12,8,17,42,臺中市,潭子區,0,2,0,8,3,5,50,14,9,1,5,4,5,7,4,4,8,3,5,1,15,23,2,9,1,1,C03,7,9,1,10,2,11,  ,23,23,1,22,1,C03,24.204002,120.678684,2
2018,12,8,17,48,臺中市,大雅區,0,1,0,8,3,5,50,4,1,1,5,4,5,7,1,1,3,4,4,1,17,25,3,10,1,1,B03,7,5,1,8,2,2,  ,25,25,1,21,8,B03,24.225527,120.645257,2
2018,12,8,17,55,臺中市,西區,0,1,0,8,3,5,40,4,2,1,5,4,5,7,1,1,1,4,4,2,17,23,2,9,1,1,C03,7,5,1,10,2,11,  ,23,23,1,22,9,C03,24.13926,120.66563,2
2018,12,8,17,56,臺中市,西區,0,0,0,8,,,50,,,,,,,,,,,,,,,,3,  ,  ,  ,B03,  ,  ,1,  ,2,  ,  ,42,  ,1,21,  ,B03,24.153187,120.666835,3
2018,12,8,18,0,臺中市,霧峰區,0,0,,8,,,50,,,,,,,,,,,,,,,,,,,,B03,,,1,,2,,,19,,1,5,,B03,24.064067,120.678157,3
2018,12,8,18,2,臺中市,中區,0,1,0,8,3,5,50,4,1,1,5,4,5,7,1,1,10,5,5,2,17,25,2,8,1,1,C03,7,11,1,10,2,11,  ,25,25,1,21,8,C03,24.140216,120.677274,2
2018,12,8,18,6,臺中市,豐原區,0,0,0,8,,,50,,,,,,,,,,,,,,,43,4,11,3,4,   ,7,21,7,19,11,15,  ,43,43,2,22,9,   ,24.273333,120.721944,3
2018,12,8,18,11,臺中市,北屯區,0,0,,8,,,50,,,,,,,,,,,,,,,,,,,,B03,,,1,,2,,,26,,1,9,,B03,24.1751,120.719,3
2018,12,8,18,14,臺中市,北屯區,0,0,,8,,,50,,,,,,,,,,,,,,,,,,,,C03,,,3,,2,,,23,,1,18,,C03,24.162174,120.692719,3
2018,12,8,18,18,臺中市,東區,0,0,0,8,3,8,80,14,22,1,5,4,5,7,4,4,2,3,5,2,13,23,3,10,1,1,B03,7,14,1,8,2,1,  ,23,23,1,21,8,B03,24.129292,120.706083,3
2018,12,8,18,21,臺中市,沙鹿區,0,0,,8,,,40,,,,,,,,,,,,,,,,,,,,B03,,,1,,2,,,23,,1,4,,B03,24.228646,120.574136,3
2018,12,8,18,23,臺中市,龍井區,0,0,,8,,,50,,,,,,,,,,,,,,,,,,,,B03,,,1,,2,,,23,,1,  ,,B03,24.181181,120.589881,3
2018,12,8,18,23,臺中市,沙鹿區,0,0,,8,,,50,,,,,,,,,,,,,,,,,,,,B03,,,1,,2,,,18,,1,2,,B03,24.234404,120.558836,3
2018,12,8,18,23,臺中市,石岡區,0,1,0,8,3,5,50,14,9,1,5,4,5,7,4,4,9,4,5,2,13,23,3,10,1,1,B12,7,14,1,8,2,1,  ,23,23,1,21,8,B12,24.25877,120.815514,2
2018,12,8,18,25,臺中市,沙鹿區,0,2,0,8,3,5,50,14,9,1,5,4,5,7,4,4,9,5,5,1,16,19,3,10,1,1,B03,7,1,1,8,2,8,  ,19,19,1,21,8,B03,24.241185,120.620949,2
2018,12,8,18,28,臺中市,潭子區,0,0,,8,,,50,,,,,,,,,,,,,,,,,,,,B03,,,1,,2,,,42,,1,22,,B03,24.203196,120.722221,3
2018,12,8,18,30,臺中市,北區,0,2,0,8,2,5,40,4,1,1,5,4,5,7,4,4,10,5,5,2,17,19,2,9,1,1,C03,7,1,1,10,2,14,  ,19,19,1,22,8,C03,24.15909,120.683132,2
2018,12,8,18,35,臺中市,南區,0,1,0,8,3,5,50,3,1,1,5,4,5,7,4,4,10,5,5,2,12,42,3,10,1,1,B03,7,15,1,8,2,6,  ,42,42,1,22,8,B03,24.120678,120.662711,2
2018,12,8,18,36,臺中市,西區,0,0,,8,,,50,,,,,,,,,,,,,,,,,,,,C03,,,1,,2,,,7,,1,21,,C03,24.152353,120.657246,3
2018,12,8,18,49,臺中市,太平區,0,0,,8,,,50,,,,,,,,,,,,,,,,,,,,F01,,,8,,8,,,3,,1,4,,F01,24.141888,120.716531,3
2018,12,8,18,51,臺中市,北區,0,1,0,8,3,5,50,4,1,1,5,4,5,7,4,4,10,5,5,2,15,6,3,10,1,1,B03,7,9,1,8,2,2,  ,6,6,1,21,8,B03,24.168768,120.671724,2
2018,12,8,18,51,臺中市,北屯區,0,1,0,8,3,5,50,14,7,1,5,4,5,7,4,4,1,4,4,2,13,23,3,10,1,1,B03,7,9,1,8,2,1,  ,23,23,1,21,8,B03,24.176418,120.670008,2
2018,12,8,18,52,臺中市,西區,0,1,0,8,3,5,40,4,1,1,5,4,5,7,1,1,10,5,5,2,23,23,2,1,1,1,C03,7,21,1,10,7,14,  ,23,23,1,21,8,C03,24.149181,120.671994,2
2018,12,8,18,59,臺中市,西屯區,0,0,,8,,,50,,,,,,,,,,,,,,,,,,,,B03,,,1,,2,,,23,,1,  ,,B03,24.166359,120.65239,3
2018,12,8,19,2,臺中市,西區,0,0,0,8,,,50,,,,,,,,,,,,,,,,  ,  ,  ,  ,A04,  ,  ,1,  ,2,  ,  ,12,  ,1,10,  ,A04,24.138039,120.668627,3
2018,12,8,19,3,臺中市,南屯區,0,0,,8,,,50,,,,,,,,,,,,,,,,,,,,B03,,,3,,2,,,23,,1,22,,B03,24.148795,120.646286,3
2018,12,8,19,4,臺中市,北屯區,0,0,0,8,,,50,,,,,,,,,,,,,,,12,  ,  ,  ,  ,B03,  ,  ,1,  ,2,  ,  ,12,12,1,5,  ,B03,24.165785,120.722216,3
2018,12,8,19,5,臺中市,西區,0,0,,8,,,40,,,,,,,,,,,,,,,,,,,,B03,,,1,,2,,,7,,1,22,,B03,24.150845,120.654162,3
2018,12,8,19,9,臺中市,太平區,0,1,0,8,3,5,50,3,1,1,5,4,5,7,3,1,10,5,5,2,15,6,2,8,1,1,F03,7,9,8,20,2,16,  ,6,6,1,5,8,F03,24.126008,120.712323,2
2018,12,8,19,10,臺中市,清水區,0,1,0,8,3,5,50,14,9,1,5,4,5,7,4,4,4,3,5,1,18,43,2,1,1,1,C03,7,9,1,10,2,12,  ,43,43,1,21,8,C03,24.309163,120.602978,2
2018,12,8,19,13,臺中市,太平區,0,1,0,8,3,5,50,11,9,1,5,4,5,7,4,4,5,5,5,1,10,5,2,8,1,1,C03,7,9,2,18,11,11,  ,5,5,1,16,5,C03,24.162087,120.707417,2
2018,12,8,19,14,臺中市,霧峰區,0,0,,8,,,50,,,,,,,,,,,,,,,,,,,,B02,,,1,,2,,,19,,1,21,,B02,24.067427,120.699095,3
2018,12,8,19,15,臺中市,西屯區,0,0,0,8,,,50,,,,,,,,,,,,,,,26,  ,  ,  ,  ,B03,  ,  ,1,  ,2,  ,  ,44,26,1,21,  ,B03,24.200078,120.656355,3
2018,12,8,19,17,臺中市,大雅區,0,1,0,8,3,5,50,4,1,1,5,4,5,7,1,1,9,4,4,1,12,17,2,5,1,1,C03,7,5,1,10,2,14,  ,17,17,1,22,9,C03,24.21616,120.64927,2
2018,12,8,19,25,臺中市,西區,0,0,0,8,,,50,,,,,,,,,,,,,,,16,3,  ,  ,  ,C03,  ,  ,1,  ,2,  ,  ,16,16,1,21,  ,C03,24.146707,120.653932,3
2018,12,8,19,26,臺中市,北屯區,0,0,,8,,,50,,,,,,,,,,,,,,,,,,,,B03,,,1,,2,,,23,,1,5,,B03,24.164933,120.694136,3
2018,12,8,19,32,臺中市,石岡區,0,1,0,8,3,5,70,14,7,1,5,4,5,7,4,4,1,4,4,1,13,23,2,1,1,1,B03,7,9,1,8,2,4,  ,23,23,1,21,8,B03,24.27696,120.764726,2
2018,12,8,19,44,臺中市,太平區,0,0,,8,,,50,,,,,,,,,,,,,,,,,,,,C03,,,1,,2,,,7,,1,21,,C03,24.149936,120.71133,3
2018,12,8,19,48,臺中市,北區,0,0,,8,,,50,,,,,,,,,,,,,,,,,,,,B03,,,1,,2,,,23,,1,  ,,B03,24.154901,120.686305,3
2018,12,8,19,51,臺中市,西區,0,0,0,8,3,5,50,4,1,1,5,4,5,7,2,1,10,5,5,2,13,23,3,10,1,1,B03,7,9,5,18,6,8,  ,23,23,1,21,8,B03,24.136693,120.67181,3
2018,12,8,20,7,臺中市,梧棲區,0,1,0,8,3,5,50,14,9,1,5,4,5,7,4,4,4,5,5,1,6,53,3,10,1,1,B03,7,9,1,8,2,5,  ,23,53,1,3,8,B03,24.248356,120.534803,2
2018,12,8,20,10,臺中市,西屯區,0,0,,8,,,50,,,,,,,,,,,,,,,,,,,,B03,,,1,,2,,,12,,1,  ,,B03,24.171755,120.662211,3
2018,12,8,20,21,臺中市,北區,0,0,0,8,,,50,,,,,,,,,,,,,,,23,3,  ,  ,  ,C03,  ,  ,1,10,2,11,  ,23,23,  ,21,  ,C03,24.159182,120.67739,3
2018,12,8,20,21,臺中市,后里區,0,0,,8,,,50,,,,,,,,,,,,,,,,,,,,B03,,,1,,2,,,7,,1,4,,B03,24.31049,120.712824,3
2018,12,8,20,25,臺中市,西區,0,5,0,8,3,5,50,4,1,1,5,4,5,7,1,1,10,5,5,2,15,26,3,10,1,1,B12,7,9,1,8,2,5,  ,26,26,1,22,9,B12,24.146714,120.652989,2
2018,12,8,20,30,臺中市,東區,0,1,0,8,3,5,50,4,1,1,5,4,5,7,1,1,10,5,5,2,14,12,3,10,1,1,B03,7,2,1,8,2,3,  ,12,12,1,5,8,B03,24.131655,120.690369,2
2018,12,8,20,34,臺中市,西屯區,0,0,,8,,,50,,,,,,,,,,,,,,,,,,,,B03,,,1,,2,,,12,,1,21,,B03,24.177785,120.663231,3
2018,12,8,20,36,臺中市,沙鹿區,0,0,,8,,,50,,,,,,,,,,,,,,,,,,,,C03,,,1,,2,,,26,,1,  ,,C03,24.224806,120.568621,3
2018,12,8,20,47,臺中市,南屯區,0,0,,8,,,60,,,,,,,,,,,,,,,,,,,,B03,,,1,,2,,,7,,1,  ,,B03,24.166903,120.585181,3
2018,12,8,21,7,臺中市,沙鹿區,0,2,0,8,3,5,50,3,1,1,5,4,5,7,4,4,1,4,4,1,16,6,3,10,1,1,B03,7,5,1,8,2,1,  ,6,6,1,19,8,B03,24.238377,120.560056,2
2018,12,8,21,10,臺中市,西屯區,0,0,,8,,,50,,,,,,,,,,,,,,,,,,,,B03,,,1,,2,,,43,,1,  ,,B03,24.1615,120.648725,3
2018,12,8,21,22,臺中市,大雅區,0,0,,8,,,40,,,,,,,,,,,,,,,,,,,,B03,,,1,,2,,,12,,1,  ,,B03,24.228991,120.642249,3
2018,12,8,21,23,臺中市,西屯區,0,0,0,8,,,40,,,,,,,,,,,,,,,26,  ,  ,  ,  ,B03,  ,  ,1,  ,2,  ,  ,26,26,1,22,  ,B03,24.162812,120.629063,3
2018,12,8,21,34,臺中市,西屯區,0,0,,8,,,50,,,,,,,,,,,,,,,,,,,,B12,,,1,,2,,,23,,1,  ,,B12,24.161388,120.649285,3
2018,12,8,21,41,臺中市,大肚區,0,0,,8,,,50,,,,,,,,,,,,,,,,,,,,B03,,,1,,2,,,23,,1,22,,B03,24.168359,120.582269,3
2018,12,8,21,55,臺中市,南屯區,0,0,0,8,3,5,50,4,1,1,5,4,5,7,2,1,10,5,5,2,16,19,3,10,1,1,B03,7,1,1,8,2,8,8,19,19,1,5,7,B03,24.143845,120.650802,3
2018,12,8,22,0,臺中市,北屯區,0,1,0,8,3,5,40,14,8,1,5,4,5,7,4,4,1,4,4,2,17,40,3,10,1,1,B03,7,13,1,7,2,4,  ,40,40,1,5,8,B03,24.162352,120.720955,2
2018,12,8,22,8,臺中市,太平區,0,0,0,8,,,50,,,,,,,,,,,,,,,42,  ,  ,  ,  ,B03,  ,  ,1,  ,2,  ,  ,42,42,1,4,  ,B03,24.148785,120.716015,3
2018,12,8,22,13,臺中市,西屯區,0,0,,8,,,50,,,,,,,,,,,,,,,,,,,,B03,,,1,,2,,,12,,1,22,,B03,24.18282,120.64553,3
2018,12,8,22,15,臺中市,北區,0,1,0,8,3,5,50,14,8,1,5,4,5,7,4,4,1,4,4,2,12,7,3,10,3,4,A02,7,8,1,2,2,2,  ,7,7,1,22,9,A02,24.14435,120.685795,2
2018,12,8,22,17,臺中市,東區,0,1,0,8,3,5,50,14,9,1,5,4,5,7,4,4,3,4,5,2,17,40,3,10,1,1,B03,7,14,1,8,2,2,  ,40,40,1,21,8,B03,24.135958,120.686498,2
2018,12,8,22,25,臺中市,東區,0,0,0,8,,,50,,,,,,,,,,,,,,,,3,  ,  ,  ,B03,  ,  ,1,  ,2,  ,  ,44,  ,2,21,  ,B03,24.133088,120.69878,3
2018,12,8,22,31,臺中市,北區,0,1,0,7,3,5,50,3,1,1,5,4,5,7,1,1,10,5,5,2,18,23,2,9,1,1,C03,7,9,1,10,2,14,  ,23,23,1,5,8,C03,24.153701,120.689174,2
2018,12,8,22,50,臺中市,太平區,0,1,0,8,3,5,40,3,1,1,5,4,5,7,4,4,10,5,5,2,16,19,2,9,1,1,C03,7,1,1,10,2,14,  ,19,19,1,18,8,C03,24.147141,120.737842,2
2018,12,8,23,4,臺中市,西屯區,0,1,0,8,3,5,40,5,2,1,5,4,5,7,1,1,9,4,4,2,12,6,3,10,1,1,B02,7,6,1,8,2,2,  ,6,6,1,21,8,B02,24.190957,120.595155,2
2018,12,8,23,24,臺中市,潭子區,0,3,0,8,3,5,50,4,1,1,5,4,5,7,3,1,10,5,5,2,15,6,2,9,1,1,C03,7,9,1,10,2,11,  ,6,6,1,22,8,C03,24.192121,120.70187,2
2018,12,8,23,34,臺中市,西屯區,0,1,0,8,3,5,50,14,9,1,5,4,5,7,4,4,5,4,5,2,16,7,3,10,1,1,B03,7,8,1,8,2,2,  ,7,7,1,2,8,B03,24.177245,120.655196,2
2018,12,8,23,39,臺中市,西區,0,0,0,8,3,5,50,14,9,1,5,4,5,7,4,4,1,5,5,2,12,,  ,  ,  ,  ,   ,  ,  ,7,  ,11,  ,  ,43,  ,1,  ,  ,   ,24.151951,120.657253,3
2018,12,8,23,45,臺中市,南屯區,0,0,0,8,,,50,,,,,,,,4,,,,,,,19,3,  ,  ,  ,B03,  ,  ,1,  ,2,  ,  ,19,19,1,21,  ,B03,24.151147,120.65136,3
2018,12,9,0,0,臺中市,西屯區,0,3,0,8,3,5,50,14,9,1,5,4,4,7,4,4,1,4,5,2,13,16,2,9,1,1,C03,7,9,1,10,2,11,  ,16,16,1,18,8,C03,24.162342,120.649536,2
2018,12,9,0,15,臺中市,中區,0,2,0,8,1,5,50,4,1,1,5,4,5,7,3,1,10,5,5,2,15,6,3,10,1,1,B03,7,9,1,8,2,2,  ,6,6,1,22,8,B03,24.143389,120.677626,2