年,月,日,時,分,縣市,區,死,受傷,2-30,天候,光線,道路類別,速限,道路型態,事故位置,路面鋪裝,路面狀態,路面缺陷,障礙物,視距,號誌種類,號誌動作,分向設施,快車道或一般車道間,快慢車道間,路面邊線,事故類型及型態,主要肇因,受傷程度,主要傷處,保護裝備,行動電話,當事者區分_類別,車輛用途,當事者行動狀態,駕駛資格情形,駕駛執照種類,飲酒情形,車輛撞擊部位最初,車輛撞擊部位其他,肇事因素個別,肇事因素主要,肇事逃逸,職業,旅次目的,車種,GPS座標X,GPS座標Y,事故類別
2018,12,9,0,15,臺中市,北區,0,2,0,8,3,5,50,4,1,1,5,4,5,7,3,1,5,5,5,2,16,6,2,9,3,4,C03,7,9,1,10,2,11,  ,6,6,1,22,9,C03,24.16173,120.669345,2
2018,12,9,0,17,臺中市,西區,0,1,0,8,3,5,50,4,1,1,5,4,5,7,1,1,10,5,5,2,12,26,3,10,3,4,B03,7,6,1,1,2,2,  ,26,26,1,21,8,B03,24.15719,120.659887,2
2018,12,9,0,20,臺中市,西區,0,1,0,6,1,5,50,3,1,1,4,4,5,7,1,1,10,5,5,2,15,25,2,9,1,1,C03,7,9,1,10,2,14,  ,44,25,1,22,8,C03,24.150885,120.663456,2
2018,12,9,0,30,臺中市,南區,0,1,0,7,3,5,50,4,1,1,5,4,5,7,1,1,10,5,5,2,16,6,3,10,1,1,B01,7,6,1,4,2,5,  ,6,6,1,4,8,B01,24.119714,120.663369,2
2018,12,9,1,23,臺中市,中區,0,1,0,8,3,5,50,4,1,1,5,4,5,7,1,1,10,5,5,2,16,26,3,10,3,4,B03,7,5,1,8,2,4,  ,26,26,1,21,8,B03,24.141508,120.683692,2
2018,12,9,2,13,臺中市,北區,0,1,0,6,3,5,50,3,1,1,4,4,5,7,3,1,10,5,5,2,18,23,2,9,1,1,C03,7,5,1,8,2,14,  ,23,23,1,5,8,C03,24.170033,120.668289,2
2018,12,9,2,44,臺中市,南屯區,0,1,0,6,3,5,50,3,8,1,4,4,5,7,3,1,5,4,4,2,12,6,3,10,1,1,B03,7,6,1,8,3,5,  ,6,6,1,22,8,B03,24.154049,120.638335,2
2018,12,9,2,45,臺中市,北屯區,0,1,0,6,3,5,50,4,4,1,4,4,5,7,1,1,10,5,5,2,13,23,3,10,1,1,B03,7,9,3,18,2,8,  ,23,23,1,22,8,B03,24.201023,120.670596,2
2018,12,9,3,30,臺中市,烏日區,0,1,0,8,3,5,50,14,13,1,5,4,5,7,4,4,7,4,4,1,17,23,2,9,1,1,B03,7,9,1,7,2,5,  ,23,23,1,21,8,B03,24.105605,120.628726,2
2018,12,9,3,45,臺中市,太平區,0,1,0,6,3,5,50,3,1,1,4,4,5,7,4,4,10,5,5,2,16,6,3,10,3,4,B03,7,6,1,8,2,2,  ,6,6,1,5,8,B03,24.148719,120.717499,2
2018,12,9,3,55,臺中市,西區,0,1,0,6,3,5,50,4,1,1,4,4,5,7,4,4,10,5,5,2,15,6,2,9,1,1,C01,7,9,1,9,2,11,  ,6,6,1,22,8,C01,24.149018,120.668203,2
2018,12,9,4,1,臺中市,北區,0,0,,6,,,50,,,,,,,,,,,,,,,,,,,,B03,,,1,,2,,,26,,1,22,,B03,24.15739,120.70178,3
2018,12,9,5,35,臺中市,中區,0,2,0,8,3,5,50,4,1,1,5,4,5,7,4,4,10,5,5,2,16,6,2,9,3,4,C03,7,5,1,10,2,11,  ,6,6,1,21,8,C03,24.144568,120.677141,2
2018,12,9,6,15,臺中市,沙鹿區,0,1,0,7,2,5,50,4,1,1,5,4,5,7,1,1,10,5,5,2,16,9,3,10,1,1,C03,7,6,1,10,2,13,  ,9,9,1,16,8,C03,24.240176,120.56027,2
2018,12,9,6,16,臺中市,西區,0,1,0,6,2,5,50,14,7,1,4,4,5,7,4,4,1,4,4,2,17,23,3,10,1,1,B12,7,9,1,8,2,8,  ,23,23,1,22,8,B12,24.148007,120.673978,2
2018,12,9,6,56,臺中市,南區,0,2,0,7,1,5,40,3,1,1,4,4,5,7,4,4,10,5,5,2,16,6,2,9,1,1,C03,7,5,1,10,2,11,  ,6,6,1,3,1,C03,24.126384,120.658653,2
2018,12,9,7,23,臺中市,沙鹿區,0,0,,8,,,50,,,,,,,,,,,,,,,,,,,,B03,,,1,,2,,,12,,1,11,,B03,24.206446,120.564076,3
2018,12,9,7,52,臺中市,西屯區,0,1,0,8,1,5,50,14,9,1,5,4,5,7,4,4,1,4,4,2,23,43,2,9,3,4,B03,7,9,1,8,2,1,  ,43,43,1,22,9,B03,24.185932,120.61663,2
2018,12,9,8,5,臺中市,沙鹿區,0,3,0,8,1,5,40,14,8,1,5,4,5,7,2,1,1,2,1,1,12,23,2,9,1,1,C03,7,9,1,10,2,14,  ,23,23,1,18,8,C03,24.225496,120.57698,2
2018,12,9,8,30,臺中市,西屯區,0,0,,8,,,50,,,,,,,,,,,,,,,,,,,,B03,,,1,,2,,,23,,1,  ,,B03,24.171547,120.6356,3
2018,12,9,8,30,臺中市,西屯區,0,1,0,8,1,5,40,3,1,1,5,4,5,7,4,4,10,4,1,2,12,42,3,10,1,1,B03,7,6,1,8,2,2,  ,42,42,1,21,8,B03,24.183451,120.615075,2
2018,12,9,8,55,臺中市,南屯區,0,0,,8,,,80,,,,,,,,,,,,,,,,,,,,B03,,,1,,2,,,7,,1,5,,B03,24.142698,120.622898,3
2018,12,9,8,56,臺中市,東區,0,1,0,8,1,5,50,4,1,1,5,4,5,7,3,1,5,5,5,2,16,6,3,10,1,1,B03,7,5,1,8,2,5,  ,6,6,1,5,8,B03,24.134086,120.68559,2
2018,12,9,9,4,臺中市,太平區,0,2,0,8,1,5,40,14,8,1,5,4,5,7,4,4,8,4,4,1,9,23,2,9,1,1,C03,7,9,1,10,2,11,  ,23,23,1,5,8,C03,24.159974,120.704997,2
2018,12,9,9,8,臺中市,北區,0,1,0,8,1,5,50,4,1,1,5,4,5,7,4,4,10,5,5,2,16,6,2,6,1,1,C03,7,9,1,10,2,11,  ,6,6,1,5,8,C03,24.146248,120.676733,2
2018,12,9,9,9,臺中市,西屯區,0,1,0,8,1,5,50,4,2,1,5,4,5,7,1,1,8,3,4,1,11,4,3,10,1,1,C03,7,11,1,10,2,14,  ,4,4,1,22,8,C03,24.175095,120.666966,2
2018,12,9,9,26,臺中市,北屯區,0,3,0,8,1,5,50,4,1,1,5,4,5,7,1,1,10,5,5,2,16,43,3,10,1,1,C03,7,1,1,10,2,13,  ,43,43,1,22,8,C03,24.205231,120.686506,2
2018,12,9,9,27,臺中市,大雅區,0,0,,8,,,50,,,,,,,,,,,,,,,,,,,,B03,,,4,,2,,,16,,1,  ,,B03,24.240111,120.673476,3
2018,12,9,9,30,臺中市,潭子區,0,1,0,8,1,5,60,14,8,1,5,4,5,7,2,1,1,1,4,1,13,16,3,10,1,1,B01,7,9,1,2,2,1,  ,16,16,1,22,9,B01,24.20981,120.705408,2
2018,12,9,9,35,臺中市,大里區,0,1,0,8,1,5,50,4,1,1,5,4,5,7,4,4,10,5,5,2,15,6,2,9,1,1,C03,7,9,1,10,2,11,  ,6,6,1,5,5,C03,24.10244,120.680997,2
2018,12,9,9,36,臺中市,潭子區,0,2,0,8,1,5,50,14,9,1,5,4,5,7,4,4,9,5,5,2,13,16,2,9,1,1,C03,7,9,1,10,2,11,  ,16,16,1,21,8,C03,24.211453,120.702286,2
2018,12,9,9,38,臺中市,新社區,0,1,0,8,1,5,50,3,1,1,5,4,5,7,4,4,5,5,5,1,12,9,3,10,1,1,B03,7,6,1,8,2,2,  ,9,9,1,9,8,B03,24.211916,120.795934,2
2018,12,9,9,40,臺中市,沙鹿區,0,0,,8,,,40,,,,,,,,,,,,,,,,,,,,B03,,,1,,2,,,23,,1,  ,,B03,24.230501,120.553014,3
2018,12,9,9,56,臺中市,龍井區,0,2,0,8,1,5,40,4,1,1,5,4,5,7,4,4,10,5,5,1,12,23,2,9,1,1,C03,7,9,1,10,2,11,  ,23,23,1,21,8,C03,24.218258,120.529771,2
2018,12,9,9,57,臺中市,北區,0,1,0,8,1,5,50,4,1,1,5,4,5,7,2,1,10,5,5,2,17,26,3,10,1,1,B03,7,6,1,8,2,5,  ,26,26,1,22,8,B03,24.153242,120.682621,2
2018,12,9,9,59,臺中市,西區,0,1,0,8,1,5,50,4,1,1,5,4,5,7,4,4,10,4,5,2,13,23,2,9,1,1,C03,7,9,1,10,2,11,  ,23,23,1,22,9,C03,24.146628,120.659451,2
2018,12,9,10,7,臺中市,太平區,0,0,,8,,,50,,,,,,,,,,,,,,,,,,,,B03,,,1,,2,,,42,,1,21,,B03,24.149655,120.724202,3
2018,12,9,10,20,臺中市,大安區,0,2,0,8,1,5,50,4,1,1,5,4,5,7,3,1,10,5,5,2,16,6,2,9,4,1,F01,7,6,8,20,2,16,  ,6,6,1,14,8,F01,24.345888,120.597786,2
2018,12,9,10,22,臺中市,東勢區,0,2,0,7,1,5,50,4,1,1,5,4,5,7,4,4,10,5,5,2,16,6,2,7,1,1,C03,7,5,1,10,5,11,  ,6,6,1,21,8,C03,24.255781,120.826799,2
2018,12,9,10,28,臺中市,潭子區,0,0,,8,1,5,60,14,8,1,5,4,5,7,4,4,8,3,4,1,13,,,,,,B03,,,1,,2,,,23,,1,22,,B03,24.216953,120.705567,3
2018,12,9,10,30,臺中市,梧棲區,0,2,0,8,1,5,40,4,1,1,5,4,5,7,4,4,10,5,5,2,15,6,2,9,1,1,C03,7,9,1,10,2,12,  ,6,6,1,11,5,C03,24.254591,120.552542,2
2018,12,9,10,31,臺中市,大甲區,0,0,0,,,,,,,,,,,,,,,,,,,12,  ,  ,  ,  ,B03,  ,  ,1,  ,2,  ,  ,12,12,1,22,  ,B03,24.350586,120.627351,3
2018,12,9,10,37,臺中市,北區,0,1,0,7,1,5,50,4,1,1,5,4,5,7,2,1,10,5,5,2,18,23,2,9,1,1,C03,7,9,4,10,2,14,  ,23,23,1,5,8,C03,24.159233,120.676479,2
2018,12,9,10,41,臺中市,西屯區,0,0,0,8,1,5,50,,,,,,,,,,,,,,,1,  ,  ,  ,  ,B03,  ,  ,1,  ,2,5,  ,1,1,1,22,  ,B03,24.166466,120.644167,3
2018,12,9,10,44,臺中市,東勢區,0,0,0,8,,,40,,,,,,,,,,,,,,,17,  ,  ,  ,  ,B03,  ,  ,1,  ,2,  ,  ,44,17,1,22,  ,B03,24.196191,120.805943,3
2018,12,9,10,50,臺中市,沙鹿區,0,0,,8,,,50,,,,,,,,,,,,,,,,,,,,A02,,,1,,2,,,42,,1,10,,A02,24.244445,120.564761,3
2018,12,9,10,51,臺中市,烏日區,0,1,0,8,1,5,60,4,2,1,5,4,5,7,1,1,9,4,4,2,17,40,3,10,1,1,B03,7,14,1,8,2,6,  ,40,40,1,21,8,B03,24.107996,120.638305,2
2018,12,9,10,56,臺中市,東區,0,2,0,8,1,5,50,3,1,1,5,4,5,7,4,4,10,5,5,2,17,9,3,10,1,2,B03,7,6,1,1,2,6,  ,9,9,2,21,8,B03,24.136229,120.70755,2
2018,12,9,10,57,臺中市,北屯區,0,0,0,8,,,50,,,,,,,,,,,,,,,1,  ,  ,  ,  ,C01,  ,  ,1,  ,2,  ,  ,1,1,1,21,  ,C01,24.175,120.671,3
2018,12,9,11,10,臺中市,北屯區,0,0,0,8,,,40,,,,,,,,,,,,,,,42,  ,  ,  ,  ,B03,  ,  ,1,  ,2,  ,  ,42,42,1,22,  ,B03,24.178921,120.739752,3
2018,12,9,11,10,臺中市,西屯區,0,0,,8,,,50,,,,,,,,,,,,,,,,,,,,B03,,,1,,2,,,23,,1,22,,B03,24.175139,120.63751,3
2018,12,9,11,24,臺中市,西屯區,0,2,0,8,1,5,50,5,2,1,5,4,5,7,1,1,9,4,5,2,16,26,2,9,1,1,C03,7,5,2,18,2,11,  ,26,26,1,21,8,C03,24.172101,120.636999,2
2018,12,9,11,26,臺中市,霧峰區,0,0,,8,,,50,,,,,,,,,,,,,,,,,,,,B03,,,1,,2,,,17,,1,12,,B03,24.012739,120.6957,3
2018,12,9,11,28,臺中市,新社區,0,1,0,8,1,5,50,3,2,1,5,4,5,7,1,1,8,3,5,1,16,26,2,8,1,1,C03,7,5,1,10,2,14,  ,26,26,1,22,9,C03,24.24981,120.809071,2
2018,12,9,11,30,臺中市,大里區,0,1,0,8,1,5,50,4,1,1,5,4,5,7,1,1,10,5,5,1,16,6,3,10,1,1,B03,7,5,1,8,2,8,  ,6,6,1,4,8,B03,24.111471,120.694773,2
2018,12,9,11,33,臺中市,西屯區,0,0,,8,,,50,,,,,,,,,,,,,,,,,,,,B03,,,1,,2,,,10,,1,  ,,B03,24.178131,120.624123,3
2018,12,9,11,36,臺中市,梧棲區,0,1,0,8,1,5,50,4,1,1,5,4,5,7,4,4,10,5,5,2,15,10,3,10,1,1,B03,7,11,1,8,2,5,  ,10,10,1,20,5,B03,24.255825,120.533888,2
2018,12,9,11,42,臺中市,大肚區,0,0,,8,,,40,,,,,,,,,,,,,,,,,,,,B03,,,1,,2,,,6,,1,  ,,B03,24.170316,120.531007,3
2018,12,9,11,52,臺中市,北區,0,1,0,8,1,5,50,3,7,1,5,4,5,7,4,4,3,4,4,2,13,16,2,7,1,1,C03,7,9,1,10,2,14,  ,16,16,1,22,8,C03,24.163249,120.677655,2
2018,12,9,11,54,臺中市,沙鹿區,0,2,0,8,1,5,60,14,7,1,5,4,5,7,4,4,1,4,1,1,23,23,3,10,1,1,B03,7,8,1,8,2,8,  ,23,23,1,20,8,B03,24.250256,120.582013,2
2018,12,9,11,54,臺中市,東勢區,0,1,0,8,1,5,50,4,1,1,5,4,5,7,4,4,10,5,5,2,16,6,3,10,1,1,B12,7,5,1,8,2,8,  ,6,6,1,21,8,B12,24.26035,120.826367,2
2018,12,9,11,56,臺中市,西屯區,0,1,0,8,1,5,50,3,2,1,5,4,5,7,1,1,1,3,4,1,12,9,3,10,1,1,B03,7,6,1,8,2,2,  ,9,9,1,22,8,B03,24.159274,120.643256,2
2018,12,9,11,57,臺中市,沙鹿區,0,0,,8,,,50,,,,,,,,,,,,,,,,,,,,B03,,,1,,2,,,23,,1,  ,,B03,24.232095,120.561547,3
2018,12,9,12,19,臺中市,大甲區,0,1,0,8,1,5,40,3,2,1,5,4,5,7,4,4,10,5,5,2,11,17,3,10,1,1,C03,7,9,1,10,2,14,  ,17,17,1,9,9,C03,24.3959,120.650843,2
2018,12,9,12,20,臺中市,大里區,0,1,0,8,1,5,50,3,1,1,5,4,5,7,4,4,10,5,5,2,17,14,2,9,1,1,C03,7,9,2,18,2,11,  ,14,14,1,5,5,C03,24.100046,120.680413,2
2018,12,9,12,30,臺中市,西區,0,1,0,8,1,5,40,3,1,1,5,4,5,6,4,4,1,4,1,2,16,6,3,10,1,1,B01,7,6,1,4,2,1,  ,6,6,1,21,8,B01,24.156129,120.661754,2
2018,12,9,12,30,臺中市,東區,0,1,0,8,1,5,50,3,1,1,5,4,5,7,4,4,10,5,5,2,16,6,3,10,1,1,B03,7,6,1,8,2,8,  ,6,6,1,5,8,B03,24.126288,120.702684,2
2018,12,9,12,30,臺中市,南屯區,0,0,,8,,,40,,,,,,,,,,,,,,,,,,,,B03,,,1,,2,,,10,,1,  ,,B03,24.145143,120.623055,3
2018,12,9,12,30,臺中市,南屯區,0,0,0,8,,,40,,,,,,,,,,,,,,,,3,  ,  ,  ,B03,  ,  ,1,  ,2,  ,  ,23,  ,1,22,  ,B03,24.13772,120.63968,4
2018,12,9,12,33,臺中市,潭子區,0,1,0,8,1,5,40,3,1,1,5,4,5,7,4,4,10,5,5,1,18,23,2,9,1,1,C03,7,9,1,10,2,14,  ,23,23,1,21,8,C03,24.226313,120.696241,2
2018,12,9,12,35,臺中市,東區,,,,,,,,,,,,,,,,,,,,,,,,,,,C03,,,1,,2,,,10,,1,5,,C03,24.13942,120.69093,3
2018,12,9,12,45,臺中市,西屯區,0,0,0,8,1,5,40,,,,,,,,,,,,,,,42,  ,  ,  ,  ,B03,  ,  ,1,  ,2,1,  ,42,42,1,22,  ,B03,24.196744,120.648031,3
2018,12,9,12,46,臺中市,西區,0,1,0,8,1,5,50,5,2,1,5,4,5,7,1,1,5,5,4,2,16,26,3,10,1,1,B03,7,11,1,8,2,4,  ,26,26,1,21,5,B03,24.140866,120.672378,2
2018,12,9,12,53,臺中市,梧棲區,0,0,,8,,,50,,,,,,,,,,,,,,,,,,,,B03,,,1,,2,,,12,,1,12,,B03,24.260044,120.532818,3
2018,12,9,12,59,臺中市,龍井區,0,1,0,8,1,5,40,3,1,1,5,4,5,4,4,4,10,5,5,2,16,6,2,9,1,1,B03,7,6,1,8,2,8,  ,6,6,1,21,8,B03,24.219974,120.537627,2
2018,12,9,12,59,臺中市,烏日區,0,1,0,8,1,5,50,3,2,1,5,4,5,5,4,4,4,3,5,1,17,6,3,10,1,1,B03,7,6,1,8,2,4,  ,6,6,1,22,8,B03,24.061735,120.643396,2
2018,12,9,13,3,臺中市,南區,0,1,0,8,1,5,50,4,1,1,5,4,5,7,2,1,10,5,5,2,16,8,2,9,1,1,C03,7,5,1,10,2,11,12,8,8,1,21,8,C03,24.114776,120.670095,2
2018,12,9,13,10,臺中市,西屯區,0,1,0,8,1,5,50,3,2,1,5,4,5,7,4,4,1,4,4,2,16,42,3,10,3,4,B03,7,6,1,8,2,5,  ,42,42,1,22,9,B03,24.172243,120.635207,2
2018,12,9,13,17,臺中市,烏日區,0,0,,8,,,50,,,,,,,,,,,,,,,,,,,,C03,,,1,,2,,,42,,1,22,,C03,24.108091,120.603373,3
2018,12,9,13,22,臺中市,西屯區,0,1,0,8,1,5,40,14,8,1,5,4,5,7,4,4,9,4,4,2,17,42,3,10,1,1,C03,7,9,1,10,2,15,  ,42,42,1,21,8,C03,24.170865,120.66666,2
2018,12,9,13,22,臺中市,霧峰區,0,0,,8,,,50,,,,,,,,,,,,,,,,,,,,B03,,,1,,2,,,17,,2,22,,B03,24.067201,120.70136,3
2018,12,9,13,33,臺中市,北區,0,2,0,8,1,5,50,4,1,1,5,4,5,7,1,1,5,4,4,2,16,10,3,10,1,1,B03,7,11,1,8,2,4,  ,10,10,1,5,8,B03,24.155291,120.666993,2
2018,12,9,13,39,臺中市,西屯區,0,1,0,8,1,5,50,3,9,1,5,4,5,7,4,4,8,3,4,1,12,17,2,9,4,1,F01,7,7,8,20,2,16,  ,17,17,1,22,8,F01,24.164588,120.659116,2
2018,12,9,13,49,臺中市,北區,0,2,0,7,1,5,40,4,1,1,5,4,5,7,4,4,10,5,5,2,15,6,2,8,1,1,C03,7,9,4,11,2,11,  ,6,6,1,5,8,C03,24.153082,120.695398,2
2018,12,9,13,51,臺中市,南區,0,0,0,8,1,5,50,4,1,1,5,4,5,7,1,1,10,5,5,2,13,16,3,10,1,1,B03,7,9,1,8,2,1,  ,16,16,1,22,8,B03,24.113443,120.663445,3
2018,12,9,13,53,臺中市,南區,0,0,,8,,,50,,,,,,,,,,,,,,,,,,,,B03,,,1,,2,,,23,,1,9,,B03,24.118988,120.670091,3
2018,12,9,13,56,臺中市,東區,0,1,0,8,1,5,40,5,1,1,5,4,5,7,3,1,10,5,5,2,16,8,3,10,1,1,C03,7,5,1,10,2,12,  ,8,8,1,22,8,C03,24.146468,120.692961,2
2018,12,9,13,59,臺中市,大里區,0,2,0,8,1,5,50,14,7,1,5,4,5,7,4,4,5,5,4,1,16,10,2,8,1,1,C03,7,11,1,10,2,11,  ,10,10,1,4,8,C03,24.091178,120.703367,2
2018,12,9,14,8,臺中市,龍井區,0,0,,8,,,50,,,,,,,,,,,,,,,,,,,,B03,,,1,,2,,,12,,1,22,,B03,24.203493,120.549117,3
2018,12,9,14,14,臺中市,北區,0,0,,8,,,50,,,,,,,,,,,,,,,,,,,,B11,,,1,,2,,,6,,1,22,,B11,24.155629,120.694318,3
2018,12,9,14,22,臺中市,沙鹿區,0,1,0,8,1,5,50,11,8,1,5,4,4,7,4,4,4,5,4,2,18,44,2,9,1,1,C03,7,9,1,10,2,15,  ,44,44,1,18,9,C03,24.244302,120.582442,2
2018,12,9,14,26,臺中市,西屯區,0,2,0,8,1,5,50,4,2,1,5,4,5,7,1,1,5,4,4,2,13,16,2,9,1,1,C03,7,9,1,10,2,11,14,16,16,1,22,8,C03,24.176119,120.652058,2
2018,12,9,14,30,臺中市,南屯區,0,0,,8,,,40,,,,,,,,,,,,,,,,,,,,   ,,,7,,11,,,43,,1,  ,,   ,24.132031,120.649251,3
2018,12,9,14,44,臺中市,西區,0,2,0,8,1,5,40,14,9,1,5,4,5,7,4,4,10,5,5,2,17,40,3,10,1,1,B03,7,13,1,8,2,7,  ,40,40,1,22,8,B03,24.150965,120.674229,2
2018,12,9,14,52,臺中市,烏日區,0,0,,8,,,40,,,,,,,,,,,,,,,,,,,,B01,,,1,,2,,,23,,1,10,,B01,24.119418,120.616511,3
2018,12,9,15,0,臺中市,沙鹿區,0,0,0,8,,,40,,,,,,,,,,,,,,,10,  ,  ,  ,  ,C03,  ,  ,1,  ,2,  ,  ,10,10,1,18,  ,C03,24.228016,120.567373,3
2018,12,9,15,12,臺中市,大里區,0,1,0,8,1,5,60,4,1,1,5,4,5,7,1,1,10,5,5,2,12,19,3,10,1,1,B12,7,1,1,8,2,5,  ,19,19,1,5,8,B12,24.083277,120.662392,2
2018,12,9,15,16,臺中市,西屯區,0,0,,8,,,50,,,,,,,,,,,,,,,,,,,,B03,,,1,,2,,,23,,1,22,,B03,24.17107,120.659346,3
2018,12,9,15,19,臺中市,梧棲區,0,0,,8,,,50,,,,,,,,,,,,,,,,,,,,B03,,,1,,2,,,16,,1,  ,,B03,24.252632,120.52961,3
2018,12,9,15,23,臺中市,大肚區,0,1,0,8,1,5,40,14,9,1,5,4,5,7,4,4,10,5,5,1,17,43,2,9,1,1,C03,7,9,2,18,2,15,  ,43,43,1,21,8,C03,24.123899,120.568582,2
2018,12,9,15,25,臺中市,西區,0,1,0,8,1,5,50,4,2,1,5,4,5,7,2,1,5,4,4,2,17,8,2,8,1,1,C03,7,5,1,10,2,14,  ,8,8,1,21,8,C03,24.13577,120.672508,2
2018,12,9,15,28,臺中市,北屯區,0,0,,8,,,50,,,,,,,,,,,,,,,,,,,,B03,,,1,,2,,,26,,1,21,,B03,24.177323,120.730403,3
2018,12,9,15,29,臺中市,霧峰區,0,0,,8,,,50,,,,,,,,,,,,,,,,,,,,B03,,,1,,2,,,12,,1,21,,B03,24.035288,120.725225,3
2018,12,9,15,30,臺中市,沙鹿區,0,0,,8,,,50,,,,,,,,,,,,,,,,,,,,C03,,,1,,2,,,7,,1,5,,C03,24.232576,120.558368,3
2018,12,9,15,34,臺中市,太平區,0,1,0,8,1,5,50,4,2,1,5,4,5,7,1,1,5,5,4,2,16,42,2,9,1,1,B03,7,6,1,8,2,1,  ,42,42,1,21,8,B03,24.153684,120.701858,2
2018,12,9,15,54,臺中市,大肚區,0,2,0,8,1,5,50,3,1,1,5,4,5,7,4,4,10,5,5,2,16,19,2,9,1,1,C03,7,1,1,10,2,13,  ,19,19,1,7,5,C03,24.142381,120.545158,2
2018,12,9,16,3,臺中市,東區,0,0,,,,,,,,,,,,,,,,,,,,,,,,,B01,,,1,,2,,,16,,1,  ,,B01,24.142721,120.708217,3
2018,12,9,16,16,臺中市,南區,0,1,0,8,1,5,50,3,1,1,5,4,5,7,1,1,10,5,5,2,12,26,2,9,1,1,C02,7,5,1,9,2,13,  ,26,26,1,22,8,C02,24.129172,120.684866,2
2018,12,9,16,20,臺中市,西屯區,0,0,,8,,,50,,,,,,,,,,,,,,,,,,,,B03,,,1,,2,,,23,,1,  ,,B03,24.163243,120.649866,3
2018,12,9,16,22,臺中市,龍井區,0,0,,8,,,50,,,,,,,,,,,,,,,,,,,,B03,,,1,,2,,,23,,1,21,,B03,24.210595,120.524436,3
2018,12,9,16,23,臺中市,西區,0,2,0,8,1,5,50,4,1,1,5,4,5,7,4,4,10,5,5,2,15,6,2,8,3,4,C03,7,9,1,10,2,12,  ,6,6,1,21,8,C03,24.149617,120.658845,2
2018,12,9,16,28,臺中市,東區,0,1,0,8,1,5,50,4,1,1,5,4,5,7,1,1,10,5,5,2,16,9,3,10,1,1,B03,7,6,1,8,2,5,  ,9,9,1,22,8,B03,24.142937,120.689165,2
2018,12,9,16,37,臺中市,北區,0,0,0,8,,,50,,,,,,,,,,,,,,,19,3,  ,  ,  ,B03,  ,  ,1,8,2,8,  ,19,19,  ,21,  ,B03,24.15386,120.688308,3
2018,12,9,16,40,臺中市,新社區,0,1,0,8,1,5,50,3,2,1,5,4,5,7,4,4,10,5,5,2,17,8,3,10,1,1,B03,7,5,1,8,2,15,  ,8,8,1,9,8,B03,24.207109,120.794515,2
2018,12,9,16,42,臺中市,神岡區,0,2,0,8,1,5,40,14,9,1,5,4,5,7,4,4,10,5,5,1,16,19,2,7,1,1,C03,7,1,1,10,2,11,  ,19,19,1,22,9,C03,24.243601,120.681173,2
2018,12,9,16,50,臺中市,中區,0,0,0,8,,,50,,,,,,,,,,,,,,,16,3,  ,  ,  ,C03,  ,  ,1,10,2,11,  ,16,16,1,21,8,C03,24.142301,120.684398,3
2018,12,9,16,52,臺中市,東區,0,2,0,8,1,5,50,14,7,1,5,4,5,7,4,4,5,5,4,2,16,26,3,10,1,1,B11,7,11,1,8,2,7,  ,26,26,1,5,8,B11,24.140251,120.692857,2
2018,12,9,16,52,臺中市,西屯區,0,0,,8,,,40,,,,,,,,,,,,,,,,,,,,   ,,,7,,11,,,43,,  ,  ,,   ,24.171848,120.63987,3
2018,12,9,16,52,臺中市,西屯區,0,0,,8,,,50,,,,,,,,,,,,,,,,,,,,B03,,,1,,2,,,12,,1,22,,B03,24.165738,120.636925,3
2018,12,9,16,55,臺中市,西區,0,2,0,8,1,5,50,14,9,1,5,4,5,7,4,4,1,4,5,2,13,23,3,10,1,1,C03,7,9,1,10,2,11,  ,23,23,1,21,5,C03,24.133357,120.676417,2
2018,12,9,16,55,臺中市,南區,0,0,0,8,1,5,50,14,7,1,5,4,5,7,1,1,1,2,5,2,13,23,3,10,1,1,B03,7,15,1,8,2,1,  ,23,23,1,22,8,B03,24.113341,120.657071,3
2018,12,9,16,55,臺中市,北屯區,0,0,0,8,,,50,,,,,,,,,,,,,,,19,  ,  ,  ,  ,C03,  ,  ,1,  ,2,  ,  ,19,19,1,5,  ,C03,24.193702,120.681915,3
2018,12,9,17,0,臺中市,西區,0,0,0,8,,,50,,,,,,,,,,,,,,,19,3,  ,  ,  ,B03,  ,  ,1,  ,2,  ,  ,19,19,  ,5,  ,B03,24.153002,120.659195,3
2018,12,9,17,0,臺中市,龍井區,0,1,0,8,1,5,50,14,9,1,5,4,5,7,4,4,5,5,5,1,17,19,3,10,3,4,B03,7,1,1,8,2,4,  ,19,19,1,9,9,B03,24.207481,120.523606,2
2018,12,9,17,9,臺中市,西屯區,0,0,,8,,,40,,,,,,,,,,,,,,,,,,,,B03,,,1,,2,,,19,,1,21,,B03,24.160643,120.635113,3
2018,12,9,17,10,臺中市,南屯區,0,0,0,8,,,40,,,,,,,,,,,,,,,,3,  ,  ,  ,B03,  ,  ,1,  ,2,  ,  ,26,  ,1,22,  ,B03,24.140469,120.622635,3
2018,12,9,17,10,臺中市,西屯區,0,3,0,8,1,5,40,14,8,1,5,4,5,7,4,4,1,4,1,2,13,16,2,9,1,1,C03,7,9,1,10,2,11,  ,16,16,1,22,8,C03,24.182318,120.601333,2
2018,12,9,17,14,臺中市,沙鹿區,0,3,0,8,2,5,50,4,1,1,5,4,5,7,3,1,10,5,5,2,15,6,2,9,1,1,B03,7,9,1,8,2,1,  ,6,6,1,4,8,B03,24.240525,120.617193,2