年,月,日,時,分,縣市,區,死,受傷,2-30,天候,光線,道路類別,速限,道路型態,事故位置,路面鋪裝,路面狀態,路面缺陷,障礙物,視距,號誌種類,號誌動作,分向設施,快車道或一般車道間,快慢車道間,路面邊線,事故類型及型態,主要肇因,受傷程度,主要傷處,保護裝備,行動電話,當事者區分_類別,車輛用途,當事者行動狀態,駕駛資格情形,駕駛執照種類,飲酒情形,車輛撞擊部位最初,車輛撞擊部位其他,肇事因素個別,肇事因素主要,肇事逃逸,職業,旅次目的,車種,GPS座標X,GPS座標Y,事故類別
2018,12,9,17,20,臺中市,西屯區,0,1,0,8,2,5,50,14,8,1,5,4,5,7,4,4,3,4,4,2,16,6,3,10,1,1,B03,7,6,1,9,2,2,  ,6,6,1,21,8,B03,24.164571,120.642191,2
2018,12,9,17,22,臺中市,北區,0,0,,8,,,40,,,,,,,,,,,,,,,,,,,,A05,,,1,,2,,,23,,1,5,,A05,24.144544,120.686041,3
2018,12,9,17,23,臺中市,梧棲區,0,0,,8,,,70,,,,,,,,,,,,,,,,,,,,B03,,,1,,2,,,16,,1,  ,,B03,24.250263,120.535264,4
2018,12,9,17,25,臺中市,清水區,0,0,,,,,70,,,,,,,,,,,,,,,,,,,,B03,,,1,,2,,,16,,1,5,,B03,24.251677,120.497442,3
2018,12,9,17,29,臺中市,大甲區,0,1,0,8,3,5,50,14,8,1,5,4,5,7,4,4,9,5,4,2,17,21,2,9,2,1,F02,7,9,8,20,7,16,  ,21,21,1,4,8,F02,24.337718,120.614886,2
2018,12,9,17,37,臺中市,大雅區,0,0,,8,,,50,,,,,,,,,,,,,,,,,,,,B03,,,1,,9,,,26,,2,22,,B03,24.24025,120.62792,3
2018,12,9,17,38,臺中市,烏日區,0,1,0,8,3,5,40,12,9,1,5,4,5,2,4,4,9,5,5,2,16,8,3,10,1,1,B03,7,5,1,8,2,5,  ,8,8,1,22,8,B03,24.137435,120.592113,2
2018,12,9,17,42,臺中市,潭子區,0,1,0,8,3,5,50,3,1,1,5,4,5,7,4,4,10,5,5,2,16,6,3,10,1,1,B03,7,5,1,5,2,1,  ,6,6,1,22,8,B03,24.216921,120.691508,2
2018,12,9,17,48,臺中市,潭子區,0,1,0,8,3,5,60,3,1,1,5,4,5,7,4,4,1,4,4,1,16,6,3,10,1,1,A11,7,6,1,7,2,5,  ,6,6,1,22,8,A11,24.211374,120.68682,2
2018,12,9,17,50,臺中市,大里區,0,1,0,8,1,5,50,14,13,1,5,4,5,7,4,4,1,4,5,1,9,44,3,10,1,1,A02,7,3,1,2,9,15,  ,44,44,1,10,3,A02,24.102024,120.682649,2
2018,12,9,17,53,臺中市,大雅區,0,0,,8,,,50,,,,,,,,,,,,,,,,,,,,B03,,,1,,2,,,26,,1,  ,,B03,24.236831,120.634377,3
2018,12,9,17,55,臺中市,大肚區,0,0,,8,,,40,,,,,,,,,,,,,,,,,,,,B03,,,1,,2,,,6,,1,21,,B03,24.153409,120.545105,3
2018,12,9,18,0,臺中市,后里區,0,0,0,8,3,5,60,14,7,1,5,4,5,7,4,4,1,4,4,1,13,16,3,10,1,1,B01,7,9,1,4,2,1,  ,16,16,1,21,8,B01,24.286552,120.722915,3
2018,12,9,18,5,臺中市,南屯區,0,0,,8,,,50,,,,,,,,,,,,,,,,,,,,B12,,,1,,2,,,7,,1,  ,,B12,24.14997,120.622509,3
2018,12,9,18,8,臺中市,大里區,0,0,,8,,,50,,,,,,,,,,,,,,,,,,,,B03,,,1,,2,,,16,,1,  ,,B03,24.102732,120.698894,3
2018,12,9,18,13,臺中市,西區,0,0,0,8,,,50,,,,,,,,,,,,,,,,3,  ,  ,  ,B03,  ,  ,1,  ,2,  ,  ,7,  ,1,21,  ,B03,24.153677,120.665468,3
2018,12,9,18,14,臺中市,西屯區,0,0,,8,,,50,,,,,,,,,,,,,,,,,,,,C03,,,1,,2,,,23,,1,22,,C03,24.163307,120.649927,3
2018,12,9,18,15,臺中市,西區,0,0,,8,,,50,,,,,,,,,,,,,,,,,,,,B01,,,1,,2,,,26,,1,22,,B01,24.147645,120.6734,3
2018,12,9,18,15,臺中市,西屯區,0,1,0,8,3,5,50,14,7,1,5,4,5,7,4,4,4,4,4,2,16,7,3,10,1,1,B03,7,7,1,8,2,8,  ,7,7,1,22,8,B03,24.170557,120.643723,2
2018,12,9,18,15,臺中市,太平區,0,0,,8,,,50,,,,,,,,,,,,,,,,,,,,B03,,,1,,2,,,26,,1,  ,,B03,24.149166,120.714444,3
2018,12,9,18,18,臺中市,沙鹿區,0,2,0,7,3,5,50,14,8,1,5,4,3,5,4,4,3,4,4,2,1,23,2,9,1,1,C03,7,9,1,10,2,15,  ,23,23,1,18,7,C03,24.227077,120.567639,2
2018,12,9,18,22,臺中市,西區,0,1,0,8,3,5,50,4,1,1,5,4,5,7,2,1,10,5,5,2,16,9,3,10,1,1,C03,7,6,1,10,2,12,  ,9,9,1,5,1,C03,24.135861,120.672768,2
2018,12,9,18,26,臺中市,北區,0,0,,8,4,5,50,14,9,1,,4,5,7,4,4,8,3,4,2,12,,,,,,B02,,,1,,2,,,7,,1,5,,B02,24.171035,120.67208,3
2018,12,9,18,26,臺中市,大肚區,0,1,0,8,3,5,50,3,4,1,5,4,5,7,1,1,5,3,5,1,13,23,2,9,1,1,C03,7,9,1,10,2,12,  ,23,23,1,20,8,C03,24.146259,120.54644,2
2018,12,9,18,37,臺中市,北屯區,0,1,0,8,3,5,50,3,1,1,5,4,5,7,4,4,10,5,5,2,16,6,2,8,1,1,C03,7,9,1,10,2,11,  ,6,6,1,21,8,C03,24.166013,120.692288,2
2018,12,9,18,49,臺中市,潭子區,0,0,,8,,,50,,,,,,,,,,,,,,,,,,,,B03,,,1,,2,,,12,,1,22,,B03,24.19513,120.704623,3
2018,12,9,18,50,臺中市,烏日區,0,0,,8,,,40,,,,,,,,,,,,,,,,,,,,B03,,,1,,2,,,12,,1,22,,B03,24.109893,120.642006,3
2018,12,9,18,58,臺中市,南區,0,1,0,8,3,5,50,4,2,1,5,4,5,7,1,1,10,5,5,2,17,6,3,10,1,1,B03,7,6,1,8,2,2,  ,6,6,1,21,8,B03,24.120658,120.650238,2
2018,12,9,19,29,臺中市,霧峰區,0,0,,8,,,70,,,,,,,,,,,,,,,,,,,,B03,,,1,,2,,,16,,1,4,,B03,24.044234,120.692102,3
2018,12,9,19,36,臺中市,北屯區,0,0,0,8,,,50,,,,,,,,,,,,,,,19,  ,  ,  ,  ,C03,  ,  ,1,  ,2,  ,  ,19,19,1,5,  ,C03,24.16488,120.700373,3
2018,12,9,19,45,臺中市,東區,0,0,,,,,,,,,,,,,,,,,,,,,,,,,A12,,,1,,2,,,23,,1,  ,,A12,24.14171,120.708035,3
2018,12,9,19,47,臺中市,潭子區,0,0,,8,,,50,,,,,,,,,,,,,,,,,,,,B03,,,1,,2,,,12,,1,21,,B03,24.196518,120.698904,3
2018,12,9,19,48,臺中市,神岡區,0,0,0,8,,,50,,,,,,,,,,,,,,,16,  ,  ,  ,  ,B03,  ,  ,1,  ,2,  ,  ,16,16,1,9,  ,B03,24.260595,120.712129,3
2018,12,9,19,50,臺中市,龍井區,0,0,,8,,,40,,,,,,,,,,,,,,,,,,,,B03,,,1,,2,,,42,,1,22,,B03,24.180376,120.58774,3
2018,12,9,19,54,臺中市,南屯區,0,3,0,8,1,5,60,3,1,1,5,4,5,7,1,1,10,5,5,2,16,6,3,10,1,1,B03,7,5,1,8,2,2,  ,6,6,1,22,8,B03,24.118526,120.638536,2
2018,12,9,20,1,臺中市,烏日區,0,0,,8,,,50,,,,,,,,,,,,,,,17,,,,,A02,,,1,,2,,,26,17,1,10,,A02,24.108151,120.638593,3
2018,12,9,20,9,臺中市,北區,0,0,,8,4,5,50,14,2,1,5,4,5,7,2,1,8,3,4,2,13,,,,,,C03,,,1,,2,,,23,,1,5,,C03,24.151647,120.677968,3
2018,12,9,20,11,臺中市,大里區,0,3,0,8,3,5,50,3,1,1,5,4,5,7,4,4,10,5,5,2,16,6,3,10,1,1,B03,7,5,1,3,2,1,  ,6,6,1,21,8,B03,24.10208,120.683768,2
2018,12,9,20,12,臺中市,北區,0,0,,8,,,50,,,,,,,,,,,,,,,,,,,,B03,,,1,,2,,,6,,1,  ,,B03,24.150936,120.675424,3
2018,12,9,20,17,臺中市,北區,0,0,0,8,,,50,,,,,,,,,,,,,,,23,3,  ,  ,  ,B03,  ,  ,1,8,2,1,  ,23,23,  ,21,  ,B03,24.162027,120.664189,3
2018,12,9,20,19,臺中市,南區,0,1,0,8,3,5,50,4,2,1,5,4,5,7,1,1,1,2,5,2,16,26,2,8,1,1,C03,7,7,1,10,2,14,  ,26,26,1,21,8,C03,24.110615,120.64636,2
2018,12,9,20,20,臺中市,西區,0,1,0,8,3,5,40,4,2,1,5,4,5,7,1,1,5,2,4,2,16,26,3,10,1,1,B03,7,11,1,8,2,1,  ,26,26,1,21,8,B03,24.1479,120.669807,2
2018,12,9,20,20,臺中市,東區,0,2,0,7,3,5,40,14,9,1,5,4,5,7,1,1,1,2,5,2,13,23,2,9,1,1,C03,7,9,1,10,2,11,  ,23,23,1,22,8,C03,24.135206,120.685061,2
2018,12,9,20,25,臺中市,北區,0,1,0,8,3,5,50,4,1,1,5,4,5,7,1,1,10,5,5,2,15,25,3,10,3,4,B01,7,9,1,4,2,8,8,25,25,1,22,9,B01,24.16288,120.666101,2
2018,12,9,20,28,臺中市,清水區,0,0,0,8,,,40,,,,,,,,,,,,,,,23,  ,  ,  ,  ,B03,  ,  ,1,  ,2,  ,  ,23,23,1,9,  ,B03,24.303428,120.605633,3
2018,12,9,20,34,臺中市,沙鹿區,0,1,0,8,3,5,50,4,2,1,5,4,5,7,1,1,1,2,4,2,13,23,2,9,1,1,C03,7,9,1,10,2,11,  ,23,23,1,21,8,C03,24.2158,120.552355,2
2018,12,9,20,38,臺中市,中區,0,0,0,8,,,50,,,,,,,,,,,,,,,,3,  ,  ,  ,B03,  ,  ,1,  ,2,  ,  ,17,  ,  ,21,  ,B03,24.143795,120.674881,3
2018,12,9,20,44,臺中市,大里區,0,0,,8,,,50,,,,,,,,,,,,,,,,,,,,B03,,,1,,2,,,16,,1,21,,B03,24.091564,120.729405,3
2018,12,9,20,45,臺中市,大里區,0,0,,8,,,40,,,,,,,,,,,,,,,,,,,,B03,,,1,,2,,,16,,1,7,,B03,24.09268,120.690017,3
2018,12,9,20,53,臺中市,北屯區,0,1,0,8,3,5,50,3,1,1,5,4,5,7,4,4,1,4,5,2,16,6,3,10,1,1,B03,7,6,1,8,2,5,  ,6,6,1,5,8,B03,24.17119,120.693177,2
2018,12,9,20,54,臺中市,西屯區,0,0,0,8,,,50,,,,,,,,,,,,,,,6,  ,  ,  ,  ,B03,  ,  ,1,  ,2,  ,  ,6,6,1,  ,  ,B03,24.178268,120.643063,3
2018,12,9,21,5,臺中市,霧峰區,0,0,,8,,,40,,,,,,,,,,,,,,,,,,,,B03,,,1,,2,,,26,,1,21,,B03,24.072186,120.663085,3
2018,12,9,21,20,臺中市,新社區,0,0,,8,,,50,,,,,,,,,,,,,,,,,,,,B12,,,1,,2,,,12,,1,9,,B12,24.202686,120.79768,3
2018,12,9,21,25,臺中市,南區,0,0,0,8,1,5,50,14,8,1,5,4,5,7,4,4,5,4,4,2,17,23,3,10,1,1,C03,7,15,1,10,9,11,  ,23,23,1,22,8,C03,24.120036,120.666825,3
2018,12,9,21,30,臺中市,龍井區,0,0,,8,,,70,,,,,,,,,,,,,,,,,,,,B03,,,1,,2,,,12,,1,9,,B03,24.213006,120.551498,3
2018,12,9,21,48,臺中市,西區,0,1,0,8,3,5,50,14,7,1,5,4,5,7,4,4,1,4,4,2,18,23,2,9,1,1,C03,7,9,1,10,2,11,  ,23,23,1,22,8,C03,24.147159,120.65809,2
2018,12,9,21,50,臺中市,清水區,0,2,0,8,3,5,50,4,1,1,5,4,5,7,4,4,10,5,5,2,15,13,2,9,1,1,C03,7,9,2,18,2,11,  ,13,13,1,5,5,C03,24.269693,120.574673,2
2018,12,9,21,53,臺中市,西屯區,0,0,0,8,,,40,,,,,,,,,,,,,,,43,  ,  ,  ,  ,B03,  ,  ,1,  ,2,  ,  ,43,43,1,22,  ,B03,24.185506,120.587643,3
2018,12,9,21,54,臺中市,東區,0,0,0,8,,,50,,,,,,,,,,,,,,,23,  ,  ,  ,  ,B03,  ,  ,1,8,2,  ,  ,23,23,1,  ,  ,B03,24.125025,120.701536,3
2018,12,9,21,57,臺中市,北屯區,0,2,0,8,3,5,50,14,9,1,5,4,5,7,4,4,5,4,5,2,3,51,2,9,4,5,H01,8,16,8,20,10,16,  ,51,51,1,21,8,H01,24.17708,120.731643,2
2018,12,9,22,0,臺中市,北區,0,2,0,8,1,5,50,4,1,1,5,4,5,7,1,1,1,4,4,2,13,23,2,8,1,1,C03,7,6,1,10,2,11,  ,23,23,1,21,8,C03,24.146104,120.686251,2
2018,12,9,22,0,臺中市,南區,0,1,0,8,3,5,50,14,7,1,5,4,5,7,4,4,5,5,4,2,18,13,2,9,1,1,C03,7,9,1,10,2,14,11,13,13,1,21,8,C03,24.125688,120.659591,2
2018,12,9,22,40,臺中市,龍井區,0,1,0,8,3,5,40,3,1,1,5,4,1,7,1,1,10,5,5,2,24,23,2,8,1,1,C03,7,9,1,10,2,11,  ,23,23,1,22,8,C03,24.18831,120.581226,2
2018,12,9,22,44,臺中市,北區,0,2,0,8,3,5,50,14,8,1,5,4,5,7,4,4,1,4,4,2,13,23,2,9,3,4,C03,7,9,1,10,2,11,  ,23,23,1,22,9,C03,24.166034,120.673445,2
2018,12,9,22,44,臺中市,西屯區,0,0,,8,,,50,,,,,,,,,,,,,,,,,,,,B03,,,1,,2,,,12,,1,21,,B03,24.178137,120.667439,3
2018,12,9,22,57,臺中市,沙鹿區,0,0,,8,,,50,,,,,,,,,,,,,,,,,,,,B03,,,1,,2,,,12,,1,5,,B03,24.237183,120.565236,3
2018,12,9,23,9,臺中市,北屯區,0,2,0,8,3,5,50,4,1,1,5,4,5,7,1,1,10,5,5,2,16,25,2,9,1,1,C03,7,9,1,10,2,11,  ,44,25,1,5,8,C03,24.174996,120.721054,2
2018,12,9,23,11,臺中市,南屯區,0,1,0,8,3,5,50,4,1,1,5,4,5,7,1,1,10,5,5,2,16,6,3,10,1,1,B03,7,6,1,8,2,5,  ,6,6,1,22,8,B03,24.150842,120.647793,2
2018,12,9,23,25,臺中市,霧峰區,0,0,,8,,,40,,,,,,,,,,,,,,,,,,,,B03,,,1,,2,,,23,,1,10,,B03,24.06582,120.695675,3
2018,12,9,23,31,臺中市,東區,0,1,0,8,3,5,50,4,1,1,5,4,5,7,4,4,10,5,5,2,18,14,2,9,1,1,C03,7,9,1,10,2,12,  ,14,14,1,21,8,C03,24.126551,120.691988,2
2018,12,9,23,44,臺中市,北區,0,0,,8,,,50,,,,,,,,,,,,,,,,,,,,B03,,,1,,2,,,6,,1,5,,B03,24.163193,120.67438,3
2018,12,9,23,59,臺中市,龍井區,0,1,0,8,3,5,50,3,2,1,5,4,5,7,4,4,5,5,5,1,17,43,2,8,1,1,C03,7,9,1,10,2,15,  ,43,43,1,22,8,C03,24.191737,120.587863,2
2018,12,10,1,38,臺中市,北屯區,0,2,0,8,3,5,50,14,9,1,5,4,5,7,2,1,1,2,5,2,13,23,2,9,1,1,C03,7,9,1,10,2,11,  ,23,23,1,5,8,C03,24.164688,120.694338,2
2018,12,10,2,16,臺中市,大里區,0,0,,8,,,50,,,,,,,,,,,,,,,,,,,,   ,,,7,,11,,,66,,1,  ,,   ,24.117661,120.678755,3
2018,12,10,5,40,臺中市,梧棲區,0,3,0,8,3,5,30,3,2,1,5,4,1,7,3,1,1,4,4,1,23,23,2,9,3,4,B03,7,9,6,8,8,1,  ,23,23,1,5,5,B03,24.245111,120.520882,2
2018,12,10,5,49,臺中市,后里區,0,1,0,8,2,5,60,14,12,1,5,4,5,7,4,4,1,4,4,1,13,23,3,10,3,4,B03,7,14,1,8,2,7,  ,38,23,1,21,8,B03,24.292798,120.723696,2
2018,12,10,5,58,臺中市,大肚區,0,2,0,6,1,5,50,4,1,1,4,4,5,7,3,1,10,5,5,2,15,6,2,8,1,1,C03,7,9,2,18,2,12,  ,6,6,1,15,2,C03,24.153264,120.544987,2
2018,12,10,6,2,臺中市,東勢區,0,1,0,7,1,5,50,14,9,1,5,4,5,7,4,4,9,5,5,1,27,23,2,9,1,1,C03,7,9,1,10,2,11,12,23,23,1,22,8,C03,24.285391,120.788244,2
2018,12,10,6,24,臺中市,東勢區,0,1,0,7,1,5,40,14,9,1,5,4,5,7,4,4,5,5,5,1,11,1,3,10,1,1,A11,7,4,1,1,2,4,  ,1,1,1,22,8,A11,24.167894,120.843016,2
2018,12,10,6,30,臺中市,梧棲區,0,2,0,8,1,5,40,4,2,1,5,4,5,7,4,4,10,5,5,2,16,23,2,8,1,1,C03,7,9,1,10,2,11,  ,23,23,1,5,1,C03,24.242163,120.558198,2
2018,12,10,6,52,臺中市,清水區,0,0,0,8,,,70,,,,,,,,,,,,,,,25,  ,  ,  ,  ,B03,  ,  ,1,  ,2,  ,  ,25,25,1,  ,  ,B03,24.300545,120.577553,3
2018,12,10,7,7,臺中市,沙鹿區,0,0,0,,,,,,,,,,,,,,,,,,,10,  ,  ,  ,  ,B03,  ,  ,1,  ,2,  ,  ,10,10,1,21,  ,B03,24.259433,120.600881,3
2018,12,10,7,9,臺中市,大雅區,0,1,0,8,1,5,50,4,1,1,5,4,5,7,1,1,10,5,5,2,16,23,3,10,1,1,B03,7,5,1,8,2,8,  ,23,23,1,22,9,B03,24.22172,120.636941,2
2018,12,10,7,11,臺中市,大雅區,0,0,,8,,,50,,,,,,,,,,,,,,,,,,,,B12,,,1,,2,,,23,,1,21,,B12,24.217658,120.650941,3
2018,12,10,7,15,臺中市,龍井區,0,1,0,6,1,5,40,14,8,1,4,4,5,7,4,4,1,4,1,2,18,13,2,8,1,1,C03,7,9,1,10,2,14,  ,13,13,1,21,1,C03,24.182846,120.593127,2
2018,12,10,7,16,臺中市,南屯區,0,0,,8,,,40,,,,,,,,,,,,,,,,,,,,B03,,,1,,2,,,12,,1,5,,B03,24.152051,120.629695,3
2018,12,10,7,16,臺中市,北屯區,0,1,0,8,1,5,50,4,2,1,5,4,5,7,2,1,5,2,4,2,13,23,2,8,1,1,C03,7,9,1,10,2,11,  ,23,23,1,9,8,C03,24.164826,120.694303,2
2018,12,10,7,18,臺中市,南區,0,0,0,8,1,5,50,14,7,1,5,4,5,7,4,4,1,4,4,2,12,23,3,10,1,1,C03,7,15,1,10,2,14,  ,23,23,1,22,8,C03,24.113615,120.670007,4
2018,12,10,7,19,臺中市,西屯區,0,1,0,6,1,5,50,14,9,1,4,4,5,7,4,4,5,5,5,2,16,6,2,9,3,4,C03,7,1,1,10,2,11,  ,6,6,1,22,9,C03,24.18228,120.642745,2
2018,12,10,7,19,臺中市,龍井區,0,2,0,7,1,5,70,14,8,1,5,4,5,7,4,4,1,4,4,2,16,4,2,8,1,1,C03,7,9,1,10,2,14,  ,4,4,1,12,1,C03,24.208465,120.549808,2
2018,12,10,7,20,臺中市,石岡區,0,1,0,6,1,5,70,4,1,1,4,4,5,7,1,1,1,4,4,1,17,13,2,9,1,1,C03,7,9,1,10,2,11,14,13,13,1,22,8,C03,24.274278,120.776945,2
2018,12,10,7,24,臺中市,烏日區,0,1,0,7,1,5,50,4,1,1,4,4,5,7,2,1,5,5,5,1,17,8,3,10,1,1,B03,7,5,1,8,2,15,  ,8,8,1,22,8,B03,24.104952,120.622243,2
2018,12,10,7,28,臺中市,神岡區,0,1,0,8,1,5,50,15,18,1,5,4,5,7,3,1,10,5,5,1,3,15,3,10,1,1,B12,7,9,1,8,2,5,  ,15,15,1,22,9,B12,24.26081,120.65874,2
2018,12,10,7,29,臺中市,西屯區,0,1,0,8,1,5,50,3,1,1,4,4,5,7,4,4,10,5,5,2,18,42,2,8,1,1,C03,7,9,1,10,2,14,  ,42,42,1,22,8,C03,24.154874,120.644169,2
2018,12,10,7,30,臺中市,北區,0,0,0,6,,,50,,,,,,,,,,,,,,,23,  ,  ,  ,  ,B03,  ,  ,1,8,2,  ,  ,23,23,1,  ,  ,B03,24.159249,120.674549,3
2018,12,10,7,31,臺中市,大雅區,0,1,0,6,1,5,50,14,9,1,4,4,5,7,4,4,5,5,5,1,16,7,2,8,1,1,C03,7,10,1,10,2,12,  ,7,7,1,22,9,C03,24.240832,120.62712,2
2018,12,10,7,32,臺中市,龍井區,0,1,0,6,1,5,50,4,1,1,4,4,5,7,3,1,10,5,5,2,16,6,2,7,1,1,C03,7,5,1,10,2,12,  ,6,6,1,21,1,C03,24.181469,120.59249,2
2018,12,10,7,35,臺中市,北屯區,0,2,0,7,1,5,50,14,7,1,5,4,5,7,4,4,9,5,5,2,13,16,2,9,1,1,C03,7,9,1,10,2,11,  ,16,16,1,22,8,C03,24.171312,120.693192,2
2018,12,10,7,38,臺中市,西屯區,0,0,0,6,,,50,,,,,,,,,,,,,,,7,  ,  ,  ,  ,B03,  ,  ,1,  ,2,  ,  ,7,7,1,21,  ,B03,24.159287,120.62654,3
2018,12,10,7,38,臺中市,沙鹿區,0,1,0,8,1,5,50,5,1,1,5,4,5,7,1,1,10,5,5,2,18,23,2,9,1,1,C03,7,9,1,10,2,12,  ,23,23,1,21,8,C03,24.210733,120.572891,2
2018,12,10,7,40,臺中市,南屯區,0,0,0,8,,,50,,,,,,,,,,,,,,,17,  ,  ,  ,  ,B12,  ,  ,1,8,2,  ,  ,17,17,1,12,  ,B12,24.154841,120.648781,3
2018,12,10,7,46,臺中市,西屯區,0,1,0,8,1,5,50,3,9,1,5,4,5,7,4,4,8,3,3,1,11,10,3,10,1,1,B01,7,11,1,8,2,5,  ,10,10,1,22,8,B01,24.182575,120.615193,2
2018,12,10,7,48,臺中市,北屯區,0,1,0,6,1,5,50,14,9,1,4,4,5,7,4,4,1,4,5,2,13,23,2,9,1,1,C03,7,9,1,10,2,14,12,23,23,1,5,8,C03,24.177416,120.700066,2
2018,12,10,7,50,臺中市,西區,0,0,0,6,,,50,,,,,,,,,,,,,,,23,3,  ,  ,  ,B03,  ,  ,1,8,2,1,  ,23,23,1,21,8,B03,24.154776,120.663781,3
2018,12,10,7,50,臺中市,烏日區,0,1,0,8,1,5,70,3,1,1,5,4,5,7,2,1,1,4,4,1,17,6,3,10,1,1,B03,7,5,1,8,2,6,  ,6,6,1,21,8,B03,24.107606,120.611162,2
2018,12,10,7,51,臺中市,北屯區,0,0,,8,,,50,,,,,,,,,,,,,,,,,,,,C03,,,1,,2,,,23,,1,  ,,C03,24.169762,120.702687,3
2018,12,10,7,54,臺中市,南區,0,1,0,8,1,5,50,15,22,1,5,4,5,7,4,4,10,5,5,2,18,23,2,9,1,1,C03,7,9,1,8,2,15,  ,23,23,1,21,8,C03,24.118555,120.669991,2
2018,12,10,7,55,臺中市,霧峰區,0,1,0,8,1,5,40,4,1,1,5,4,5,7,1,1,10,5,5,2,16,6,3,10,1,1,B03,7,6,1,8,2,5,  ,6,6,1,3,1,B03,24.029326,120.685778,2
2018,12,10,7,56,臺中市,大肚區,0,2,0,6,1,5,30,11,9,1,4,4,5,7,4,4,5,4,5,1,17,23,2,9,1,1,C03,7,9,1,10,2,12,  ,23,23,1,22,5,C03,24.150524,120.554999,2
2018,12,10,7,57,臺中市,南屯區,0,0,,8,,,50,,,,,,,,,,,,,,,,,,,,B12,,,1,,2,,,16,,1,5,,B12,24.151241,120.609704,3
2018,12,10,7,58,臺中市,大里區,0,0,,8,,,40,,,,,,,,,,,,,,,,,,,,C03,,,1,,2,,,1,,1,4,,C03,24.096969,120.699183,3
2018,12,10,8,0,臺中市,中區,0,0,0,6,1,5,50,4,1,1,4,4,5,7,1,1,10,5,5,2,13,23,3,10,1,1,B03,7,9,1,8,5,1,  ,23,23,1,21,8,B03,24.143638,120.675047,3
2018,12,10,8,3,臺中市,西區,0,1,0,6,1,5,50,4,2,1,4,4,5,7,2,1,3,4,4,2,13,23,3,10,1,1,B03,7,9,1,8,2,5,  ,23,23,1,22,8,B03,24.150811,120.657475,2
2018,12,10,8,3,臺中市,南區,0,2,0,8,1,5,50,3,1,1,5,4,5,7,4,4,10,5,5,2,15,6,2,9,4,5,F01,7,9,8,20,2,16,  ,6,6,1,22,8,F01,24.120711,120.669933,2
2018,12,10,8,4,臺中市,西屯區,0,0,,8,,,50,,,,,,,,,,,,,,,23,,,,,B03,,,1,,2,,,44,23,1,  ,,B03,24.172774,120.633983,3
2018,12,10,8,4,臺中市,龍井區,0,1,0,6,1,5,50,4,1,1,4,4,5,7,1,1,10,5,5,2,16,6,3,10,1,1,B03,7,6,1,8,2,6,  ,6,6,1,21,1,B03,24.181097,120.574188,2
2018,12,10,8,9,臺中市,大雅區,0,1,0,8,1,5,40,3,2,1,5,4,5,7,4,4,10,5,5,1,17,6,2,8,1,1,C03,7,6,1,10,2,11,  ,6,6,1,21,8,C03,24.229467,120.67561,2
2018,12,10,8,10,臺中市,西屯區,0,1,0,6,1,5,50,3,2,1,4,4,5,7,4,4,5,4,5,2,16,6,3,10,3,4,B03,7,5,1,8,2,5,  ,6,6,1,22,9,B03,24.169542,120.588208,2
2018,12,10,8,13,臺中市,西屯區,0,1,0,6,1,5,40,4,1,1,4,4,5,7,4,4,9,4,5,2,16,6,3,10,1,1,B03,7,6,1,8,2,1,  ,6,6,1,21,8,B03,24.15887,120.629422,2
2018,12,10,8,13,臺中市,龍井區,0,1,0,6,1,5,40,14,13,1,4,4,5,7,4,4,1,4,1,1,16,7,3,10,1,1,B03,7,8,1,8,2,5,  ,7,7,1,21,8,B03,24.18572,120.573721,2
2018,12,10,8,14,臺中市,北屯區,0,2,0,6,1,5,50,4,1,1,4,4,5,7,1,1,10,5,5,2,13,23,2,9,1,1,C03,7,5,1,10,2,11,  ,23,23,1,5,1,C03,24.173708,120.692438,2
2018,12,10,8,22,臺中市,西屯區,0,0,,8,,,50,,,,,,,,,,,,,,,,,,,,B12,,,1,,2,,,6,,1,22,,B12,24.201213,120.657175,3
2018,12,10,8,24,臺中市,西屯區,0,1,0,8,1,5,40,3,2,1,5,4,5,7,4,4,10,5,5,2,17,6,3,10,1,1,B03,7,5,1,8,2,4,  ,6,6,1,22,8,B03,24.165973,120.664853,2
2018,12,10,8,24,臺中市,石岡區,0,0,0,8,,,70,,,,,,,,,,,,,,,16,  ,  ,  ,  ,B03,  ,  ,1,  ,2,  ,  ,16,16,1,22,  ,B03,24.273104,120.79081,3
2018,12,10,8,25,臺中市,南屯區,0,1,0,6,1,5,50,4,1,1,4,4,5,7,2,1,10,5,5,2,17,6,3,10,1,1,B03,7,5,1,8,2,15,  ,6,6,1,21,8,B03,24.133575,120.644048,2
2018,12,10,8,26,臺中市,北屯區,0,1,0,6,1,5,50,14,22,1,4,4,5,7,4,4,10,5,5,2,16,11,3,10,1,1,B03,7,11,1,8,2,5,  ,11,11,1,20,8,B03,24.178433,120.670605,2
2018,12,10,8,30,臺中市,北區,0,1,0,7,1,5,50,4,2,1,4,4,5,7,4,4,10,5,5,2,16,23,2,9,1,1,C03,7,6,3,18,2,11,  ,23,23,1,5,8,C03,24.162699,120.678401,2
2018,12,10,8,36,臺中市,南區,0,2,0,8,1,5,50,4,1,1,5,4,5,7,4,4,5,4,4,2,13,23,2,9,1,1,C03,7,9,1,10,2,11,  ,23,23,1,5,5,C03,24.116993,120.649619,2
2018,12,10,8,36,臺中市,西屯區,0,0,,8,,,50,,,,,,,,,,,,,,,,,,,,B03,,,1,,2,,,23,,1,  ,,B03,24.205087,120.652688,3