年,月,日,時,分,縣市,區,死,受傷,2-30,天候,光線,道路類別,速限,道路型態,事故位置,路面鋪裝,路面狀態,路面缺陷,障礙物,視距,號誌種類,號誌動作,分向設施,快車道或一般車道間,快慢車道間,路面邊線,事故類型及型態,主要肇因,受傷程度,主要傷處,保護裝備,行動電話,當事者區分_類別,車輛用途,當事者行動狀態,駕駛資格情形,駕駛執照種類,飲酒情形,車輛撞擊部位最初,車輛撞擊部位其他,肇事因素個別,肇事因素主要,肇事逃逸,職業,旅次目的,車種,GPS座標X,GPS座標Y,事故類別
2018,12,10,8,36,臺中市,新社區,0,1,0,8,1,5,50,4,1,1,5,4,5,7,4,4,5,5,5,1,16,23,3,10,1,1,A12,7,6,1,7,2,2,  ,44,23,1,21,1,A12,24.219428,120.79955,2
2018,12,10,8,43,臺中市,太平區,0,0,,8,,,40,,,,,,,,,,,,,,,,,,,,A12,,,1,,2,,,42,,1,21,,A12,24.152619,120.705246,3
2018,12,10,8,44,臺中市,西區,0,0,0,8,,,50,,,,,,,,,,,,,,,,  ,  ,  ,  ,   ,  ,  ,  ,  ,  ,  ,  ,  ,  ,  ,  ,  ,   ,,,3
2018,12,10,8,48,臺中市,北屯區,0,1,0,7,1,5,50,14,7,1,5,4,5,7,4,4,9,5,5,2,13,16,2,9,1,1,C03,7,9,1,10,2,11,13,16,16,1,22,8,C03,24.172756,120.681021,2
2018,12,10,8,53,臺中市,北區,0,1,0,6,1,5,50,4,1,1,4,4,5,7,2,1,10,5,5,2,17,23,2,9,1,1,C03,7,9,1,10,2,14,  ,23,23,1,22,8,C03,24.164842,120.673828,2
2018,12,10,8,53,臺中市,西屯區,0,1,0,6,1,5,50,3,2,1,4,4,5,7,1,1,5,4,4,2,18,42,2,9,3,4,C03,7,9,1,10,2,14,  ,42,42,1,22,9,C03,24.172517,120.655609,2
2018,12,10,8,54,臺中市,南區,0,0,0,8,,,50,,,,,,,,,,,,,,,,3,  ,  ,  ,B03,  ,  ,1,  ,2,  ,  ,12,  ,1,21,  ,B03,24.130916,120.657061,3
2018,12,10,8,57,臺中市,北屯區,0,1,0,7,1,5,50,4,1,1,4,4,5,7,1,1,10,5,5,2,16,23,2,9,1,1,C03,7,9,1,10,2,11,12,23,23,1,5,8,C03,24.178176,120.671943,2
2018,12,10,9,5,臺中市,西屯區,0,1,0,6,1,5,40,14,9,1,4,4,5,7,4,4,9,5,5,2,18,42,2,9,1,1,C03,7,9,1,10,2,14,  ,42,42,1,21,8,C03,24.186871,120.627042,2
2018,12,10,9,19,臺中市,西屯區,0,0,,8,1,5,50,3,2,1,5,4,5,7,4,4,8,3,5,1,14,,,,,,B12,,,1,,2,,,12,,1,22,,B12,24.165008,120.635821,3
2018,12,10,9,24,臺中市,太平區,0,1,0,8,1,5,50,14,9,1,5,4,5,7,4,4,5,5,5,1,13,23,3,10,1,1,C03,7,9,1,10,2,11,  ,23,23,1,18,8,C03,24.10184,120.728876,2
2018,12,10,9,25,臺中市,潭子區,0,0,,8,,,60,,,,,,,,,,,,,,,,,,,,B03,,,1,,2,,,44,,1,22,,B03,24.19701,120.702566,3
2018,12,10,9,40,臺中市,烏日區,0,1,0,8,1,5,40,4,1,1,5,4,5,7,4,4,10,5,5,2,15,6,2,9,1,1,C03,7,9,1,10,2,12,  ,6,6,1,21,8,C03,24.11043,120.635027,2
2018,12,10,9,40,臺中市,潭子區,0,1,0,8,1,5,50,3,1,1,5,4,5,7,4,4,1,4,4,1,12,6,3,10,1,1,B12,7,5,1,8,2,6,  ,6,6,1,22,9,B12,24.21496,120.702551,2
2018,12,10,9,42,臺中市,烏日區,0,1,0,7,1,5,50,14,9,1,5,4,5,7,4,4,5,5,5,1,13,16,2,9,1,1,C03,7,9,1,10,2,14,  ,16,16,1,22,8,C03,24.120939,120.607647,2
2018,12,10,9,53,臺中市,沙鹿區,0,1,0,8,1,5,60,14,7,1,5,4,5,7,4,4,1,4,1,1,13,16,2,1,1,1,B12,7,9,1,8,2,1,  ,16,16,1,21,8,B12,24.209078,120.581527,2
2018,12,10,9,58,臺中市,南屯區,0,0,,8,,,50,,,,,,,,,,,,,,,,,,,,B03,,,1,,2,,,23,,1,  ,,B03,24.144289,120.639923,3
2018,12,10,10,0,臺中市,北區,0,1,0,7,1,5,50,3,2,1,4,4,5,7,4,4,1,4,5,2,16,23,3,10,1,1,B03,7,6,6,18,2,1,  ,23,23,1,5,8,B03,24.157574,120.694511,2
2018,12,10,10,5,臺中市,太平區,0,1,0,8,1,5,50,14,9,1,5,4,5,7,4,4,5,5,5,1,17,26,2,9,1,1,C03,7,11,6,18,2,14,  ,26,26,1,4,8,C03,24.110078,120.724939,2
2018,12,10,10,5,臺中市,潭子區,0,1,0,7,1,5,50,3,2,1,5,4,5,7,4,4,10,5,5,2,16,44,2,9,1,1,C03,7,9,3,18,2,11,  ,16,44,1,22,8,C03,24.22012,120.7018,2
2018,12,10,10,20,臺中市,西屯區,0,0,,8,,,40,,,,,,,,,,,,,,,,,,,,C03,,,1,,2,,,25,,1,12,,C03,24.171513,120.649866,3
2018,12,10,10,23,臺中市,龍井區,0,0,,6,,,60,,,,,,,,,,,,,,,,,,,,B12,,,1,,2,,,16,,1,10,,B12,24.188318,120.579499,3
2018,12,10,10,25,臺中市,南區,0,0,0,8,1,5,50,3,1,1,5,4,5,7,4,4,10,5,5,2,17,6,3,10,1,1,B03,7,6,1,8,2,8,  ,6,6,1,22,8,B03,24.115331,120.666895,3
2018,12,10,10,30,臺中市,龍井區,0,0,,8,,,50,,,,,,,,,,,,,,,,,,,,B03,,,1,,9,,,42,,1,22,,B03,24.188656,120.59022,3
2018,12,10,10,37,臺中市,北屯區,0,1,0,8,1,5,50,4,1,1,5,4,5,7,1,1,10,5,5,2,16,23,3,10,1,1,B03,7,9,1,8,2,1,  ,23,23,1,21,8,B03,24.193113,120.67647,2
2018,12,10,10,38,臺中市,外埔區,0,0,,8,,,40,,,,,,,,,,,,,,,,,,,,B03,,,1,,2,,,8,,1,20,,B03,24.342101,120.638881,3
2018,12,10,10,53,臺中市,南區,0,2,0,8,1,5,50,14,7,1,5,4,5,7,4,4,5,4,4,2,3,51,2,9,4,5,H01,8,16,8,20,10,16,  ,51,51,1,20,5,H01,24.11468,120.669371,2
2018,12,10,11,2,臺中市,西屯區,0,0,,8,1,5,50,3,2,1,5,4,5,7,1,1,8,1,2,1,17,,,,,,B12,,,1,,2,,,43,,1,22,,B12,24.163048,120.599921,3
2018,12,10,11,6,臺中市,大甲區,0,0,,6,,,50,,,,,,,,,,,,,,,,,,,,B03,,,1,,2,,,12,,1,21,,B03,24.347411,120.616908,3
2018,12,10,11,12,臺中市,太平區,,,,8,,,50,,,,,,,,,,,,,,,,,,,,B03,,,1,,2,,,23,,1,21,,B03,24.144396,120.713596,3
2018,12,10,11,28,臺中市,沙鹿區,0,1,0,8,1,5,50,3,1,1,5,4,5,7,4,4,10,5,5,2,17,6,3,10,1,1,B03,7,6,1,8,2,15,  ,6,6,1,5,9,B03,24.229534,120.567457,2
2018,12,10,11,30,臺中市,大里區,0,0,,8,,,50,,,,,,,,,,,,,,,,,,,,B03,,,1,,2,,,12,,1,22,,B03,24.092253,120.691684,3
2018,12,10,11,32,臺中市,北區,0,1,0,8,1,5,50,3,1,1,5,4,5,7,4,4,10,5,5,2,17,6,3,10,1,1,C03,7,5,1,10,2,11,  ,6,6,1,22,8,C03,24.158797,120.669739,2
2018,12,10,11,37,臺中市,大甲區,0,1,0,8,1,5,50,14,9,1,4,4,5,7,4,4,5,5,5,1,17,26,2,5,1,1,C03,7,1,1,10,2,12,  ,26,26,1,9,9,C03,24.347201,120.618428,2
2018,12,10,11,40,臺中市,中區,0,0,0,8,,,50,,,,,,,,,,,,,,,23,3,  ,  ,  ,B03,  ,  ,1,8,2,2,  ,23,23,1,21,8,B03,24.139582,120.681655,3
2018,12,10,11,40,臺中市,西屯區,0,0,,8,,,50,,,,,,,,,,,,,,,,,,,,A11,,,1,,2,,,7,,1,22,,A11,24.200705,120.656772,3
2018,12,10,11,40,臺中市,梧棲區,0,1,0,7,1,5,40,4,1,1,4,4,5,7,4,4,10,5,5,2,15,6,2,1,1,1,B12,7,9,1,8,2,4,  ,6,6,1,10,8,B12,24.24062,120.531211,2
2018,12,10,11,50,臺中市,潭子區,0,0,0,8,1,5,50,14,7,1,5,4,5,7,1,1,5,4,4,2,13,23,  ,  ,  ,  ,B11,  ,  ,1,  ,2,  ,  ,23,23,1,22,  ,B11,24.220141,120.692244,3
2018,12,10,12,4,臺中市,西屯區,0,0,0,8,,,40,,,,,,,,,,,,,,,12,  ,  ,  ,  ,B03,  ,  ,1,  ,2,  ,  ,12,12,1,12,  ,B03,24.181064,120.615394,3
2018,12,10,12,6,臺中市,東勢區,0,2,0,8,1,5,40,3,1,2,5,4,5,3,4,4,10,5,5,2,17,6,2,8,1,1,C03,7,5,1,10,2,11,  ,6,6,1,3,8,C03,24.204265,120.841613,2
2018,12,10,12,10,臺中市,西區,0,1,0,7,1,5,50,4,1,1,5,4,5,7,4,4,10,5,5,2,15,6,2,9,1,1,C03,7,9,1,10,2,12,  ,6,6,1,21,5,C03,24.146117,120.669008,2
2018,12,10,12,16,臺中市,大里區,0,1,0,8,1,5,50,14,9,1,5,4,5,7,4,4,1,4,5,1,13,43,2,8,1,1,C03,7,9,6,8,2,14,  ,43,43,1,5,1,C03,24.116401,120.67933,2
2018,12,10,12,18,臺中市,西區,0,0,,8,,,50,,,,,,,,,,,,,,,,,,,,B03,,,1,,2,,,25,,1,20,,B03,24.132123,120.668205,3
2018,12,10,12,20,臺中市,沙鹿區,0,1,0,8,1,5,50,4,1,1,5,4,5,7,1,1,10,5,5,2,16,38,2,9,1,1,C03,7,14,3,18,2,11,  ,38,38,1,21,8,C03,24.237704,120.562009,2
2018,12,10,12,21,臺中市,沙鹿區,0,1,0,8,1,5,40,14,8,1,5,4,5,7,4,4,1,3,1,2,17,23,2,9,1,1,C03,7,9,1,10,2,11,  ,23,23,1,5,9,C03,24.239239,120.564913,2
2018,12,10,12,22,臺中市,北區,0,2,0,8,1,5,50,3,1,1,5,4,5,7,4,4,10,5,5,2,16,6,3,10,3,4,B03,7,6,1,8,2,2,2,6,6,1,22,9,B03,24.159291,120.694313,2
2018,12,10,12,29,臺中市,西屯區,0,0,,8,1,5,40,14,8,1,5,4,5,7,4,4,10,5,5,2,11,,,,,,B03,,,1,,2,,,17,,1,22,,B03,24.174095,120.618603,3
2018,12,10,12,31,臺中市,沙鹿區,0,0,,8,,,50,,,,,,,,,,,,,,,,,,,,B03,,,1,,2,,,23,,1,18,,B03,24.236912,120.568589,3
2018,12,10,12,33,臺中市,太平區,0,0,0,8,,,50,,,,,,,,,,,,,,,42,  ,  ,  ,  ,B03,  ,  ,1,  ,2,  ,  ,42,42,2,21,  ,B03,24.153141,120.710079,3
2018,12,10,12,46,臺中市,潭子區,0,0,,8,,,40,,,,,,,,,,,,,,,,,,,,G06,,,1,,2,,,17,,1,22,,G06,24.194545,120.712953,3
2018,12,10,12,50,臺中市,北區,0,0,0,8,,,50,,,,,,,,,,,,,,,23,3,  ,  ,  ,B03,  ,  ,1,  ,2,  ,  ,23,23,1,5,  ,B03,24.161112,120.685131,3
2018,12,10,12,54,臺中市,北區,0,0,,8,,,50,,,,,,,,,,,,,,,,,,,,B03,,,1,,2,,,6,,1,22,,B03,24.168767,120.671735,3
2018,12,10,13,3,臺中市,南區,0,2,0,8,1,5,50,4,1,1,5,4,5,7,4,4,10,5,5,2,17,42,2,9,1,1,C03,7,9,1,10,2,11,  ,42,42,1,18,8,C03,24.125501,120.671886,2
2018,12,10,13,5,臺中市,北屯區,0,1,0,8,1,5,50,4,1,1,5,4,5,7,4,4,10,5,5,2,18,23,2,9,1,1,C03,7,9,1,10,2,15,  ,23,23,1,22,8,C03,24.178011,120.689367,2
2018,12,10,13,6,臺中市,北屯區,0,1,0,7,1,5,40,4,1,1,5,4,5,7,4,4,10,5,5,2,15,6,3,10,1,1,B12,7,9,1,8,2,1,  ,6,6,1,5,8,B12,24.166748,120.699021,2
2018,12,10,13,15,臺中市,東勢區,0,3,0,8,1,5,60,11,13,1,5,4,5,7,4,4,5,4,5,1,26,23,2,9,1,1,B03,7,9,1,8,2,1,  ,23,23,1,20,8,B03,24.29896,120.802531,2
2018,12,10,13,30,臺中市,南區,0,0,0,8,1,5,50,4,1,1,5,4,5,7,1,,10,5,5,2,12,7,3,10,1,1,B03,7,15,1,8,2,2,  ,7,7,1,22,8,B03,24.12041,120.650341,3
2018,12,10,13,32,臺中市,大里區,0,0,,8,,,50,,,,,,,,,,,,,,,,,,,,C03,,,1,,2,,,67,,1,12,,C03,24.103964,120.683981,3
2018,12,10,13,40,臺中市,神岡區,0,2,0,8,1,5,40,4,1,1,5,4,5,7,4,4,10,5,5,2,16,6,2,7,1,1,C03,7,5,1,10,2,11,  ,6,6,2,22,9,C03,24.242795,120.676285,2
2018,12,10,13,42,臺中市,神岡區,0,0,0,8,,,50,,,,,,,,,,,,,,,23,  ,  ,  ,  ,B03,  ,  ,1,  ,2,  ,  ,23,23,1,9,  ,B03,24.248484,120.696428,3
2018,12,10,13,53,臺中市,后里區,0,0,,,,,,,,,,,,,,,,,,,,,,,,,,,,,,,,,,,,,,,,,3
2018,12,10,13,53,臺中市,后里區,0,0,,8,1,5,40,14,9,1,5,4,5,7,4,4,10,5,5,1,16,,,,,,B03,,,1,,3,,,19,,1,7,,B03,24.315066,120.707848,3
2018,12,10,13,58,臺中市,神岡區,0,0,,8,,,40,,,,,,,,,,,,,,,,,,,,B03,,,1,,2,,,12,,1,9,,B03,24.26649,120.703728,3
2018,12,10,14,0,臺中市,大里區,0,0,,8,,,50,,,,,,,,,,,,,,,,,,,,B03,,,1,,2,,,12,,1,11,,B03,24.108723,120.693605,3
2018,12,10,14,0,臺中市,大甲區,0,1,0,7,1,5,40,4,1,1,5,4,5,7,4,4,10,5,5,2,15,6,3,10,1,1,B12,7,9,1,8,2,5,  ,6,6,1,4,8,B12,24.379648,120.652171,2
2018,12,10,14,5,臺中市,南屯區,0,0,,8,,,50,,,,,,,,,,,,,,,,,,,,B03,,,1,,2,,,23,,1,22,,B03,24.1327,120.642268,3
2018,12,10,14,5,臺中市,西屯區,0,0,,8,,,50,,,,,,,,,,,,,,,,,,,,B03,,,1,,2,,,16,,1,22,,B03,24.162497,120.62875,3
2018,12,10,14,5,臺中市,西屯區,0,0,0,8,,,40,,,,,,,,,,,,,,,43,  ,  ,  ,  ,B03,  ,  ,1,  ,2,  ,  ,43,43,1,21,  ,B03,24.184288,120.614043,3
2018,12,10,14,11,臺中市,龍井區,0,3,0,8,1,5,50,4,1,1,5,4,5,7,4,4,10,5,5,2,16,6,2,9,2,4,C03,7,9,3,18,2,15,  ,6,6,1,19,9,C03,24.199158,120.523585,2
2018,12,10,14,25,臺中市,北區,0,1,0,8,1,5,50,4,1,1,5,4,5,7,4,4,10,5,5,2,15,6,2,9,1,1,C03,7,9,1,10,2,14,14,6,6,1,22,7,C03,24.16394,120.683312,2
2018,12,10,14,29,臺中市,東勢區,0,0,0,8,,,60,,,,,,,,,,,,,,,17,  ,  ,  ,  ,A12,  ,  ,1,  ,2,  ,  ,17,17,1,10,  ,A12,24.241785,120.833546,3
2018,12,10,14,30,臺中市,南區,0,0,,8,,,40,,,,,,,,,,,,,,,,,,,,   ,,,7,,9,,,42,,1,  ,,   ,24.123721,120.683605,3
2018,12,10,14,31,臺中市,西屯區,0,0,,8,,,50,,,,,,,,,,,,,,,,,,,,B12,,,1,,2,,,17,,1,22,,B12,24.167811,120.646538,3
2018,12,10,14,32,臺中市,大雅區,0,0,,8,,,40,,,,,,,,,,,,,,,,,,,,B12,,,1,,2,,,5,,1,22,,B12,24.23081,120.65822,3
2018,12,10,14,34,臺中市,大里區,0,0,,8,,,50,,,,,,,,,,,,,,,,,,,,B12,,,1,,2,,,26,,1,21,,B12,24.106357,120.689197,3
2018,12,10,14,46,臺中市,北屯區,0,1,0,8,1,5,50,3,2,1,5,4,5,7,4,4,10,5,4,2,13,23,2,3,1,1,B12,7,9,1,8,2,8,  ,23,23,1,21,8,B12,24.171755,120.690983,2
2018,12,10,14,49,臺中市,南區,0,0,0,8,,,50,,,,,,,,,,,,,,,12,3,  ,  ,  ,B03,  ,  ,1,  ,2,  ,  ,42,12,1,21,  ,B03,24.121858,120.651734,3
2018,12,10,14,59,臺中市,西屯區,0,0,0,8,1,5,50,14,9,1,5,4,5,7,4,4,8,3,4,1,17,26,  ,  ,  ,  ,B03,  ,  ,1,  ,2,  ,  ,26,26,1,22,  ,B03,24.165115,120.636606,3
2018,12,10,15,5,臺中市,南區,0,1,0,8,1,5,50,3,1,1,5,4,5,7,4,4,10,5,5,2,29,42,2,9,1,1,C04,7,9,1,9,2,14,  ,42,42,1,22,8,C04,24.121483,120.654595,2
2018,12,10,15,9,臺中市,南屯區,0,0,,8,,,40,,,,,,,,,,,,,,,,,,,,B03,,,1,,2,,,26,,1,  ,,B03,24.148911,120.624985,3
2018,12,10,15,9,臺中市,太平區,0,1,0,8,1,5,50,4,1,1,5,4,5,7,4,4,5,5,5,1,17,23,3,10,1,1,B03,7,9,1,8,2,15,  ,23,23,1,5,8,B03,24.141283,120.724586,2
2018,12,10,15,13,臺中市,太平區,0,0,,8,,,50,,,,,,,,,,,,,,,,,,,,B12,,,1,,2,,,26,,1,21,,B12,24.104595,120.728992,3
2018,12,10,15,14,臺中市,西屯區,0,0,,8,,,40,,,,,,,,,,,,,,,,,,,,B03,,,1,,2,,,12,,1,22,,B03,24.165695,120.593586,3
2018,12,10,15,15,臺中市,東勢區,0,1,0,8,1,5,50,3,1,1,5,4,5,7,4,4,5,5,5,1,16,11,2,9,1,1,C03,7,11,3,18,2,12,  ,11,11,1,9,8,C03,24.285196,120.79047,2
2018,12,10,15,39,臺中市,北區,0,2,0,8,1,5,40,14,7,1,5,4,5,7,4,4,1,5,5,2,16,19,2,9,1,1,C03,7,1,1,10,2,14,13,19,19,1,22,8,C03,24.152602,120.680533,2
2018,12,10,15,44,臺中市,北屯區,0,1,0,8,1,5,50,14,9,1,5,4,5,7,4,4,5,4,5,2,12,23,2,8,1,1,B03,7,9,1,8,2,2,1,23,23,1,20,8,B03,24.19513,120.676058,2
2018,12,10,15,50,臺中市,大里區,0,0,,8,,,50,,,,,,,,,,,,,,,,,,,,B12,,,1,,2,,,12,,1,  ,,B12,24.097978,120.683155,3
2018,12,10,15,55,臺中市,南屯區,0,2,0,7,1,5,40,14,8,1,5,4,5,7,4,4,1,4,4,2,17,19,3,10,1,1,B03,7,1,1,8,2,8,  ,19,19,1,22,9,B03,24.151417,120.633063,2
2018,12,10,15,58,臺中市,西屯區,0,0,0,8,,,50,,,,,,,,,,,,,,,43,  ,  ,  ,  ,B03,  ,  ,1,  ,2,  ,  ,43,43,1,22,  ,B03,24.175998,120.645425,3
2018,12,10,16,10,臺中市,大甲區,0,0,,8,,,50,,,,,,,,,,,,,,,,,,,,B03,,,1,,2,,,19,,1,19,,B03,24.344085,120.622494,3
2018,12,10,16,22,臺中市,太平區,0,1,0,8,1,5,50,3,1,1,5,4,5,7,4,4,10,5,5,2,16,6,3,10,1,1,B03,7,5,1,7,2,4,  ,6,6,1,21,8,B03,24.15464,120.733533,2
2018,12,10,16,32,臺中市,南區,0,0,0,8,1,5,50,14,7,1,5,4,5,7,1,1,3,4,5,2,13,23,3,  ,  ,  ,B03,  ,  ,1,  ,2,  ,  ,23,23,1,22,  ,B03,24.119441,120.679276,3
2018,12,10,16,37,臺中市,大里區,0,0,,8,,,50,,,,,,,,,,,,,,,,,,,,B03,,,1,,2,,,17,,1,  ,,B03,24.088525,120.728498,3
2018,12,10,16,45,臺中市,北屯區,0,1,0,7,1,5,50,4,1,1,5,4,5,7,1,1,10,5,5,2,16,6,3,10,1,1,B12,7,5,1,8,2,1,  ,6,6,1,10,8,B12,24.182618,120.691871,2
2018,12,10,16,51,臺中市,北屯區,0,2,0,8,1,5,50,4,2,1,5,4,5,7,1,1,5,5,5,2,16,6,3,10,1,1,B03,7,6,1,8,2,2,  ,6,6,1,21,8,B03,24.171873,120.690973,2
2018,12,10,17,0,臺中市,東勢區,0,1,0,8,3,5,60,14,13,1,5,4,5,7,4,4,5,5,5,1,17,42,2,8,1,1,C04,7,9,1,11,2,12,  ,42,42,1,20,8,C04,24.256898,120.829876,2
2018,12,10,17,9,臺中市,東區,0,0,0,8,,,40,,,,,,,,,,,,,,,,  ,  ,  ,  ,B03,  ,  ,1,  ,9,  ,  ,23,  ,2,22,  ,B03,24.143204,120.693847,3
2018,12,10,17,9,臺中市,沙鹿區,0,0,,8,,,50,,,,,,,,,,,,,,,,,,,,B03,,,1,,2,,,8,,2,9,,B03,24.254036,120.567953,3
2018,12,10,17,10,臺中市,沙鹿區,0,0,,8,,,50,,,,,,,,,,,,,,,,,,,,B03,,,1,,2,,,23,,1,9,,B03,24.25417,120.567439,3
2018,12,10,17,12,臺中市,西屯區,0,3,0,6,2,5,50,14,7,1,4,4,5,7,4,4,5,4,4,2,13,16,2,9,1,1,C03,7,12,1,10,2,11,12,16,16,1,22,8,C03,24.186699,120.644351,2
2018,12,10,17,12,臺中市,大肚區,0,0,,8,,,50,,,,,,,,,,,,,,,,,,,,B03,,,1,,2,,,16,,1,21,,B03,24.11952,120.574733,3
2018,12,10,17,13,臺中市,北區,0,2,0,7,4,5,50,14,9,1,5,4,5,7,4,4,10,5,5,2,16,6,2,9,1,1,C03,7,9,1,10,7,11,  ,14,6,1,20,9,C03,24.153961,120.697454,2
2018,12,10,17,14,臺中市,西區,0,1,0,8,2,5,50,4,1,1,5,4,5,7,2,1,10,5,5,2,13,16,2,9,1,1,C03,7,9,1,10,2,11,  ,16,16,1,21,8,C03,24.137943,120.679908,2
2018,12,10,17,14,臺中市,烏日區,0,1,0,8,2,5,50,3,1,1,5,4,5,7,3,1,10,5,5,2,17,10,3,10,3,4,B03,7,11,1,8,2,7,  ,10,10,1,21,8,B03,24.071521,120.642756,2
2018,12,10,17,18,臺中市,中區,0,1,0,8,1,5,50,4,1,1,5,4,5,7,4,4,10,5,5,2,3,23,3,10,1,1,B03,7,5,1,7,2,8,  ,23,23,1,5,5,B03,24.14253,120.675641,2
2018,12,10,17,18,臺中市,北屯區,0,0,0,8,,,50,,,,,,,,,,,,,,,23,  ,  ,  ,  ,B03,  ,  ,1,  ,2,  ,  ,23,23,1,5,  ,B03,24.163246,120.697656,3
2018,12,10,17,20,臺中市,北屯區,0,0,,8,,,50,,,,,,,,,,,,,,,,,,,,B03,,,1,,2,,,23,,1,4,,B03,24.168471,120.697909,3
2018,12,10,17,22,臺中市,大雅區,0,1,0,8,3,5,50,14,9,1,5,4,5,7,4,4,5,5,5,1,13,16,3,10,1,1,B03,7,9,1,8,2,1,  ,16,16,1,22,8,B03,24.219068,120.662352,2
2018,12,10,17,27,臺中市,大里區,0,1,0,8,3,5,50,5,1,1,5,4,5,7,1,1,10,5,5,2,17,23,2,9,1,2,C03,7,6,1,10,2,12,  ,23,23,1,18,9,C03,24.112636,120.689819,2
2018,12,10,17,33,臺中市,霧峰區,0,0,,8,3,5,50,3,1,1,5,4,5,7,4,4,5,4,4,1,3,,,,,,C03,,,1,,2,,,23,,1,5,,C03,24.068055,120.699223,3
2018,12,10,17,35,臺中市,南屯區,0,0,0,7,2,5,40,14,9,1,5,4,5,7,4,4,1,5,1,2,13,23,3,10,1,1,B03,7,9,1,8,2,1,1,23,23,1,5,3,B03,24.150459,120.623696,3
2018,12,10,17,35,臺中市,西屯區,0,0,,8,,,40,,,,,,,,,,,,,,,,,,,,B03,,,1,,2,,,43,,1,22,,B03,24.195558,120.65415,3
2018,12,10,17,35,臺中市,大雅區,0,1,0,8,4,5,50,4,1,1,5,4,5,7,2,1,5,5,5,1,12,6,3,10,1,1,B03,7,6,1,8,2,2,  ,6,6,1,22,9,B03,24.208655,120.629614,2
2018,12,10,17,36,臺中市,龍井區,0,0,,8,,,40,,,,,,,,,,,,,,,,,,,,B03,,,1,,2,,,9,,1,12,,B03,24.210145,120.505633,3
2018,12,10,17,37,臺中市,西屯區,0,0,,8,,,40,,,,,,,,,,,,,,,,,,,,B12,,,1,,2,,,16,,1,22,,B12,24.164026,120.629925,3
2018,12,10,17,49,臺中市,大里區,0,1,0,8,3,5,50,14,9,1,5,4,5,7,1,1,1,4,5,1,12,9,3,10,1,1,B03,7,6,1,8,2,2,  ,9,9,1,21,8,B03,24.104866,120.672486,2
2018,12,10,17,50,臺中市,大里區,0,1,0,8,3,5,50,14,9,1,5,4,5,7,4,4,9,4,5,1,9,23,2,9,1,1,C03,7,9,1,10,2,11,  ,23,23,1,12,8,C03,24.091965,120.709562,2
2018,12,10,17,50,臺中市,新社區,0,2,0,8,1,5,50,4,1,1,5,4,5,7,3,1,4,5,5,1,15,6,2,9,1,1,C03,7,9,1,10,2,11,  ,6,6,1,22,9,C03,24.202848,120.815903,2
2018,12,10,17,51,臺中市,南區,0,0,0,8,,,50,,,,,,,,,,,,,,,,3,  ,  ,  ,B12,  ,  ,1,  ,2,  ,  ,12,  ,1,21,  ,B12,24.128144,120.666008,3
2018,12,10,17,51,臺中市,梧棲區,0,0,,8,,,50,,,,,,,,,,,,,,,,,,,,B03,,,1,,2,,,16,,1,9,,B03,24.226892,120.514259,3
2018,12,10,17,53,臺中市,后里區,0,0,,8,,,50,,,,,,,,,,,,,,,,,,,,A11,,,1,,2,,,16,,1,4,,A11,24.31252,120.701081,3
2018,12,10,17,55,臺中市,北區,0,0,0,8,,,50,,,,,,,,,,,,,,,,3,  ,  ,  ,B03,  ,  ,1,  ,11,  ,  ,16,  ,1,22,  ,B03,24.164319,120.684867,3
2018,12,10,17,55,臺中市,潭子區,0,0,,8,,,50,,,,,,,,,,,,,,,,,,,,C03,,,1,,2,,,6,,1,22,,C03,24.194294,120.695936,3
2018,12,10,17,58,臺中市,東區,0,2,0,8,1,5,40,4,1,1,5,4,5,7,3,1,10,5,5,2,15,6,2,9,1,1,C03,7,9,1,10,2,12,  ,6,6,1,21,8,C03,24.149537,120.692468,2
2018,12,10,17,59,臺中市,太平區,0,0,,8,,,50,,,,,,,,,,,,,,,,,,,,B03,,,1,,2,,,16,,1,21,,B03,24.159194,120.712971,3
2018,12,10,18,0,臺中市,西屯區,0,0,0,8,3,5,50,14,8,1,5,4,5,7,4,4,9,4,4,2,14,12,3,10,3,4,B03,7,2,1,8,2,5,  ,18,12,1,22,9,B03,24.16904,120.634495,3
2018,12,10,18,25,臺中市,梧棲區,0,0,,8,,,70,,,,,,,,,,,,,,,,,,,,B01,,,1,,2,,,7,,1,10,,B01,24.248494,120.54018,3
2018,12,10,18,30,臺中市,西屯區,0,1,0,7,1,5,40,3,1,1,5,4,5,7,4,4,5,4,4,2,16,19,3,10,1,1,B03,7,1,1,8,2,8,  ,19,19,1,22,8,B03,24.187036,120.618304,2
2018,12,10,18,34,臺中市,西屯區,0,1,0,8,3,5,40,5,1,1,5,4,5,7,1,1,10,5,5,2,12,23,2,9,1,1,C03,7,6,1,10,2,12,  ,47,23,1,22,8,C03,24.19329,120.65966,2
2018,12,10,18,44,臺中市,龍井區,0,0,,8,,,40,,,,,,,,,,,,,,,,,,,,B03,,,1,,2,,,16,,1,4,,B03,24.180434,120.5895,3