年,月,日,時,分,縣市,區,死,受傷,2-30,天候,光線,道路類別,速限,道路型態,事故位置,路面鋪裝,路面狀態,路面缺陷,障礙物,視距,號誌種類,號誌動作,分向設施,快車道或一般車道間,快慢車道間,路面邊線,事故類型及型態,主要肇因,受傷程度,主要傷處,保護裝備,行動電話,當事者區分_類別,車輛用途,當事者行動狀態,駕駛資格情形,駕駛執照種類,飲酒情形,車輛撞擊部位最初,車輛撞擊部位其他,肇事因素個別,肇事因素主要,肇事逃逸,職業,旅次目的,車種,GPS座標X,GPS座標Y,事故類別
2018,12,10,18,46,臺中市,西屯區,0,2,0,8,3,5,50,3,2,1,5,4,5,7,4,4,4,4,4,2,29,23,2,9,1,1,C03,7,9,1,10,2,11,14,23,23,1,22,8,C03,24.172,120.635003,2
2018,12,10,18,50,臺中市,北屯區,0,3,0,8,3,5,50,14,7,1,5,4,5,7,4,4,5,5,4,2,16,23,2,9,1,1,C03,7,9,1,10,2,14,  ,23,23,1,21,8,C03,24.167253,120.705401,2
2018,12,10,18,51,臺中市,太平區,0,0,,8,,,50,,,,,,,,,,,,,,,,,,,,B03,,,1,,2,,,16,,1,4,,B03,24.135093,120.715811,3
2018,12,10,18,51,臺中市,潭子區,0,0,,8,,,50,,,,,,,,,,,,,,,,,,,,B03,,,1,,2,,,23,,1,22,,B03,24.200817,120.710036,3
2018,12,10,18,57,臺中市,烏日區,0,0,,8,,,50,,,,,,,,,,,,,,,,,,,,A11,,,1,,2,,,19,,1,21,,A11,24.105078,120.621438,3
2018,12,10,18,59,臺中市,北區,0,1,0,7,3,5,50,14,9,1,5,4,5,7,4,4,10,3,5,2,15,6,3,10,1,1,A12,7,9,1,6,2,5,  ,14,6,1,5,9,A12,24.15294,120.670642,2
2018,12,10,19,0,臺中市,中區,0,0,0,8,3,5,50,4,1,1,5,4,5,7,4,4,10,5,5,2,16,6,3,10,3,4,B03,7,9,1,8,2,2,  ,6,6,1,21,8,B03,24.145859,120.6785,3
2018,12,10,19,0,臺中市,西屯區,0,1,0,8,3,5,40,14,9,1,5,4,5,7,4,4,10,4,5,2,16,23,3,10,3,4,B03,7,7,1,8,2,1,  ,23,23,1,22,9,B03,24.163593,120.629853,2
2018,12,10,19,0,臺中市,梧棲區,0,1,0,8,3,5,50,4,2,1,5,4,5,7,1,1,1,2,5,2,16,9,3,10,1,1,B03,7,6,1,8,2,2,  ,9,9,1,9,1,B03,24.252978,120.550691,2
2018,12,10,19,0,臺中市,后里區,0,1,0,8,3,5,50,3,1,1,5,4,5,7,4,4,10,5,5,2,16,6,3,10,1,1,B12,7,5,1,8,2,1,  ,6,6,1,21,8,B12,24.308835,120.72167,2
2018,12,10,19,5,臺中市,梧棲區,0,1,0,8,3,5,70,4,2,1,5,4,5,7,1,1,10,5,5,2,15,43,3,10,1,1,B03,7,9,1,8,2,1,  ,43,43,1,5,3,B03,24.239066,120.549582,2
2018,12,10,19,10,臺中市,南屯區,0,2,0,7,3,5,50,4,2,1,5,4,5,7,4,4,5,5,4,2,10,26,2,7,1,1,F01,7,9,8,20,2,16,16,26,26,1,17,8,F01,24.133419,120.639193,2
2018,12,10,19,15,臺中市,西屯區,0,0,,8,,,80,,,,,,,,,,,,,,,,,,,,B03,,,1,,2,,,16,,1,22,,B03,24.198188,120.652753,3
2018,12,10,19,21,臺中市,南區,0,1,0,8,3,5,50,3,1,1,5,4,5,7,4,4,9,5,5,2,11,23,3,10,1,1,B03,7,9,1,8,2,4,  ,23,23,1,21,8,B03,24.125647,120.678969,2
2018,12,10,19,29,臺中市,西屯區,0,0,0,8,,,40,,,,,,,,,,,,,,,17,  ,  ,  ,  ,B03,  ,  ,1,  ,2,  ,  ,17,17,1,22,  ,B03,24.165695,120.663106,3
2018,12,10,19,40,臺中市,和平區,0,0,0,8,4,3,30,14,9,1,5,4,5,6,4,4,10,5,5,1,12,17,3,10,1,1,B12,7,9,1,8,2,2,  ,17,17,1,7,4,B12,24.31379,121.292712,3
2018,12,10,19,53,臺中市,大肚區,0,0,,8,,,50,,,,,,,,,,,,,,,,,,,,B03,,,1,,2,,,6,,1,21,,B03,24.154968,120.544164,3
2018,12,10,20,0,臺中市,北區,0,1,0,8,3,5,50,4,1,1,5,4,5,7,1,1,10,5,5,2,16,19,2,8,1,1,C03,7,1,1,10,2,14,  ,19,19,1,21,8,C03,24.173351,120.676137,2
2018,12,10,20,0,臺中市,南區,0,2,0,8,3,5,50,4,1,1,5,4,5,7,1,1,10,5,5,2,15,25,3,10,1,1,C03,7,9,1,10,2,14,  ,25,25,1,22,9,C03,24.131521,120.66183,2
2018,12,10,20,3,臺中市,龍井區,0,2,0,8,3,5,40,3,1,1,5,4,5,7,4,4,10,5,5,2,17,19,3,10,1,4,C03,7,1,1,10,2,11,  ,19,19,1,18,8,C03,24.181192,120.591417,2
2018,12,10,20,6,臺中市,西屯區,0,0,0,8,3,5,50,,,,,,,,,,,,,,,23,  ,  ,  ,  ,C03,  ,  ,1,  ,2,12,  ,23,23,1,22,  ,C03,24.174831,120.6488,3
2018,12,10,20,10,臺中市,西屯區,0,1,0,8,3,5,50,4,1,1,5,4,5,7,1,1,10,5,5,2,9,15,3,10,1,1,B03,7,5,1,8,2,8,  ,15,15,1,22,8,B03,24.17848,120.641736,2
2018,12,10,20,10,臺中市,大里區,0,1,0,8,3,5,50,15,22,1,5,4,5,7,1,1,9,5,5,1,17,23,3,10,1,1,B03,7,5,1,8,2,5,  ,23,23,1,21,8,B03,24.104763,120.672576,2
2018,12,10,20,22,臺中市,西屯區,0,1,0,8,1,5,40,14,8,1,5,4,5,7,4,4,5,4,4,2,13,42,2,7,1,1,C03,7,9,1,10,2,11,  ,42,42,1,22,8,C03,24.159051,120.639363,2
2018,12,10,20,25,臺中市,霧峰區,0,1,0,8,3,5,40,14,9,1,5,4,5,7,4,4,9,4,5,1,11,6,3,10,1,1,C03,7,5,1,10,2,11,  ,6,6,1,5,8,C03,24.076739,120.706477,2
2018,12,10,20,36,臺中市,西屯區,0,0,0,8,3,5,50,14,7,1,5,4,5,7,4,4,9,4,4,2,13,16,3,10,3,4,B03,7,9,1,8,2,1,  ,16,16,1,22,9,B03,24.170048,120.642929,3
2018,12,10,20,42,臺中市,大里區,0,0,,8,,,40,,,,,,,,,,,,,,,,,,,,C03,,,1,,2,,,5,,1,4,,C03,24.094936,120.706191,3
2018,12,10,20,50,臺中市,龍井區,0,1,0,8,3,5,50,14,9,1,5,4,5,7,4,4,5,4,5,1,18,67,  ,  ,  ,  ,   ,  ,  ,  ,  ,  ,  ,  ,67,67,1,  ,  ,   ,24.190795,120.599634,2
2018,12,10,20,55,臺中市,北區,0,2,0,8,3,5,50,3,1,1,5,4,5,7,1,1,10,5,5,2,16,8,2,9,1,1,C03,7,5,1,10,2,11,  ,8,8,1,22,9,C03,24.147858,120.686721,2
2018,12,10,21,3,臺中市,南屯區,0,1,0,8,3,5,50,14,9,1,5,4,5,7,4,4,5,2,5,2,18,42,2,9,1,1,C03,7,12,1,10,2,12,  ,42,42,1,4,8,C03,24.143611,120.652853,2
2018,12,10,21,38,臺中市,沙鹿區,0,1,0,8,3,5,50,4,1,1,5,4,5,7,4,4,10,4,4,2,15,6,3,10,1,1,B03,7,9,1,8,2,1,  ,6,6,1,21,8,B03,24.22231,120.573974,2
2018,12,10,21,40,臺中市,東區,0,1,0,8,3,5,50,3,1,1,5,4,5,7,3,1,10,5,5,2,12,6,3,10,1,1,B03,7,9,1,8,2,4,  ,6,6,1,21,8,B03,24.123094,120.684234,2
2018,12,10,21,40,臺中市,新社區,0,0,0,8,,,50,,,,,,,,,,,,,,,23,  ,  ,  ,  ,B03,  ,  ,1,  ,2,  ,  ,23,23,1,  ,  ,B03,24.255381,120.807036,3
2018,12,10,21,43,臺中市,東區,0,1,0,8,3,5,50,3,2,1,5,4,5,7,4,4,5,5,4,2,17,9,3,10,1,1,B03,7,6,1,8,2,5,  ,9,9,1,5,8,B03,24.138435,120.706518,2
2018,12,10,21,48,臺中市,烏日區,0,1,0,8,3,5,50,3,1,1,5,4,5,7,1,1,10,5,5,2,16,8,3,10,1,1,C02,7,5,1,9,2,11,  ,8,8,1,21,8,C02,24.111461,120.598101,2
2018,12,10,21,50,臺中市,西區,0,1,0,8,1,5,50,4,1,1,5,4,5,7,1,1,5,2,4,1,16,6,3,10,1,1,B03,7,6,1,8,2,2,  ,6,6,1,21,8,B03,24.146711,120.661567,2
2018,12,10,21,51,臺中市,西區,0,0,0,8,1,5,50,14,9,1,5,4,5,7,4,4,5,2,5,2,13,23,3,10,1,1,B03,7,9,1,8,8,5,  ,23,23,1,22,8,B03,24.13858,120.67909,3
2018,12,10,21,58,臺中市,沙鹿區,0,1,0,8,3,5,50,3,1,1,5,4,5,7,4,4,10,5,5,2,16,6,3,10,1,1,B03,7,5,1,8,2,8,  ,6,6,1,5,8,B03,24.228585,120.574029,2
2018,12,10,22,0,臺中市,大里區,0,3,0,8,3,5,50,14,9,1,5,4,5,7,1,1,9,5,5,1,17,25,2,8,1,1,C03,7,9,1,10,2,14,  ,25,25,1,21,8,C03,24.089298,120.709718,2
2018,12,10,22,15,臺中市,沙鹿區,0,0,,8,,,50,,,,,,,,,,,,,,,,,,,,C03,,,1,,2,,,23,,1,18,,C03,24.237917,120.560483,3
2018,12,10,22,16,臺中市,龍井區,0,1,0,8,3,5,40,3,2,1,5,4,5,7,4,4,5,4,5,1,12,23,2,9,1,1,C03,7,9,1,10,2,14,  ,23,23,1,18,8,C03,24.20263,120.52512,2
2018,12,10,22,24,臺中市,南區,0,1,0,8,3,5,50,4,1,1,5,4,5,7,1,1,10,5,5,2,16,25,2,8,1,1,C03,7,9,1,10,2,11,  ,25,25,1,21,8,C03,24.114766,120.669728,2
2018,12,10,22,31,臺中市,北區,0,1,0,8,3,5,50,3,2,1,5,4,5,7,3,1,5,5,4,2,16,26,3,10,3,4,B03,7,5,1,8,2,4,  ,26,26,1,20,8,B03,24.170022,120.668316,2
2018,12,10,22,35,臺中市,西屯區,0,1,0,8,3,5,40,14,9,1,5,4,5,7,1,1,10,4,5,2,18,43,2,9,3,4,C03,7,9,1,10,2,14,  ,43,43,1,22,9,C03,24.163866,120.648635,2
2018,12,10,22,39,臺中市,清水區,0,1,0,8,4,5,50,14,9,1,5,4,5,7,4,4,5,5,5,1,9,23,2,9,1,1,C03,7,9,1,10,2,11,  ,23,23,1,12,8,C03,24.301568,120.596901,2
2018,12,10,22,45,臺中市,北屯區,0,2,0,8,3,5,50,4,1,1,5,4,5,7,1,1,10,5,5,2,16,23,2,9,1,1,C03,7,9,2,18,2,11,  ,23,23,1,21,8,C03,24.193503,120.68652,2
2018,12,10,22,50,臺中市,南屯區,0,1,0,8,3,5,40,14,12,1,5,4,5,7,4,4,9,5,4,2,3,51,2,9,4,5,H01,8,16,8,20,10,16,  ,51,51,1,22,9,H01,24.139251,120.637947,2
2018,12,10,23,1,臺中市,北區,0,0,,8,,,50,,,,,,,,,,,,,,,,,,,,C03,,,3,,2,,,23,,1,  ,,C03,24.159251,120.694279,3
2018,12,10,23,8,臺中市,烏日區,0,0,0,8,3,5,50,14,8,1,5,4,5,7,4,4,9,4,4,2,17,23,3,10,1,1,B03,7,9,6,8,8,5,  ,23,23,1,21,8,B03,24.108283,120.628658,3
2018,12,10,23,15,臺中市,霧峰區,0,2,0,8,3,5,50,3,1,1,5,4,5,7,4,4,10,5,5,2,17,6,2,8,4,1,F03,7,6,8,20,7,16,  ,6,6,1,21,5,F03,24.069148,120.699235,2
2018,12,10,23,19,臺中市,東區,0,1,0,8,3,5,50,4,1,1,5,4,5,7,3,1,10,5,5,2,15,6,2,9,1,1,C03,7,9,3,18,2,11,  ,6,6,1,21,8,C03,24.134761,120.69069,2
2018,12,10,23,38,臺中市,南屯區,0,1,0,8,3,5,50,4,1,1,5,4,5,7,1,1,10,5,5,2,16,6,3,10,1,1,B03,7,5,1,8,2,6,  ,6,6,1,22,8,B03,24.14121,120.649831,2
2018,12,11,0,15,臺中市,西區,0,1,0,8,1,5,50,4,2,1,5,4,5,7,1,1,1,4,4,1,18,43,2,9,1,1,C03,7,9,1,10,2,14,  ,43,43,1,21,8,C03,24.144028,120.66963,2
2018,12,11,0,20,臺中市,南區,0,4,0,8,1,5,40,5,1,1,5,4,5,7,3,1,10,5,5,2,15,6,2,9,1,1,B01,7,9,1,4,2,5,  ,6,6,1,10,8,B01,24.129883,120.659522,2
2018,12,11,0,40,臺中市,北屯區,0,0,0,8,,,50,,,,,,,,,,,,,,,9,  ,  ,  ,  ,B03,  ,  ,1,  ,1,  ,  ,9,9,2,22,  ,B03,24.185308,120.664001,3
2018,12,11,5,30,臺中市,潭子區,0,1,0,8,3,5,60,5,1,1,5,4,5,7,1,1,1,2,5,1,16,26,3,10,1,1,B03,7,5,1,8,2,2,  ,26,26,1,22,9,B03,24.200744,120.703484,2
2018,12,11,5,40,臺中市,南區,0,2,0,8,3,5,50,4,18,1,5,4,5,7,1,1,10,5,5,2,3,15,3,10,1,1,B03,7,9,1,8,2,1,  ,15,15,1,21,8,B03,24.123785,120.66322,2
2018,12,11,6,45,臺中市,東區,0,1,0,8,1,5,50,5,1,1,5,4,5,7,1,1,10,5,5,2,16,6,3,10,1,1,B03,7,6,1,8,2,2,  ,6,6,1,21,8,B03,24.132996,120.693552,2
2018,12,11,6,49,臺中市,北屯區,0,2,0,8,1,5,50,14,7,1,5,4,5,5,4,4,10,5,5,2,16,19,2,9,1,1,C03,7,1,1,10,2,14,  ,19,19,1,5,8,C03,24.183863,120.695241,2
2018,12,11,6,50,臺中市,豐原區,0,0,,8,1,5,50,3,9,1,5,4,5,7,2,1,1,2,1,1,16,,,,,,A04,,,1,,9,,,8,,2,10,,A04,24.237514,120.710484,3
2018,12,11,6,53,臺中市,龍井區,0,0,,8,,,50,,,,,,,,,,,,,,,,,,,,B03,,,1,,2,,,12,,1,3,,B03,24.183461,120.530323,4
2018,12,11,6,59,臺中市,龍井區,0,2,0,7,1,5,40,4,1,1,5,4,5,7,1,1,10,5,5,2,16,25,2,1,1,1,C03,7,9,6,10,2,11,  ,25,25,1,12,1,C03,24.124875,120.512487,2
2018,12,11,7,0,臺中市,大甲區,0,1,0,8,1,5,50,14,9,1,5,4,5,7,4,4,4,4,5,1,13,23,3,10,3,4,B03,7,13,1,8,2,3,  ,38,23,1,9,8,B03,24.340079,120.626363,2
2018,12,11,7,1,臺中市,北屯區,0,0,,8,,,40,,,,,,,,,,,,,,,,,,,,B03,,,1,,2,,,6,,1,4,,B03,24.1862,120.6703,3
2018,12,11,7,2,臺中市,龍井區,0,1,0,7,1,5,40,14,8,1,5,4,5,7,4,4,1,4,1,1,13,23,2,8,1,1,C03,7,9,1,10,2,15,  ,23,23,1,21,8,C03,24.185362,120.587785,2
2018,12,11,7,10,臺中市,豐原區,0,0,,8,,,50,,,,,,,,,,,,,,,,,,,,B03,,,1,,2,,,16,,1,12,,B03,24.268253,120.749508,3
2018,12,11,7,14,臺中市,潭子區,0,1,0,8,1,5,50,3,1,1,5,4,5,7,4,4,9,4,4,2,16,6,3,10,1,1,B03,7,5,1,8,2,7,  ,6,6,1,22,8,B03,24.217971,120.689464,2
2018,12,11,7,25,臺中市,大里區,0,0,,8,,,50,,,,,,,,,,,,,,,,,,,,B03,,,1,,2,,,19,,1,21,,B03,24.107712,120.671449,3
2018,12,11,7,25,臺中市,清水區,0,2,0,7,1,5,50,4,1,1,5,4,5,7,4,4,5,5,5,1,15,6,2,8,1,1,C03,7,9,1,10,2,12,  ,6,6,1,12,8,C03,24.259016,120.556023,2
2018,12,11,7,30,臺中市,沙鹿區,0,0,,8,,,40,,,,,,,,,,,,,,,,,,,,C03,,,1,,2,,,6,,1,3,,C03,24.241507,120.560909,3
2018,12,11,7,30,臺中市,潭子區,0,2,0,8,1,5,50,3,1,1,5,4,5,7,3,1,5,4,4,2,12,6,2,9,4,5,F01,7,5,8,20,2,16,  ,6,6,1,22,9,F01,24.221581,120.692186,2
2018,12,11,7,35,臺中市,北區,0,0,0,8,,,50,,,,,,,,,,,,,,,,3,  ,  ,  ,B03,  ,  ,1,  ,2,  ,  ,23,  ,1,22,  ,B03,24.150125,120.687629,3
2018,12,11,7,36,臺中市,西區,0,0,,8,,,60,,,,,,,,,,,,,,,,,,,,B03,,,1,,2,,,16,,1,5,,B03,24.153952,120.665261,4
2018,12,11,7,38,臺中市,太平區,0,0,0,8,,,50,,,,,,,,,,,,,,,42,  ,  ,  ,  ,C03,  ,  ,1,  ,2,  ,  ,42,42,1,21,  ,C03,24.133396,120.720947,3
2018,12,11,7,40,臺中市,北屯區,0,0,,8,,,50,,,,,,,,,,,,,,,,,,,,B03,,,1,,2,,,9,,  ,19,,B03,24.173456,120.67944,3
2018,12,11,7,40,臺中市,烏日區,0,0,,8,,,60,,,,,,,,,,,,,,,,,,,,B03,,,1,,2,,,23,,1,22,,B03,24.108884,120.641049,3
2018,12,11,7,42,臺中市,大雅區,0,0,,8,,,50,,,,,,,,,,,,,,,,,,,,B03,,,1,,2,,,16,,1,  ,,B03,24.217119,120.636607,3
2018,12,11,7,46,臺中市,東勢區,0,1,0,7,1,5,50,4,1,1,5,4,5,7,2,1,5,5,4,2,17,23,2,9,1,1,C03,7,9,1,10,2,12,  ,23,23,1,9,8,C03,24.257925,120.829501,2
2018,12,11,7,46,臺中市,大雅區,0,1,0,8,1,5,50,3,1,1,5,4,5,7,3,1,9,4,4,1,17,6,2,9,1,1,C04,7,5,1,11,2,11,  ,6,6,1,22,9,C04,24.21862,120.66372,2
2018,12,11,7,48,臺中市,西屯區,0,1,0,8,1,5,50,3,1,1,5,4,5,7,4,4,10,5,5,2,16,26,3,10,1,1,B03,7,6,1,8,2,2,  ,26,26,1,22,8,B03,24.172958,120.589871,2
2018,12,11,7,48,臺中市,后里區,0,1,0,8,1,5,50,3,1,1,5,4,5,7,4,4,5,4,5,1,15,6,3,10,1,4,C03,7,9,1,10,2,11,  ,6,6,1,22,9,C03,24.305977,120.708393,2
2018,12,11,7,48,臺中市,豐原區,0,0,0,8,,,50,,,,,,,,,,,,,,,7,  ,  ,  ,  ,B03,  ,  ,1,  ,2,  ,  ,7,7,1,12,  ,B03,24.268245,120.74954,3
2018,12,11,7,52,臺中市,沙鹿區,0,1,0,8,1,5,50,4,1,1,5,4,5,7,1,1,10,5,5,2,12,17,3,10,1,1,C03,7,9,1,10,2,12,  ,17,17,1,5,5,C03,24.239712,120.564682,2
2018,12,11,7,56,臺中市,石岡區,0,1,0,7,1,5,50,5,2,1,5,4,5,7,1,1,1,4,4,1,17,23,3,10,1,1,B12,7,5,1,8,2,2,  ,23,23,1,9,8,B12,24.259978,120.816256,2
2018,12,11,7,59,臺中市,北屯區,0,1,0,8,1,5,50,3,1,1,5,4,5,7,4,4,10,5,5,2,16,43,2,9,1,1,C03,7,9,1,10,9,12,  ,43,43,1,22,8,C03,24.170086,120.719342,2
2018,12,11,8,0,臺中市,外埔區,0,0,,8,,,50,,,,,,,,,,,,,,,,,,,,B03,,,1,,2,,,23,,1,22,,B03,24.342164,120.638506,3
2018,12,11,8,7,臺中市,西屯區,0,2,0,8,1,5,50,14,8,1,5,4,5,7,4,4,1,4,1,2,13,16,2,9,3,4,C03,7,9,1,10,2,11,  ,16,16,1,22,9,C03,24.163427,120.647712,2
2018,12,11,8,8,臺中市,神岡區,0,0,0,8,,,40,,,,,,,,,,,,,,,12,  ,  ,  ,  ,B03,  ,  ,1,  ,11,  ,  ,12,12,2,3,  ,B03,24.260405,120.678315,3
2018,12,11,8,10,臺中市,西屯區,0,0,,8,,,50,,,,,,,,,,,,,,,,,,,,B03,,,1,,2,,,7,,1,21,,B03,24.192551,120.60703,3
2018,12,11,8,11,臺中市,南屯區,0,0,,8,,,50,,,,,,,,,,,,,,,,,,,,B03,,,1,,2,,,19,,1,5,,B03,24.144226,120.634713,3
2018,12,11,8,18,臺中市,西屯區,0,2,0,8,1,5,50,14,7,1,5,4,5,7,4,4,1,4,1,2,13,23,2,3,3,4,B03,7,9,1,8,2,1,  ,23,23,1,22,9,B03,24.201868,120.643988,2
2018,12,11,8,28,臺中市,西屯區,0,1,0,8,1,5,50,3,2,1,5,4,5,7,2,1,8,3,5,1,12,16,3,10,1,1,C03,7,14,1,10,2,12,  ,16,16,1,22,8,C03,24.196446,120.656288,2
2018,12,11,8,32,臺中市,南屯區,0,0,,8,,,40,,,,,,,,,,,,,,,,,,,,B03,,,1,,2,,,25,,1,5,,B03,24.118725,120.638536,3
2018,12,11,8,33,臺中市,北屯區,0,1,0,8,1,5,50,3,2,1,5,4,5,7,2,1,1,2,5,2,13,26,2,8,1,1,C03,7,9,1,10,2,14,  ,26,26,1,21,8,C03,24.175986,120.699485,2
2018,12,11,8,47,臺中市,太平區,0,0,,8,,,40,,,,,,,,,,,,,,,,,,,,B03,,,1,,2,,,6,,1,21,,B03,24.116241,120.713752,3
2018,12,11,8,53,臺中市,南屯區,0,0,0,8,,,50,,,,,,,,,,,,,,,16,  ,  ,  ,  ,B03,  ,  ,1,8,2,  ,  ,16,16,1,12,  ,B03,24.141669,120.639534,3
2018,12,11,8,57,臺中市,西區,0,2,0,8,1,5,50,4,1,1,5,4,5,7,4,4,10,5,5,2,16,6,2,9,1,1,C03,7,5,1,10,2,14,  ,14,6,1,5,5,C03,24.148268,120.666615,2
2018,12,11,9,2,臺中市,大雅區,0,1,0,7,1,5,40,4,1,1,5,4,5,7,3,1,10,5,5,2,15,6,3,10,1,1,B03,7,9,1,1,2,5,  ,6,6,1,22,9,B03,24.206882,120.628992,2
2018,12,11,9,6,臺中市,西屯區,0,1,0,8,1,5,50,4,2,1,5,4,5,7,1,1,5,4,4,2,15,25,3,10,3,4,B03,7,9,1,8,2,2,  ,25,25,1,22,9,B03,24.168989,120.646931,2
2018,12,11,9,33,臺中市,西屯區,0,1,0,8,1,5,50,4,1,1,5,4,5,7,1,1,10,5,5,2,12,9,3,10,3,4,B03,7,6,1,8,2,6,  ,9,9,1,22,9,B03,24.187975,120.618461,2
2018,12,11,9,40,臺中市,東區,0,0,0,,,,,,,,,,,,,,,,,,,42,  ,  ,  ,  ,B03,  ,  ,1,  ,2,  ,  ,42,42,1,  ,  ,B03,24.132967,120.69406,3
2018,12,11,9,40,臺中市,烏日區,0,1,0,8,1,5,50,4,1,1,5,4,5,7,3,1,5,4,5,1,15,6,2,9,1,1,C03,7,9,1,10,2,14,  ,6,6,1,21,8,C03,24.103244,120.618752,2
2018,12,11,9,40,臺中市,沙鹿區,0,1,0,8,1,5,40,4,1,1,5,4,5,7,2,1,10,5,5,2,15,25,2,9,4,5,F01,7,9,8,20,2,16,  ,25,25,1,20,5,F01,24.236418,120.559397,2
2018,12,11,9,40,臺中市,潭子區,0,1,0,8,1,5,50,4,9,1,5,4,5,7,1,1,1,4,5,2,13,23,3,10,1,1,B12,7,9,1,8,2,1,  ,23,23,1,22,9,B12,24.223761,120.710387,2
2018,12,11,9,44,臺中市,北屯區,0,1,0,8,1,5,50,4,1,1,5,4,5,7,1,1,10,5,5,2,18,23,2,9,1,1,C03,7,9,1,10,2,15,  ,23,23,1,22,8,C03,24.160431,120.699573,2
2018,12,11,9,50,臺中市,大甲區,0,0,,8,,,50,,,,,,,,,,,,,,,,,,,,B12,,,1,,2,,,12,,1,4,,B12,24.404883,120.649708,3
2018,12,11,10,1,臺中市,西屯區,0,1,0,8,1,5,50,14,9,1,5,4,5,7,4,4,5,4,5,2,16,10,3,10,3,4,B01,7,11,1,4,2,8,  ,10,10,1,22,9,B01,24.181299,120.637284,2
2018,12,11,10,7,臺中市,北區,0,0,0,8,,,50,,,,,,,,,,,,,,,23,3,  ,  ,  ,B03,  ,  ,1,  ,2,  ,  ,23,23,1,5,  ,B03,24.166421,120.681909,3
2018,12,11,10,10,臺中市,外埔區,0,1,0,8,1,5,40,11,9,1,5,4,5,7,4,4,10,5,5,2,18,43,2,9,1,1,C03,7,9,1,10,2,12,  ,43,43,1,4,1,C03,24.346048,120.641861,2
2018,12,11,10,10,臺中市,大雅區,0,1,0,8,1,5,40,4,1,1,5,4,5,7,1,1,9,5,5,1,17,8,3,10,1,1,B12,7,5,1,8,2,8,  ,8,8,1,22,9,B12,24.22934,120.66555,2
2018,12,11,10,11,臺中市,北屯區,0,1,0,8,1,5,50,4,1,1,5,4,5,7,2,1,10,5,5,2,15,25,3,10,1,1,C03,7,9,1,10,2,14,  ,25,25,1,21,8,C03,24.180713,120.689931,2
2018,12,11,10,20,臺中市,北屯區,0,2,0,8,1,5,50,4,1,1,5,4,5,7,4,4,10,5,5,2,15,6,2,8,1,1,C03,7,9,1,10,2,11,  ,6,6,1,21,8,C03,24.169363,120.686298,2
2018,12,11,10,22,臺中市,西屯區,0,1,0,8,1,5,40,3,1,1,5,4,5,7,4,4,9,4,4,2,16,6,3,10,1,1,B03,7,5,1,8,2,1,  ,6,6,1,21,8,B03,24.165202,120.646696,2
2018,12,11,10,26,臺中市,西屯區,0,0,,8,1,5,50,4,2,1,5,4,5,7,2,1,8,3,5,1,13,,,,,,B03,,,1,,2,,,23,,1,22,,B03,24.178126,120.624286,3
2018,12,11,10,30,臺中市,東區,0,1,0,8,1,5,50,5,1,1,5,4,5,7,1,1,10,5,5,2,18,13,2,8,1,1,C03,7,9,1,10,2,14,  ,13,13,1,20,8,C03,24.142746,120.697166,2
2018,12,11,10,32,臺中市,北區,0,1,0,8,1,5,50,14,7,1,5,4,5,7,4,4,5,4,5,2,16,7,3,10,1,1,C03,7,7,1,10,2,14,  ,7,7,1,22,9,C03,24.14835,120.683298,2
2018,12,11,10,53,臺中市,西屯區,0,0,,8,,,50,,,,,,,,,,,,,,,,,,,,B12,,,1,,2,,,16,,1,22,,B12,24.196575,120.607866,3
2018,12,11,10,56,臺中市,西屯區,0,0,,8,,,50,,,,,,,,,,,,,,,,,,,,B03,,,1,,2,,,23,,1,22,,B03,24.185996,120.607763,3
2018,12,11,11,4,臺中市,西屯區,0,0,,8,1,5,50,4,2,1,5,4,5,7,2,1,8,3,4,1,12,,,,,,B03,,,1,,2,,,6,,1,22,,B03,24.175885,120.617773,3
2018,12,11,11,10,臺中市,太平區,0,1,0,8,1,5,50,3,1,1,5,4,5,7,4,4,10,5,5,2,12,17,3,10,1,1,B12,7,9,1,8,2,2,  ,17,17,1,4,5,B12,24.133991,120.724682,2
2018,12,11,11,21,臺中市,西區,0,1,0,8,1,5,50,14,9,1,5,4,5,7,4,4,10,5,5,2,17,42,2,8,2,1,C03,7,15,1,10,2,13,  ,42,42,1,21,5,C03,24.156768,120.658457,2
2018,12,11,11,27,臺中市,東區,0,1,0,8,1,5,50,14,7,1,5,4,5,7,4,4,7,5,4,2,13,23,2,9,1,1,C03,7,9,1,10,2,11,  ,23,23,1,22,8,C03,24.145274,120.706201,2
2018,12,11,11,29,臺中市,北屯區,0,0,,8,,,50,,,,,,,,,,,,,,,,,,,,B12,,,1,,2,,,8,,1,20,,B12,24.1772,120.7304,3
2018,12,11,11,30,臺中市,南屯區,0,2,0,8,1,5,50,4,1,1,5,4,5,7,1,1,10,5,5,2,16,23,3,10,3,4,C03,7,5,3,18,2,13,  ,44,23,1,22,8,C03,24.136281,120.606839,2
2018,12,11,11,30,臺中市,南屯區,0,0,0,8,,,50,,,,,,,,,,,,,,,23,  ,  ,  ,  ,B02,  ,  ,1,8,2,  ,  ,23,23,1,12,  ,B02,24.158549,120.630389,3
2018,12,11,11,30,臺中市,后里區,0,1,0,8,1,5,50,14,9,1,5,4,5,6,4,4,10,5,5,1,11,5,3,10,3,4,A12,7,9,1,7,2,1,  ,5,5,1,22,9,A12,24.333034,120.72686,2