年,月,日,時,分,縣市,區,死,受傷,2-30,天候,光線,道路類別,速限,道路型態,事故位置,路面鋪裝,路面狀態,路面缺陷,障礙物,視距,號誌種類,號誌動作,分向設施,快車道或一般車道間,快慢車道間,路面邊線,事故類型及型態,主要肇因,受傷程度,主要傷處,保護裝備,行動電話,當事者區分_類別,車輛用途,當事者行動狀態,駕駛資格情形,駕駛執照種類,飲酒情形,車輛撞擊部位最初,車輛撞擊部位其他,肇事因素個別,肇事因素主要,肇事逃逸,職業,旅次目的,車種,GPS座標X,GPS座標Y,事故類別
2018,12,11,11,36,臺中市,太平區,0,1,0,8,1,5,50,14,9,1,5,4,5,7,4,4,5,4,5,1,16,8,2,8,1,1,C03,7,5,1,10,2,11,  ,8,8,1,21,8,C03,24.152061,120.711143,2
2018,12,11,11,40,臺中市,清水區,0,1,0,8,1,5,40,4,1,1,5,4,5,7,1,1,10,5,5,2,15,26,2,8,1,1,B03,7,9,1,8,2,8,4,26,26,1,5,5,B03,24.27545,120.547456,2
2018,12,11,11,40,臺中市,大雅區,0,1,0,8,1,5,40,14,9,1,5,4,5,7,4,4,10,4,5,1,13,23,2,8,1,1,C03,7,9,1,10,2,11,  ,23,23,1,22,9,C03,24.20903,120.64222,2
2018,12,11,11,43,臺中市,西區,0,1,0,8,1,5,40,4,1,1,5,4,5,7,1,1,5,2,4,2,13,23,2,8,1,1,C03,7,9,1,10,2,11,  ,23,23,1,22,8,C03,24.14991,120.657423,2
2018,12,11,11,48,臺中市,北區,0,1,0,8,1,5,50,3,2,1,5,4,5,7,4,4,5,5,4,2,17,40,3,10,3,4,B03,7,14,1,8,2,8,8,40,40,1,22,9,B03,24.159246,120.671313,2
2018,12,11,11,50,臺中市,大里區,0,2,0,8,1,5,50,4,1,1,5,4,5,7,1,1,10,5,5,2,13,16,2,9,1,1,C03,7,9,1,10,2,11,  ,16,16,1,18,5,C03,24.11368,120.67925,2
2018,12,11,11,51,臺中市,潭子區,0,0,0,8,,,80,,,,,,,,,,,,,,,16,  ,  ,  ,  ,B03,  ,  ,1,  ,2,  ,  ,16,16,1,22,  ,B03,24.1956689,120.720594,3
2018,12,11,11,54,臺中市,南區,0,1,0,8,1,5,50,3,2,1,5,4,5,7,4,4,2,4,4,2,3,51,3,10,4,5,H01,8,16,8,20,10,16,  ,51,51,1,12,5,H01,24.121034,120.679402,2
2018,12,11,11,55,臺中市,西屯區,0,0,0,8,1,5,40,3,1,1,5,4,5,7,1,1,10,5,5,2,12,42,  ,  ,  ,  ,B03,  ,  ,1,  ,2,5,  ,42,42,1,22,  ,B03,24.161983,120.63162,3
2018,12,11,12,0,臺中市,太平區,0,1,0,8,1,5,50,3,2,1,5,4,5,7,4,4,5,5,5,2,16,44,3,10,1,1,B03,7,6,1,8,2,8,  ,23,44,1,21,8,B03,24.146391,120.716454,2
2018,12,11,12,6,臺中市,烏日區,0,1,0,8,1,5,40,14,9,1,5,4,5,7,1,1,10,3,5,1,12,10,3,10,1,1,B11,7,11,1,8,2,7,  ,10,10,1,21,8,B11,24.123432,120.606973,2
2018,12,11,12,10,臺中市,北屯區,0,1,0,8,1,5,50,4,1,1,5,4,5,7,2,1,10,5,5,2,16,6,3,10,1,1,B03,7,6,1,8,2,5,  ,6,6,1,21,7,B03,24.183065,120.695433,2
2018,12,11,12,14,臺中市,西屯區,0,1,0,8,1,5,50,14,9,1,5,4,5,7,4,4,5,4,5,2,16,6,3,10,3,4,B03,7,6,1,8,2,2,  ,6,6,1,22,9,B03,24.171495,120.646398,2
2018,12,11,12,20,臺中市,沙鹿區,0,1,0,8,1,5,50,3,1,1,5,4,5,7,4,4,10,5,5,2,16,6,3,10,1,1,B03,7,5,1,8,2,1,  ,6,6,1,5,9,B03,24.228276,120.574225,2
2018,12,11,12,20,臺中市,沙鹿區,0,0,,8,,,50,,,,,,,,,,,,,,,,,,,,B12,,,1,,2,,,17,,1,10,,B12,24.239609,120.574232,3
2018,12,11,12,21,臺中市,太平區,0,0,,8,,,50,,,,,,,,,,,,,,,,,,,,B03,,,1,,2,,,23,,1,5,,B03,24.159168,120.710306,3
2018,12,11,12,28,臺中市,大雅區,0,1,0,8,1,5,50,4,1,1,5,4,5,7,4,4,5,5,5,1,11,5,3,10,1,1,B03,7,9,1,4,2,8,  ,5,5,1,22,8,B03,24.222979,120.64917,2
2018,12,11,12,36,臺中市,西屯區,0,1,0,8,1,5,50,14,8,1,5,4,5,7,4,4,9,4,4,2,17,42,2,9,1,1,C03,7,9,1,10,2,14,  ,42,42,1,22,8,C03,24.164596,120.647001,2
2018,12,11,12,38,臺中市,中區,0,0,,8,,,50,,,,,,,,,,,,,,,,,,,,B03,,,1,,2,,,19,,1,5,,B03,24.138279,120.680276,3
2018,12,11,12,40,臺中市,烏日區,0,0,,8,,,50,,,,,,,,,,,,,,,,,,,,B03,,,1,,2,,,23,,1,  ,,B03,24.115427,120.641834,3
2018,12,11,12,52,臺中市,北屯區,0,1,0,8,1,5,50,3,2,1,5,4,5,7,4,4,10,5,5,2,16,19,3,10,1,1,B03,7,1,1,8,2,1,  ,19,19,1,22,8,B03,24.201318,120.685422,2
2018,12,11,12,55,臺中市,南屯區,0,0,,8,,,40,,,,,,,,,,,,,,,,,,,,B03,,,1,,2,,,25,,1,22,,B03,24.116512,120.640292,3
2018,12,11,12,58,臺中市,北區,0,1,0,8,1,5,50,4,1,1,5,4,5,7,1,1,5,4,4,2,16,6,3,10,1,1,B03,7,5,1,8,2,2,  ,6,6,1,5,8,B03,24.150294,120.676172,2
2018,12,11,13,2,臺中市,大里區,0,1,0,8,1,5,50,4,1,1,5,4,5,7,1,1,10,5,5,2,17,42,2,9,1,1,C03,7,9,1,10,2,15,  ,42,42,1,22,8,C03,24.10716,120.670266,2
2018,12,11,13,2,臺中市,清水區,0,0,,8,,,50,,,,,,,,,,,,,,,,,,,,A05,,,1,,2,,,23,,1,10,,A05,24.271523,120.578797,3
2018,12,11,13,11,臺中市,西屯區,0,2,0,8,1,5,40,14,9,1,5,4,5,7,4,4,9,4,5,2,12,6,3,10,1,1,B03,7,6,1,8,2,6,  ,6,6,1,21,8,B03,24.172024,120.634852,2
2018,12,11,13,12,臺中市,西屯區,0,0,,8,1,5,50,14,8,1,5,4,5,7,4,4,10,5,5,2,14,,,,,,B03,,,1,,2,,,12,,1,22,,B03,24.174393,120.614761,3
2018,12,11,13,15,臺中市,大里區,0,1,0,8,1,5,40,4,1,1,5,4,5,7,4,4,10,5,5,2,15,6,2,9,1,1,C04,7,9,1,10,2,11,  ,6,6,1,21,8,C04,24.111931,120.685378,2
2018,12,11,13,16,臺中市,北屯區,0,1,0,8,1,5,50,14,7,1,5,4,5,7,4,4,9,5,4,2,16,10,3,10,1,1,B03,7,11,1,8,2,8,  ,10,10,1,21,8,B03,24.189665,120.660261,2
2018,12,11,13,18,臺中市,西屯區,0,3,0,8,1,5,50,14,7,1,5,4,5,7,4,4,3,4,4,2,13,23,2,8,1,1,C03,7,9,1,10,2,11,  ,23,23,1,22,8,C03,24.173138,120.642075,2
2018,12,11,13,35,臺中市,西屯區,0,0,,8,,,50,,,,,,,,,,,,,,,,,,,,A12,,,1,,2,,,42,,1,22,,A12,24.159521,120.647268,3
2018,12,11,13,36,臺中市,北屯區,0,1,0,8,1,5,40,14,8,1,5,4,5,7,4,4,1,4,4,2,13,16,3,10,1,1,C03,7,9,1,10,2,15,  ,16,16,1,5,8,C03,24.166151,120.695168,2
2018,12,11,13,37,臺中市,西屯區,0,1,0,8,1,5,50,14,8,1,5,4,5,7,4,4,9,4,4,2,16,4,3,10,1,1,A04,7,7,1,2,2,2,  ,44,4,1,22,8,A04,24.175543,120.637804,2
2018,12,11,13,39,臺中市,北區,0,0,0,8,,,50,,,,,,,,,,,,,,,,3,  ,  ,  ,C03,  ,  ,1,  ,2,  ,  ,23,  ,1,22,  ,C03,24.145561,120.673966,3
2018,12,11,13,40,臺中市,梧棲區,0,1,0,7,1,5,50,3,2,1,5,4,5,7,4,4,10,5,5,2,16,6,3,10,1,1,B12,7,5,1,8,2,8,  ,6,6,1,21,3,B12,24.243379,120.539066,2
2018,12,11,13,44,臺中市,西區,0,1,0,8,1,5,50,4,1,1,5,4,5,7,1,1,10,5,5,2,16,6,3,10,1,1,B03,7,5,1,8,2,8,  ,6,6,1,21,8,B03,24.136378,120.675355,2
2018,12,11,13,45,臺中市,西屯區,0,2,0,8,1,5,40,4,9,1,5,4,5,7,4,4,9,4,5,2,13,16,2,9,1,1,C03,7,9,1,10,2,11,  ,16,16,1,21,8,C03,24.158137,120.651382,2
2018,12,11,13,53,臺中市,西屯區,0,0,0,8,1,5,50,14,8,1,5,4,5,7,4,4,9,4,4,2,16,10,3,10,3,4,B03,7,11,1,8,9,5,  ,10,10,2,22,9,B03,24.15915,120.638668,3
2018,12,11,14,2,臺中市,西屯區,0,1,0,8,1,5,50,3,1,1,5,4,5,7,3,1,10,5,5,2,16,6,2,9,1,1,C03,7,9,1,10,2,11,  ,6,6,1,22,8,C03,24.185321,120.646233,2
2018,12,11,14,3,臺中市,沙鹿區,0,0,,8,,,50,,,,,,,,,,,,,,,,,,,,B03,,,1,,2,,,23,,1,  ,,B03,24.216214,120.580438,4
2018,12,11,14,8,臺中市,東勢區,0,1,0,8,1,5,50,11,9,1,5,4,5,7,4,4,9,3,5,1,16,23,3,10,1,1,B03,7,5,1,8,2,1,  ,23,23,1,22,9,B03,24.252355,120.841889,2
2018,12,11,14,44,臺中市,龍井區,0,0,,8,,,40,,,,,,,,,,,,,,,,,,,,B02,,,1,,2,,,42,,1,22,,B02,24.175934,120.581916,3
2018,12,11,14,52,臺中市,沙鹿區,0,1,0,7,1,5,50,14,7,1,5,4,5,7,4,4,5,5,4,2,10,4,2,8,1,1,C03,7,15,1,10,2,11,  ,4,4,1,19,8,C03,24.236848,120.567632,2
2018,12,11,14,55,臺中市,龍井區,0,1,0,7,1,5,40,4,1,1,5,4,5,7,2,1,10,5,5,2,13,16,2,7,1,1,C03,7,9,1,10,2,11,  ,16,16,1,21,8,C03,24.183021,120.592475,2
2018,12,11,15,0,臺中市,大雅區,0,0,,8,,,50,,,,,,,,,,,,,,,,,,,,B02,,,1,,2,,,6,,1,22,,B02,24.22132,120.647396,3
2018,12,11,15,11,臺中市,中區,0,1,0,8,1,5,50,14,9,1,5,4,5,7,4,4,5,4,5,2,13,16,2,8,1,1,C03,7,9,1,10,2,11,  ,16,16,1,21,8,C03,24.138848,120.680906,2
2018,12,11,15,14,臺中市,霧峰區,0,1,0,8,1,5,50,4,1,1,5,4,5,7,3,1,10,5,5,2,15,6,3,10,1,1,B12,7,9,1,8,2,1,  ,6,6,1,21,8,B12,24.0609,120.696505,2
2018,12,11,15,19,臺中市,北區,0,1,0,8,1,5,50,4,1,1,5,4,5,7,1,1,10,5,5,2,17,19,3,10,1,1,B03,7,1,1,8,2,8,  ,19,19,1,21,8,B03,24.16153,120.684968,2
2018,12,11,15,20,臺中市,西區,0,0,0,8,,,50,,,,,,,,,,,,,,,7,3,  ,  ,  ,B03,  ,  ,1,  ,2,  ,  ,7,7,  ,5,  ,B03,24.145918,120.668952,3
2018,12,11,15,20,臺中市,潭子區,0,0,,8,1,5,50,14,9,1,5,4,5,7,4,4,1,5,5,1,13,,,,,,B03,,,1,,2,,,23,,1,22,,B03,24.20955,120.714973,3
2018,12,11,15,25,臺中市,梧棲區,0,0,,8,,,60,,,,,,,,,,,,,,,,,,,,A31,,,1,,2,,,44,,1,10,,A31,24.227269,120.513129,3
2018,12,11,15,26,臺中市,北區,0,0,,8,,,50,,,,,,,,,,,,,,,,,,,,B03,,,1,,2,,,6,,1,22,,B03,24.159153,120.684905,3
2018,12,11,15,29,臺中市,北屯區,0,1,0,8,1,5,40,10,16,1,5,4,5,7,4,4,10,5,5,2,13,16,3,10,3,4,B03,7,9,1,8,2,1,  ,16,16,1,5,8,B03,24.200838,120.684108,2
2018,12,11,15,30,臺中市,龍井區,0,1,0,7,1,5,50,14,7,1,5,4,5,7,4,4,1,4,4,2,16,43,2,9,1,1,C03,7,7,3,18,2,14,  ,43,43,1,19,8,C03,24.192281,120.545401,2
2018,12,11,15,34,臺中市,沙鹿區,0,0,,8,,,50,,,,,,,,,,,,,,,,,,,,B03,,,1,,2,,,23,,1,5,,B03,24.230588,120.568659,3
2018,12,11,15,40,臺中市,沙鹿區,0,0,0,8,,,60,,,,,,,,,,,,,,,42,  ,  ,  ,  ,B12,  ,  ,1,  ,2,  ,  ,42,42,  ,  ,  ,B12,24.204158,120.566534,3
2018,12,11,15,48,臺中市,北屯區,0,0,,8,,,50,,,,,,,,,,,,,,,,,,,,C03,,,1,,2,,,23,,1,18,,C03,24.2008,120.6694,3
2018,12,11,15,50,臺中市,西屯區,0,0,,8,,,40,,,,,,,,,,,,,,,,,,,,B12,,,1,,2,,,12,,1,22,,B12,24.172158,120.646638,3
2018,12,11,15,55,臺中市,西屯區,0,1,0,8,1,5,1,14,7,1,5,4,5,7,4,4,5,5,4,2,16,40,3,10,1,1,B02,7,13,1,8,2,8,  ,40,40,1,21,8,B02,24.175283,120.644,2
2018,12,11,15,55,臺中市,大里區,0,0,0,8,1,5,50,14,7,1,5,4,5,7,1,1,8,4,4,1,13,21,3,10,1,1,B12,7,9,1,8,8,1,  ,21,21,1,21,8,B12,24.108641,120.693573,3
2018,12,11,16,0,臺中市,西屯區,0,0,0,8,,,40,,,,,,,,,,,,,,,12,  ,  ,  ,  ,B12,  ,  ,1,  ,2,  ,  ,12,12,1,22,  ,B12,24.161354,120.615169,3
2018,12,11,16,1,臺中市,大里區,0,0,,8,,,40,,,,,,,,,,,,,,,,,,,,B03,,,1,,2,,,9,,1,  ,,B03,24.111267,120.695015,3
2018,12,11,16,5,臺中市,后里區,0,0,,8,,,40,,,,,,,,,,,,,,,,,,,,B02,,,1,,2,,,23,,1,19,,B02,24.32571,120.711571,3
2018,12,11,16,7,臺中市,霧峰區,0,2,0,8,1,5,50,3,2,1,5,4,5,7,4,4,5,5,5,1,17,42,2,8,1,1,C03,7,9,1,10,2,11,  ,42,42,1,18,9,C03,24.078553,120.7185,2
2018,12,11,16,10,臺中市,沙鹿區,0,0,,8,,,50,,,,,,,,,,,,,,,,,,,,B03,,,1,,2,,,19,,1,21,,B03,24.236423,120.565485,3
2018,12,11,16,13,臺中市,西屯區,0,2,0,8,1,5,50,14,9,1,5,4,5,7,4,4,5,4,5,2,16,42,2,9,3,4,F01,7,15,8,20,2,16,  ,42,42,1,22,8,F01,24.173701,120.662154,2
2018,12,11,16,25,臺中市,東區,0,0,,8,,,40,,,,,,,,,,,,,,,,,,,,B03,,,1,,2,,,23,,1,22,,B03,24.14297,120.688927,3
2018,12,11,16,25,臺中市,北屯區,0,2,0,8,1,5,40,3,1,1,5,4,5,7,4,4,10,5,5,2,16,23,2,9,1,1,C03,7,9,1,10,2,11,  ,23,23,1,18,8,C03,24.16548,120.72082,2
2018,12,11,16,25,臺中市,清水區,0,1,0,8,1,5,40,3,1,1,5,4,5,7,1,1,10,5,5,2,17,10,3,10,1,1,B12,7,11,1,3,2,7,  ,10,10,1,10,8,B12,24.26526,120.574092,2
2018,12,11,16,30,臺中市,梧棲區,0,0,,8,,,50,,,,,,,,,,,,,,,,,,,,B03,,,1,,2,,,23,,1,19,,B03,24.242442,120.542039,3
2018,12,11,16,31,臺中市,南區,0,1,0,8,1,5,50,14,7,1,5,4,5,7,4,4,9,5,4,2,16,10,3,10,1,1,B03,7,11,1,8,2,4,  ,10,10,1,21,8,B03,24.121805,120.671936,2
2018,12,11,16,34,臺中市,北區,0,2,0,7,3,5,50,14,7,1,5,4,5,7,4,4,1,4,4,2,13,23,2,9,1,1,C03,7,9,1,10,2,11,  ,23,23,1,5,8,C03,24.161227,120.684942,2
2018,12,11,16,35,臺中市,大里區,0,0,,8,,,50,,,,,,,,,,,,,,,,,,,,B03,,,1,,2,,,12,,1,21,,B03,24.089195,120.698995,3
2018,12,11,16,35,臺中市,神岡區,0,0,0,8,1,5,50,14,,1,5,4,5,7,4,4,9,5,5,1,13,23,3,10,1,1,B12,7,9,1,8,8,1,  ,23,23,1,21,8,B12,24.261707,120.674218,3
2018,12,11,16,47,臺中市,大里區,0,1,0,8,2,5,50,3,1,1,5,4,5,7,4,4,10,5,5,2,11,6,3,10,1,1,B12,7,5,1,8,2,1,  ,6,6,1,3,8,B12,24.101096,120.687889,2
2018,12,11,16,49,臺中市,沙鹿區,0,0,1,8,1,5,50,5,1,1,5,4,5,7,1,1,10,5,5,2,17,19,3,10,1,1,B03,7,1,1,7,2,5,  ,19,19,1,21,8,B03,24.231353,120.558925,2
2018,12,11,16,52,臺中市,西區,0,2,0,8,2,5,50,14,7,1,5,4,5,7,4,4,5,4,4,2,17,26,2,9,1,1,C03,7,11,1,10,2,11,  ,26,26,1,9,9,C03,24.147081,120.651063,2
2018,12,11,17,6,臺中市,大里區,0,1,0,8,3,5,50,14,9,1,5,4,5,7,4,4,1,4,5,1,12,43,3,10,1,1,B03,7,6,1,8,2,2,  ,43,43,1,21,9,B03,24.09764,120.683612,2
2018,12,11,17,12,臺中市,龍井區,0,0,,8,,,50,,,,,,,,,,,,,,,,,,,,C03,,,1,,2,,,17,,1,12,,C03,24.20326,120.548323,3
2018,12,11,17,15,臺中市,南屯區,0,0,0,8,2,5,50,14,7,1,5,4,5,7,4,4,5,4,4,2,13,23,3,10,1,1,B03,7,9,1,8,2,8,8,23,23,1,3,3,B03,24.140763,120.62443,3
2018,12,11,17,16,臺中市,西屯區,0,1,0,8,3,5,40,4,1,1,5,4,5,7,1,1,10,5,5,2,16,25,2,9,1,1,C03,7,9,1,10,2,11,  ,25,25,1,22,8,C03,24.174423,120.639313,2
2018,12,11,17,17,臺中市,西屯區,0,0,,8,,,60,,,,,,,,,,,,,,,,,,,,B03,,,1,,2,,,23,,1,  ,,B03,24.17513,120.644061,3
2018,12,11,17,17,臺中市,沙鹿區,0,0,,8,,,50,,,,,,,,,,,,,,,,,,,,C03,,,1,,2,,,23,,1,17,,C03,24.224913,120.576364,3
2018,12,11,17,18,臺中市,西屯區,0,0,,8,,,80,,,,,,,,,,,,,,,,,,,,B03,,,1,,2,,,16,,1,22,,B03,24.168188,120.631246,3
2018,12,11,17,20,臺中市,西屯區,0,2,0,8,1,5,50,4,1,1,5,4,5,7,1,1,8,3,4,2,11,8,3,10,1,1,B03,7,5,1,8,2,2,  ,8,8,1,22,9,B03,24.18479,120.644643,2
2018,12,11,17,21,臺中市,西區,0,0,,,,,,,,,,,,,,,,,,,,,,,,,C03,,,1,,2,,,23,,1,  ,,C03,,,3
2018,12,11,17,22,臺中市,后里區,0,0,,8,,,50,,,,,,,,,,,,,,,,,,,,B03,,,1,,2,,,43,,1,4,,B03,24.315811,120.68147,3
2018,12,11,17,23,臺中市,南區,0,1,0,8,1,5,40,14,8,1,5,4,5,7,4,4,2,5,2,2,13,16,2,7,1,1,C03,7,9,1,10,2,11,  ,16,16,1,16,5,C03,24.131975,120.676674,2
2018,12,11,17,25,臺中市,北屯區,0,1,0,8,3,5,50,14,9,1,5,4,5,7,4,4,1,4,5,2,13,16,2,7,1,1,C03,7,9,1,10,2,11,  ,16,16,1,5,8,C03,24.200777,120.685886,2
2018,12,11,17,26,臺中市,西區,0,1,0,8,1,5,50,14,8,1,5,4,5,7,4,4,5,5,4,2,10,4,3,10,1,1,B03,7,9,1,8,2,1,  ,4,4,1,5,5,B03,24.155925,120.666182,2
2018,12,11,17,32,臺中市,北區,0,0,,8,,,50,,,,,,,,,,,,,,,,,,,,B12,,,1,,2,,,23,,1,5,,B12,24.16339,120.684778,3
2018,12,11,17,37,臺中市,南屯區,0,0,,8,,,50,,,,,,,,,,,,,,,,,,,,B03,,,1,,2,,,16,,1,4,,B03,24.125638,120.631328,4
2018,12,11,17,39,臺中市,烏日區,0,1,0,8,3,5,50,3,1,1,5,4,5,7,1,1,5,4,5,1,16,6,3,10,1,1,B03,7,5,1,8,2,5,  ,6,6,1,21,8,B03,24.118037,120.607978,2
2018,12,11,17,40,臺中市,北屯區,0,2,0,8,2,5,50,3,1,1,5,4,5,7,4,4,10,5,5,2,16,6,2,9,1,1,C03,7,5,1,10,2,14,  ,6,6,1,5,8,C03,24.172075,120.7024,2
2018,12,11,17,40,臺中市,潭子區,0,2,0,8,2,5,50,4,9,1,5,4,5,7,1,1,5,5,5,2,16,7,2,9,3,4,C03,7,7,5,18,6,14,  ,7,7,1,22,7,C03,24.196219,120.697981,2
2018,12,11,17,42,臺中市,太平區,0,1,0,8,3,5,50,4,2,1,5,4,5,7,1,1,5,5,4,2,16,43,3,10,1,1,B03,7,6,1,8,2,15,  ,43,43,1,21,1,B03,24.159038,120.713026,2
2018,12,11,17,45,臺中市,北區,0,1,0,8,2,5,50,14,9,1,5,4,5,7,4,4,8,3,4,2,12,23,3,10,1,1,B03,7,9,1,8,2,6,  ,23,23,1,21,9,B03,24.161493,120.684967,2
2018,12,11,17,48,臺中市,龍井區,0,2,0,8,3,5,40,14,8,1,5,4,5,7,4,4,1,4,1,1,17,42,2,9,1,4,C03,7,12,1,10,2,11,  ,42,42,1,21,8,C03,24.190562,120.579877,2
2018,12,11,17,50,臺中市,北區,0,2,0,8,3,5,50,14,9,1,5,4,5,7,4,4,5,5,5,2,3,23,2,9,1,1,C03,7,9,1,10,2,14,  ,23,23,1,21,8,C03,24.157026,120.687147,2
2018,12,11,17,52,臺中市,西屯區,0,0,,8,,,40,,,,,,,,,,,,,,,,,,,,B03,,,1,,2,,,9,,1,22,,B03,24.182188,120.616776,3
2018,12,11,17,53,臺中市,沙鹿區,0,0,,8,,,50,,,,,,,,,,,,,,,,,,,,B03,,,1,,2,,,23,,1,9,,B03,24.253521,120.567811,3
2018,12,11,17,56,臺中市,龍井區,0,0,,8,,,60,,,,,,,,,,,,,,,,,,,,B03,,,1,,2,,,42,,1,  ,,B03,24.187685,120.573314,3
2018,12,11,17,57,臺中市,東區,0,0,,8,,,40,,,,,,,,,,,,,,,,,,,,B03,,,1,,2,,,12,,1,  ,,B03,24.132974,120.689586,3
2018,12,11,17,57,臺中市,西屯區,0,1,0,8,3,5,50,14,7,1,5,4,5,7,4,4,8,3,4,2,16,26,3,10,1,1,B03,7,5,1,8,2,5,  ,26,26,1,22,9,B03,24.162795,120.638391,2
2018,12,11,17,58,臺中市,西屯區,0,1,0,8,3,5,50,4,1,1,5,4,5,7,1,1,10,5,5,2,16,6,3,10,1,1,B03,7,5,1,8,2,6,  ,6,6,1,5,8,B03,24.174016,120.647968,2
2018,12,11,18,1,臺中市,西屯區,0,1,0,8,1,5,40,14,8,1,5,4,5,7,1,1,5,4,4,2,16,7,3,10,1,1,B03,7,7,1,8,2,15,  ,7,7,1,22,8,B03,24.185446,120.623804,2
2018,12,11,18,2,臺中市,大雅區,0,1,0,8,4,5,50,3,1,1,5,4,5,7,3,1,5,5,5,1,16,6,2,9,1,1,C03,7,9,1,10,2,12,  ,6,6,1,22,9,C03,24.216459,120.647909,2
2018,12,11,18,5,臺中市,大里區,0,2,0,8,3,5,50,14,9,1,5,4,5,7,1,1,9,4,4,1,16,25,2,9,1,1,C03,7,9,1,10,2,11,  ,25,25,1,21,8,C03,24.095236,120.706793,2
2018,12,11,18,8,臺中市,東區,0,0,,8,,,50,,,,,,,,,,,,,,,,,,,,C03,,,1,,2,,,23,,1,22,,C03,24.14277,120.699298,3
2018,12,11,18,8,臺中市,西屯區,0,0,,8,,,50,,,,,,,,,,,,,,,,,,,,B03,,,1,,2,,,7,,1,22,,B03,24.179726,120.633746,3
2018,12,11,18,9,臺中市,北屯區,0,1,0,8,3,5,50,14,8,1,5,4,5,7,4,4,1,4,4,2,16,7,3,10,3,4,B03,7,8,1,8,2,6,  ,7,7,1,19,8,B03,24.168916,120.696708,2
2018,12,11,18,14,臺中市,南屯區,0,0,,8,,,50,,,,,,,,,,,,,,,,,,,,B03,,,1,,2,,,23,,1,21,,B03,24.149973,120.622459,3
2018,12,11,18,14,臺中市,烏日區,0,1,0,7,3,5,60,14,9,1,5,4,5,7,4,4,1,4,5,1,12,9,3,10,1,1,B03,7,6,1,8,2,5,  ,9,9,1,21,8,B03,24.105738,120.632753,2
2018,12,11,18,14,臺中市,沙鹿區,0,1,0,8,1,5,50,3,1,1,5,4,5,7,1,1,10,5,5,2,17,26,3,10,1,1,B03,7,6,1,8,2,6,  ,26,26,1,21,8,B03,24.243965,120.615093,2
2018,12,11,18,15,臺中市,北屯區,0,0,,8,,,50,,,,,,,,,,,,,,,,,,,,B03,,,1,,2,,,23,,1,22,,B03,24.165915,120.694305,3
2018,12,11,18,17,臺中市,潭子區,0,1,0,8,3,5,50,3,1,1,5,4,5,7,4,4,10,4,4,1,16,6,3,10,1,1,B03,7,5,1,8,2,5,  ,6,6,1,22,8,B03,24.210506,120.708945,2
2018,12,11,18,18,臺中市,太平區,0,1,0,8,3,5,50,14,9,1,5,4,5,7,4,4,4,4,5,1,16,19,3,10,1,1,C03,7,1,1,10,2,14,  ,19,19,1,4,7,C03,24.12806,120.716919,2
2018,12,11,18,19,臺中市,西屯區,0,2,0,8,2,5,50,14,7,1,5,4,5,7,4,4,1,4,4,2,13,23,3,10,1,1,B03,7,9,1,8,2,1,  ,23,23,1,21,8,B03,24.161884,120.650916,2
2018,12,11,18,20,臺中市,南屯區,0,0,0,8,,,40,,,,,,,,4,,,,,,,19,3,  ,  ,  ,B03,  ,  ,1,  ,2,  ,  ,19,19,1,21,  ,B03,24.152856,120.636864,3
2018,12,11,18,20,臺中市,北屯區,0,1,0,8,3,5,50,4,1,1,5,4,5,7,2,1,10,5,5,2,12,7,2,8,1,1,C03,7,8,1,10,2,11,  ,7,7,1,21,8,C03,24.180226,120.685983,2
2018,12,11,18,25,臺中市,南屯區,0,0,0,8,3,5,50,14,9,1,5,4,5,7,4,4,5,5,5,2,14,12,3,10,1,1,B03,7,2,1,8,2,7,7,12,12,1,3,3,B03,24.143358,120.647938,3
2018,12,11,18,25,臺中市,南屯區,0,0,,8,,,50,,,,,,,,,,,,,,,,,,,,B12,,,1,,2,,,23,,1,22,,B12,24.136101,120.634926,3
2018,12,11,18,25,臺中市,大里區,0,1,0,8,3,5,50,4,1,1,5,4,5,7,1,1,10,5,5,2,18,42,2,8,1,1,C03,7,6,1,10,2,14,  ,42,42,1,20,8,C03,24.118819,120.683065,2
2018,12,11,18,28,臺中市,潭子區,0,0,,8,,,40,,,,,,,,,,,,,,,,,,,,B03,,,1,,2,,,23,,1,22,,B03,24.219302,120.692568,3
2018,12,11,18,30,臺中市,龍井區,0,0,,8,,,60,,,,,,,,,,,,,,,,,,,,B12,,,1,,2,,,42,,1,21,,B12,24.184784,120.573871,3
2018,12,11,18,33,臺中市,西屯區,0,0,0,8,,,50,,,,,,,,,,,,,,,7,  ,  ,  ,  ,B03,  ,  ,3,  ,2,  ,  ,7,7,1,5,  ,B03,24.168022,120.640533,3
2018,12,11,18,35,臺中市,西屯區,0,0,,8,,,40,,,,,,,,,,,,,,,,,,,,B03,,,1,,10,,,38,,1,21,,B03,24.186991,120.603184,3
2018,12,11,18,40,臺中市,北區,,,,8,,,50,,,,,,,,,,,,,,,,,,,,B03,,,1,,2,,,7,,1,22,,B03,24.165204,120.675715,3