年,月,日,時,分,縣市,區,死,受傷,2-30,天候,光線,道路類別,速限,道路型態,事故位置,路面鋪裝,路面狀態,路面缺陷,障礙物,視距,號誌種類,號誌動作,分向設施,快車道或一般車道間,快慢車道間,路面邊線,事故類型及型態,主要肇因,受傷程度,主要傷處,保護裝備,行動電話,當事者區分_類別,車輛用途,當事者行動狀態,駕駛資格情形,駕駛執照種類,飲酒情形,車輛撞擊部位最初,車輛撞擊部位其他,肇事因素個別,肇事因素主要,肇事逃逸,職業,旅次目的,車種,GPS座標X,GPS座標Y,事故類別
2018,12,11,18,41,臺中市,南區,0,0,,8,,,50,,,,,,,,,,,,,,,,,,,,B02,,,1,,2,,,23,,1,22,,B02,24.118585,120.681818,3
2018,12,11,18,42,臺中市,西屯區,0,1,0,8,3,5,50,4,1,1,5,4,5,7,1,1,10,5,5,2,17,10,3,10,1,1,B03,7,11,1,8,2,8,  ,10,10,1,22,5,B03,24.157297,120.653856,2
2018,12,11,18,45,臺中市,南區,0,1,0,8,3,5,50,11,9,1,5,4,5,7,4,4,1,4,5,2,12,23,2,9,1,1,C03,7,9,1,8,2,14,  ,23,23,1,21,8,C03,24.126191,120.669205,2
2018,12,11,18,47,臺中市,大里區,0,0,,8,,,50,,,,,,,,,,,,,,,,,,,,C03,,,1,,2,,,16,,1,21,,C03,24.097768,120.674431,3
2018,12,11,18,49,臺中市,西區,0,0,0,8,,,50,,,,,,,,,,,,,,,23,  ,  ,  ,  ,B12,  ,  ,1,  ,2,  ,  ,23,23,1,  ,  ,B12,24.136623,120.673467,3
2018,12,11,18,49,臺中市,霧峰區,0,1,0,8,3,5,50,3,1,1,5,4,5,7,4,4,10,5,4,2,17,1,2,9,1,1,C03,7,4,1,10,2,12,  ,1,1,1,18,8,C03,24.058417,120.679576,2
2018,12,11,18,51,臺中市,大里區,0,0,,8,,,40,,,,,,,,,,,,,,,,,,,,B03,,,1,,2,,,16,,1,21,,B03,24.117368,120.679338,3
2018,12,11,18,52,臺中市,西區,0,0,0,8,,,50,,,,,,,,,,,,,,,23,3,  ,  ,  ,C03,  ,  ,1,  ,2,  ,  ,23,23,  ,5,  ,C03,24.138428,120.66158,3
2018,12,11,18,55,臺中市,梧棲區,0,2,0,8,3,5,50,3,1,1,5,4,5,7,4,4,10,5,5,2,13,16,2,8,1,1,C03,7,9,1,10,2,11,  ,16,16,1,11,1,C03,24.246475,120.528225,2
2018,12,11,18,57,臺中市,北屯區,0,1,0,8,3,5,50,4,1,1,5,4,5,7,1,1,10,5,5,2,29,23,2,1,1,1,C03,7,9,1,10,2,12,  ,23,23,1,19,8,C03,24.179323,120.696445,2
2018,12,11,18,59,臺中市,北屯區,0,0,,8,,,50,,,,,,,,,,,,,,,,,,,,B03,,,1,,2,,,23,,1,3,,B03,24.190552,120.690244,3
2018,12,11,19,0,臺中市,北屯區,0,0,,8,,,40,,,,,,,,,,,,,,,,,,,,B12,,,1,,2,,,42,,1,22,,B12,24.159471,120.727316,3
2018,12,11,19,0,臺中市,沙鹿區,0,2,0,8,3,5,50,14,9,1,5,4,5,7,4,4,5,5,5,2,11,4,2,9,1,1,C03,7,9,1,10,9,14,  ,4,4,2,21,8,C03,24.243928,120.60698,2
2018,12,11,19,20,臺中市,南屯區,0,0,,8,,,50,,,,,,,,,,,,,,,,,,,,B02,,,1,,2,,,23,,1,21,,B02,24.141334,120.634249,4
2018,12,11,19,20,臺中市,西屯區,0,1,0,8,2,5,50,4,1,1,5,4,5,7,1,1,3,4,5,2,13,23,3,10,1,1,B03,7,6,1,8,2,8,  ,23,23,1,21,8,B03,24.167341,120.640851,2
2018,12,11,19,22,臺中市,南屯區,0,0,,8,,,50,,,,,,,,,,,,,,,,,,,,C03,,,1,,2,,,23,,1,21,,C03,24.153598,120.63481,3
2018,12,11,19,23,臺中市,西區,0,0,,8,3,5,50,14,7,1,5,4,5,7,1,1,1,4,4,2,13,,,,,,B03,,,1,,2,,,16,,1,21,,B03,24.140212,120.658106,4
2018,12,11,19,31,臺中市,西屯區,0,0,0,8,,,50,,,,,,,,,,,,,,,42,  ,  ,  ,  ,B03,  ,  ,1,  ,2,  ,  ,42,42,1,5,  ,B03,24.163,120.649485,3
2018,12,11,19,32,臺中市,潭子區,0,0,,8,3,5,40,14,9,1,5,4,5,7,4,4,10,5,5,1,20,,,,,,B03,,,1,,2,,,23,,  ,22,,B03,24.196801,120.712806,3
2018,12,11,19,47,臺中市,南區,0,1,0,8,3,5,50,14,7,1,5,4,5,7,4,4,1,5,4,2,13,16,2,9,1,1,C04,7,9,1,10,2,11,  ,16,16,1,21,8,C04,24.117422,120.659163,2
2018,12,11,19,54,臺中市,南屯區,0,0,,8,,,1,,,,,,,,,,,,,,,,,,,,B03,,,1,,2,,,12,,1,7,,B03,24.153546,120.616129,3
2018,12,11,20,0,臺中市,西屯區,0,1,0,8,3,5,50,5,1,1,5,4,5,1,1,1,8,3,4,2,29,43,2,9,1,1,C03,7,9,1,10,2,15,  ,43,43,1,22,9,C03,24.191196,120.595734,2
2018,12,11,20,20,臺中市,西屯區,0,0,,8,,,40,,,,,,,,,,,,,,,,,,,,B12,,,1,,2,,,12,,1,22,,B12,24.185583,120.609723,3
2018,12,11,20,25,臺中市,南區,0,0,,8,,,50,,,,,,,,,,,,,,,,,,,,   ,,,8,,10,,,67,,  ,  ,,   ,24.112813,120.652556,3
2018,12,11,20,37,臺中市,西屯區,0,3,0,8,1,5,40,4,2,1,5,4,5,7,4,4,5,4,4,2,16,6,2,9,1,1,C03,7,9,1,10,2,11,  ,6,6,1,22,8,C03,24.18021,120.644151,2
2018,12,11,20,39,臺中市,西區,0,2,0,8,3,5,50,14,9,1,5,4,5,7,4,4,4,4,5,2,13,16,2,8,1,1,C03,7,9,1,10,2,11,  ,16,16,1,20,9,C03,24.136483,120.67621,2
2018,12,11,20,39,臺中市,東區,0,0,0,8,,,40,,,,,,,,,,,,,,,23,  ,  ,  ,  ,B03,  ,  ,1,  ,2,  ,  ,23,23,1,5,  ,B03,24.138695,120.701478,3
2018,12,11,20,50,臺中市,西屯區,0,0,0,8,,,40,,,,,,,,,,,,,,,25,  ,  ,  ,  ,B03,  ,  ,1,  ,2,  ,  ,25,25,1,  ,  ,B03,24.172765,120.637935,3
2018,12,11,20,55,臺中市,大里區,0,1,0,8,3,5,60,4,1,1,5,4,5,7,1,1,10,5,5,2,12,9,3,10,1,1,B03,7,6,1,8,2,2,  ,9,9,1,6,8,B03,24.100701,120.688961,2
2018,12,11,20,55,臺中市,大雅區,0,2,0,8,3,5,50,3,2,1,5,4,5,7,1,1,5,5,4,1,16,26,3,10,1,1,B03,7,5,1,8,2,5,  ,26,26,1,22,8,B03,24.21931,120.641157,2
2018,12,11,21,9,臺中市,南屯區,0,1,0,8,3,5,50,14,7,1,5,4,5,7,4,4,9,5,4,2,13,23,3,10,1,1,B03,7,9,1,8,2,1,  ,23,23,1,22,8,B03,24.153656,120.647428,2
2018,12,11,21,10,臺中市,神岡區,0,0,0,8,,,40,,,,,,,,,,,,,,,5,  ,  ,  ,  ,C03,  ,  ,1,  ,2,  ,  ,5,5,1,21,  ,C03,24.2446,120.680844,3
2018,12,11,21,12,臺中市,沙鹿區,0,2,0,8,3,5,50,4,9,1,5,4,5,7,4,4,10,5,5,2,17,23,2,9,1,1,C03,7,9,1,10,2,11,  ,23,23,1,18,8,C03,24.237837,120.560986,2
2018,12,11,21,16,臺中市,中區,0,1,0,8,3,5,50,4,1,1,5,4,5,7,2,1,10,5,5,2,16,26,3,10,1,1,B03,7,5,1,8,2,6,  ,26,26,1,21,8,B03,24.145004,120.67656,2
2018,12,11,21,23,臺中市,龍井區,0,0,,8,,,40,,,,,,,,,,,,,,,,,,,,B03,,,1,,2,,,4,,1,21,,B03,24.19095,120.549765,3
2018,12,11,21,32,臺中市,大雅區,0,1,0,8,4,5,50,4,1,1,5,4,5,7,2,1,5,5,5,1,15,25,3,10,1,1,C03,7,9,1,10,2,14,  ,25,25,1,22,9,C03,24.22306,120.64974,2
2018,12,11,21,44,臺中市,沙鹿區,0,2,0,8,3,5,50,3,2,1,5,4,5,7,1,1,10,5,5,2,18,23,2,9,1,1,C03,7,9,1,10,2,11,  ,23,23,1,23,8,C03,24.243602,120.566625,2
2018,12,11,21,55,臺中市,大里區,0,0,,8,,,50,,,,,,,,,,,,,,,,,,,,B03,,,1,,2,,,12,,1,21,,B03,24.086547,120.699962,3
2018,12,11,21,56,臺中市,大里區,0,0,,8,,,40,,,,,,,,,,,,,,,,,,,,B03,,,1,,2,,,19,,1,22,,B03,24.096367,120.699038,3
2018,12,11,22,3,臺中市,中區,0,2,0,8,3,5,50,4,2,1,5,4,5,7,1,1,5,2,5,2,17,44,3,10,1,1,B01,7,14,6,3,2,2,  ,44,44,1,10,8,B01,24.139868,120.677593,2
2018,12,11,22,4,臺中市,大肚區,0,1,0,8,3,5,30,11,9,1,5,4,5,7,4,4,5,5,5,1,18,43,2,9,1,1,C03,7,9,1,10,2,12,  ,43,43,1,18,5,C03,24.150411,120.554419,2
2018,12,11,22,19,臺中市,西區,0,2,0,8,1,5,50,14,9,1,5,4,5,7,4,4,5,4,4,1,16,7,2,9,1,1,C03,7,7,1,10,2,11,  ,7,7,1,21,8,C03,24.146727,120.652019,2
2018,12,11,22,19,臺中市,東區,0,0,,,,,,,,,,,,,,,,,,,,,,,,,C03,,,1,,2,,,6,,1,5,,C03,24.134828,120.69128,3
2018,12,11,22,20,臺中市,烏日區,0,1,0,8,3,5,50,14,9,1,5,4,5,7,4,4,1,5,5,2,17,1,2,9,1,1,C03,7,4,1,10,2,12,  ,1,1,1,21,8,C03,24.110587,120.611064,2
2018,12,11,22,27,臺中市,西屯區,0,0,,8,,,40,,,,,,,,,,,,,,,,,,,,B03,,,1,,2,,,23,,1,5,,B03,24.176323,120.633941,3
2018,12,11,22,35,臺中市,石岡區,0,2,0,8,3,5,70,4,1,1,5,4,5,7,1,1,10,5,5,2,15,25,2,9,1,1,C03,7,9,1,10,6,11,  ,25,25,1,21,8,C03,24.274286,120.776936,2
2018,12,11,22,44,臺中市,中區,0,1,0,8,3,5,50,4,1,1,5,4,5,7,2,1,10,5,5,2,16,25,3,10,1,1,B01,7,5,1,4,2,5,  ,25,25,1,10,9,B01,24.136501,120.679363,2
2018,12,11,22,49,臺中市,清水區,0,2,0,7,3,5,50,5,1,1,5,4,5,7,1,1,9,4,4,2,15,25,2,9,1,1,C03,7,9,1,10,2,14,  ,25,25,1,21,8,C03,24.262125,120.572608,2
2018,12,11,23,0,臺中市,北屯區,0,1,0,8,3,5,50,3,1,1,5,4,5,7,4,4,1,4,5,2,16,6,3,10,1,4,C03,7,6,1,10,2,12,  ,6,6,1,22,8,C03,24.173586,120.669156,2
2018,12,11,23,8,臺中市,大肚區,0,1,0,8,3,5,40,14,9,1,5,4,5,7,4,4,10,5,5,1,18,23,2,9,1,1,C03,7,9,1,10,2,12,  ,23,23,1,22,8,C03,24.159844,120.578963,2
2018,12,11,23,8,臺中市,大雅區,0,0,,8,,,50,,,,,,,,,,,,,,,,,,,,A11,,,1,,2,,,6,,1,22,,A11,24.209267,120.644345,3
2018,12,11,23,34,臺中市,南區,0,1,0,8,3,5,50,14,7,1,5,4,5,7,4,4,1,2,4,2,18,13,2,9,1,1,C03,7,9,1,10,2,12,  ,13,13,1,21,8,C03,24.11853,120.67922,2
2018,12,11,23,58,臺中市,烏日區,0,1,0,8,3,5,50,14,12,1,5,4,5,7,4,4,1,4,4,1,18,43,2,9,1,2,C03,7,9,1,10,2,12,  ,43,43,1,21,8,C03,24.107349,120.636574,2
2018,12,12,0,9,臺中市,西區,0,2,0,8,3,5,50,4,2,1,5,4,5,7,1,1,5,4,4,2,13,16,2,9,1,1,C03,7,9,1,10,2,11,  ,16,16,1,21,8,C03,24.136028,120.672691,2
2018,12,12,0,12,臺中市,西區,0,1,0,8,1,5,50,4,1,1,5,4,5,7,1,1,1,2,4,1,16,6,3,10,1,1,B03,7,5,1,8,2,6,  ,6,6,1,21,8,B03,24.140099,120.660135,2
2018,12,12,3,27,臺中市,西屯區,0,0,0,8,3,5,60,14,7,1,5,4,5,7,4,4,1,4,1,2,20,42,3,10,1,1,B03,7,15,6,18,8,6,  ,42,42,1,4,8,B03,24.156675,120.64328,3
2018,12,12,4,12,臺中市,大里區,0,0,,8,,,50,,,,,,,,,,,,,,,,,,,,B02,,,1,,2,,,6,,1,22,,B02,24.085905,120.676253,3
2018,12,12,5,4,臺中市,石岡區,0,1,0,8,3,5,50,11,13,1,5,4,5,7,4,4,9,5,5,1,26,42,2,9,1,1,B03,7,9,1,8,2,5,  ,42,42,1,5,8,B03,24.278398,120.769925,2
2018,12,12,5,55,臺中市,大肚區,0,0,,8,,,50,,,,,,,,,,,,,,,,,,,,B02,,,3,,2,,,4,,1,20,,B02,24.147114,120.546964,3
2018,12,12,6,25,臺中市,西區,0,1,0,8,1,5,40,14,8,1,5,4,5,7,4,4,1,4,4,2,17,42,2,8,1,1,B03,7,9,1,8,2,5,7,42,42,1,21,8,B03,24.13597,120.657206,2
2018,12,12,6,27,臺中市,梧棲區,0,0,,8,,,60,,,,,,,,,,,,,,,,,,,,B03,,,1,,2,,,26,,  ,  ,,B03,24.222834,120.526577,4
2018,12,12,6,30,臺中市,大里區,0,2,0,8,1,5,40,3,1,1,5,4,5,7,4,4,10,5,5,2,17,23,2,7,1,1,C03,7,4,1,10,2,11,  ,23,23,1,21,5,C03,24.101638,120.678076,2
2018,12,12,7,3,臺中市,北屯區,0,1,0,7,1,5,50,5,1,1,5,4,5,6,1,1,4,3,5,2,16,10,3,10,1,1,B12,7,11,1,1,2,6,  ,10,10,1,21,8,B12,24.171433,120.709633,2
2018,12,12,7,4,臺中市,西屯區,0,0,,8,,,50,,,,,,,,,,,,,,,,,,,,B12,,,1,,2,,,16,,1,  ,,B12,24.203338,120.657195,3
2018,12,12,7,10,臺中市,大里區,0,2,0,8,1,5,40,14,9,1,5,4,5,7,4,4,10,5,5,1,16,10,2,9,1,1,C03,7,9,1,10,2,11,  ,23,10,1,5,8,C03,24.104133,120.664966,2
2018,12,12,7,10,臺中市,大肚區,0,0,,8,,,70,,,,,,,,,,,,,,,,,,,,B03,,,1,,2,,,23,,1,21,,B03,24.15263,120.548921,3
2018,12,12,7,15,臺中市,太平區,0,2,0,8,1,5,50,4,1,1,5,4,5,7,4,4,10,5,5,2,15,6,2,9,1,1,F01,7,9,8,20,2,16,  ,14,6,1,21,8,F01,24.116679,120.71695,2
2018,12,12,7,15,臺中市,龍井區,0,2,0,8,1,5,40,4,1,1,5,4,5,4,4,4,10,5,5,2,16,6,2,8,1,1,C03,7,6,1,10,2,11,  ,6,6,1,3,1,C03,24.220498,120.535231,2
2018,12,12,7,15,臺中市,神岡區,0,0,,8,,,50,,,,,,,,,,,,,,,,,,,,C03,,,1,,2,,,8,,1,21,,C03,24.254475,120.656,4
2018,12,12,7,19,臺中市,烏日區,0,0,,8,,,50,,,,,,,,,,,,,,,,,,,,B03,,,1,,2,,,17,,1,21,,B03,24.101005,120.629389,3
2018,12,12,7,21,臺中市,大里區,0,1,0,8,1,5,80,14,15,1,5,4,5,7,4,4,2,4,5,1,13,23,3,10,1,1,B03,7,9,1,8,2,1,  ,23,23,1,22,8,B03,24.105975,120.693847,2
2018,12,12,7,22,臺中市,北屯區,0,0,0,7,2,1,40,14,8,1,5,4,5,7,4,4,1,4,4,2,12,21,3,10,1,1,C03,7,9,6,18,8,12,  ,21,21,1,22,8,C03,24.1636,120.717,3
2018,12,12,7,24,臺中市,大里區,0,0,,8,,,50,,,,,,,,,,,,,,,4,,,,,B03,,,1,,2,,,8,4,1,21,,B03,24.098028,120.6787,3
2018,12,12,7,25,臺中市,南區,0,0,0,8,1,5,40,11,9,1,5,4,5,7,4,4,1,5,5,2,12,23,3,10,1,1,B03,7,4,1,8,2,6,  ,23,23,1,21,8,B03,24.118636,120.679344,3
2018,12,12,7,25,臺中市,北屯區,0,1,0,8,1,5,40,3,19,1,5,4,5,7,4,4,10,5,5,2,3,51,2,9,4,5,H01,8,16,8,20,10,16,  ,51,51,1,20,8,H01,24.186311,120.666841,2
2018,12,12,7,29,臺中市,清水區,0,0,,8,,,50,,,,,,,,,,,,,,,,,,,,B03,,,1,,2,,,7,,1,21,,B03,24.270193,120.567881,4
2018,12,12,7,30,臺中市,龍井區,0,0,0,8,1,5,50,14,9,1,5,4,5,7,4,4,4,3,4,2,12,23,3,10,1,1,B03,7,1,1,8,2,5,  ,23,23,1,5,1,B03,24.211038,120.549453,3
2018,12,12,7,31,臺中市,清水區,0,0,,8,,,50,,,,,,,,,,,,,,,,,,,,B03,,,1,,2,,,6,,1,21,,B03,24.261752,120.569338,3
2018,12,12,7,35,臺中市,石岡區,0,0,,8,,,50,,,,,,,,,,,,,,,,,,,,B03,,,1,,2,,,23,,1,5,,B03,24.258968,120.815481,3
2018,12,12,7,40,臺中市,烏日區,0,1,0,8,1,5,70,14,8,1,5,4,5,7,4,4,1,4,4,1,18,43,2,9,1,1,C03,7,9,1,10,2,12,  ,43,43,1,21,8,C03,24.1109,120.583613,2
2018,12,12,7,40,臺中市,沙鹿區,0,0,0,8,1,5,50,15,9,1,5,4,5,7,4,4,5,3,5,2,17,42,3,10,1,1,C03,7,3,1,10,2,15,  ,42,42,1,19,8,C03,24.239648,120.559345,3
2018,12,12,7,45,臺中市,西屯區,0,4,0,8,1,5,50,3,1,1,5,4,5,7,4,4,10,5,5,2,16,6,2,8,1,1,C03,7,5,1,10,1,12,  ,6,6,1,22,8,C03,24.179346,120.624753,2
2018,12,12,7,48,臺中市,烏日區,0,1,0,8,1,5,60,14,8,1,5,4,5,7,4,4,1,4,1,1,17,12,3,10,1,1,B03,7,2,1,8,2,8,  ,12,12,1,21,8,B03,24.104118,120.62637,2
2018,12,12,7,53,臺中市,梧棲區,0,0,,6,,,40,,,,,,,,,,,,,,,,,,,,B03,,,1,,2,,,16,,1,10,,B03,24.223924,120.523365,3
2018,12,12,7,58,臺中市,南屯區,0,0,0,8,1,5,50,4,1,1,4,4,5,7,2,1,10,5,5,2,17,26,3,10,3,4,B03,7,4,1,  ,7,1,  ,26,26,1,22,8,B03,24.140877,120.649915,3
2018,12,12,7,58,臺中市,東勢區,0,0,,8,,,60,,,,,,,,,,,,,,,,,,,,B03,,,1,,2,,,17,,1,2,,B03,24.25798,120.82426,3
2018,12,12,8,8,臺中市,沙鹿區,0,0,0,8,,,60,,,,,,,,,,,,,,,7,  ,  ,  ,  ,A41,  ,  ,1,  ,3,  ,  ,7,7,  ,  ,  ,A41,24.197634,120.571571,3
2018,12,12,8,10,臺中市,西屯區,0,0,,8,,,50,,,,,,,,,,,,,,,,,,,,B03,,,1,,2,,,23,,1,22,,B03,24.184483,120.60956,3
2018,12,12,8,13,臺中市,西屯區,0,1,0,8,1,5,50,4,1,1,5,4,5,7,1,1,10,5,5,2,16,6,3,10,3,4,B03,7,5,1,8,2,6,  ,6,6,1,22,9,B03,24.180226,120.637578,2
2018,12,12,8,20,臺中市,北屯區,0,1,0,8,1,5,50,14,7,1,5,4,5,7,4,4,5,5,5,2,16,23,3,10,1,1,B12,7,9,1,8,2,5,  ,23,23,1,22,8,B12,24.177057,120.68156,2
2018,12,12,8,27,臺中市,太平區,0,0,,8,,,40,,,,,,,,,,,,,,,,,,,,B12,,,1,,2,,,12,,1,21,,B12,24.103904,120.731926,3
2018,12,12,8,29,臺中市,東區,0,0,,8,,,80,,,,,,,,,,,,,,,,,,,,B03,,,6,,2,,,23,,1,  ,,B03,24.132038,120.707377,3
2018,12,12,8,30,臺中市,北區,0,1,0,8,1,5,50,4,1,1,5,4,5,7,1,1,10,5,5,2,17,7,3,10,1,1,C03,7,8,1,10,2,15,15,7,7,1,22,9,C03,24.165169,120.677153,2
2018,12,12,8,30,臺中市,北區,0,1,0,8,1,5,50,14,8,1,5,4,5,7,4,4,3,4,4,2,16,7,2,9,1,1,C03,7,8,1,10,2,12,  ,7,7,1,22,9,C03,24.163352,120.68624,2
2018,12,12,8,30,臺中市,西屯區,0,0,,8,,,50,,,,,,,,,,,,,,,,,,,,C03,,,1,,2,,,19,,1,22,,C03,24.177001,120.61535,3
2018,12,12,8,35,臺中市,北屯區,0,1,0,8,1,5,50,5,4,1,5,4,5,7,1,1,5,5,4,2,13,23,3,10,1,1,B03,7,1,1,8,2,1,  ,23,23,1,19,8,B03,24.17982,120.696403,2
2018,12,12,8,36,臺中市,清水區,0,1,0,7,1,5,50,4,1,1,5,4,5,7,1,1,10,5,5,2,16,8,3,10,1,1,B03,7,5,1,8,2,4,  ,8,8,1,20,8,B03,24.26387,120.572304,2
2018,12,12,8,38,臺中市,北區,0,1,0,8,1,5,50,14,9,1,5,4,5,7,4,4,5,5,5,2,11,17,3,10,1,1,C03,7,9,1,10,2,14,  ,17,17,1,22,8,C03,24.150016,120.68038,2
2018,12,12,8,42,臺中市,大雅區,0,0,,8,,,40,,,,,,,,,,,,,,,,,,,,B12,,,1,,2,,,6,,1,  ,,B12,24.216039,120.665821,3
2018,12,12,8,44,臺中市,潭子區,0,1,0,8,1,5,50,14,9,1,5,4,5,7,4,4,9,4,5,1,11,1,3,10,1,1,B12,7,9,1,8,2,2,  ,27,1,1,22,8,B12,24.202491,120.720405,2
2018,12,12,8,45,臺中市,南屯區,0,0,,8,,,50,,,,,,,,,,,,,,,2,,,,,B03,,,1,,2,,,2,2,1,3,,B03,24.15015,120.622261,3
2018,12,12,8,51,臺中市,東區,0,1,0,8,1,5,50,14,7,1,5,4,5,7,3,1,5,5,4,2,13,23,2,9,1,1,C03,7,9,1,10,2,11,  ,23,23,1,22,8,C03,24.137213,120.699925,2
2018,12,12,8,52,臺中市,北區,0,1,0,8,1,5,50,4,1,1,5,4,5,7,4,4,10,5,5,2,15,6,2,9,1,1,C04,7,9,1,10,2,12,  ,6,6,1,22,9,C04,24.152793,120.679258,2
2018,12,12,8,59,臺中市,西屯區,0,1,0,8,1,5,50,14,9,1,5,4,5,7,4,4,1,4,5,2,12,43,3,10,1,1,B03,7,9,1,8,2,5,  ,43,43,1,22,9,B03,24.167686,120.653626,2
2018,12,12,9,5,臺中市,西屯區,0,1,0,8,1,5,50,4,1,1,5,4,5,7,1,1,10,5,5,2,12,7,3,10,1,1,B03,7,8,1,8,2,5,  ,7,7,1,21,8,B03,24.187534,120.611834,2
2018,12,12,9,11,臺中市,北區,0,0,0,8,,,50,,,,,,,,,,,,,,,16,  ,  ,  ,  ,B03,  ,  ,1,8,2,  ,  ,16,16,1,  ,  ,B03,24.165284,120.674597,3
2018,12,12,9,22,臺中市,北屯區,0,2,0,7,1,5,50,3,1,1,5,4,5,7,4,4,10,5,5,2,16,11,2,9,1,1,C03,7,11,1,10,2,11,  ,11,11,1,21,8,C03,24.17394,120.67619,2
2018,12,12,9,26,臺中市,西區,0,2,0,8,1,5,50,4,1,1,5,4,5,7,4,4,10,5,5,2,15,6,2,9,1,1,C03,7,9,1,10,2,11,  ,6,6,1,5,1,C03,24.149024,120.668181,2
2018,12,12,9,33,臺中市,大肚區,0,0,,8,,,40,,,,,,,,,,,,,,,,,,,,B03,,,1,,2,,,6,,1,21,,B03,24.152912,120.539564,3
2018,12,12,9,43,臺中市,北屯區,0,1,0,8,1,5,50,4,3,1,5,4,5,7,1,1,10,5,5,2,14,12,3,10,1,1,B03,7,2,1,8,2,7,  ,12,12,1,5,8,B03,24.172635,120.698606,2
2018,12,12,9,45,臺中市,神岡區,0,0,0,8,,,50,,,,,,,,,,,,,,,7,  ,  ,  ,  ,B12,  ,  ,1,  ,2,  ,  ,7,7,1,21,  ,B12,24.248425,120.693142,3
2018,12,12,10,0,臺中市,烏日區,0,0,,8,,,60,,,,,,,,,,,,,,,,,,,,B03,,,1,,2,,,23,,1,  ,,B03,24.101176,120.629173,3
2018,12,12,10,7,臺中市,東區,0,1,0,8,1,5,40,5,1,1,5,4,5,7,3,1,10,2,5,2,12,42,2,9,1,1,F03,7,15,8,20,2,16,  ,42,42,1,22,8,F03,24.141643,120.695271,2
2018,12,12,10,10,臺中市,北區,0,0,0,8,,,50,,,,,,,,,,,,,,,,3,  ,  ,  ,B12,  ,  ,1,  ,2,  ,  ,7,  ,1,22,  ,B12,24.153006,120.682488,3
2018,12,12,10,11,臺中市,西屯區,0,1,0,8,1,5,30,3,1,1,5,4,5,7,4,4,10,5,5,2,18,42,2,9,1,1,C03,7,9,1,10,2,14,  ,42,42,1,22,8,C03,24.18948,120.642945,2
2018,12,12,10,11,臺中市,龍井區,0,1,0,7,1,5,40,3,1,1,5,4,5,7,4,4,10,5,5,2,16,44,3,10,1,1,B03,7,14,1,8,2,8,  ,44,44,1,21,8,B03,24.179978,120.577406,2
2018,12,12,10,20,臺中市,大雅區,0,2,0,8,1,5,50,4,2,1,5,4,5,7,1,1,3,4,4,1,13,16,2,9,1,1,C03,7,9,1,10,2,11,  ,16,16,1,21,8,C03,24.227187,120.644261,2
2018,12,12,10,25,臺中市,南屯區,0,2,0,8,1,5,50,4,1,1,5,4,5,7,1,1,10,5,5,2,16,6,2,9,1,4,C03,7,5,1,10,2,12,  ,6,6,1,22,8,C03,24.146941,120.648726,2
2018,12,12,10,28,臺中市,大里區,0,0,,8,,,50,,,,,,,,,,,,,,,,,,,,B03,,,1,,2,,,18,,1,22,,B03,24.10419,120.688946,3
2018,12,12,10,41,臺中市,中區,0,1,0,8,1,5,50,5,1,1,5,4,5,7,1,1,10,5,5,2,16,42,3,10,1,1,C03,7,15,1,10,2,14,  ,42,42,1,5,5,C03,24.145848,120.682381,2
2018,12,12,10,44,臺中市,北屯區,0,0,0,,1,5,50,13,9,1,5,4,5,7,4,4,10,5,5,2,11,5,3,10,1,1,B03,7,9,1,8,2,1,  ,5,5,1,21,8,B03,24.202401,120.683945,3
2018,12,12,10,48,臺中市,后里區,0,0,0,8,1,5,60,4,2,1,5,4,5,7,4,4,1,4,4,1,13,23,3,10,1,1,B03,7,9,1,8,2,1,  ,23,23,1,21,8,B03,24.299425,120.723326,4
2018,12,12,10,55,臺中市,大里區,0,0,,8,,,50,,,,,,,,,,,,,,,,,,,,A11,,,1,,2,,,44,,  ,10,,A11,24.090952,120.695715,3
2018,12,12,10,56,臺中市,龍井區,0,0,,8,,,40,,,,,,,,,,,,,,,12,,,,,B02,,,1,,2,,,23,12,1,1,,B02,24.195656,120.544978,3
2018,12,12,11,12,臺中市,西屯區,0,3,0,8,1,5,50,4,1,1,5,4,5,7,1,1,10,5,5,2,16,8,2,9,3,4,C03,7,5,1,10,2,12,  ,8,8,1,22,9,C03,24.183671,120.629531,2
2018,12,12,11,15,臺中市,南屯區,0,2,0,8,1,5,50,4,1,5,5,4,5,7,1,1,10,5,5,2,16,6,2,9,3,4,C03,7,5,1,10,2,12,  ,6,6,1,22,8,C03,24.146989,120.637285,2
2018,12,12,11,17,臺中市,沙鹿區,0,1,0,8,1,5,50,4,1,1,5,4,5,7,4,4,10,5,5,2,17,6,3,10,1,1,B03,7,5,1,8,2,5,  ,6,6,1,20,8,B03,24.250807,120.565373,2
2018,12,12,11,25,臺中市,沙鹿區,0,1,0,8,1,5,40,3,1,1,5,4,5,7,4,4,10,5,5,2,17,10,3,10,1,1,B03,7,11,1,8,2,4,  ,10,10,1,9,8,B03,24.238189,120.564475,2