年,月,日,時,分,縣市,區,死,受傷,2-30,天候,光線,道路類別,速限,道路型態,事故位置,路面鋪裝,路面狀態,路面缺陷,障礙物,視距,號誌種類,號誌動作,分向設施,快車道或一般車道間,快慢車道間,路面邊線,事故類型及型態,主要肇因,受傷程度,主要傷處,保護裝備,行動電話,當事者區分_類別,車輛用途,當事者行動狀態,駕駛資格情形,駕駛執照種類,飲酒情形,車輛撞擊部位最初,車輛撞擊部位其他,肇事因素個別,肇事因素主要,肇事逃逸,職業,旅次目的,車種,GPS座標X,GPS座標Y,事故類別
2018,12,12,11,28,臺中市,大里區,0,2,0,8,1,5,50,4,1,1,5,4,5,7,1,1,10,5,5,2,16,8,2,9,1,1,C03,7,5,1,10,2,11,  ,8,8,1,18,8,C03,24.115251,120.68403,2
2018,12,12,11,30,臺中市,西屯區,0,0,,8,,,50,,,,,,,,,,,,,,,,,,,,B03,,,1,,2,,,6,,1,22,,B03,24.194018,120.64695,3
2018,12,12,11,38,臺中市,清水區,0,0,,8,,,50,,,,,,,,,,,,,,,,,,,,B12,,,1,,2,,,6,,1,21,,B12,24.274277,120.566358,3
2018,12,12,11,40,臺中市,南區,0,2,0,8,1,5,50,3,1,1,5,4,5,7,3,1,10,5,5,2,3,15,2,9,1,1,C03,7,9,1,10,2,11,  ,15,15,1,21,8,C03,24.123991,120.677605,2
2018,12,12,11,40,臺中市,沙鹿區,0,0,,8,,,50,,,,,,,,,,,,,,,,,,,,B03,,,1,,2,,,12,,1,  ,,B03,24.24903,120.564595,3
2018,12,12,11,40,臺中市,沙鹿區,0,2,0,8,1,5,50,4,1,1,5,4,5,7,1,1,10,5,5,2,16,23,2,8,1,1,C03,7,9,1,10,2,11,  ,23,23,1,5,5,C03,24.223209,120.568685,2
2018,12,12,11,47,臺中市,太平區,0,1,0,8,1,5,50,4,1,1,5,4,5,7,1,1,5,5,5,1,16,6,3,10,1,1,C03,7,9,1,10,2,11,  ,6,6,1,16,1,C03,24.152616,120.70805,2
2018,12,12,11,48,臺中市,西屯區,0,0,,8,,,30,,,,,,,,,,,,,,,,,,,,A12,,,1,,2,,,12,,1,22,,A12,24.177112,120.653783,3
2018,12,12,11,50,臺中市,中區,0,0,0,8,,,50,,,,,,,,,,,,,,,42,3,  ,  ,  ,A11,  ,  ,1,1,2,3,  ,42,42,1,21,8,A11,24.141537,120.678506,3
2018,12,12,11,50,臺中市,南屯區,0,0,,8,,,50,,,,,,,,,,,,,,,,,,,,B03,,,1,,2,,,42,,1,22,,B03,24.1404,120.6231,3
2018,12,12,11,50,臺中市,大甲區,0,0,,8,,,50,,,,,,,,,,,,,,,,,,,,C03,,,1,,2,,,19,,1,21,,C03,24.354956,120.631309,3
2018,12,12,11,55,臺中市,潭子區,0,0,,8,,,50,,,,,,,,,,,,,,,23,,,,,C03,,,1,,2,,,19,23,1,22,,C03,24.208416,120.677743,3
2018,12,12,11,57,臺中市,西屯區,0,0,,8,,,40,,,,,,,,,,,,,,,,,,,,B12,,,1,,2,,,12,,1,22,,B12,24.16463,120.660841,3
2018,12,12,12,0,臺中市,北區,0,1,0,8,1,5,50,4,1,1,5,4,5,7,4,4,10,5,5,2,16,6,3,10,1,1,B03,7,6,1,8,2,5,5,6,6,1,22,9,B03,24.142354,120.684487,2
2018,12,12,12,3,臺中市,北屯區,0,0,,8,,,40,,,,,,,,,,,,,,,,,,,,B02,,,1,,2,,,12,,1,1,,B02,24.1936,120.6851,3
2018,12,12,12,7,臺中市,大里區,0,0,,8,,,50,,,,,,,,,,,,,,,,,,,,B03,,,1,,2,,,23,,1,22,,B03,24.109443,120.679983,3
2018,12,12,12,14,臺中市,南區,0,0,,,,,,,,,,,,,,,,,,,,,,,,,B03,,,1,,2,,,16,,1,21,,B03,24.128998,120.668686,3
2018,12,12,12,14,臺中市,西屯區,0,0,0,8,1,5,50,,,,,,,,,,,,,,,6,  ,  ,  ,  ,B03,  ,  ,1,  ,2,5,  ,6,6,1,22,  ,B03,24.179447,120.635191,3
2018,12,12,12,17,臺中市,太平區,0,0,,8,,,50,,,,,,,,,,,,,,,,,,,,C03,,,1,,2,,,12,,1,21,,C03,24.150323,120.710557,3
2018,12,12,12,19,臺中市,西區,0,0,,8,,,50,,,,,,,,,,,,,,,,,,,,B03,,,1,,2,,,42,,1,5,,B03,24.135119,120.66085,3
2018,12,12,12,25,臺中市,梧棲區,0,1,0,8,1,5,50,3,9,1,5,4,5,7,4,4,5,5,5,1,13,16,2,9,1,1,C03,7,9,1,10,2,11,  ,16,16,1,5,4,C03,24.249264,120.534504,2
2018,12,12,12,27,臺中市,西屯區,0,0,,8,,,50,,,,,,,,,,,,,,,,,,,,C03,,,1,,2,,,16,,1,  ,,C03,24.181851,120.644923,3
2018,12,12,12,30,臺中市,西區,0,1,0,8,1,5,50,14,7,1,5,4,5,7,4,4,5,4,4,2,12,7,2,9,1,1,C03,7,7,1,10,2,14,  ,7,7,1,5,8,C03,24.151959,120.655089,2
2018,12,12,12,40,臺中市,西區,0,1,0,8,1,5,50,3,1,1,5,4,5,7,1,1,10,5,5,2,16,6,3,10,1,1,B03,7,5,1,8,2,5,  ,6,6,1,21,8,B03,24.149117,120.672029,2
2018,12,12,12,40,臺中市,大里區,0,1,0,8,1,5,50,3,1,1,5,4,5,7,4,4,10,5,4,1,16,6,3,10,1,1,B03,7,5,1,8,2,8,  ,6,6,1,3,8,B03,24.11076,120.683826,2
2018,12,12,12,44,臺中市,龍井區,0,0,,8,,,40,,,,,,,,,,,,,,,,,,,,B03,,,1,,2,,,42,,1,  ,,B03,24.184924,120.573979,3
2018,12,12,12,46,臺中市,西屯區,0,1,0,8,1,5,50,3,1,1,5,4,5,7,3,1,10,5,5,2,16,6,3,10,1,1,B03,7,5,1,8,2,1,  ,6,6,1,22,8,B03,24.174035,120.617961,2
2018,12,12,13,3,臺中市,沙鹿區,0,1,0,8,1,5,50,3,1,1,5,4,5,7,4,4,10,5,5,2,16,23,2,9,1,1,C03,7,9,1,10,2,12,  ,23,23,1,18,8,C03,24.223681,120.579078,2
2018,12,12,13,10,臺中市,大甲區,0,1,0,8,1,5,50,14,8,1,5,4,5,7,4,4,5,5,5,1,14,12,3,10,1,1,B03,7,2,1,8,2,3,  ,12,12,1,4,8,B03,24.351121,120.625453,2
2018,12,12,13,15,臺中市,東區,0,0,0,8,,,50,,,,,,,,,,,,,,,23,  ,  ,  ,  ,B03,  ,  ,1,  ,2,  ,  ,23,23,1,5,  ,B03,24.141611,120.706079,3
2018,12,12,13,18,臺中市,西屯區,0,0,0,8,,,50,,,,,,,,,,,,,,,26,  ,  ,  ,  ,C03,  ,  ,1,  ,2,  ,  ,26,26,1,22,  ,C03,24.167964,120.65405,3
2018,12,12,13,22,臺中市,龍井區,0,0,,8,,,50,,,,,,,,,,,,,,,,,,,,C03,,,1,,2,,,8,,1,22,,C03,24.180708,120.583637,3
2018,12,12,13,30,臺中市,北屯區,0,1,0,7,1,5,50,4,1,1,5,4,5,7,1,1,10,5,5,2,18,25,2,9,1,1,C03,7,9,1,10,2,14,  ,23,25,1,21,8,C03,24.174056,120.724615,2
2018,12,12,13,32,臺中市,太平區,0,0,,8,,,50,,,,,,,,,,,,,,,,,,,,B03,,,1,,2,,,23,,1,21,,B03,24.111012,120.724165,3
2018,12,12,13,35,臺中市,沙鹿區,0,1,0,8,1,5,50,3,1,1,5,4,5,7,1,1,10,5,5,2,16,25,2,9,1,1,C03,7,9,1,10,2,11,  ,25,25,1,4,8,C03,24.206785,120.568058,2
2018,12,12,13,37,臺中市,西區,0,2,0,8,1,5,50,4,1,1,5,4,5,7,1,1,10,5,5,2,15,25,2,9,1,1,C03,7,9,1,10,2,14,  ,25,25,1,5,5,C03,24.162905,120.661537,2
2018,12,12,13,45,臺中市,清水區,0,1,0,8,1,5,70,14,7,1,5,4,5,7,4,4,9,4,1,1,16,7,3,10,1,1,A41,7,8,1,1,2,5,  ,7,7,1,10,4,A41,24.29681,120.563175,2
2018,12,12,13,53,臺中市,北區,0,0,,8,,,50,,,,,,,,,,,,,,,,,,,,A02,,,1,,2,,,23,,1,10,,A02,24.146165,120.682555,3
2018,12,12,13,55,臺中市,北屯區,0,1,0,8,1,5,50,3,1,1,5,4,5,7,4,4,10,5,5,2,16,10,3,10,3,4,B03,7,11,1,8,2,5,  ,10,10,1,5,8,B03,24.174268,120.669684,2
2018,12,12,14,0,臺中市,梧棲區,0,1,0,8,1,5,70,14,7,1,5,4,1,7,4,4,1,4,3,1,29,43,2,9,3,4,C03,7,8,1,10,2,15,  ,43,43,1,9,5,C03,24.256577,120.525969,2
2018,12,12,14,0,臺中市,大雅區,0,3,0,8,1,5,50,4,1,1,5,4,5,7,4,4,5,5,5,1,15,6,2,9,1,1,C03,7,9,1,10,2,14,  ,6,6,1,22,9,C03,24.224651,120.655425,2
2018,12,12,14,3,臺中市,北區,0,0,0,8,,,40,,,,,,,,,,,,,,,,3,  ,  ,  ,B03,  ,  ,1,  ,2,  ,  ,23,  ,1,22,  ,B03,24.163174,120.681631,3
2018,12,12,14,6,臺中市,東區,0,0,,8,,,40,,,,,,,,,,,,,,,,,,,,A11,,,1,,2,,,35,,1,  ,,A11,24.12952,120.701411,3
2018,12,12,14,8,臺中市,北區,0,1,0,8,1,5,50,3,1,1,5,4,5,7,1,1,10,5,5,2,16,10,3,10,1,1,B03,7,11,1,8,2,5,  ,10,10,1,22,9,B03,24.147272,120.686453,2
2018,12,12,14,10,臺中市,大里區,0,0,,8,,,40,,,,,,,,,,,,,,,,,,,,A12,,,1,,2,,,23,,1,21,,A12,24.081432,120.688374,3
2018,12,12,14,20,臺中市,北屯區,0,1,0,8,1,5,40,15,8,1,5,4,5,7,4,4,1,2,4,2,16,6,3,10,3,4,B12,7,6,1,8,2,6,  ,6,6,1,22,8,B12,24.162715,120.692801,2
2018,12,12,14,21,臺中市,西屯區,0,1,0,8,1,5,40,3,1,1,5,4,5,7,2,1,10,5,5,2,12,9,3,10,3,4,B03,7,6,1,8,2,6,  ,9,9,1,22,9,B03,24.168911,120.638965,2
2018,12,12,14,25,臺中市,梧棲區,0,0,,8,,,50,,,,,,,,,,,,,,,,,,,,A11,,,1,,2,,,12,,1,10,,A11,24.243843,120.537288,3
2018,12,12,14,25,臺中市,沙鹿區,0,2,0,8,1,5,40,3,1,1,5,4,5,7,4,4,10,5,5,2,17,6,3,10,1,1,C03,7,6,1,10,2,13,  ,6,6,1,21,8,C03,24.250215,120.586398,2
2018,12,12,14,26,臺中市,北屯區,0,0,0,,1,5,50,14,9,1,5,4,5,7,1,1,4,3,5,2,13,23,3,10,1,1,B12,7,9,1,8,2,1,  ,23,23,1,21,8,B12,24.163926,120.694023,3
2018,12,12,14,29,臺中市,潭子區,0,0,,8,,,50,,,,,,,,,,,,,,,,,,,,C03,,,1,,2,,,23,,1,22,,C03,24.206951,120.705025,3
2018,12,12,14,30,臺中市,北區,0,2,0,8,1,5,50,4,1,1,5,4,5,7,4,4,10,5,5,2,15,6,2,5,1,1,C03,7,9,1,10,2,12,12,6,6,1,22,9,C03,24.164494,120.683488,2
2018,12,12,14,43,臺中市,西區,0,2,0,8,1,5,40,3,1,1,5,4,5,7,1,1,10,5,5,2,17,42,2,8,1,1,C03,7,9,1,10,2,12,  ,42,42,1,5,5,C03,24.145534,120.665238,2
2018,12,12,14,46,臺中市,南區,0,1,0,8,1,5,50,4,1,1,5,4,5,7,1,1,10,5,5,2,16,6,3,10,1,1,B03,7,6,1,8,2,2,  ,6,6,1,22,9,B03,24.126711,120.663156,2
2018,12,12,14,50,臺中市,西區,0,1,0,8,1,5,40,14,8,1,5,4,5,7,4,4,3,4,4,2,12,40,3,10,1,1,B03,7,13,1,8,2,4,  ,40,40,1,5,8,B03,24.151195,120.657237,2
2018,12,12,14,57,臺中市,南區,0,1,0,7,1,5,50,3,1,1,5,4,5,7,4,4,5,4,4,2,16,10,2,9,4,5,F01,7,11,8,20,2,16,  ,10,10,1,21,8,F01,24.11483,120.671408,2
2018,12,12,15,0,臺中市,南區,0,0,0,,,,,,,,,,,,,,,,,,,67,  ,  ,  ,  ,   ,  ,  ,8,  ,10,  ,  ,67,67,1,  ,  ,   ,24.126901,120.662694,3
2018,12,12,15,19,臺中市,南屯區,0,0,,8,,,50,,,,,,,,,,,,,,,,,,,,B03,,,1,,2,,,9,,1,22,,B03,24.148257,120.633284,3
2018,12,12,15,21,臺中市,太平區,0,0,,8,,,50,,,,,,,,,,,,,,,,,,,,B03,,,1,,2,,,19,,1,4,,B03,24.149967,120.711488,3
2018,12,12,15,23,臺中市,南區,0,2,0,7,1,5,50,3,1,1,5,4,5,7,1,1,10,5,5,2,15,25,2,8,4,5,F02,7,9,8,20,2,16,  ,25,25,1,21,8,F02,24.113905,120.665327,2
2018,12,12,15,27,臺中市,南屯區,0,2,0,8,1,5,50,3,1,1,5,4,5,7,4,4,10,5,5,2,16,6,2,9,1,4,C03,7,6,1,10,2,12,  ,6,6,1,22,8,C03,24.144861,120.634325,2
2018,12,12,15,49,臺中市,西屯區,0,0,,8,,,50,,,,,,,,,,,,,,,,,,,,B03,,,1,,2,,,23,,1,  ,,B03,24.172785,120.655696,3
2018,12,12,15,49,臺中市,西屯區,0,1,0,8,1,5,50,4,3,1,5,4,5,7,1,1,10,5,5,2,13,23,2,9,1,1,C03,7,15,1,10,2,11,  ,23,23,1,22,8,C03,24.171388,120.644198,2
2018,12,12,15,51,臺中市,太平區,,,,8,,,50,,,,,,,,,,,,,,,,,,,,C03,,,1,,2,,,19,,1,21,,C03,24.133566,120.725808,3
2018,12,12,15,52,臺中市,南區,0,0,0,8,1,5,50,3,1,1,5,4,5,7,1,1,10,5,5,2,13,23,3,  ,  ,  ,B03,  ,  ,1,  ,2,  ,  ,23,23,1,22,  ,B03,24.113381,120.657313,3
2018,12,12,16,6,臺中市,西屯區,0,0,,8,1,5,50,14,9,1,5,4,5,7,4,4,8,3,5,1,29,,,,,,B12,,,1,,2,,,23,,1,22,,B12,24.157536,120.610238,3
2018,12,12,16,7,臺中市,北區,,,,8,,,40,,,,,,,,,,,,,,,,,,,,B03,,,1,,2,,,23,,1,22,,B03,24.156922,120.68127,3
2018,12,12,16,8,臺中市,太平區,0,1,0,8,1,5,50,3,1,1,5,4,5,7,4,4,10,5,5,2,13,23,3,10,1,1,B03,7,9,1,8,2,8,  ,23,23,1,21,8,B03,24.144414,120.734313,2
2018,12,12,16,10,臺中市,大雅區,0,1,0,7,1,5,50,3,1,1,5,4,5,7,4,4,4,4,5,1,16,6,3,10,1,1,B12,7,6,1,8,2,2,  ,6,6,1,22,9,B12,24.244059,120.657821,2
2018,12,12,16,20,臺中市,西屯區,0,0,0,8,1,5,40,,,,,,,,,,,,,,,12,  ,  ,  ,  ,B12,  ,  ,1,  ,2,7,  ,12,12,1,22,  ,B12,24.176155,120.64211,3
2018,12,12,16,28,臺中市,太平區,0,0,,8,,,50,,,,,,,,,,,,,,,,,,,,B12,,,7,,11,,,43,,1,21,,B12,24.14444,120.734417,3
2018,12,12,16,34,臺中市,大雅區,0,1,0,8,1,5,50,4,1,1,5,4,5,7,2,1,10,5,5,1,15,25,3,10,1,1,B12,7,9,1,8,2,5,  ,25,25,1,22,9,B12,24.225925,120.66442,2
2018,12,12,16,39,臺中市,東區,0,0,0,8,1,5,50,4,1,1,5,4,5,7,4,4,5,5,5,2,16,6,3,10,1,1,B12,7,5,1,8,2,8,  ,6,6,1,21,8,B12,24.125095,120.697119,3
2018,12,12,16,45,臺中市,梧棲區,0,1,0,8,1,5,50,4,1,1,5,4,5,7,4,4,10,5,5,2,17,8,3,10,1,1,C03,7,5,1,10,2,15,  ,8,8,1,20,5,C03,24.246537,120.541049,2
2018,12,12,16,53,臺中市,東區,0,1,0,8,2,5,50,3,1,1,5,4,5,7,3,1,10,5,5,2,12,6,3,10,1,1,B03,7,11,1,8,2,8,  ,6,6,1,21,8,B03,24.13664,120.698051,2
2018,12,12,16,55,臺中市,北屯區,0,2,0,8,2,5,50,4,1,1,5,4,5,7,1,1,10,5,5,2,16,6,2,8,1,1,C03,7,6,1,10,2,11,  ,6,6,1,20,8,C03,24.175878,120.687986,2
2018,12,12,16,57,臺中市,西屯區,0,0,,8,,,40,,,,,,,,,,,,,,,,,,,,B03,,,1,,2,,,23,,1,  ,,B03,24.17019,120.638051,3
2018,12,12,17,5,臺中市,大里區,0,1,0,8,2,5,50,14,8,1,5,4,5,7,4,4,5,2,5,1,12,19,3,10,1,1,B03,7,1,1,8,2,7,  ,19,19,1,12,8,B03,24.106113,120.672563,2
2018,12,12,17,10,臺中市,沙鹿區,0,1,0,8,3,5,40,14,8,1,5,4,5,7,2,1,1,4,1,1,13,42,3,10,1,1,B03,7,9,1,8,2,5,  ,23,42,1,4,5,B03,24.233714,120.571956,2
2018,12,12,17,13,臺中市,南屯區,0,0,,8,,,40,,,,,,,,,,,,,,,,,,,,C03,,,1,,2,,,7,,1,22,,C03,24.151079,120.634605,3
2018,12,12,17,15,臺中市,大雅區,0,1,0,8,3,5,50,3,2,1,5,4,5,7,1,1,1,4,5,1,16,6,3,10,1,1,C03,7,5,1,10,2,11,  ,6,6,1,22,8,C03,24.226658,120.644698,2
2018,12,12,17,18,臺中市,太平區,,,,8,,,50,,,,,,,,,,,,,,,,,,,,B03,,,1,,2,,,17,,1,21,,B03,24.126697,120.714767,3
2018,12,12,17,20,臺中市,南屯區,0,0,,8,,,50,,,,,,,,,,,,,,,,,,,,B03,,,1,,2,,,12,,1,19,,B03,24.139954,120.65304,3
2018,12,12,17,24,臺中市,中區,0,2,0,8,3,5,40,4,1,1,5,4,5,7,1,1,10,3,5,2,16,4,3,10,1,1,C03,7,5,1,10,2,13,  ,4,4,1,21,8,C03,24.139384,120.683053,2
2018,12,12,17,25,臺中市,大里區,0,1,0,8,2,5,50,3,1,1,5,4,5,7,1,1,10,5,5,2,17,6,3,10,1,1,A12,7,5,1,7,2,5,1,6,6,1,22,5,A12,24.086846,120.723691,2
2018,12,12,17,30,臺中市,西區,0,0,,8,,,50,,,,,,,,,,,,,,,,,,,,B12,,,1,,2,,,42,,1,9,,B12,24.148836,120.672201,3
2018,12,12,17,30,臺中市,西屯區,0,0,,8,,,50,,,,,,,,,,,,,,,43,,,,,B03,,,1,,2,,,44,43,1,22,,B03,24.193853,120.606816,3
2018,12,12,17,30,臺中市,潭子區,0,1,0,8,3,5,50,4,1,1,5,4,5,7,1,1,1,4,4,1,13,16,2,9,1,1,C03,7,9,1,10,2,11,  ,16,16,1,22,9,C03,24.215949,120.688324,2
2018,12,12,17,34,臺中市,豐原區,0,0,0,8,,,60,,,,,,,,,,,,,,,7,  ,  ,  ,  ,B12,  ,  ,1,  ,2,  ,  ,7,7,1,10,  ,B12,24.255181,120.73746,3
2018,12,12,17,35,臺中市,清水區,0,0,0,8,,,50,,,,,,,,,,,,,,,23,  ,  ,  ,  ,B03,  ,  ,1,  ,2,  ,  ,23,23,1,  ,  ,B03,24.267425,120.574923,4
2018,12,12,17,38,臺中市,北屯區,0,1,0,8,3,5,40,14,9,1,5,4,5,7,4,4,5,5,5,2,13,23,3,10,1,1,B03,7,9,1,8,2,1,  ,23,23,1,5,8,B03,24.17731,120.674558,2
2018,12,12,17,42,臺中市,西屯區,0,2,0,8,3,5,50,14,9,1,5,4,5,7,4,4,9,4,5,2,16,19,2,8,3,4,C03,7,1,1,10,2,15,  ,19,19,1,22,9,C03,24.170962,120.587351,2
2018,12,12,17,42,臺中市,沙鹿區,0,1,0,8,3,5,50,5,1,1,5,4,5,7,1,1,10,5,5,2,16,25,2,9,1,1,C03,7,9,2,18,2,11,  ,25,25,1,21,8,C03,24.250203,120.565807,2
2018,12,12,17,46,臺中市,南區,0,0,,8,,,50,,,,,,,,,,,,,,,,,,,,B03,,,1,,2,,,23,,1,22,,B03,24.119768,120.651085,3
2018,12,12,17,46,臺中市,清水區,0,0,0,8,,,40,,,,,,,,,,,,,1,,12,  ,  ,  ,  ,B12,  ,  ,1,  ,2,  ,  ,12,12,1,  ,  ,B12,24.290076,120.587008,3
2018,12,12,17,49,臺中市,南屯區,0,0,,8,,,1,,,,,,,,,,,,,,,,,,,,B03,,,1,,9,,,23,,1,22,,B03,24.140338,120.649925,3
2018,12,12,17,57,臺中市,西區,0,1,0,8,3,5,50,4,1,1,5,4,5,7,1,1,10,5,5,2,13,23,3,10,1,1,C03,7,9,1,10,2,11,  ,23,23,1,5,5,C03,24.154386,120.66418,2
2018,12,12,18,0,臺中市,西區,0,1,0,8,1,5,40,5,1,1,5,4,5,7,2,1,10,5,5,2,13,23,2,9,1,1,C03,7,9,1,10,2,15,  ,23,23,1,21,8,C03,24.154904,120.664064,2
2018,12,12,18,0,臺中市,西屯區,0,1,0,8,3,5,50,3,1,1,5,4,5,7,1,1,10,5,5,2,16,8,3,10,3,4,B03,7,5,1,8,2,5,  ,8,8,1,22,9,B03,24.165345,120.657649,2
2018,12,12,18,0,臺中市,大里區,0,2,0,8,3,5,50,4,1,1,5,4,5,7,4,4,10,5,5,2,16,6,2,9,1,1,B03,7,9,1,8,2,2,  ,6,6,1,9,8,B03,24.094132,120.69726,2
2018,12,12,18,0,臺中市,沙鹿區,0,0,,8,,,40,,,,,,,,,,,,,,,,,,,,B12,,,1,,2,,,42,,1,7,,B12,24.233133,120.574095,3
2018,12,12,18,0,臺中市,神岡區,0,0,0,8,,,40,,,,,,,,,,,,,,,14,  ,  ,  ,  ,B03,  ,  ,1,  ,2,  ,  ,14,14,1,21,  ,B03,24.256126,120.688199,3
2018,12,12,18,2,臺中市,清水區,0,0,,8,,,50,,,,,,,,,,,,,,,,,,,,A04,,,1,,2,,,7,,1,10,,A04,24.270071,120.575871,3
2018,12,12,18,3,臺中市,北區,0,0,,8,,,50,,,,,,,,,,,,,,,23,,,,,B03,,,1,,2,,,38,23,1,5,,B03,24.170666,120.668264,3
2018,12,12,18,3,臺中市,北區,0,0,,8,,,50,,,,,,,,,,,,,,,,,,,,B03,,,1,,2,,,12,,1,  ,,B03,24.166938,120.674439,3
2018,12,12,18,8,臺中市,大里區,0,0,,8,,,50,,,,,,,,,,,,,,,,,,,,C03,,,1,,2,,,42,,1,21,,C03,24.107735,120.703738,3
2018,12,12,18,8,臺中市,東勢區,0,1,0,8,1,5,50,14,9,1,5,4,3,5,4,4,10,5,5,2,11,8,3,10,1,1,B03,7,5,1,8,2,1,  ,8,8,1,21,8,B03,24.261501,120.82406,2
2018,12,12,18,9,臺中市,太平區,0,2,0,8,3,5,50,3,9,1,5,4,5,7,4,4,10,5,5,2,12,43,2,9,1,1,C03,7,5,1,10,2,11,  ,43,43,1,4,1,C03,24.150623,120.721212,2
2018,12,12,18,12,臺中市,北區,,,,8,,,50,,,,,,,,,,,,,,,,,,,,B03,,,1,,2,,,23,,1,22,,B03,24.1602,120.679962,3
2018,12,12,18,12,臺中市,西屯區,0,0,0,8,,,40,,,,,,,,,,,,,,,7,  ,  ,  ,  ,B03,  ,  ,1,  ,2,  ,  ,7,7,1,22,  ,B03,24.196166,120.643178,3
2018,12,12,18,14,臺中市,烏日區,0,1,0,8,3,5,40,14,12,1,5,4,5,7,4,4,1,3,4,1,17,7,3,10,1,1,B03,7,8,1,8,2,5,  ,7,7,1,22,8,B03,24.107362,120.637093,2
2018,12,12,18,15,臺中市,潭子區,0,1,0,8,3,5,40,14,8,1,5,4,5,7,4,4,1,4,4,1,14,12,3,10,1,1,B12,7,2,1,8,2,7,  ,12,12,1,22,8,B12,24.229258,120.708365,2
2018,12,12,18,16,臺中市,后里區,0,1,0,8,3,5,40,14,9,1,5,4,5,7,4,4,10,5,5,2,17,19,2,9,1,1,C03,7,1,1,10,2,11,  ,19,19,1,21,8,C03,24.310118,120.720493,2
2018,12,12,18,20,臺中市,北區,0,0,,8,,,50,,,,,,,,,,,,,,,23,,,,,B03,,,1,,2,,,19,23,1,5,,B03,24.162979,120.671158,3
2018,12,12,18,22,臺中市,南屯區,0,0,,8,,,50,,,,,,,,,,,,,,,,,,,,B03,,,1,,2,,,6,,1,19,,B03,24.140577,120.654605,3
2018,12,12,18,22,臺中市,南屯區,0,0,,8,,,40,,,,,,,,,,,,,,,,,,,,B12,,,1,,2,,,42,,1,22,,B12,24.1401,120.621697,3
2018,12,12,18,22,臺中市,大里區,0,1,0,8,3,5,60,4,2,1,5,4,5,7,1,1,10,5,5,2,13,23,3,10,1,1,C03,7,9,1,10,2,11,  ,23,23,1,3,8,C03,24.100672,120.689058,2
2018,12,12,18,30,臺中市,大甲區,0,0,0,,,,,,,,,,,,,,,,,,,18,  ,  ,  ,  ,B03,  ,  ,1,  ,2,  ,  ,18,18,1,  ,  ,B03,24.347527,120.620536,3
2018,12,12,18,41,臺中市,南屯區,0,0,,8,,,50,,,,,,,,,,,,,,,,,,,,B03,,,1,,2,,,23,,1,22,,B03,,,3
2018,12,12,18,50,臺中市,北區,0,0,,8,,,50,,,,,,,,,,,,,,,,,,,,B12,,,1,,6,,,23,,1,  ,,B12,24.163113,120.684111,3
2018,12,12,18,53,臺中市,西區,0,0,,8,,,50,,,,,,,,,,,,,,,,,,,,B02,,,1,,2,,,12,,1,21,,B02,24.153986,120.661691,3
2018,12,12,18,58,臺中市,大雅區,0,0,,8,,,40,,,,,,,,,,,,,,,,,,,,B12,,,1,,2,,,6,,1,  ,,B12,24.227587,120.655565,3
2018,12,12,19,0,臺中市,南區,0,1,0,8,3,5,50,4,1,1,5,4,5,7,1,1,10,5,5,2,13,23,2,8,1,1,C03,7,9,3,18,2,11,  ,23,23,1,4,8,C03,24.124389,120.66008,2
2018,12,12,19,4,臺中市,南區,0,1,0,8,3,8,50,4,7,1,5,4,4,7,4,4,10,5,5,2,11,23,2,9,1,1,C03,7,9,1,10,2,14,  ,23,23,1,5,9,C03,24.130756,120.68438,2
2018,12,12,19,7,臺中市,西區,0,1,0,8,3,5,50,4,1,1,5,4,5,7,2,1,10,5,5,2,16,26,3,10,1,1,B03,7,6,1,8,2,5,  ,26,26,1,2,9,B03,24.130957,120.665536,2
2018,12,12,19,9,臺中市,龍井區,0,1,0,8,3,5,50,3,2,1,5,4,5,7,4,4,5,5,5,1,29,43,2,9,1,1,C03,7,9,1,10,2,14,  ,43,43,1,22,8,C03,24.186954,120.586027,2
2018,12,12,19,12,臺中市,豐原區,0,0,0,8,3,5,50,14,9,1,5,4,5,7,1,1,1,3,4,1,13,16,3,10,1,1,B03,7,9,1,8,2,1,  ,16,16,1,19,8,B03,24.264593,120.744185,3
2018,12,12,19,13,臺中市,南區,0,1,0,8,3,5,50,14,7,1,5,4,5,7,4,4,1,4,4,2,3,23,3,10,1,1,B03,7,9,1,8,2,1,  ,23,23,1,22,8,B03,24.129977,120.656699,2
2018,12,12,19,20,臺中市,南屯區,0,0,,8,,,50,,,,,,,,,,,,,,,,,,,,B12,,,1,,2,,,12,,1,22,,B12,24.144733,120.639009,3
2018,12,12,19,22,臺中市,西屯區,0,2,0,8,1,5,40,4,2,1,5,4,5,7,1,1,5,4,4,2,16,9,2,9,1,1,C03,7,6,1,10,2,12,  ,9,9,1,22,8,C03,24.160535,120.652968,2
2018,12,12,19,25,臺中市,南區,0,2,0,8,3,5,50,4,1,1,5,4,5,7,1,1,10,5,5,2,18,23,2,8,1,1,C03,7,9,1,10,2,12,  ,23,23,1,4,8,C03,24.122358,120.666802,2