年,月,日,時,分,縣市,區,死,受傷,2-30,天候,光線,道路類別,速限,道路型態,事故位置,路面鋪裝,路面狀態,路面缺陷,障礙物,視距,號誌種類,號誌動作,分向設施,快車道或一般車道間,快慢車道間,路面邊線,事故類型及型態,主要肇因,受傷程度,主要傷處,保護裝備,行動電話,當事者區分_類別,車輛用途,當事者行動狀態,駕駛資格情形,駕駛執照種類,飲酒情形,車輛撞擊部位最初,車輛撞擊部位其他,肇事因素個別,肇事因素主要,肇事逃逸,職業,旅次目的,車種,GPS座標X,GPS座標Y,事故類別
2018,12,12,19,27,臺中市,西屯區,0,1,0,8,3,5,40,15,8,1,5,4,5,7,4,4,1,4,1,2,13,23,2,9,4,1,F01,7,9,8,20,2,16,  ,23,23,1,22,8,F01,24.181553,120.635218,2
2018,12,12,19,28,臺中市,北屯區,0,0,0,8,,,40,,,,,,,,,,,,,,,23,3,  ,  ,  ,B03,  ,  ,1,  ,2,  ,  ,23,23,  ,21,  ,B03,24.162648,120.692348,3
2018,12,12,19,29,臺中市,太平區,0,0,,8,3,5,50,4,9,1,5,4,5,7,2,1,1,4,5,2,13,,,,,,B03,,,1,,2,,,16,,1,21,,B03,24.144408,120.71216,3
2018,12,12,19,50,臺中市,大甲區,0,1,0,8,3,5,70,14,8,1,5,4,5,7,4,4,1,4,4,1,18,50,2,9,1,1,C03,7,6,1,10,2,12,  ,50,50,1,9,8,C03,24.397263,120.646663,2
2018,12,12,20,3,臺中市,大里區,0,0,,8,,,70,,,,,,,,,,,,,,,,,,,,B03,,,1,,2,,,23,,1,21,,B03,24.102911,120.671768,3
2018,12,12,20,5,臺中市,北屯區,0,1,0,8,3,5,50,4,1,1,5,4,5,7,2,1,10,5,5,2,3,15,3,10,3,4,B03,7,5,1,8,2,5,  ,15,15,1,5,8,B03,24.1671,120.685091,2
2018,12,12,20,7,臺中市,大甲區,0,1,0,7,3,5,50,4,1,1,5,4,5,7,4,4,10,5,5,2,15,6,2,9,1,1,C03,7,9,1,10,2,11,12,6,6,1,5,8,C03,24.347014,120.619956,2
2018,12,12,20,9,臺中市,大雅區,0,1,0,8,3,5,50,4,1,1,5,4,5,7,1,1,1,4,5,1,16,6,3,10,1,1,B03,7,5,1,8,2,1,  ,6,6,1,22,9,B03,24.21604,120.64689,2
2018,12,12,20,20,臺中市,大肚區,0,1,0,8,3,5,50,4,4,1,5,4,5,7,1,1,5,4,5,1,13,43,3,10,1,1,B03,7,15,1,8,2,1,  ,43,43,1,4,5,B03,24.148625,120.545817,2
2018,12,12,20,26,臺中市,大里區,0,0,,8,,,50,,,,,,,,,,,,,,,,,,,,B03,,,1,,2,,,23,,1,  ,,B03,24.091021,120.696053,3
2018,12,12,20,28,臺中市,東區,0,1,0,8,3,5,50,4,1,1,5,4,5,7,2,1,10,5,5,2,16,6,3,10,3,4,B03,7,5,1,8,2,5,  ,6,6,1,5,8,B03,24.143256,120.68872,2
2018,12,12,20,29,臺中市,北區,0,1,0,7,3,5,50,14,7,1,5,4,5,7,4,4,5,4,5,2,16,11,2,9,1,1,C03,7,11,1,10,2,11,  ,11,11,1,5,8,C03,24.153935,120.689216,2
2018,12,12,20,30,臺中市,北屯區,0,0,,8,,,50,,,,,,,,,,,,,,,,,,,,B03,,,1,,2,,,23,,1,22,,B03,24.172581,120.72045,3
2018,12,12,20,48,臺中市,西屯區,0,0,0,8,3,5,40,14,9,1,5,4,5,7,4,4,10,4,5,2,13,16,3,10,3,4,C03,7,9,1,10,2,11,  ,16,16,1,22,9,C03,24.163766,120.649468,3
2018,12,12,20,55,臺中市,北區,0,1,0,8,3,5,50,3,1,1,5,4,5,7,4,4,10,5,5,2,16,6,3,10,1,1,B03,7,6,1,8,2,8,  ,6,6,1,21,8,B03,24.15489,120.698232,2
2018,12,12,21,3,臺中市,沙鹿區,0,1,0,8,3,5,40,4,1,1,5,4,5,7,1,1,10,5,5,2,12,23,2,9,1,1,C03,7,9,1,10,2,12,  ,23,23,1,18,8,C03,24.222553,120.579298,2
2018,12,12,21,13,臺中市,南區,0,0,0,8,,,50,,,,,,,,,,,,,,,23,3,  ,  ,  ,B03,  ,  ,1,  ,2,  ,  ,23,23,  ,1,  ,B03,24.133963,120.656966,3
2018,12,12,21,24,臺中市,后里區,0,1,0,7,3,5,40,14,9,1,5,4,5,7,4,4,5,4,5,1,18,44,2,9,1,1,C03,7,12,1,10,2,12,  ,44,44,1,21,8,C03,24.307566,120.730823,2
2018,12,12,21,30,臺中市,霧峰區,0,2,0,8,3,5,50,3,2,1,5,4,5,7,4,4,5,5,4,1,17,13,2,9,1,1,C03,7,9,1,10,2,12,  ,13,13,1,18,8,C03,24.065826,120.698615,2
2018,12,12,21,30,臺中市,沙鹿區,0,2,0,8,3,5,50,4,2,1,5,4,5,7,1,1,10,5,5,2,16,6,2,9,1,1,C03,7,5,1,10,2,12,  ,6,6,1,21,8,C03,24.215467,120.579908,2
2018,12,12,21,31,臺中市,西屯區,0,2,0,8,3,5,50,3,1,1,5,4,5,7,4,4,10,5,5,2,17,6,2,9,1,1,C03,7,5,1,10,2,11,  ,6,6,1,22,8,C03,24.173783,120.635995,2
2018,12,12,21,31,臺中市,太平區,0,1,0,8,3,5,50,3,1,1,5,4,5,7,3,1,10,5,5,2,13,23,2,9,1,1,C03,7,9,1,10,2,11,  ,23,23,1,18,5,C03,24.130648,120.73661,2
2018,12,12,21,35,臺中市,清水區,0,1,0,8,1,5,70,5,1,1,5,4,5,7,1,1,1,4,4,1,12,43,3,10,1,1,B03,7,6,1,8,2,2,  ,43,43,1,21,1,B03,24.303966,120.596228,2
2018,12,12,21,36,臺中市,大里區,0,0,,8,,,50,,,,,,,,,,,,,,,,,,,,B03,,,1,,2,,,12,,1,3,,B03,24.105602,120.681043,3
2018,12,12,21,42,臺中市,北屯區,0,1,0,8,3,5,50,4,1,1,5,4,5,7,1,1,10,5,5,2,16,25,2,9,1,1,C03,7,9,1,10,2,14,  ,25,25,1,21,8,C03,24.176078,120.696756,2
2018,12,12,21,47,臺中市,北區,0,2,0,7,3,5,50,3,1,1,5,4,5,7,1,1,10,5,5,2,16,19,2,9,1,1,C03,7,1,1,10,2,11,  ,19,19,1,5,8,C03,24.148917,120.681661,2
2018,12,12,21,50,臺中市,沙鹿區,0,2,0,8,3,5,40,14,8,1,5,4,5,7,4,4,1,4,1,1,13,16,2,9,1,1,C03,7,9,1,10,2,11,  ,16,16,1,18,5,C03,24.213319,120.580824,2
2018,12,12,21,58,臺中市,潭子區,0,3,0,8,3,5,40,4,1,1,5,4,5,7,4,4,10,5,5,2,15,6,2,9,1,1,C03,7,9,1,10,2,11,  ,6,6,1,22,8,C03,24.209395,120.702686,2
2018,12,12,21,59,臺中市,南區,0,1,0,8,3,5,50,4,1,1,5,4,5,7,1,1,10,5,5,2,13,23,3,10,1,1,C03,7,9,1,10,2,11,  ,23,23,1,22,8,C03,24.124097,120.679442,2
2018,12,12,22,14,臺中市,北區,0,0,,8,,,40,,,,,,,,,,,,,,,,,,,,C03,,,1,,2,,,12,,1,  ,,C03,24.159371,120.676319,3
2018,12,12,22,25,臺中市,南屯區,0,2,0,8,3,5,50,14,9,1,5,4,5,7,4,4,1,4,5,2,12,7,2,9,1,1,C03,7,8,1,10,2,12,  ,7,7,1,22,8,C03,24.151753,120.64668,2
2018,12,12,22,31,臺中市,西屯區,0,0,,8,,,50,,,,,,,,,,,,,,,,,,,,B03,,,1,,2,,,40,,1,  ,,B03,24.176412,120.64346,3
2018,12,12,22,37,臺中市,大雅區,0,0,,8,,,40,,,,,,,,,,,,,,,,,,,,B03,,,1,,2,,,23,,1,21,,B03,24.227133,120.648232,3
2018,12,12,22,40,臺中市,東區,0,1,0,8,3,5,50,3,1,1,5,4,5,7,3,1,10,5,5,2,18,23,2,9,1,1,C03,7,9,1,10,2,12,  ,23,23,1,22,8,C03,24.1361,120.686897,2
2018,12,12,22,54,臺中市,南屯區,0,0,0,8,,,50,,,,,,,,,,,,,,,23,  ,  ,  ,  ,B03,  ,  ,1,  ,2,1,  ,23,23,  ,22,  ,B03,24.145108,120.632206,3
2018,12,12,23,0,臺中市,潭子區,0,2,0,8,3,5,60,14,7,1,5,4,5,7,4,4,1,4,5,1,16,40,2,1,3,1,B03,7,14,6,18,2,4,  ,40,40,1,22,8,B03,24.201297,120.703625,2
2018,12,12,23,9,臺中市,大里區,0,1,0,8,3,5,40,4,1,1,5,4,5,7,1,1,1,4,5,1,17,9,3,10,3,4,B03,7,6,1,8,2,2,  ,9,9,1,12,8,B03,24.092779,120.690206,2
2018,12,12,23,18,臺中市,南區,0,0,,8,,,50,,,,,,,,,,,,,,,,,,,,B03,,,1,,11,,,44,,1,  ,,B03,24.124561,120.675893,3
2018,12,12,23,18,臺中市,龍井區,0,0,,8,,,60,,,,,,,,,,,,,,,,,,,,B03,,,1,,2,,,23,,1,22,,B03,24.175854,120.583621,3
2018,12,12,23,30,臺中市,龍井區,0,1,0,8,3,5,60,4,1,1,5,4,5,7,1,1,10,5,5,2,16,26,3,10,1,1,B03,7,6,1,8,2,6,  ,26,26,1,22,8,B03,24.18611,120.585638,2
2018,12,12,23,30,臺中市,龍井區,0,1,0,8,3,5,40,14,9,1,5,4,5,7,4,4,10,5,5,2,18,43,2,9,1,1,C03,7,9,1,10,11,14,  ,43,43,1,12,8,C03,24.221618,120.53043,2
2018,12,12,23,55,臺中市,南區,0,1,0,8,3,5,50,4,1,1,5,4,5,7,1,1,10,5,5,2,16,6,3,10,1,1,B03,7,6,1,8,2,2,  ,6,6,1,21,8,B03,24.129885,120.661615,2
2018,12,13,0,2,臺中市,霧峰區,0,0,,8,,,70,,,,,,,,,,,,,,,,,,,,B03,,,1,,2,,,23,,1,22,,B03,24.054563,120.696173,3
2018,12,13,0,15,臺中市,南屯區,0,1,0,8,3,5,40,14,7,1,5,4,5,7,4,4,5,4,4,2,17,19,3,10,1,1,B01,7,1,1,3,2,8,  ,19,19,1,10,9,B01,24.141152,120.633577,2
2018,12,13,0,18,臺中市,沙鹿區,0,0,,8,,,40,,,,,,,,,,,,,,,,,,,,B03,,,1,,2,,,12,,1,4,,B03,24.225562,120.570998,3
2018,12,13,0,20,臺中市,北區,0,2,0,8,3,5,50,4,1,1,5,4,5,7,1,1,10,5,5,2,12,7,2,9,3,4,C03,7,7,1,10,2,14,  ,7,7,1,5,8,C03,24.159325,120.678732,2
2018,12,13,0,49,臺中市,西屯區,0,3,0,8,3,5,40,4,1,1,5,4,5,7,1,1,10,5,5,2,16,25,2,9,1,1,C03,7,9,1,10,7,12,  ,25,25,1,5,8,C03,24.169703,120.6479,2
2018,12,13,1,55,臺中市,北區,0,0,,8,,,40,,,,,,,,,,,,,,,,,,,,B12,,,1,,9,,,23,,1,22,,B12,24.162213,120.686869,3
2018,12,13,5,36,臺中市,北區,0,2,0,8,3,5,50,5,8,1,5,4,5,7,2,1,1,3,3,2,3,15,2,9,3,4,C03,7,9,1,10,2,15,  ,15,15,1,5,8,C03,24.154716,120.664214,2
2018,12,13,5,48,臺中市,西屯區,0,0,0,8,,,40,,,,,,,,,,,,,,,23,  ,  ,  ,  ,B03,  ,  ,1,  ,2,  ,  ,23,23,1,22,  ,B03,24.16105,120.604811,3
2018,12,13,6,0,臺中市,大肚區,0,2,0,8,2,5,40,3,1,1,5,4,5,7,3,1,10,5,5,2,17,6,2,9,1,1,C03,7,9,1,10,2,14,  ,6,6,1,22,8,C03,24.171978,120.582413,2
2018,12,13,6,25,臺中市,北區,0,1,0,8,1,5,50,4,1,1,5,4,5,7,2,1,10,5,5,2,3,15,3,10,1,1,B03,7,5,1,8,2,4,  ,15,15,1,22,9,B03,24.171681,120.669732,2
2018,12,13,6,30,臺中市,大肚區,0,3,0,8,1,5,50,3,1,1,5,4,5,7,4,4,10,5,5,2,16,19,2,9,1,1,C03,7,1,1,10,2,11,  ,19,19,1,5,7,C03,24.152131,120.545734,2
2018,12,13,6,50,臺中市,大里區,0,1,0,8,1,5,50,4,1,1,5,4,5,7,1,1,10,5,5,2,17,6,3,10,1,1,B03,7,6,1,8,2,7,  ,6,6,1,21,5,B03,24.11139,120.69477,2
2018,12,13,6,55,臺中市,清水區,0,1,0,8,1,5,40,4,2,1,5,4,5,7,1,1,1,2,4,2,13,23,2,9,1,1,C03,7,9,1,10,2,11,  ,23,23,1,16,8,C03,24.259503,120.553739,2
2018,12,13,6,55,臺中市,潭子區,0,1,0,8,1,5,50,3,2,1,5,4,5,7,1,1,1,4,4,2,18,13,2,9,1,1,C03,7,9,1,10,2,14,  ,13,13,1,22,8,C03,24.203134,120.71057,2
2018,12,13,7,5,臺中市,大里區,0,2,0,8,1,5,50,14,7,1,5,4,5,7,4,4,5,5,4,1,16,23,2,9,1,1,C03,7,9,1,10,2,11,  ,23,23,1,9,8,C03,24.119625,120.692516,2
2018,12,13,7,10,臺中市,北屯區,0,3,0,8,1,5,50,4,1,1,5,4,5,7,1,1,10,5,5,2,16,23,2,9,1,1,C03,7,9,1,10,2,11,  ,23,23,1,9,8,C03,24.172146,120.683315,2
2018,12,13,7,15,臺中市,沙鹿區,0,1,0,8,1,5,50,11,9,1,5,4,5,7,4,4,9,5,5,1,18,42,2,9,1,1,C03,7,9,1,10,2,14,  ,42,42,1,18,8,C03,24.201827,120.578601,2
2018,12,13,7,15,臺中市,神岡區,0,0,,8,,,60,,,,,,,,,,,,,,,,,,,,B03,,,1,,2,,,23,,1,21,,B03,24.27436,120.665564,3
2018,12,13,7,20,臺中市,大里區,0,0,,8,,,60,,,,,,,,,,,,,,,,,,,,B03,,,1,,2,,,1,,1,5,,B03,24.104852,120.681276,3
2018,12,13,7,22,臺中市,北屯區,0,0,0,,1,5,50,5,1,1,5,4,5,7,4,4,10,3,5,2,11,23,3,10,1,1,B12,7,5,1,8,2,8,  ,23,23,1,21,8,B12,24.173373,120.717681,3
2018,12,13,7,29,臺中市,太平區,0,0,,8,,,50,,,,,,,,,,,,,,,,,,,,B03,,,1,,2,,,17,,1,4,,B03,24.12941,120.706641,3
2018,12,13,7,33,臺中市,西屯區,0,1,0,8,1,5,50,4,1,1,5,4,5,7,3,1,4,3,4,2,16,23,2,9,1,1,C03,7,9,1,8,2,11,  ,23,23,1,21,8,C03,24.163124,120.6527,2
2018,12,13,7,35,臺中市,霧峰區,0,3,0,8,1,5,40,8,9,1,5,4,5,7,4,4,1,5,5,1,17,21,2,1,1,1,C03,7,9,6,18,5,11,  ,21,21,1,22,5,C03,24.081196,120.663836,2
2018,12,13,7,37,臺中市,神岡區,0,2,0,8,1,5,40,4,1,1,5,4,5,7,4,4,5,5,5,1,15,6,2,9,1,1,F02,7,9,8,20,2,16,  ,6,6,1,21,8,F02,24.246955,120.676191,2
2018,12,13,7,38,臺中市,西屯區,0,1,0,8,1,5,50,4,1,1,5,4,5,7,1,1,10,5,5,2,12,23,3,10,1,1,B03,7,9,1,8,2,5,  ,23,23,1,22,8,B03,24.177783,120.64217,2
2018,12,13,7,40,臺中市,北區,0,1,0,8,1,5,50,14,7,1,5,4,5,7,4,4,5,4,4,2,18,23,2,9,1,1,C03,7,9,1,10,2,12,  ,23,23,1,22,8,C03,24.155223,120.681774,2
2018,12,13,7,40,臺中市,南屯區,0,1,0,8,1,5,40,14,8,1,5,4,5,7,4,4,1,5,1,2,18,43,2,9,1,4,C03,7,9,1,10,2,12,  ,43,43,1,22,8,C03,24.157501,120.59355,2
2018,12,13,7,40,臺中市,西屯區,0,0,,8,,,50,,,,,,,,,,,,,,,,,,,,B03,,,1,,2,,,25,,1,  ,,B03,24.200304,120.656493,3
2018,12,13,7,40,臺中市,沙鹿區,0,1,0,8,1,5,50,3,1,1,5,4,5,7,4,4,5,5,5,1,16,6,3,10,1,1,B03,7,5,1,8,2,5,  ,6,6,1,2,8,B03,24.20745,120.563996,2
2018,12,13,7,40,臺中市,大雅區,0,1,0,8,1,5,50,4,1,1,5,4,5,7,1,1,5,5,4,1,16,9,3,10,1,1,B12,7,6,1,8,2,2,  ,9,9,1,21,8,B12,24.219984,120.643087,2
2018,12,13,7,42,臺中市,西屯區,0,0,0,8,1,5,40,,,,,,,,,,,,,,,6,  ,  ,  ,  ,A12,  ,  ,1,  ,2,5,  ,6,6,1,21,  ,A12,24.162883,120.598658,3
2018,12,13,7,43,臺中市,潭子區,0,0,,8,,,50,,,,,,,,,,,,,,,,,,,,B03,,,1,,2,,,18,,1,22,,B03,24.224079,120.692289,3
2018,12,13,7,47,臺中市,潭子區,0,2,0,8,1,5,50,3,1,1,5,4,5,7,3,1,9,4,4,2,11,6,2,9,1,1,C03,7,5,1,10,2,11,  ,6,6,1,22,8,C03,24.209136,120.706923,2
2018,12,13,7,50,臺中市,大里區,0,1,0,8,1,5,50,4,1,1,5,4,5,7,1,1,10,5,5,2,12,25,3,10,1,1,C03,7,9,1,10,2,12,  ,25,25,1,7,8,C03,24.09004,120.697916,2
2018,12,13,7,50,臺中市,大里區,0,2,0,8,1,5,50,3,2,1,5,4,5,7,4,4,5,4,4,1,13,16,2,9,1,1,C03,7,9,1,10,2,11,  ,16,16,1,5,8,C03,24.096782,120.664283,2
2018,12,13,7,51,臺中市,北屯區,0,0,0,8,,,40,,,,,,,,,,,,,,,17,  ,  ,  ,  ,B03,  ,  ,1,  ,11,  ,  ,17,17,1,2,  ,B03,24.1704,120.7336,3
2018,12,13,7,51,臺中市,太平區,0,0,,8,,,50,,,,,,,,,,,,,,,,,,,,B03,,,1,,2,,,23,,1,21,,B03,24.128608,120.70793,3
2018,12,13,7,52,臺中市,西區,0,0,,8,,,50,,,,,,,,,,,,,,,,,,,,B03,,,1,,2,,,19,,1,5,,B03,24.147355,120.669378,3
2018,12,13,7,54,臺中市,南屯區,0,2,0,8,1,5,40,4,1,1,5,4,4,7,2,1,10,5,5,2,13,23,2,9,3,4,C03,7,9,1,10,2,11,  ,23,23,1,22,8,C03,24.124105,120.63297,2
2018,12,13,7,56,臺中市,西屯區,0,3,0,8,1,5,50,4,1,1,5,4,5,7,2,1,10,5,5,2,17,43,2,8,3,4,C03,7,9,1,9,2,11,  ,43,43,1,22,8,C03,24.192852,120.606516,2
2018,12,13,7,57,臺中市,南區,0,2,0,8,1,5,50,3,1,1,5,4,5,7,4,4,10,5,5,2,15,19,2,9,1,1,C03,7,1,1,10,2,11,  ,19,19,1,21,8,C03,24.126761,120.6622,2
2018,12,13,7,57,臺中市,太平區,0,0,,8,,,40,,,,,,,,,,,,,,,,,,,,B03,,,1,,2,,,6,,1,4,,B03,24.143192,120.712996,3
2018,12,13,7,58,臺中市,北屯區,0,0,0,8,,,50,,,,,,,,,,,,,,,23,  ,  ,  ,  ,B03,  ,  ,1,  ,2,  ,  ,23,23,  ,9,  ,B03,24.182264,120.710909,3
2018,12,13,7,58,臺中市,西屯區,0,1,0,8,1,5,50,3,1,1,5,4,5,7,4,4,10,5,5,2,16,6,3,10,3,4,B03,7,5,1,8,6,8,  ,6,6,1,19,8,B03,24.169011,120.638861,2
2018,12,13,8,7,臺中市,西屯區,0,0,,8,,,40,,,,,,,,,,,,,,,,,,,,B03,,,1,,2,,,12,,1,22,,B03,24.197732,120.642386,3
2018,12,13,8,13,臺中市,東區,0,2,0,8,1,5,50,5,1,1,5,4,5,7,1,1,10,5,5,2,17,25,2,8,1,1,C03,7,9,1,10,2,11,  ,25,25,1,5,8,C03,24.142746,120.697166,2
2018,12,13,8,13,臺中市,西屯區,0,0,0,8,,,40,,,,,,,,,,,,,,,23,  ,  ,  ,  ,C03,  ,  ,1,  ,2,  ,  ,23,23,1,  ,  ,C03,24.17505,120.645481,3
2018,12,13,8,15,臺中市,北區,0,1,0,8,1,5,40,14,8,1,5,4,5,7,4,4,1,4,4,2,13,30,3,10,1,1,C03,7,9,3,18,2,13,  ,30,30,1,21,4,C03,24.163111,120.667777,2
2018,12,13,8,18,臺中市,西區,0,1,0,8,1,5,50,14,9,1,5,4,5,7,4,4,5,4,5,2,16,26,3,10,1,1,B03,7,11,1,8,2,4,  ,26,26,1,5,5,B03,24.146727,120.655979,2
2018,12,13,8,20,臺中市,西屯區,0,2,0,8,1,5,40,14,8,1,5,4,5,7,4,4,1,4,1,2,13,23,2,9,1,1,C03,7,9,1,10,2,11,  ,23,23,1,21,8,C03,24.169622,120.638769,2
2018,12,13,8,20,臺中市,大肚區,0,2,0,8,1,5,50,4,1,1,5,4,5,7,3,1,10,5,5,2,16,6,2,9,1,1,C03,7,5,1,9,2,12,  ,6,6,1,21,8,C03,24.148943,120.54522,2
2018,12,13,8,20,臺中市,大雅區,0,1,0,8,1,5,50,14,9,1,5,4,5,7,4,4,5,4,4,1,12,23,3,10,1,1,C03,7,9,1,10,2,11,  ,23,23,1,22,9,C03,24.219855,120.642741,2
2018,12,13,8,23,臺中市,大里區,0,0,,8,,,50,,,,,,,,,,,,,,,,,,,,B01,,,1,,2,,,18,,1,  ,,B01,24.118778,120.692454,3
2018,12,13,8,25,臺中市,沙鹿區,0,2,0,8,1,5,50,3,2,1,5,4,5,7,4,4,5,4,4,2,17,4,2,7,1,1,C03,7,5,1,10,2,11,  ,4,4,1,4,8,C03,24.24456,120.564326,2
2018,12,13,8,25,臺中市,和平區,0,0,0,8,,,30,,,,,,,,,,,,,,,23,  ,  ,  ,  ,B03,  ,  ,1,  ,2,  ,  ,23,23,1,7,  ,B03,24.2566,121.2504,3
2018,12,13,8,26,臺中市,南屯區,0,0,,8,,,50,,,,,,,,,,,,,,,,,,,,B03,,,1,,2,,,23,,1,5,,B03,24.141223,120.63363,3
2018,12,13,8,27,臺中市,北區,0,0,,8,,,40,,,,,,,,,,,,,,,,,,,,B03,,,1,,2,,,23,,1,22,,B03,24.152879,120.677194,3
2018,12,13,8,28,臺中市,北區,,,,8,,,40,,,,,,,,,,,,,,,,,,,,A04,,,1,,2,,,23,,1,10,,A04,24.159612,120.67545,3
2018,12,13,8,32,臺中市,西區,0,0,,8,,,50,,,,,,,,,,,,,,,,,,,,B03,,,1,,2,,,23,,1,5,,B03,24.139019,120.673893,4
2018,12,13,8,35,臺中市,大里區,0,1,0,8,1,5,50,4,1,1,5,4,5,7,1,1,10,5,5,2,16,6,2,8,1,1,C03,7,9,1,10,2,14,  ,23,6,1,21,8,C03,24.103995,120.674666,2
2018,12,13,8,35,臺中市,龍井區,0,0,,8,,,50,,,,,,,,,,,,,,,,,,,,B03,,,1,,2,,,12,,  ,5,,B03,24.216223,120.519533,3
2018,12,13,8,40,臺中市,太平區,0,1,0,8,1,5,50,3,1,1,5,4,5,7,3,1,10,5,5,2,16,8,3,10,1,1,A41,7,5,1,5,2,1,  ,8,8,1,10,8,A41,24.133333,120.735915,2
2018,12,13,8,45,臺中市,南屯區,0,0,,8,,,40,,,,,,,,,,,,,,,,,,,,C03,,,1,,2,,,23,,1,19,,C03,24.139123,120.637908,3
2018,12,13,8,46,臺中市,南區,0,1,0,8,1,5,50,4,1,1,5,4,5,7,1,1,10,5,5,2,16,6,3,10,1,1,B01,7,6,1,4,2,5,  ,6,6,1,22,8,B01,24.128513,120.669101,2
2018,12,13,8,47,臺中市,石岡區,0,2,0,8,1,5,70,4,1,1,5,4,5,7,1,1,10,5,5,2,17,6,3,10,1,1,B03,7,5,1,8,2,2,  ,6,6,1,21,8,B03,24.274371,120.776941,2
2018,12,13,8,49,臺中市,西屯區,0,1,0,8,1,5,50,14,9,1,5,4,5,7,4,4,10,4,5,2,13,23,2,9,1,1,C03,7,9,1,10,2,11,  ,23,23,1,22,8,C03,24.165183,120.651095,2
2018,12,13,8,53,臺中市,南屯區,0,1,0,8,1,5,50,4,1,1,5,4,5,7,1,1,10,5,5,2,16,6,3,10,3,4,B03,7,6,1,8,2,5,  ,6,6,1,22,8,B03,24.146746,120.636206,2
2018,12,13,8,54,臺中市,沙鹿區,0,2,0,8,1,5,40,5,2,1,5,4,5,7,1,1,10,5,5,2,13,43,3,10,1,1,C03,7,9,1,10,2,14,  ,43,43,1,18,8,C03,24.225592,120.571428,2
2018,12,13,8,55,臺中市,南區,0,0,0,8,,,50,,,,,,,,,,,,,,,42,3,  ,  ,  ,B03,  ,  ,1,  ,2,  ,  ,42,42,  ,4,  ,B03,24.117473,120.653223,3
2018,12,13,8,55,臺中市,大里區,0,2,0,8,1,5,50,4,1,1,5,4,5,7,1,1,10,5,5,2,17,25,2,1,1,1,C03,7,9,1,9,2,11,  ,25,25,1,22,5,C03,24.094231,120.714038,2
2018,12,13,8,58,臺中市,西屯區,0,1,0,8,1,5,50,14,7,1,5,4,5,7,4,4,5,4,4,2,16,43,2,9,1,1,C03,7,6,1,10,2,14,  ,43,43,1,21,8,C03,24.178776,120.64471,2
2018,12,13,9,0,臺中市,大肚區,0,1,0,8,1,5,40,14,9,1,5,4,5,7,4,4,10,5,5,2,13,43,3,10,1,1,B12,7,5,1,8,2,7,  ,43,43,1,21,8,B12,24.170238,120.528061,2
2018,12,13,9,0,臺中市,梧棲區,0,2,0,8,1,5,40,3,1,1,5,4,5,7,4,4,10,5,5,2,16,6,2,9,1,1,C03,7,5,1,10,2,11,  ,6,6,1,20,8,C03,24.240518,120.544644,2
2018,12,13,9,2,臺中市,烏日區,0,1,0,8,1,5,50,14,9,1,5,4,5,7,4,4,7,4,5,1,11,23,2,9,1,1,C03,7,4,5,10,2,11,  ,23,23,1,21,8,C03,24.049046,120.635851,2
2018,12,13,9,5,臺中市,北區,0,1,0,8,1,5,50,3,1,1,5,4,5,7,4,4,5,5,5,2,13,23,2,8,1,1,C03,7,9,1,10,2,11,  ,23,23,1,18,2,C03,24.152094,120.683217,2
2018,12,13,9,24,臺中市,太平區,0,0,,8,,,50,,,,,,,,,,,,,,,,,,,,B03,,,1,,2,,,19,,1,  ,,B03,24.122222,120.710277,3
2018,12,13,9,30,臺中市,潭子區,0,1,0,8,1,5,50,14,7,1,5,4,5,7,4,4,5,5,4,2,3,51,2,9,4,5,H01,8,16,8,20,10,16,  ,51,51,1,22,9,H01,24.210093,120.700968,2
2018,12,13,9,35,臺中市,南區,0,1,0,8,1,5,50,4,1,1,5,4,5,7,1,1,10,5,5,2,16,26,3,10,1,1,B03,7,6,1,8,2,5,  ,26,26,1,21,8,B03,24.120072,120.650894,2
2018,12,13,9,37,臺中市,太平區,0,1,0,8,1,5,50,4,1,1,5,4,5,7,1,1,10,5,5,2,16,8,3,10,1,1,B12,7,5,1,8,2,6,  ,8,8,1,4,5,B12,24.15183,120.721101,2
2018,12,13,9,40,臺中市,西屯區,0,0,,8,,,50,,,,,,,,,,,,,,,,,,,,B03,,,1,,2,,,23,,1,22,,B03,24.201052,120.65669,3
2018,12,13,9,51,臺中市,南屯區,0,1,0,8,1,5,50,4,1,1,5,4,5,7,4,4,10,5,5,2,15,6,2,8,1,4,C03,7,9,1,10,2,11,  ,6,6,1,22,8,C03,24.14688,120.613395,2
2018,12,13,9,52,臺中市,西屯區,0,0,0,8,,,60,,,,,,,,,,,,,,,23,  ,  ,  ,  ,B03,  ,  ,1,  ,2,  ,  ,23,23,1,  ,  ,B03,24.16809,120.640555,3
2018,12,13,9,55,臺中市,西屯區,0,0,,8,,,50,,,,,,,,,,,,,,,,,,,,B03,,,1,,2,,,23,,1,  ,,B03,24.16885,120.660289,3
2018,12,13,10,2,臺中市,南屯區,,,,8,,,50,,,,,,,,,,,,,,,,,,,,B03,,,1,,2,,,23,,1,22,,B03,24.139796,120.646779,3
2018,12,13,10,4,臺中市,北屯區,0,2,0,8,1,5,50,4,1,1,5,4,5,7,1,1,10,5,5,2,15,25,2,8,1,1,C03,7,9,3,18,2,14,  ,25,25,1,5,8,C03,24.190133,120.685241,2