年,月,日,時,分,縣市,區,死,受傷,2-30,天候,光線,道路類別,速限,道路型態,事故位置,路面鋪裝,路面狀態,路面缺陷,障礙物,視距,號誌種類,號誌動作,分向設施,快車道或一般車道間,快慢車道間,路面邊線,事故類型及型態,主要肇因,受傷程度,主要傷處,保護裝備,行動電話,當事者區分_類別,車輛用途,當事者行動狀態,駕駛資格情形,駕駛執照種類,飲酒情形,車輛撞擊部位最初,車輛撞擊部位其他,肇事因素個別,肇事因素主要,肇事逃逸,職業,旅次目的,車種,GPS座標X,GPS座標Y,事故類別
2018,12,13,10,20,臺中市,大里區,0,0,0,8,1,5,40,4,2,1,5,4,5,7,4,4,10,5,5,2,12,40,3,10,3,4,B03,7,5,1,8,9,7,  ,40,40,1,5,8,B03,24.093275,120.702578,3
2018,12,13,10,24,臺中市,南區,0,1,0,8,1,5,50,4,1,1,5,4,5,7,1,1,10,5,5,2,16,6,3,10,1,1,B03,7,6,1,8,2,2,  ,6,6,1,22,8,B03,24.128478,120.678271,2
2018,12,13,10,25,臺中市,北屯區,0,1,0,7,1,5,50,4,1,1,5,4,5,7,1,1,4,3,5,2,15,25,3,10,1,1,C03,7,9,1,10,2,12,  ,25,25,1,21,8,C03,24.186941,120.687878,2
2018,12,13,10,25,臺中市,烏日區,0,0,,8,,,50,,,,,,,,,,,,,,,,,,,,B12,,,1,,2,,,12,,1,21,,B12,24.117781,120.645285,3
2018,12,13,10,26,臺中市,烏日區,0,1,0,8,1,5,60,5,2,1,5,4,5,7,1,1,1,3,4,1,17,9,3,10,1,1,B03,7,6,1,7,2,2,  ,9,9,1,22,8,B03,24.104017,120.627299,2
2018,12,13,10,27,臺中市,烏日區,0,2,0,8,1,5,40,14,8,1,5,4,5,7,4,4,1,4,4,1,13,23,2,9,1,1,C03,7,9,1,10,7,11,12,23,23,1,21,7,C03,24.105608,120.620023,2
2018,12,13,10,30,臺中市,北屯區,0,1,0,8,1,5,40,4,1,1,5,4,5,7,1,1,10,5,5,2,16,25,2,9,1,1,C03,7,5,1,10,2,12,  ,25,25,1,20,8,C03,24.172171,120.68355,2
2018,12,13,10,30,臺中市,潭子區,0,0,,8,,,60,,,,,,,,,,,,,,,,,,,,B03,,,1,,2,,,6,,1,22,,B03,24.219777,120.688894,3
2018,12,13,10,40,臺中市,西屯區,0,1,0,8,1,5,40,14,8,1,5,4,5,7,4,4,10,4,4,2,18,42,2,9,1,1,C03,7,9,1,10,2,12,  ,42,42,1,22,8,C03,24.172048,120.635198,2
2018,12,13,10,40,臺中市,大甲區,0,1,0,8,1,5,50,4,1,1,5,4,5,7,4,4,10,5,5,2,17,8,3,10,1,1,B03,7,5,1,8,2,5,  ,8,8,1,22,9,B03,24.354439,120.621334,2
2018,12,13,10,41,臺中市,北屯區,0,1,0,8,1,5,40,4,2,1,5,4,5,7,1,1,1,2,4,2,16,23,2,9,1,1,C03,7,9,1,10,2,11,  ,23,23,1,5,8,C03,24.1649,120.7059,2
2018,12,13,10,43,臺中市,太平區,0,1,0,8,1,5,50,14,7,1,5,4,5,7,4,4,5,4,4,2,17,38,3,10,1,1,B02,7,14,1,8,2,4,  ,38,38,1,21,8,B02,24.153737,120.703891,2
2018,12,13,10,46,臺中市,沙鹿區,0,0,,8,,,60,,,,,,,,,,,,,,,,,,,,B12,,,1,,2,,,16,,  ,4,,B12,24.252147,120.575453,4
2018,12,13,10,55,臺中市,烏日區,0,0,,8,,,40,,,,,,,,,,,,,,,,,,,,B12,,,1,,2,,,9,,1,22,,B12,24.116838,120.608368,3
2018,12,13,11,10,臺中市,梧棲區,0,2,0,8,1,5,50,14,9,1,5,4,5,7,4,4,9,5,5,1,17,43,3,10,1,1,B03,7,5,1,8,2,15,  ,43,43,1,2,9,B03,24.24097,120.542812,2
2018,12,13,11,20,臺中市,北屯區,0,1,0,8,1,5,50,14,7,1,5,4,5,7,4,4,9,5,4,2,16,42,3,10,1,1,B03,7,15,1,8,2,7,  ,42,42,1,4,8,B03,24.18635,120.686498,2
2018,12,13,11,25,臺中市,沙鹿區,0,0,,8,,,40,,,,,,,,,,,,,,,,,,,,B03,,,1,,2,,,19,,  ,4,,B03,24.235779,120.558704,3
2018,12,13,11,26,臺中市,西區,0,0,0,8,,,50,,,,,,,,,,,,,,,6,3,  ,  ,  ,B03,  ,  ,1,  ,2,  ,  ,6,6,  ,5,  ,B03,24.152333,120.653864,3
2018,12,13,11,32,臺中市,西屯區,0,0,,8,,,40,,,,,,,,,,,,,,,,,,,,B03,,,1,,2,,,16,,1,22,,B03,24.200833,120.660315,3
2018,12,13,11,40,臺中市,大肚區,0,1,0,8,1,5,40,14,9,1,5,4,5,7,4,4,10,5,5,1,18,42,  ,  ,  ,  ,   ,  ,  ,  ,  ,  ,  ,  ,67,42,1,  ,  ,   ,24.172149,120.575503,2
2018,12,13,11,40,臺中市,后里區,0,1,0,8,1,5,40,14,9,1,5,4,5,7,4,4,5,4,5,1,17,40,3,10,3,4,B01,7,14,4,8,2,4,  ,40,40,1,21,8,B01,24.308988,120.724296,2
2018,12,13,11,44,臺中市,太平區,0,0,,8,,,40,,,,,,,,,,,,,,,,,,,,A12,,,1,,2,,,17,,1,9,,A12,24.155343,120.713738,3
2018,12,13,11,48,臺中市,西屯區,0,1,0,8,1,5,40,3,1,1,5,4,5,7,1,1,10,5,5,2,16,6,3,10,1,1,B03,7,6,1,8,2,2,  ,6,6,1,21,8,B03,24.184715,120.611843,2
2018,12,13,11,49,臺中市,太平區,0,1,0,8,1,5,50,3,2,1,5,4,5,7,4,4,5,5,5,1,12,3,2,8,1,1,C03,7,9,1,10,2,14,  ,3,3,1,19,5,C03,24.132013,120.716683,2
2018,12,13,11,50,臺中市,北區,0,0,,8,,,50,,,,,,,,,,,,,,,,,,,,B12,,,1,,2,,,23,,1,22,,B12,24.167274,120.673069,3
2018,12,13,11,56,臺中市,西屯區,0,0,,8,,,40,,,,,,,,,,,,,,,,,,,,C03,,,1,,2,,,23,,1,22,,C03,24.163408,120.648683,3
2018,12,13,12,3,臺中市,大里區,0,3,0,8,1,5,50,4,1,1,5,4,5,7,2,1,10,5,5,2,15,25,2,8,1,1,C03,7,9,1,10,2,14,  ,44,25,1,21,8,C03,24.09029,120.693323,2
2018,12,13,12,5,臺中市,北區,0,1,0,8,1,5,50,3,1,1,5,4,5,7,4,4,10,5,5,2,16,26,3,10,1,1,C03,7,9,1,10,2,12,  ,26,26,1,22,9,C03,24.17164,120.66766,2
2018,12,13,12,10,臺中市,北屯區,0,0,0,8,,,50,,,,,,,,,,,,,,,23,  ,  ,  ,  ,B03,  ,  ,1,  ,2,  ,  ,23,23,  ,21,  ,B03,24.199911,120.686715,3
2018,12,13,12,10,臺中市,外埔區,0,1,0,8,1,5,50,4,9,1,5,4,5,7,3,1,5,5,5,2,11,5,2,9,1,1,C03,7,5,3,18,2,14,  ,5,5,1,20,5,C03,24.327645,120.65763,2
2018,12,13,12,10,臺中市,潭子區,0,0,,8,,,50,,,,,,,,,,,,,,,,,,,,B03,,,1,,2,,,18,,1,22,,B03,24.22146,120.692312,3
2018,12,13,12,12,臺中市,霧峰區,0,0,,8,,,50,,,,,,,,,,,,,,,,,,,,C03,,,1,,2,,,16,,1,22,,C03,24.066111,120.698916,3
2018,12,13,12,12,臺中市,后里區,0,0,0,8,1,5,40,14,9,2,5,4,5,7,4,4,10,5,5,2,14,12,3,10,1,1,B03,7,2,1,8,2,6,  ,12,12,1,21,8,B03,24.309469,120.711741,3
2018,12,13,12,20,臺中市,大甲區,0,0,,8,,,50,,,,,,,,,,,,,,,,,,,,B12,,,1,,2,,,23,,1,20,,B12,24.347962,120.620829,3
2018,12,13,12,20,臺中市,潭子區,0,0,,8,,,50,,,,,,,,,,,,,,,,,,,,B03,,,1,,2,,,19,,1,22,,B03,24.211718,120.700601,3
2018,12,13,12,21,臺中市,太平區,0,1,0,8,1,5,50,3,2,1,5,4,5,7,4,4,5,5,5,2,14,12,3,10,1,1,B03,7,2,1,8,2,3,  ,12,12,1,21,8,B03,24.123791,120.720016,2
2018,12,13,12,24,臺中市,大雅區,0,1,0,8,1,5,50,4,1,1,5,4,5,7,2,1,10,4,5,1,13,23,3,10,1,1,B03,7,9,1,8,2,5,  ,23,23,1,22,9,B03,24.219426,120.662473,2
2018,12,13,12,26,臺中市,大里區,0,1,0,8,1,5,40,11,9,1,5,4,5,1,4,4,10,5,5,2,16,6,3,10,1,1,B12,7,6,1,8,2,1,  ,6,6,1,19,8,B12,24.087769,120.701272,2
2018,12,13,12,26,臺中市,沙鹿區,0,0,,8,,,40,,,,,,,,,,,,,,,,,,,,B03,,,1,,2,,,23,,1,  ,,B03,24.202305,120.568907,3
2018,12,13,12,30,臺中市,西屯區,0,0,,8,,,50,,,,,,,,,,,,,,,,,,,,B03,,,1,,2,,,23,,1,22,,B03,24.171824,120.666748,3
2018,12,13,12,31,臺中市,西屯區,0,2,0,8,1,5,40,4,1,1,5,4,5,7,4,4,10,5,5,2,16,6,2,9,1,1,C03,7,9,1,10,2,12,  ,6,6,1,21,8,C03,24.180711,120.644021,2
2018,12,13,12,45,臺中市,西區,0,1,0,8,1,5,50,8,9,1,5,4,5,7,4,4,5,5,5,2,17,42,3,10,1,1,C03,7,9,1,10,2,15,  ,42,42,1,5,5,C03,24.14778,120.657052,2
2018,12,13,12,45,臺中市,沙鹿區,0,0,,8,,,50,,,,,,,,,,,,,,,,,,,,B12,,,1,,2,,,12,,1,10,,B12,24.236778,120.561898,3
2018,12,13,12,46,臺中市,北區,0,1,0,8,1,5,50,4,1,1,5,4,5,7,2,1,10,5,5,2,16,26,3,10,1,1,C03,7,5,1,10,2,13,  ,26,26,1,22,8,C03,24.166908,120.673171,2
2018,12,13,12,49,臺中市,西屯區,0,3,0,8,1,5,50,4,1,1,5,4,5,7,1,1,5,4,4,2,13,42,2,9,1,1,C03,7,9,1,10,2,13,  ,42,42,1,22,8,C03,24.177051,120.64303,2
2018,12,13,12,55,臺中市,南區,0,0,0,8,,,40,,,,,,,,,,,,,,,23,3,  ,  ,  ,B12,  ,  ,1,  ,2,  ,  ,23,23,  ,6,  ,B12,24.128228,120.674403,3
2018,12,13,12,59,臺中市,南區,0,1,0,8,1,5,50,14,9,1,5,4,5,7,4,4,5,4,5,2,17,43,2,9,1,1,C03,7,9,1,10,2,11,  ,43,43,1,21,8,C03,24.116933,120.663636,2
2018,12,13,12,59,臺中市,龍井區,0,1,0,8,1,5,50,4,1,1,5,4,5,7,2,1,10,5,5,2,13,16,2,9,1,1,C03,7,9,1,10,2,11,  ,16,16,1,21,8,C03,24.186414,120.585755,2
2018,12,13,13,0,臺中市,沙鹿區,0,1,0,8,1,5,40,11,9,1,5,4,5,7,4,4,10,5,5,2,10,23,3,10,1,1,B03,7,9,1,8,2,1,  ,23,23,1,4,5,B03,24.23949,120.601524,2
2018,12,13,13,0,臺中市,潭子區,0,1,0,8,1,5,50,3,1,1,5,4,5,7,1,1,10,5,5,2,16,23,2,1,1,1,C03,7,9,1,10,2,11,  ,23,23,1,22,8,C03,24.215044,120.723227,2
2018,12,13,13,3,臺中市,大甲區,0,0,0,7,1,5,40,12,9,1,5,2,5,1,4,4,4,2,5,1,12,4,3,10,1,1,C03,7,1,1,10,2,11,  ,4,4,1,20,7,C03,24.344063,120.632699,3
2018,12,13,13,8,臺中市,北區,0,0,0,8,,,50,,,,,,,,,,,,,,,,3,  ,  ,  ,B03,  ,  ,1,  ,2,  ,  ,18,  ,2,22,  ,B03,24.167132,120.676021,3
2018,12,13,13,10,臺中市,南屯區,0,1,0,8,1,5,40,14,8,1,5,4,5,7,4,4,1,4,1,2,17,23,2,9,1,1,C03,7,9,1,10,2,11,  ,23,23,1,21,8,C03,24.149428,120.623262,2
2018,12,13,13,10,臺中市,大里區,0,0,,8,,,50,,,,,,,,,,,,,,,,,,,,A41,,,1,,2,,,17,,1,21,,A41,24.09256,120.690129,3
2018,12,13,13,19,臺中市,霧峰區,0,0,,8,,,70,,,,,,,,,,,,,,,,,,,,B02,,,1,,2,,,6,,1,21,,B02,24.013413,120.69576,3
2018,12,13,13,22,臺中市,北屯區,0,1,0,8,1,5,50,3,7,1,5,4,5,7,4,4,5,4,5,2,16,10,3,10,1,1,B03,7,11,1,8,2,7,  ,10,10,1,20,5,B03,24.176166,120.723138,2
2018,12,13,13,27,臺中市,南區,0,1,0,8,1,5,50,4,1,1,4,4,5,7,4,4,10,5,5,2,16,6,3,10,1,1,B03,7,8,1,4,2,5,  ,6,6,1,22,8,B03,24.115713,120.655026,2
2018,12,13,13,28,臺中市,西屯區,0,1,0,8,1,5,50,14,7,1,5,4,5,7,1,1,3,4,4,2,13,23,3,10,1,1,B03,7,14,3,18,2,1,  ,23,23,1,21,8,B03,24.203834,120.65331,2
2018,12,13,13,29,臺中市,南屯區,0,0,,8,,,50,,,,,,,,,,,,,,,,,,,,B03,,,1,,2,,,42,,1,21,,B03,24.142763,120.637712,3
2018,12,13,13,29,臺中市,南屯區,0,1,0,8,1,5,50,4,1,1,5,4,5,7,1,1,10,5,5,2,16,25,3,10,1,4,B12,7,5,1,8,2,5,  ,25,25,1,22,8,B12,24.138315,120.612803,2
2018,12,13,13,32,臺中市,北區,0,0,,8,,,50,,,,,,,,,,,,,,,,,,,,B03,,,1,,2,,,16,,1,22,,B03,24.150283,120.676177,3
2018,12,13,13,34,臺中市,南屯區,0,0,,8,,,40,,,,,,,,,,,,,,,,,,,,B12,,,1,,2,,,12,,1,22,,B12,24.150071,120.635493,3
2018,12,13,13,43,臺中市,西區,0,1,0,8,1,5,50,4,1,1,5,4,5,7,2,1,10,5,5,2,16,26,2,9,1,1,C03,7,5,1,10,2,11,  ,26,26,1,21,8,C03,24.150202,120.654842,2
2018,12,13,13,44,臺中市,西屯區,0,1,0,8,1,5,50,4,1,1,5,4,5,7,2,1,10,5,5,2,16,6,3,10,3,4,B03,7,6,1,8,2,2,  ,6,6,1,22,8,B03,24.166124,120.637228,2
2018,12,13,13,47,臺中市,霧峰區,0,0,,8,,,50,,,,,,,,,,,,,,,,,,,,B03,,,1,,2,,,17,,1,20,,B03,24.06555,120.696213,3
2018,12,13,13,51,臺中市,南區,0,1,0,8,1,5,50,4,1,1,5,4,5,7,1,2,10,5,5,1,16,6,3,10,1,1,B03,7,5,1,8,2,5,  ,6,6,1,9,5,B03,24.114914,120.671036,2
2018,12,13,13,53,臺中市,南屯區,0,0,,8,,,50,,,,,,,,,,,,,,,,,,,,B03,,,1,,2,,,16,,1,5,,B03,24.153911,120.635205,3
2018,12,13,14,0,臺中市,大里區,0,0,,8,,,40,,,,,,,,,,,,,,,,,,,,B03,,,1,,2,,,23,,1,22,,B03,24.101221,120.691795,3
2018,12,13,14,11,臺中市,中區,0,0,,8,,,50,,,,,,,,,,,,,,,,,,,,B03,,,1,,2,,,23,,1,20,,B03,24.142219,120.672412,3
2018,12,13,14,15,臺中市,梧棲區,0,0,,8,,,40,,,,,,,,,,,,,,,,,,,,B12,,,1,,2,,,23,,1,2,,B12,24.222059,120.528882,3
2018,12,13,14,23,臺中市,西區,0,0,0,8,,,50,,,,,,,,,,,,,,,16,3,  ,  ,  ,B03,  ,  ,1,  ,2,  ,  ,16,16,  ,5,  ,B03,24.141732,120.675465,3
2018,12,13,14,35,臺中市,西區,0,1,0,8,1,5,50,3,2,1,5,4,5,7,4,4,5,2,4,2,13,16,2,9,1,1,C03,7,9,1,10,2,11,  ,16,16,1,5,5,C03,24.142071,120.675032,2
2018,12,13,14,35,臺中市,龍井區,0,0,,8,,,50,,,,,,,,,,,,,,,,,,,,B03,,,1,,2,,,4,,1,  ,,B03,24.125745,120.512487,3
2018,12,13,14,36,臺中市,西屯區,0,2,0,8,1,5,50,4,1,1,5,4,5,7,4,4,5,5,5,2,16,6,2,9,1,1,C03,7,9,1,10,2,12,  ,6,6,1,22,9,C03,24.161287,120.653804,2
2018,12,13,14,41,臺中市,石岡區,0,0,0,8,,,70,,,,,,,,,,,,,,,16,  ,  ,  ,  ,B03,  ,  ,1,  ,2,  ,  ,16,16,1,22,  ,B03,24.275233,120.772041,3
2018,12,13,14,53,臺中市,北區,0,2,0,8,1,5,50,4,1,1,5,4,5,7,1,1,10,5,5,2,16,6,3,10,1,1,B03,7,5,1,8,2,1,  ,6,6,1,22,8,B03,24.153541,120.685582,2
2018,12,13,15,0,臺中市,西區,0,2,0,8,1,5,50,4,1,1,5,4,5,7,1,1,5,4,4,2,13,23,2,9,1,1,C03,7,9,1,10,2,11,  ,23,23,1,5,7,C03,24.141278,120.672787,2
2018,12,13,15,8,臺中市,沙鹿區,0,0,,8,,,50,,,,,,,,,,,,,,,,,,,,B03,,,1,,2,,,19,,1,18,,B03,24.228522,120.574018,3
2018,12,13,15,21,臺中市,西屯區,0,0,,8,,,40,,,,,,,,,,,,,,,,,,,,B03,,,1,,2,,,42,,1,  ,,B03,24.19252,120.610084,3
2018,12,13,15,24,臺中市,沙鹿區,0,0,,8,,,70,,,,,,,,,,,,,,,,,,,,B12,,,1,,2,,,23,,1,21,,B12,24.24667,120.607632,3
2018,12,13,15,25,臺中市,新社區,0,1,0,7,1,5,50,11,9,1,5,4,5,7,4,4,9,4,5,1,20,23,2,3,1,1,B03,7,9,1,8,2,5,  ,23,23,1,21,8,B03,24.260166,120.801765,2
2018,12,13,15,30,臺中市,西屯區,0,2,0,8,1,5,40,3,2,1,5,4,5,7,4,4,5,4,4,2,16,6,2,9,1,1,C03,7,6,1,10,2,14,  ,6,6,1,22,8,C03,24.186001,120.616045,2
2018,12,13,15,32,臺中市,北區,0,1,0,8,1,5,50,14,7,1,5,4,5,7,4,4,9,4,4,2,13,23,2,9,1,1,C03,7,9,1,10,2,11,  ,23,23,1,5,8,C03,24.161513,120.663407,2
2018,12,13,15,40,臺中市,清水區,0,0,,8,,,40,,,,,,,,,,,,,,,,,,,,B12,,,1,,2,,,23,,1,22,,B12,24.270816,120.580933,3
2018,12,13,15,48,臺中市,大甲區,0,1,0,8,1,5,50,3,1,1,5,4,5,7,4,4,5,4,4,1,16,8,2,9,1,1,C03,7,5,1,10,2,14,  ,8,8,1,21,8,C03,24.351587,120.627968,2
2018,12,13,15,52,臺中市,太平區,0,0,,8,,,50,,,,,,,,,,,,,,,,,,,,B03,,,1,,2,,,5,,2,18,,B03,24.14122,120.728563,3
2018,12,13,15,55,臺中市,北屯區,0,1,0,8,1,5,50,4,1,1,5,4,5,7,2,1,10,5,5,2,12,26,3,10,3,4,B12,7,15,1,8,2,2,  ,26,26,1,21,8,B12,24.176963,120.690328,2
2018,12,13,16,6,臺中市,潭子區,0,0,,8,,,50,,,,,,,,,,,,,,,,,,,,B12,,,1,,2,,,40,,1,22,,B12,24.225623,120.687845,3
2018,12,13,16,10,臺中市,北屯區,0,1,0,8,1,5,50,3,1,1,5,4,5,7,4,4,10,5,5,2,16,10,3,10,3,4,B03,7,11,1,8,2,4,  ,10,10,1,22,8,B03,24.193361,120.677265,2
2018,12,13,16,11,臺中市,中區,0,1,0,8,1,5,50,4,1,1,5,4,5,7,2,1,10,5,5,2,16,19,2,9,1,1,C03,7,1,1,10,2,11,  ,19,19,1,20,9,C03,24.139387,120.679265,2
2018,12,13,16,14,臺中市,南屯區,0,0,,8,,,40,,,,,,,,,,,,,,,,,,,,A12,,,1,,3,,,12,,2,10,,A12,24.138639,120.622501,3
2018,12,13,16,15,臺中市,霧峰區,0,0,,8,,,50,,,,,,,,,,,,,,,,,,,,B12,,,1,,2,,,23,,2,12,,B12,24.064291,120.700114,3
2018,12,13,16,17,臺中市,南區,0,1,0,8,1,5,40,3,1,1,5,4,5,7,1,1,10,5,5,2,16,25,2,9,1,1,C03,7,5,1,10,2,12,  ,25,25,1,5,8,C03,24.112854,120.652183,2
2018,12,13,16,33,臺中市,西屯區,0,1,0,8,1,5,50,4,1,1,5,4,5,7,2,1,10,5,5,2,16,43,3,10,1,1,B03,7,6,1,8,2,5,  ,43,43,1,16,8,B03,24.180653,120.634366,2
2018,12,13,16,34,臺中市,大雅區,0,0,,8,,,40,,,,,,,,,,,,,,,,,,,,B12,,,1,,2,,,42,,1,  ,,B12,24.220925,120.644239,3
2018,12,13,16,51,臺中市,龍井區,0,1,0,8,2,5,40,4,1,1,5,4,5,7,4,4,10,5,5,2,15,6,3,10,1,1,B03,7,9,1,8,2,1,  ,6,6,1,5,8,B03,24.217485,120.546668,2
2018,12,13,16,56,臺中市,南屯區,0,0,0,8,,,50,,,,,,,,4,,,,,,,23,3,  ,  ,  ,B03,  ,  ,1,  ,2,  ,  ,23,23,1,21,  ,B03,24.140106,120.650129,3
2018,12,13,17,5,臺中市,大甲區,0,1,0,8,3,5,50,3,2,1,5,4,5,7,4,4,4,5,4,1,16,6,3,10,1,1,C03,7,5,1,10,2,14,  ,6,6,1,9,8,C03,24.345654,120.630023,2
2018,12,13,17,6,臺中市,東區,0,0,,8,,,50,,,,,,,,,,,,,,,,,,,,B12,,,1,,2,,,30,,1,  ,,B12,24.135,120.695079,3
2018,12,13,17,9,臺中市,北屯區,0,0,,8,,,40,,,,,,,,,,,,,,,,,,,,B03,,,1,,2,,,23,,1,20,,B03,24.167213,120.720616,3
2018,12,13,17,11,臺中市,西屯區,0,1,0,8,1,5,50,4,1,1,5,4,5,7,4,4,5,4,4,2,13,23,3,10,3,4,C03,7,9,1,10,2,11,  ,23,23,1,21,8,C03,24.171301,120.590586,2
2018,12,13,17,17,臺中市,北區,0,2,0,7,2,5,50,4,1,1,5,4,5,7,1,1,10,5,5,2,16,6,2,8,1,4,C03,7,6,4,8,7,11,  ,6,6,1,21,8,C03,24.152152,120.679391,2
2018,12,13,17,18,臺中市,清水區,,,,8,,,70,,,,,,,,,,,,,,,,,,,,B03,,,1,,2,,,23,,1,21,,B03,24.28099,120.536329,4
2018,12,13,17,18,臺中市,東勢區,0,1,0,8,1,5,40,4,1,1,5,4,5,7,4,4,10,5,5,2,16,42,2,9,4,1,F06,7,9,8,20,2,16,  ,42,42,1,22,9,F06,24.239816,120.833361,2
2018,12,13,17,20,臺中市,霧峰區,0,0,0,8,3,5,50,14,9,1,5,4,5,7,3,1,9,5,5,1,16,6,3,10,1,1,B03,7,6,1,8,2,8,  ,6,6,1,21,8,B03,24.070161,120.680088,3
2018,12,13,17,24,臺中市,大雅區,0,2,0,8,1,5,50,3,2,1,5,4,5,7,1,1,5,5,5,1,16,7,2,8,1,1,C03,7,8,1,9,2,13,  ,7,7,1,22,8,C03,24.219165,120.640775,2
2018,12,13,17,28,臺中市,龍井區,0,1,0,8,2,5,60,14,7,1,5,4,5,7,4,4,1,4,1,2,13,23,3,10,1,1,B03,7,9,1,8,2,1,  ,23,23,1,22,8,B03,24.186979,120.583753,2
2018,12,13,17,30,臺中市,大甲區,0,1,0,8,3,5,50,14,9,1,5,4,5,7,4,4,5,5,5,1,13,16,2,8,1,1,C03,7,9,2,18,2,11,  ,16,16,1,9,8,C03,24.383103,120.652986,2
2018,12,13,17,31,臺中市,西屯區,0,0,,8,,,40,,,,,,,,,,,,,,,,,,,,B03,,,1,,2,,,12,,1,22,,B03,24.189615,120.617386,3
2018,12,13,17,34,臺中市,北區,0,1,0,8,3,5,50,4,1,1,5,4,5,7,1,1,10,5,5,2,3,15,3,10,1,1,B01,7,6,1,4,2,1,  ,15,15,1,21,8,B01,24.15724,120.690587,2
2018,12,13,17,38,臺中市,大雅區,0,1,0,8,3,5,50,3,1,1,5,4,5,7,1,1,1,4,4,1,16,25,3,10,1,1,B12,7,9,1,8,2,1,  ,25,25,1,22,9,B12,24.214688,120.666794,2
2018,12,13,17,40,臺中市,北屯區,0,0,,8,,,40,,,,,,,,,,,,,,,,,,,,B02,,,1,,2,,,16,,1,5,,B02,24.180462,120.721319,3
2018,12,13,17,42,臺中市,北屯區,0,3,0,8,3,5,40,4,19,1,5,4,5,7,4,4,10,5,5,2,3,15,2,9,3,4,C03,7,9,3,18,2,11,  ,15,15,1,18,8,C03,24.162433,120.713883,2
2018,12,13,17,42,臺中市,大里區,0,0,0,8,1,5,40,14,9,1,5,4,5,7,4,4,1,4,5,1,13,23,3,10,1,1,B03,7,9,1,8,2,1,  ,23,23,1,5,8,B03,24.101609,120.671226,3
2018,12,13,17,45,臺中市,清水區,0,0,0,8,,,80,,,,,,,,,,,,,,,16,  ,  ,  ,  ,A11,  ,  ,1,  ,2,  ,  ,16,16,1,10,  ,A11,24.270045,120.544916,3
2018,12,13,17,47,臺中市,南屯區,0,1,0,8,3,5,50,14,8,1,5,4,5,7,4,4,5,5,4,2,16,26,3,10,1,1,C03,7,5,1,10,2,11,  ,26,26,1,22,8,C03,24.149188,120.64761,2
2018,12,13,17,55,臺中市,清水區,0,0,0,8,,,80,,,,,,,,,,,,,,,23,  ,  ,  ,  ,A41,  ,  ,1,  ,2,  ,  ,23,23,1,10,  ,A41,24.266398,120.543438,3
2018,12,13,17,57,臺中市,潭子區,0,0,,8,,,50,,,,,,,,,,,,,,,,,,,,B12,,,1,,2,,,16,,1,22,,B12,24.200418,120.706148,3
2018,12,13,18,0,臺中市,大雅區,0,1,0,8,1,5,50,3,1,1,5,4,5,7,1,1,10,4,5,1,16,6,3,10,1,1,B03,7,5,1,8,2,2,  ,6,6,1,22,9,B03,24.204094,120.644593,2
2018,12,13,18,0,臺中市,大雅區,0,0,,8,,,50,,,,,,,,,,,,,,,,,,,,B03,,,1,,2,,,7,,1,  ,,B03,24.212057,120.650017,3
2018,12,13,18,5,臺中市,西屯區,0,0,,8,,,50,,,,,,,,,,,,,,,,,,,,B03,,,1,,2,,,23,,1,21,,B03,24.167965,120.665766,3
2018,12,13,18,5,臺中市,太平區,0,0,,8,,,40,,,,,,,,,,,,,,,,,,,,B02,,,1,,2,,,12,,1,21,,B02,24.143851,120.7371,3
2018,12,13,18,5,臺中市,龍井區,0,1,0,8,3,5,60,5,1,1,5,4,5,7,1,1,10,5,5,2,17,26,3,10,1,1,B02,7,6,1,8,2,15,  ,26,26,1,22,8,B02,24.184259,120.574121,2
2018,12,13,18,7,臺中市,太平區,0,1,0,8,3,5,50,4,2,1,5,4,5,7,1,1,5,4,5,2,15,23,3,10,1,1,B03,7,9,1,8,2,1,  ,23,23,1,21,1,B03,24.148765,120.716115,2
2018,12,13,18,9,臺中市,后里區,0,1,0,8,3,5,40,3,1,1,5,4,5,7,4,4,10,5,5,2,16,6,3,10,3,4,B03,7,5,1,8,2,8,  ,6,6,1,21,8,B03,24.299283,120.723376,2
2018,12,13,18,10,臺中市,外埔區,0,1,0,8,3,5,50,14,9,1,5,4,5,7,4,4,9,4,5,1,12,42,3,10,3,4,B12,7,13,1,8,1,7,  ,44,42,1,22,9,B12,24.347217,120.651668,2
2018,12,13,18,11,臺中市,西屯區,0,2,0,8,3,5,40,4,2,1,5,4,5,7,4,4,10,5,5,2,16,6,2,9,1,1,C03,7,5,1,10,2,14,  ,6,6,1,5,8,C03,24.174243,120.665839,2
2018,12,13,18,14,臺中市,沙鹿區,0,2,0,8,3,5,40,14,9,1,5,4,5,7,4,4,9,5,5,1,16,6,2,7,1,1,C03,7,1,1,10,2,14,  ,6,6,1,4,8,C03,24.23398,120.56607,2
2018,12,13,18,16,臺中市,清水區,0,1,0,8,1,5,50,4,1,1,5,4,5,7,4,4,10,5,5,2,15,6,2,9,1,1,C03,7,9,1,10,2,12,  ,6,6,1,21,8,C03,24.269835,120.535401,2