年,月,日,時,分,縣市,區,死,受傷,2-30,天候,光線,道路類別,速限,道路型態,事故位置,路面鋪裝,路面狀態,路面缺陷,障礙物,視距,號誌種類,號誌動作,分向設施,快車道或一般車道間,快慢車道間,路面邊線,事故類型及型態,主要肇因,受傷程度,主要傷處,保護裝備,行動電話,當事者區分_類別,車輛用途,當事者行動狀態,駕駛資格情形,駕駛執照種類,飲酒情形,車輛撞擊部位最初,車輛撞擊部位其他,肇事因素個別,肇事因素主要,肇事逃逸,職業,旅次目的,車種,GPS座標X,GPS座標Y,事故類別
2018,12,13,18,18,臺中市,烏日區,0,0,,8,,,50,,,,,,,,,,,,,,,43,,,,,B03,,,1,,1,,,43,43,1,21,,B03,24.105566,120.617308,3
2018,12,13,18,20,臺中市,大里區,0,0,,8,,,50,,,,,,,,,,,,,,,,,,,,B03,,,1,,2,,,23,,1,  ,,B03,24.115594,120.692235,3
2018,12,13,18,23,臺中市,西屯區,0,1,0,8,2,5,50,14,9,1,5,4,5,7,4,4,5,5,5,2,13,16,2,7,3,4,C03,7,6,1,10,2,11,  ,16,16,1,21,8,C03,24.156249,120.641367,2
2018,12,13,18,24,臺中市,沙鹿區,0,0,0,8,,,50,,,,,,,,,,,,,,,23,  ,  ,  ,  ,B12,  ,  ,1,  ,2,  ,  ,23,23,  ,  ,  ,B12,24.242084,120.56113,3
2018,12,13,18,30,臺中市,北屯區,0,0,,8,,,40,,,,,,,,,,,,,,,,,,,,B03,,,1,,2,,,23,,1,22,,B03,24.189598,120.686278,3
2018,12,13,18,30,臺中市,西屯區,0,0,,8,,,80,,,,,,,,,,,,,,,,,,,,B03,,,1,,2,,,16,,1,22,,B03,24.170463,120.632228,3
2018,12,13,18,32,臺中市,東區,0,1,0,8,3,5,50,14,7,1,5,4,5,7,4,4,5,5,4,2,12,23,3,10,1,1,B11,7,4,1,8,2,5,  ,23,23,1,5,8,B11,24.144494,120.696789,2
2018,12,13,18,33,臺中市,太平區,0,1,0,8,3,5,50,4,1,1,5,4,5,7,1,1,5,5,4,1,13,23,3,10,1,1,B03,7,9,1,8,2,1,  ,23,23,1,21,1,B03,24.148018,120.70135,2
2018,12,13,18,33,臺中市,清水區,0,1,0,8,3,5,50,3,1,1,5,4,5,7,4,4,10,5,5,2,16,6,3,10,1,1,B03,7,5,1,7,2,1,  ,6,6,1,21,8,B03,24.261709,120.569279,2
2018,12,13,18,34,臺中市,西區,0,2,0,8,3,5,50,4,1,1,5,4,5,7,4,4,10,5,5,2,15,6,2,9,1,1,C03,7,9,1,10,2,11,  ,6,6,1,2,9,C03,24.1488,120.672823,2
2018,12,13,18,36,臺中市,北區,0,1,0,8,3,5,50,14,9,1,5,4,5,7,4,4,2,5,5,2,12,7,3,10,1,1,C03,7,8,1,10,2,12,  ,7,7,1,21,8,C03,24.153863,120.685884,2
2018,12,13,18,38,臺中市,北屯區,0,1,0,8,3,5,50,5,18,1,5,4,5,7,1,1,10,5,5,2,3,15,3,10,1,1,B03,7,5,1,8,2,8,  ,15,15,1,5,8,B03,24.176913,120.676917,2
2018,12,13,18,38,臺中市,西屯區,0,0,,8,,,40,,,,,,,,,,,,,,,,,,,,B03,,,1,,2,,,16,,1,22,,B03,24.184083,120.61286,3
2018,12,13,18,40,臺中市,大肚區,0,2,0,8,4,5,50,11,9,1,5,4,5,7,4,4,5,5,5,1,16,26,2,8,1,1,C03,7,6,2,18,2,12,  ,26,26,1,21,8,C03,24.153383,120.571104,2
2018,12,13,18,40,臺中市,沙鹿區,0,1,0,8,3,5,40,14,7,1,5,4,5,7,4,4,1,4,1,1,17,10,2,9,1,1,C03,7,11,1,10,2,14,  ,10,10,1,10,5,C03,24.231634,120.572848,2
2018,12,13,18,42,臺中市,西屯區,0,0,,8,,,50,,,,,,,,,,,,,,,,,,,,B03,,,1,,2,,,12,,1,22,,B03,24.176366,120.585014,3
2018,12,13,18,48,臺中市,清水區,,,,8,,,50,,,,,,,,,,,,,,,,,,,,B03,,,1,,2,,,17,,1,21,,B03,24.264564,120.572602,3
2018,12,13,18,50,臺中市,南屯區,0,0,0,8,,,50,,,,,,,,4,,,,,,,23,3,  ,  ,  ,B03,  ,  ,1,  ,2,  ,  ,23,23,1,21,  ,B03,24.135845,120.652958,3
2018,12,13,18,50,臺中市,龍井區,0,0,,8,,,50,,,,,,,,,,,,,,,,,,,,B03,,,1,,2,,,23,,1,  ,,B03,24.217222,120.546666,3
2018,12,13,18,50,臺中市,龍井區,0,0,,8,,,50,,,,,,,,,,,,,,,,,,,,B03,,,1,,2,,,23,,1,  ,,B03,,,3
2018,12,13,18,50,臺中市,沙鹿區,0,0,,8,,,40,,,,,,,,,,,,,,,,,,,,B12,,,1,,2,,,12,,1,2,,B12,24.21928,120.569149,3
2018,12,13,18,50,臺中市,大甲區,0,1,0,8,3,5,50,4,1,1,5,4,5,7,4,4,10,5,5,2,16,6,2,7,1,1,C03,7,5,1,10,2,12,  ,6,6,1,9,8,C03,24.346621,120.621095,2
2018,12,13,18,53,臺中市,北屯區,0,2,0,8,3,5,50,14,7,1,5,4,5,7,4,4,1,4,5,2,16,19,2,9,1,1,C03,7,1,1,10,2,13,  ,19,19,1,21,5,C03,24.163146,120.718971,2
2018,12,13,18,55,臺中市,南區,0,1,0,7,3,5,40,14,8,1,5,4,5,7,4,4,1,4,4,2,18,13,2,9,1,1,C03,7,9,1,10,2,14,11,13,13,1,18,8,C03,24.115953,120.654506,2
2018,12,13,19,0,臺中市,西屯區,0,0,,8,,,50,,,,,,,,,,,,,,,,,,,,B03,,,1,,2,,,16,,1,21,,B03,24.1831,120.603808,3
2018,12,13,19,0,臺中市,大雅區,0,0,,8,,,40,,,,,,,,,,,,,,,,,,,,B03,,,1,,2,,,19,,1,21,,B03,24.216758,120.652104,3
2018,12,13,19,3,臺中市,西屯區,0,1,0,8,1,5,50,4,1,1,5,4,5,7,3,1,1,4,5,2,16,8,2,9,3,4,C03,7,5,1,10,2,14,  ,8,8,1,21,8,C03,24.195407,120.648061,2
2018,12,13,19,4,臺中市,西區,0,1,0,8,3,5,40,14,8,1,5,4,5,7,4,4,5,4,4,2,17,40,3,10,1,1,B03,7,15,1,7,2,4,  ,40,40,1,2,9,B03,24.138451,120.669027,2
2018,12,13,19,5,臺中市,清水區,0,1,0,8,3,5,50,14,9,1,5,4,5,7,4,4,9,4,5,1,18,43,2,7,1,1,C03,7,9,1,10,2,14,  ,43,43,1,21,8,C03,24.288756,120.572426,2
2018,12,13,19,10,臺中市,潭子區,0,0,,8,,,40,,,,,,,,,,,,,,,,,,,,B03,,,1,,2,,,23,,1,21,,B03,24.206285,120.70637,3
2018,12,13,19,12,臺中市,潭子區,0,1,0,8,3,5,60,3,1,1,5,4,5,7,1,1,10,5,5,2,17,23,3,10,1,1,B03,7,1,1,8,2,8,  ,23,23,1,21,8,B03,24.23106,120.70917,2
2018,12,13,19,22,臺中市,梧棲區,0,1,0,8,3,5,50,3,1,1,5,4,5,7,4,4,10,5,5,1,16,6,3,10,3,4,B12,7,5,1,8,2,4,  ,6,6,1,21,8,B12,24.232308,120.550335,2
2018,12,13,19,22,臺中市,外埔區,0,1,0,8,3,5,50,14,9,1,5,4,5,7,4,4,5,5,4,1,18,13,2,9,1,4,C03,7,9,1,10,2,15,  ,13,13,1,22,8,C03,24.339653,120.642284,2
2018,12,13,19,25,臺中市,西屯區,0,0,,8,,,50,,,,,,,,,,,,,,,,,,,,C03,,,1,,2,,,16,,1,22,,C03,24.185742,120.620903,3
2018,12,13,19,31,臺中市,東區,0,0,0,8,,,40,,,,,,,,,,,,,,,,3,  ,  ,  ,C03,  ,  ,1,  ,2,  ,  ,7,  ,1,21,  ,C03,24.147931,120.697628,3
2018,12,13,19,54,臺中市,大雅區,0,1,0,8,3,5,50,4,1,1,5,4,5,7,1,1,10,5,5,2,16,25,3,10,4,5,F02,7,9,8,20,4,16,  ,25,25,1,22,9,F02,24.232677,120.66212,2
2018,12,13,19,56,臺中市,南屯區,0,0,,8,,,50,,,,,,,,,,,,,,,,,,,,B03,,,1,,2,,,10,,1,  ,,B03,24.146436,120.634021,4
2018,12,13,20,10,臺中市,后里區,0,0,,8,,,50,,,,,,,,,,,,,,,19,,,,,B12,,,5,,3,,,23,19,1,22,,B12,24.3103,120.717969,3
2018,12,13,20,10,臺中市,石岡區,0,1,0,8,3,5,70,14,8,1,5,4,5,7,2,1,8,3,4,1,12,23,2,8,1,1,C03,7,9,3,18,2,14,  ,23,23,1,22,9,C03,24.260505,120.817393,2
2018,12,13,20,17,臺中市,西屯區,0,1,0,8,3,7,40,14,9,1,5,4,5,7,4,4,10,5,5,2,18,23,2,9,1,1,C03,7,9,1,10,2,12,  ,23,23,1,18,8,C03,24.17313,120.63321,2
2018,12,13,20,20,臺中市,南屯區,0,0,0,8,,,40,,,,,,,,4,,,,,,,23,3,  ,  ,  ,B03,  ,  ,1,  ,2,  ,  ,23,23,1,21,  ,B03,24.15455,120.636591,3
2018,12,13,20,30,臺中市,西屯區,0,2,0,8,1,5,40,4,2,1,5,4,5,7,4,4,5,4,4,2,16,6,2,9,1,1,C03,7,9,1,10,2,11,  ,6,6,1,22,8,C03,24.18974,120.616701,2
2018,12,13,20,34,臺中市,大里區,0,1,0,8,3,5,50,14,9,1,5,4,5,7,4,4,5,5,5,2,10,26,3,10,1,1,C03,7,9,1,10,2,14,  ,26,26,1,21,8,C03,24.1049,120.7059,2
2018,12,13,20,42,臺中市,北區,0,0,,8,,,50,,,,,,,,,,,,,,,,,,,,C03,,,1,,2,,,23,,1,  ,,C03,24.14887,120.681666,3
2018,12,13,20,43,臺中市,太平區,0,2,0,8,3,5,50,14,7,1,5,4,5,7,4,4,5,4,5,2,16,23,2,9,1,1,C03,7,9,1,10,2,12,  ,23,23,1,21,1,C03,24.144662,120.712301,2
2018,12,13,20,44,臺中市,西屯區,0,3,0,8,3,5,50,14,9,1,5,4,5,7,4,4,9,4,5,2,17,19,2,9,1,1,C03,7,1,1,10,2,11,  ,19,19,1,21,8,C03,24.164931,120.653906,2
2018,12,13,20,45,臺中市,北屯區,0,2,0,8,3,5,50,14,7,1,5,4,5,7,4,4,5,4,4,2,16,10,2,9,1,4,C03,7,11,1,10,2,14,  ,10,10,1,22,8,C03,24.17693,120.677223,2
2018,12,13,21,3,臺中市,沙鹿區,0,1,0,7,3,5,50,14,8,1,5,4,3,7,4,4,1,4,3,1,18,42,2,9,1,1,C03,7,9,1,10,2,15,  ,42,42,1,22,9,C03,24.215439,120.580517,2
2018,12,13,21,13,臺中市,神岡區,0,0,,8,,,60,,,,,,,,,,,,,,,,,,,,B12,,,1,,2,,,16,,1,21,,B12,24.248433,120.69649,3
2018,12,13,21,15,臺中市,東區,0,1,0,8,3,5,40,4,1,1,5,4,5,7,4,4,10,5,5,2,15,6,3,10,1,1,B03,7,9,1,8,2,1,  ,6,6,1,22,8,B03,24.13122,120.705737,2
2018,12,13,21,15,臺中市,大肚區,0,1,0,8,3,5,40,14,8,1,5,4,5,7,4,4,10,5,5,1,27,23,2,9,1,1,C03,7,9,1,10,2,15,  ,23,23,1,21,8,C03,24.11646,120.58005,2
2018,12,13,21,19,臺中市,西區,0,0,,8,,,50,,,,,,,,,,,,,,,,,,,,B01,,,1,,2,,,42,,1,10,,B01,24.140528,120.672715,3
2018,12,13,21,20,臺中市,南區,0,0,,8,,,50,,,,,,,,,,,,,,,,,,,,B03,,,1,,2,,,23,,1,4,,B03,24.110375,120.659681,3
2018,12,13,21,30,臺中市,南屯區,0,1,0,8,3,5,50,4,1,1,5,4,5,7,2,1,10,5,5,2,16,26,3,10,1,1,C04,7,21,1,10,2,11,  ,26,26,1,21,8,C04,24.155475,120.649878,2
2018,12,13,21,40,臺中市,西屯區,0,1,0,8,3,5,30,4,1,1,5,4,5,7,4,4,5,5,5,2,17,38,2,8,1,1,C03,7,14,1,10,2,14,  ,38,38,1,18,8,C03,24.189503,120.642972,2
2018,12,13,21,55,臺中市,龍井區,0,1,0,8,3,5,50,14,9,1,5,4,5,7,4,4,5,5,5,1,20,43,2,9,1,1,B03,7,9,1,8,2,5,  ,43,43,1,18,2,B03,24.1,120.6,2
2018,12,13,21,57,臺中市,西屯區,0,0,0,8,,,40,,,,,,,,,,,,,,,23,  ,  ,  ,  ,B03,  ,  ,1,  ,2,  ,  ,23,23,1,21,  ,B03,24.181903,120.645921,3
2018,12,13,21,57,臺中市,西屯區,0,1,0,8,3,5,40,14,8,1,5,4,4,7,4,4,1,5,5,2,16,6,3,10,1,1,B03,7,6,1,8,2,2,  ,6,6,1,5,8,B03,24.179281,120.623479,2
2018,12,13,22,1,臺中市,大里區,0,0,,8,,,50,,,,,,,,,,,,,,,43,,,,,B12,,,1,,2,,,23,43,1,3,,B12,24.103143,120.685517,3
2018,12,13,22,8,臺中市,西區,0,1,0,8,3,5,50,4,1,1,5,4,5,7,2,1,10,5,5,2,18,43,2,9,1,1,C03,7,9,1,10,2,14,  ,43,43,1,5,1,C03,24.140185,120.677167,2
2018,12,13,22,22,臺中市,潭子區,0,0,,8,,,60,,,,,,,,,,,,,,,,,,,,C03,,,1,,2,,,16,,1,  ,,C03,24.2227,120.706903,3
2018,12,13,23,11,臺中市,中區,0,0,,8,3,5,50,14,7,1,5,4,5,7,4,4,5,2,5,2,16,,,,,,B03,,,1,,2,,,7,,1,5,,B03,24.144429,120.676829,3
2018,12,13,23,12,臺中市,東區,0,1,0,8,3,5,50,4,1,1,5,4,5,7,3,1,10,5,5,2,15,6,2,7,1,1,C03,7,9,1,10,2,14,  ,6,6,1,22,8,C03,24.134103,120.689081,2
2018,12,13,23,20,臺中市,北屯區,0,0,,8,,,50,,,,,,,,,,,,,,,,,,,,A12,,,1,,2,,,42,,1,5,,A12,24.164258,120.694258,3
2018,12,13,23,34,臺中市,西區,0,1,0,8,3,5,50,4,1,1,5,4,5,7,4,4,10,5,5,2,15,6,3,10,1,1,B03,7,9,1,8,2,8,  ,6,6,1,2,9,B03,24.1489,120.660888,2
2018,12,13,23,38,臺中市,西屯區,0,0,,8,,,50,,,,,,,,,,,,,,,,,,,,B03,,,1,,2,,,23,,1,  ,,B03,24.171145,120.636776,3
2018,12,13,23,53,臺中市,中區,0,0,,,,,,,,,,,,,,,,,,,,,,,,,B03,,,1,,2,,,23,,1,5,,B03,24.141262,120.683293,4
2018,12,14,0,8,臺中市,梧棲區,0,1,0,8,3,5,50,14,9,1,5,4,4,7,4,4,9,5,5,1,26,43,2,5,1,1,B12,7,9,1,8,2,5,  ,43,43,1,8,1,B12,24.23924,120.548165,2
2018,12,14,0,19,臺中市,北區,0,1,0,8,3,5,50,4,1,1,5,4,5,7,2,1,10,5,5,2,17,19,3,10,1,1,B01,7,1,1,4,2,8,  ,19,19,1,10,4,B01,24.167105,120.67864,2
2018,12,14,0,23,臺中市,北區,0,0,,8,,,50,,,,,,,,,,,,,,,,,,,,B03,,,1,,2,,,12,,1,22,,B03,24.1663,120.6735,3
2018,12,14,0,30,臺中市,南區,0,1,0,8,3,5,50,4,1,1,5,4,5,7,3,1,10,5,5,2,18,43,2,9,1,1,C03,7,9,1,10,2,15,  ,43,43,1,22,8,C03,24.130283,120.679905,2
2018,12,14,0,32,臺中市,西屯區,0,0,0,8,,,40,,,,,,,,,,,,,,,8,  ,  ,  ,  ,C03,  ,  ,5,  ,2,  ,  ,8,8,1,22,  ,C03,24.174323,120.647728,3
2018,12,14,1,5,臺中市,北屯區,0,1,0,8,3,5,40,14,8,1,5,4,5,7,4,4,1,4,4,2,12,23,2,9,1,1,C03,7,9,1,10,2,11,  ,23,23,1,22,8,C03,24.170268,120.685206,2
2018,12,14,1,15,臺中市,南屯區,0,2,0,8,3,5,50,4,1,1,5,4,5,7,3,1,10,5,5,2,15,6,3,10,1,1,B03,7,9,1,8,2,4,  ,6,6,1,22,9,B03,24.137071,120.643866,2
2018,12,14,2,55,臺中市,北區,0,1,0,8,3,5,50,3,2,1,5,4,5,7,2,1,1,4,4,2,17,23,2,9,1,1,C03,7,9,1,10,2,14,  ,23,23,1,22,8,C03,24.163,120.6809,2
2018,12,14,2,55,臺中市,烏日區,0,1,0,8,3,5,70,14,13,1,5,4,3,7,3,1,1,5,5,2,16,23,2,9,1,1,C03,7,9,1,10,2,11,  ,23,23,1,21,8,C03,24.108048,120.608944,2
2018,12,14,5,32,臺中市,清水區,0,1,0,8,3,5,40,14,9,1,5,4,5,7,4,4,10,5,5,2,27,66,  ,  ,  ,  ,   ,  ,  ,  ,  ,  ,  ,  ,66,66,1,  ,  ,   ,24.260766,120.566193,2
2018,12,14,5,49,臺中市,大雅區,0,1,0,8,3,5,40,4,1,1,5,4,5,7,3,1,10,5,5,2,16,6,2,9,1,1,C03,7,9,1,10,2,12,  ,6,6,1,22,9,C03,24.225903,120.664399,2
2018,12,14,6,29,臺中市,大里區,0,1,0,8,2,5,50,3,2,1,5,4,5,7,1,1,1,4,5,1,16,25,3,10,3,4,B03,7,5,1,8,2,5,  ,25,25,1,2,1,B03,24.120833,120.690048,2
2018,12,14,6,55,臺中市,東區,0,2,0,8,1,5,50,5,1,1,5,4,5,7,1,1,10,5,5,2,15,25,2,9,1,1,C03,7,9,1,10,2,11,  ,25,25,1,22,8,C03,24.137047,120.689081,2
2018,12,14,7,16,臺中市,南屯區,0,0,,8,,,50,,,,,,,,,,,,,,,,,,,,B03,,,1,,2,,,7,,1,  ,,B03,24.153586,120.619033,3
2018,12,14,7,20,臺中市,大里區,0,1,0,8,1,5,50,3,2,1,5,4,5,7,4,4,5,5,5,1,17,19,2,7,1,1,C03,7,1,1,10,2,11,  ,19,19,1,4,5,C03,24.113085,120.686097,2
2018,12,14,7,20,臺中市,大里區,0,0,,8,,,40,,,,,,,,,,,,,,,,,,,,C03,,,1,,2,,,16,,1,5,,C03,24.116733,120.684175,3
2018,12,14,7,21,臺中市,大里區,0,0,,8,,,50,,,,,,,,,,,,,,,,,,,,C03,,,1,,2,,,7,,1,21,,C03,24.097988,120.674571,3
2018,12,14,7,23,臺中市,潭子區,0,1,0,8,1,5,50,4,1,1,5,4,5,7,1,1,10,5,5,2,12,23,2,8,1,1,C03,7,1,1,10,2,11,  ,23,23,1,22,8,C03,24.207696,120.701112,2
2018,12,14,7,28,臺中市,西屯區,0,2,0,8,1,5,50,14,5,1,5,4,5,7,4,4,1,4,5,2,16,7,2,9,1,1,C03,7,7,1,10,2,11,  ,7,7,1,21,8,C03,24.200954,120.658913,2
2018,12,14,7,35,臺中市,沙鹿區,0,0,,8,,,50,,,,,,,,,,,,,,,,,,,,B03,,,1,,2,,,16,,1,3,,B03,24.260788,120.603311,3
2018,12,14,7,39,臺中市,東區,0,0,0,8,,,50,,,,,,,,,,,,,,,26,3,  ,  ,  ,B03,  ,  ,1,  ,2,  ,  ,26,26,1,21,  ,B03,24.144326,120.704674,3
2018,12,14,7,40,臺中市,梧棲區,0,0,,8,,,50,,,,,,,,,,,,,,,,,,,,B03,,,1,,2,,,17,,2,20,,B03,24.228794,120.532054,3
2018,12,14,7,41,臺中市,西屯區,0,0,0,8,1,5,50,,,,,,,,,,,,,,,7,  ,  ,  ,  ,C03,  ,  ,1,  ,2,12,  ,7,7,1,21,  ,C03,24.200778,120.658098,3
2018,12,14,7,45,臺中市,南區,0,1,0,8,1,5,50,4,1,1,5,4,5,7,1,1,10,5,5,2,16,6,3,10,1,1,B03,7,5,1,8,2,2,  ,6,6,1,4,8,B03,24.119151,120.671965,2
2018,12,14,7,45,臺中市,大甲區,0,2,0,8,1,5,40,4,1,1,5,4,5,7,4,4,10,5,5,2,15,6,2,9,1,1,C03,7,9,1,10,2,11,  ,6,6,1,22,1,C03,24.407118,120.64507,2
2018,12,14,7,45,臺中市,大雅區,0,0,,8,,,40,,,,,,,,,,,,,,,,,,,,B03,,,1,,2,,,12,,1,22,,B03,24.22128,120.65244,3
2018,12,14,7,48,臺中市,西區,0,1,0,8,1,5,50,4,1,1,5,4,5,7,1,1,10,5,5,2,13,16,2,9,1,1,C03,7,9,1,10,2,11,  ,16,16,1,21,8,C03,24.149022,120.657252,2
2018,12,14,7,48,臺中市,梧棲區,0,3,0,8,1,5,40,4,2,1,5,4,5,4,4,4,10,5,5,2,15,6,2,9,1,1,C03,7,9,1,10,2,12,  ,6,6,1,5,1,C03,24.260047,120.550804,2
2018,12,14,7,48,臺中市,潭子區,0,2,0,8,1,5,50,14,7,1,5,4,5,7,4,4,5,4,5,1,13,4,2,9,1,1,C03,7,7,6,18,2,12,  ,4,4,1,22,8,C03,24.21574,120.700629,2
2018,12,14,7,50,臺中市,太平區,0,1,0,8,1,5,50,3,1,1,5,4,5,7,4,4,10,5,5,2,13,23,2,8,1,1,C03,7,9,1,10,2,11,  ,23,23,1,5,8,C03,24.1375,120.724166,2
2018,12,14,7,53,臺中市,大里區,0,1,0,8,1,5,40,14,9,1,5,4,5,7,4,4,10,5,5,2,16,8,3,10,1,1,B03,7,5,1,8,2,8,  ,8,8,1,21,8,B03,24.091988,120.721316,2
2018,12,14,7,54,臺中市,北屯區,0,1,0,7,1,5,50,13,9,1,5,4,5,7,4,4,10,5,5,2,10,5,3,10,1,1,C03,7,9,1,10,2,11,  ,5,5,1,21,8,C03,24.186086,120.718383,2
2018,12,14,7,55,臺中市,清水區,0,1,0,8,2,5,50,5,1,1,5,4,5,7,1,1,10,5,5,2,13,16,2,7,1,1,C03,7,9,1,10,2,11,  ,16,16,1,5,1,C03,24.278177,120.566447,2
2018,12,14,7,57,臺中市,外埔區,0,0,,8,,,50,,,,,,,,,,,,,,,,,,,,B12,,,1,,2,,,8,,1,  ,,B12,24.341114,120.666032,3
2018,12,14,8,0,臺中市,大甲區,0,1,0,8,1,5,50,4,1,1,5,4,5,7,4,4,10,5,5,2,15,6,3,10,1,1,B03,7,9,1,8,2,5,  ,6,6,1,22,1,B03,24.346528,120.618982,2
2018,12,14,8,0,臺中市,潭子區,0,1,0,8,1,5,60,3,1,1,5,4,5,7,1,1,1,4,5,1,16,23,2,9,1,1,C03,7,9,1,10,2,11,  ,23,23,1,22,8,C03,24.202519,120.703942,2
2018,12,14,8,0,臺中市,潭子區,0,0,,8,,,50,,,,,,,,,,,,,,,,,,,,C03,,,1,,2,,,44,,1,22,,C03,24.193315,120.702406,3
2018,12,14,8,1,臺中市,東區,0,0,0,8,,,50,,,,,,,,,,,,,,,6,  ,  ,  ,  ,B12,  ,  ,1,  ,2,  ,  ,6,6,1,5,  ,B12,24.125374,120.696437,3
2018,12,14,8,2,臺中市,西區,0,1,0,8,1,5,50,4,1,1,5,4,5,7,1,1,10,5,5,2,16,7,3,10,1,1,B03,7,8,1,8,2,2,  ,7,7,1,5,5,B03,24.142981,120.657252,2
2018,12,14,8,2,臺中市,西屯區,0,2,0,8,1,5,50,4,1,1,5,4,5,7,1,1,1,4,1,2,17,43,2,9,1,1,C03,7,9,1,10,2,11,  ,43,43,1,22,9,C03,24.160728,120.653107,2
2018,12,14,8,2,臺中市,西屯區,0,2,0,8,1,5,50,4,1,1,5,4,5,7,2,1,10,5,5,2,16,8,2,8,3,4,C03,7,5,1,10,2,13,  ,8,8,1,22,8,C03,24.176119,120.635361,2
2018,12,14,8,8,臺中市,西屯區,0,3,0,8,1,5,50,4,1,1,5,4,5,7,2,1,10,5,5,2,16,6,2,9,1,1,C03,7,5,1,10,2,12,14,6,6,1,22,8,C03,24.180651,120.637798,2
2018,12,14,8,9,臺中市,南屯區,0,0,,8,,,50,,,,,,,,,,,,,,,,,,,,B03,,,1,,2,,,23,,1,22,,B03,24.1422,120.6385,3
2018,12,14,8,11,臺中市,東勢區,0,0,0,8,,,60,,,,,,,,,,,,,,,23,  ,  ,  ,  ,B03,  ,  ,1,  ,2,  ,  ,23,23,1,20,  ,B03,24.276505,120.81803,3
2018,12,14,8,12,臺中市,西區,0,2,0,8,1,5,50,3,1,1,5,4,5,7,1,1,10,5,5,2,15,25,2,9,1,1,C03,7,9,1,10,2,12,  ,25,25,1,5,5,C03,24.160158,120.661759,2
2018,12,14,8,12,臺中市,北屯區,0,1,0,8,1,5,40,3,1,1,5,4,5,7,4,4,10,5,5,2,16,6,3,10,1,1,B12,7,5,5,8,2,5,  ,6,6,1,11,8,B12,24.185933,120.698068,2
2018,12,14,8,18,臺中市,西屯區,0,0,0,8,,,50,,,,,,,,,,,,,,,42,  ,  ,  ,  ,A12,  ,  ,1,  ,2,  ,  ,42,42,1,  ,  ,A12,24.183276,120.614503,3
2018,12,14,8,18,臺中市,太平區,0,0,,8,,,40,,,,,,,,,,,,,,,,,,,,B12,,,1,,2,,,12,,1,4,,B12,24.131274,120.726625,3
2018,12,14,8,20,臺中市,南區,0,0,0,8,1,5,50,11,9,1,5,4,5,7,4,4,1,4,5,2,13,23,3,10,1,1,B02,7,6,1,8,2,5,  ,23,23,1,21,8,B02,24.120508,120.662216,3
2018,12,14,8,24,臺中市,大肚區,0,0,,8,,,40,,,,,,,,,,,,,,,,,,,,B03,,,1,,2,,,42,,1,22,,B03,24.172121,120.582174,3
2018,12,14,8,25,臺中市,北屯區,0,2,0,8,1,5,50,14,7,1,5,4,5,7,4,4,1,2,4,2,13,16,2,9,3,4,C03,7,9,1,10,2,14,  ,16,16,1,18,8,C03,24.165369,120.694613,2
2018,12,14,8,34,臺中市,西屯區,0,0,0,8,,,50,,,,,,,,,,,,,,,42,  ,  ,  ,  ,B03,  ,  ,1,  ,2,  ,  ,42,42,1,  ,  ,B03,24.175363,120.618868,3
2018,12,14,8,38,臺中市,西屯區,0,1,0,8,1,5,50,5,1,1,5,4,5,7,4,4,5,5,5,2,14,12,3,10,1,1,A12,7,2,1,7,2,3,  ,12,12,1,21,7,A12,24.173611,120.586723,2
2018,12,14,8,44,臺中市,東區,0,1,0,8,1,5,50,4,1,1,5,4,5,7,1,1,10,5,5,2,17,6,3,10,1,1,B03,7,5,1,8,2,2,  ,6,6,1,21,8,B03,24.144805,120.699562,2
2018,12,14,8,48,臺中市,東區,0,1,0,8,1,5,50,4,1,1,5,4,5,7,1,3,10,5,5,2,16,6,2,9,1,1,C03,7,9,1,10,2,12,  ,6,6,1,5,8,C03,24.140652,120.708137,2
2018,12,14,8,54,臺中市,西區,0,0,,8,,,50,,,,,,,,,,,,,,,,,,,,B03,,,1,,2,,,16,,1,5,,B03,24.140048,120.662291,3
2018,12,14,8,55,臺中市,西區,0,1,0,8,1,5,40,4,1,1,5,4,5,7,4,4,10,5,5,2,15,6,3,10,1,1,B03,7,9,1,8,2,8,  ,6,6,1,21,8,B03,24.152495,120.65388,2
2018,12,14,8,58,臺中市,西區,0,0,,8,,,50,,,,,,,,,,,,,,,26,,,,,B03,,,1,,2,,,44,26,1,5,,B03,24.144559,120.672318,3
2018,12,14,8,59,臺中市,西屯區,0,0,0,8,,,40,,,,,,,,,,,,,,,42,  ,  ,  ,  ,B03,  ,  ,1,  ,2,  ,  ,42,42,1,22,  ,B03,24.184759,120.622483,3
2018,12,14,9,5,臺中市,清水區,0,1,0,8,1,5,70,3,1,1,5,4,5,7,1,1,1,4,4,1,16,25,3,10,1,1,B03,7,5,3,18,8,2,  ,25,25,1,22,8,B03,24.296319,120.59118,2
2018,12,14,9,8,臺中市,南屯區,0,1,0,8,1,5,50,14,7,1,5,4,5,7,4,4,1,4,4,2,13,16,2,9,3,4,C03,7,9,1,10,2,11,  ,16,16,1,22,8,C03,24.151565,120.640809,2