年,月,日,時,分,縣市,區,死,受傷,2-30,天候,光線,道路類別,速限,道路型態,事故位置,路面鋪裝,路面狀態,路面缺陷,障礙物,視距,號誌種類,號誌動作,分向設施,快車道或一般車道間,快慢車道間,路面邊線,事故類型及型態,主要肇因,受傷程度,主要傷處,保護裝備,行動電話,當事者區分_類別,車輛用途,當事者行動狀態,駕駛資格情形,駕駛執照種類,飲酒情形,車輛撞擊部位最初,車輛撞擊部位其他,肇事因素個別,肇事因素主要,肇事逃逸,職業,旅次目的,車種,GPS座標X,GPS座標Y,事故類別
2018,12,14,9,10,臺中市,北屯區,0,0,0,8,,,50,,,,,,,,,,,,,,,23,  ,  ,  ,  ,B02,  ,  ,1,  ,2,  ,  ,23,23,1,9,  ,B02,24.185966,120.721798,3
2018,12,14,9,10,臺中市,大肚區,0,0,,8,,,50,,,,,,,,,,,,,,,,,,,,B03,,,1,,2,,,12,,1,19,,B03,24.151995,120.545029,3
2018,12,14,9,10,臺中市,烏日區,0,1,0,8,1,5,60,4,1,1,5,4,5,7,1,1,10,5,5,2,16,43,3,10,1,1,B03,7,9,1,8,2,1,  ,43,43,1,21,8,B03,24.085945,120.644196,2
2018,12,14,9,19,臺中市,大雅區,0,1,0,8,1,5,50,4,1,1,5,4,5,7,1,1,9,4,5,1,17,6,3,10,1,1,A12,7,5,1,7,2,1,  ,6,6,1,22,9,A12,24.24067,120.65705,2
2018,12,14,9,20,臺中市,西屯區,0,1,0,8,1,5,40,14,8,1,5,4,5,7,4,4,1,4,1,2,18,43,2,9,1,1,C03,7,9,1,10,2,14,  ,43,43,1,22,9,C03,24.184008,120.61296,2
2018,12,14,9,25,臺中市,豐原區,0,1,0,8,1,5,50,4,1,1,5,4,5,7,1,1,1,2,5,1,16,8,3,10,1,1,B03,7,5,1,8,9,6,  ,8,8,2,20,8,B03,24.27809,120.722196,2
2018,12,14,9,27,臺中市,烏日區,0,1,0,8,1,5,50,4,1,1,5,4,5,7,2,1,10,5,5,2,15,25,2,8,1,1,C03,7,9,1,10,2,11,  ,25,25,1,21,8,C03,24.11393,120.615396,2
2018,12,14,9,28,臺中市,北屯區,0,2,0,8,1,5,50,14,9,1,5,4,5,7,4,4,4,3,5,2,16,10,2,8,1,1,C03,7,11,1,10,2,14,  ,10,10,1,21,8,C03,24.175333,120.716756,2
2018,12,14,9,30,臺中市,西屯區,0,1,0,8,1,5,50,4,1,1,5,4,5,7,4,4,10,5,5,2,15,6,2,9,1,1,C03,7,9,1,10,2,12,  ,6,6,1,21,8,C03,24.155647,120.647774,2
2018,12,14,9,40,臺中市,太平區,0,1,0,8,1,5,40,14,9,1,5,4,5,7,4,4,5,5,5,1,16,6,3,10,1,1,B03,7,8,1,8,2,5,  ,6,6,1,5,8,B03,24.124444,120.749166,2
2018,12,14,9,58,臺中市,西區,0,0,,8,,,50,,,,,,,,,,,,,,,,,,,,B03,,,1,,2,,,12,,1,21,,B03,24.139266,120.66691,4
2018,12,14,9,59,臺中市,太平區,0,1,0,8,1,5,40,3,8,1,5,4,5,7,4,4,5,5,4,2,17,42,2,9,1,1,C03,7,9,1,10,2,12,  ,42,42,1,4,5,C03,24.125317,120.709949,2
2018,12,14,10,5,臺中市,南區,0,1,0,8,1,5,50,4,2,1,5,4,5,7,1,1,1,2,5,2,13,23,2,7,1,1,C03,7,9,1,10,2,11,  ,23,23,1,4,8,C03,24.120638,120.649948,2
2018,12,14,10,12,臺中市,烏日區,0,0,0,8,1,2,,14,7,1,5,4,5,7,1,1,1,4,1,1,13,23,3,10,1,1,B03,7,9,1,8,2,1,  ,23,23,1,  ,  ,B03,24.115845,120.618838,3
2018,12,14,10,16,臺中市,烏日區,0,0,0,8,,,50,,,,,,,,,,,,,,,16,3,10,1,1,B12,7,1,1,8,2,1,  ,19,16,1,10,4,B12,24.106941,120.650133,3
2018,12,14,10,24,臺中市,南屯區,0,0,,8,,,50,,,,,,,,,,,,,,,,,,,,B03,,,1,,2,,,12,,1,21,,B03,24.141776,120.65216,3
2018,12,14,10,27,臺中市,中區,0,0,,8,,,50,,,,,,,,,,,,,,,,,,,,B03,,,1,,2,,,26,,1,21,,B03,24.138135,120.68471,3
2018,12,14,10,30,臺中市,大雅區,0,0,,8,,,40,,,,,,,,,,,,,,,,,,,,B03,,,1,,2,,,19,,1,22,,B03,24.22879,120.66553,3
2018,12,14,10,30,臺中市,神岡區,0,0,0,8,,,40,,,,,,,,,,,,,,,17,  ,  ,  ,  ,B12,  ,  ,1,  ,9,  ,  ,17,17,2,  ,  ,B12,24.245436,120.696479,3
2018,12,14,10,31,臺中市,清水區,0,0,0,8,,,50,,,,,,,,,,,,,,,17,  ,  ,  ,  ,A41,  ,  ,1,  ,3,  ,  ,17,17,1,10,  ,A41,24.291421,120.632548,3
2018,12,14,10,35,臺中市,大甲區,0,1,0,8,1,5,50,14,9,1,5,4,5,7,4,4,4,5,5,1,13,16,3,10,1,1,B03,7,9,1,8,2,5,  ,16,16,1,9,8,B03,24.34376,120.623555,2
2018,12,14,10,40,臺中市,南區,0,0,0,8,,,40,,,,,,,,,,,,,,,23,3,  ,  ,  ,B12,  ,  ,1,  ,2,  ,  ,23,23,  ,9,  ,B12,24.117873,120.650043,3
2018,12,14,10,40,臺中市,南屯區,0,0,0,8,1,5,50,14,7,1,5,4,5,7,4,4,1,4,5,2,14,18,3,10,1,1,B12,7,2,1,8,2,3,3,18,18,  ,3,  ,B12,24.128186,120.646431,3
2018,12,14,10,40,臺中市,后里區,0,0,,8,1,5,40,14,9,1,5,4,5,7,4,4,10,5,5,2,14,,,,,,B03,,,1,,2,,,12,,1,  ,,B03,24.307604,120.725908,3
2018,12,14,10,47,臺中市,北屯區,0,1,0,8,1,5,50,4,2,1,5,4,5,7,1,1,1,2,5,1,13,26,3,10,1,1,B01,7,8,1,4,2,1,  ,26,26,1,10,8,B01,24.2008,120.6768,2
2018,12,14,10,50,臺中市,大肚區,0,1,0,8,1,5,70,3,1,1,5,4,5,7,1,1,10,5,5,2,16,23,2,8,1,1,C03,7,9,1,10,2,11,  ,23,23,1,21,8,C03,24.127235,120.558178,2
2018,12,14,10,51,臺中市,西區,0,0,,8,,,50,,,,,,,,,,,,,,,,,,,,B03,,,1,,2,,,1,,1,5,,B03,24.14788,120.658764,3
2018,12,14,10,54,臺中市,西屯區,0,1,0,8,1,5,50,4,1,1,5,4,5,7,2,1,10,5,5,2,16,6,3,10,3,4,B03,7,5,1,8,2,1,  ,6,6,1,22,8,B03,24.172751,120.660876,2
2018,12,14,10,55,臺中市,北屯區,0,0,,8,,,50,,,,,,,,,,,,,,,,,,,,B03,,,1,,2,,,10,,1,19,,B03,24.17348,120.669266,3
2018,12,14,10,56,臺中市,西區,0,1,0,8,1,5,50,4,1,1,5,4,5,7,1,1,10,5,5,2,17,8,2,9,1,1,C03,7,5,1,10,2,13,  ,8,8,1,5,5,C03,24.152341,120.655162,2
2018,12,14,10,59,臺中市,南屯區,0,0,,8,,,60,,,,,,,,,,,,,,,,,,,,B03,,,1,,2,,,7,,1,  ,,B03,24.151255,120.608381,3
2018,12,14,11,8,臺中市,北屯區,0,0,0,8,,,40,,,,,,,,,,,,,,,16,  ,  ,  ,  ,A12,  ,  ,1,  ,2,  ,  ,16,16,1,  ,  ,A12,24.198186,120.686545,3
2018,12,14,11,10,臺中市,霧峰區,0,0,,8,,,70,,,,,,,,,,,,,,,,,,,,B12,,,1,,2,,,43,,1,21,,B12,24.070528,120.697045,3
2018,12,14,11,11,臺中市,西屯區,0,0,,8,,,40,,,,,,,,,,,,,,,,,,,,B03,,,1,,2,,,17,,1,22,,B03,24.181793,120.640997,3
2018,12,14,11,14,臺中市,大雅區,0,0,0,8,1,5,50,4,2,1,5,4,5,7,1,1,1,4,4,1,13,16,3,10,1,1,B03,7,9,1,8,3,1,  ,16,16,1,22,8,B03,24.222607,120.64664,3
2018,12,14,11,18,臺中市,北區,0,1,0,8,1,5,50,4,1,1,5,4,5,7,1,1,10,5,5,2,16,6,3,10,1,1,B03,7,5,1,8,2,8,  ,6,6,1,22,8,B03,24.155347,120.66912,2
2018,12,14,11,25,臺中市,大里區,0,1,0,8,1,5,50,4,1,1,5,4,5,7,1,1,5,4,5,1,16,19,3,10,1,1,C03,7,1,1,10,2,11,  ,19,19,1,5,8,C03,24.120776,120.687267,2
2018,12,14,11,28,臺中市,南屯區,0,0,,8,,,50,,,,,,,,,,,,,,,,,,,,B03,,,1,,2,,,23,,1,22,,B03,24.143618,120.636021,3
2018,12,14,11,31,臺中市,和平區,0,1,0,8,1,8,30,11,9,1,5,4,5,1,4,4,10,5,5,1,11,5,3,10,1,1,B12,7,6,1,6,2,5,  ,5,5,1,10,4,B12,24.21324,121.19414,2
2018,12,14,11,35,臺中市,西屯區,0,0,,8,,,40,,,,,,,,,,,,,,,,,,,,B03,,,1,,2,,,23,,1,  ,,B03,24.170668,120.636946,3
2018,12,14,11,35,臺中市,東勢區,0,1,0,8,1,5,50,3,1,1,5,4,5,7,4,4,5,5,5,1,17,6,3,10,1,1,B12,7,5,1,8,2,2,  ,6,6,1,7,8,B12,24.252993,120.830824,2
2018,12,14,11,36,臺中市,中區,0,1,0,8,1,5,50,3,1,1,5,4,5,7,4,4,10,5,5,2,16,6,3,10,1,1,B03,7,6,1,8,2,5,  ,6,6,1,21,8,B03,24.142151,120.675116,2
2018,12,14,11,36,臺中市,南屯區,0,0,,8,,,40,,,,,,,,,,,,,,,,,,,,B03,,,1,,2,,,12,,1,  ,,B03,24.138875,120.613508,4
2018,12,14,11,41,臺中市,大里區,0,1,0,8,1,5,50,3,1,1,5,4,5,7,4,4,10,5,5,2,16,8,3,10,1,1,B03,7,5,1,8,2,5,  ,8,8,1,21,8,B03,24.095661,120.696908,2
2018,12,14,11,48,臺中市,北屯區,0,1,0,8,1,5,50,4,2,1,5,4,5,7,2,1,5,3,5,2,16,10,3,10,1,1,B03,7,11,1,8,2,15,  ,10,10,1,21,8,B03,24.187304,120.678041,2
2018,12,14,11,55,臺中市,南屯區,0,1,0,8,1,5,50,4,2,1,5,4,5,7,2,1,10,5,5,2,16,6,3,10,3,4,B03,7,6,1,8,2,2,  ,6,6,1,22,8,B03,24.13531,120.638225,2
2018,12,14,11,56,臺中市,霧峰區,0,2,0,8,1,5,50,4,1,1,5,4,5,7,2,1,10,5,5,2,13,23,2,9,1,1,C03,7,9,1,10,2,11,  ,23,23,1,5,5,C03,24.075632,120.70002,2
2018,12,14,12,0,臺中市,西屯區,0,0,,8,,,50,,,,,,,,,,,,,,,,,,,,A31,,,1,,9,,,23,,2,21,,A31,24.178467,120.63747,4
2018,12,14,12,3,臺中市,西屯區,0,2,0,8,1,5,50,14,7,1,5,4,5,7,4,4,5,4,4,2,16,23,2,9,1,1,C03,7,9,1,10,2,11,  ,23,23,1,21,8,C03,24.177748,120.642011,2
2018,12,14,12,4,臺中市,北屯區,0,0,0,8,,,40,,,,,,,,,,,,,,,19,  ,  ,  ,  ,B03,  ,  ,1,  ,2,  ,  ,19,19,1,2,  ,B03,24.1783,120.686,3
2018,12,14,12,5,臺中市,霧峰區,0,1,0,8,1,5,40,4,1,1,5,4,5,7,4,4,10,5,5,2,16,8,3,10,1,1,C03,7,5,1,10,2,15,  ,8,8,1,5,8,C03,24.070111,120.69934,2
2018,12,14,12,9,臺中市,烏日區,0,1,0,8,1,5,50,3,2,1,5,4,5,7,4,4,4,3,4,1,17,26,2,8,1,1,C03,7,11,1,10,2,14,  ,26,26,1,22,8,C03,24.094093,120.651803,2
2018,12,14,12,12,臺中市,西屯區,0,1,0,8,1,5,60,14,7,1,5,4,5,7,4,4,1,4,4,2,23,42,2,9,3,4,B03,7,9,1,8,2,1,  ,42,42,1,22,8,B03,24.190155,120.639449,2
2018,12,14,12,15,臺中市,南區,0,1,0,8,1,5,50,4,2,1,5,4,5,7,1,1,10,5,5,2,16,25,3,10,1,1,B12,7,11,1,8,2,5,  ,25,25,1,20,5,B12,24.134463,120.682446,2
2018,12,14,12,18,臺中市,南區,0,1,0,8,1,5,50,4,1,1,5,4,5,7,4,4,10,5,5,2,18,23,2,8,1,1,C03,7,9,1,10,2,12,  ,23,23,1,4,8,C03,24.125648,120.683924,2
2018,12,14,12,28,臺中市,北區,0,1,0,8,1,5,40,4,1,1,5,4,5,7,4,4,10,5,5,2,16,6,3,10,1,1,B03,7,6,1,8,2,8,  ,6,6,1,22,8,B03,24.16102,120.677413,2
2018,12,14,12,36,臺中市,西屯區,0,0,,8,,,50,,,,,,,,,,,,,,,,,,,,B03,,,1,,2,,,23,,1,22,,B03,24.160173,120.643008,3
2018,12,14,12,36,臺中市,西屯區,0,1,0,8,1,5,40,3,1,1,5,4,5,7,2,1,10,5,5,2,13,23,2,9,1,1,C03,7,9,1,10,2,11,12,23,23,1,22,8,C03,24.168991,120.638891,2
2018,12,14,12,38,臺中市,龍井區,0,0,,8,,,70,,,,,,,,,,,,,,,,,,,,B03,,,1,,2,,,16,,1,22,,B03,24.185979,120.586236,3
2018,12,14,12,39,臺中市,西屯區,0,0,,8,,,50,,,,,,,,,,,,,,,,,,,,B03,,,1,,2,,,23,,1,  ,,B03,24.186511,120.619278,3
2018,12,14,12,41,臺中市,大里區,0,1,0,8,1,5,50,4,2,1,5,4,5,7,3,1,5,4,5,2,13,26,3,10,1,1,C03,7,5,1,10,2,15,  ,26,26,1,20,5,C03,24.096672,120.679399,2
2018,12,14,12,41,臺中市,烏日區,0,1,0,8,1,5,30,14,9,1,5,4,5,7,4,4,10,5,5,2,11,23,2,9,1,1,C03,7,9,1,10,2,14,  ,23,23,1,21,8,C03,24.119095,120.605938,2
2018,12,14,12,43,臺中市,潭子區,0,1,0,8,1,5,60,3,1,1,5,4,5,7,1,1,1,4,4,1,16,25,2,9,1,1,C03,7,9,3,18,2,11,  ,25,25,1,22,8,C03,24.20475,120.704199,2
2018,12,14,12,45,臺中市,西屯區,0,1,0,8,1,5,40,14,9,1,5,4,3,7,4,4,5,5,5,2,2,23,3,10,1,1,B03,7,9,1,8,2,5,  ,23,23,1,21,8,B03,24.17845,120.638571,2
2018,12,14,12,52,臺中市,北屯區,0,0,,8,,,50,,,,,,,,,,,,,,,,,,,,B03,,,1,,2,,,23,,1,21,,B03,24.1759,120.6992,3
2018,12,14,12,57,臺中市,潭子區,0,1,0,8,1,5,50,14,9,1,5,4,5,7,4,4,5,4,5,1,16,44,2,9,1,1,C03,7,9,1,10,2,11,  ,1,44,1,22,8,C03,24.218072,120.719294,2
2018,12,14,13,2,臺中市,西區,0,0,,8,,,50,,,,,,,,,,,,,,,,,,,,B03,,,1,,2,,,16,,1,5,,B03,24.136038,120.678076,3
2018,12,14,13,4,臺中市,西屯區,0,1,0,8,1,5,40,3,1,1,5,4,5,7,2,1,10,5,5,2,16,9,3,10,3,4,B03,7,6,1,8,2,2,  ,9,9,1,22,9,B03,24.183748,120.614421,2
2018,12,14,13,5,臺中市,北屯區,0,1,0,8,1,5,50,4,1,1,5,4,5,7,1,1,10,5,5,2,15,25,2,9,1,1,C03,7,9,1,10,2,11,  ,25,25,1,21,8,C03,24.17513,120.680233,2
2018,12,14,13,5,臺中市,大里區,0,1,0,8,1,5,50,14,9,1,5,4,5,7,4,4,5,4,5,1,16,26,3,10,1,1,C03,7,5,1,10,2,11,  ,26,26,1,5,8,C03,24.091085,120.694723,2
2018,12,14,13,21,臺中市,西屯區,0,1,0,8,1,5,50,4,2,1,5,4,5,7,4,4,10,5,5,2,10,26,3,10,3,4,B11,7,9,1,8,2,1,  ,26,26,1,22,8,B11,24.158227,120.608084,2
2018,12,14,13,24,臺中市,西區,0,0,,8,1,5,50,14,9,1,5,4,5,7,4,4,5,2,5,2,14,,,,,,C03,,,1,,2,,,12,,1,9,,C03,24.149148,120.661441,3
2018,12,14,13,24,臺中市,南屯區,0,0,,8,,,60,,,,,,,,,,,,,,,,,,,,A12,,,1,,2,,,23,,1,  ,,A12,24.155413,120.597583,3
2018,12,14,13,38,臺中市,西屯區,0,1,0,8,1,5,50,14,9,1,5,4,5,7,4,4,1,4,5,2,18,42,2,9,1,1,C03,7,9,1,10,2,14,  ,42,42,1,22,9,C03,24.161714,120.632958,2
2018,12,14,13,38,臺中市,大雅區,0,0,,8,,,50,,,,,,,,,,,,,,,,,,,,B03,,,1,,2,,,16,,1,  ,,B03,24.221429,120.653533,3
2018,12,14,13,53,臺中市,東區,0,0,0,8,1,5,50,4,1,1,5,4,5,7,1,1,10,5,5,2,12,23,3,10,1,1,B11,7,9,1,8,2,6,  ,23,23,1,5,8,B11,24.142736,120.692472,3
2018,12,14,13,53,臺中市,梧棲區,0,1,0,8,1,5,50,4,1,1,5,4,5,7,4,4,10,5,5,1,15,6,3,10,3,4,B03,7,9,1,8,2,4,  ,6,6,1,21,8,B03,24.242323,120.547377,2
2018,12,14,13,57,臺中市,西屯區,0,0,0,8,,,40,,,,,,,,,,,,,,,42,  ,  ,  ,  ,B03,  ,  ,1,  ,2,  ,  ,42,42,1,  ,  ,B03,24.18007,120.624374,3
2018,12,14,14,0,臺中市,大里區,0,0,0,8,1,5,50,14,13,1,5,4,5,7,,4,5,4,5,1,17,67,  ,  ,  ,  ,   ,  ,  ,7,  ,11,  ,  ,67,67,1,  ,  ,   ,24.110023,120.687464,3
2018,12,14,14,0,臺中市,大雅區,0,2,0,8,1,5,40,5,1,1,5,4,5,7,4,4,10,5,5,2,17,6,2,9,1,1,C03,7,9,1,10,2,12,  ,6,6,1,22,9,C03,24.23284,120.66481,2
2018,12,14,14,5,臺中市,太平區,0,0,,8,,,50,,,,,,,,,,,,,,,,,,,,B12,,,1,,2,,,17,,1,  ,,B12,24.122222,120.723055,3
2018,12,14,14,8,臺中市,潭子區,0,1,0,8,1,5,40,14,8,1,5,4,5,7,4,4,1,4,4,1,16,6,3,10,1,1,B12,7,8,1,8,2,2,  ,6,6,1,22,8,B12,24.23053,120.70856,2
2018,12,14,14,17,臺中市,霧峰區,0,0,,8,,,40,,,,,,,,,,,,,,,,,,,,B12,,,1,,2,,,12,,1,7,,B12,24.067621,120.736131,3
2018,12,14,14,20,臺中市,北區,0,0,,8,,,50,,,,,,,,,,,,,,,,,,,,B03,,,1,,2,,,10,,1,22,,B03,24.14891,120.681666,3
2018,12,14,14,25,臺中市,西屯區,0,1,0,8,1,5,50,4,1,1,5,4,5,7,4,4,10,5,5,2,17,43,2,9,1,1,C03,7,9,1,10,2,14,  ,43,43,1,21,8,C03,24.160641,120.655842,2
2018,12,14,14,30,臺中市,北區,0,0,,8,,,50,,,,,,,,,,,,,,,44,,,,,C03,,,1,,2,,,23,44,1,5,,C03,24.152247,120.690966,3
2018,12,14,14,30,臺中市,西屯區,0,0,,8,,,50,,,,,,,,,,,,,,,,,,,,B12,,,1,,2,,,23,,1,  ,,B12,24.185564,120.616922,3
2018,12,14,14,30,臺中市,大雅區,0,1,0,8,1,5,50,4,1,1,5,4,5,7,1,1,10,4,4,2,12,6,3,10,1,1,B12,7,6,1,8,2,2,  ,6,6,1,22,9,B12,24.212215,120.660711,2
2018,12,14,14,36,臺中市,西區,0,0,,8,,,50,,,,,,,,,,,,,,,,,,,,B02,,,1,,2,,,23,,1,5,,B02,24.150156,120.664343,3
2018,12,14,14,39,臺中市,北屯區,0,3,0,8,1,5,50,4,4,1,5,4,5,7,1,1,1,3,5,2,13,23,2,8,1,1,C03,7,9,1,10,2,11,  ,23,23,1,21,8,C03,24.172993,120.685601,2
2018,12,14,14,45,臺中市,南屯區,0,0,0,8,,,50,,,,,,,,4,,,,,,,26,3,  ,  ,  ,B03,  ,  ,1,  ,2,  ,  ,26,26,1,21,  ,B03,24.149675,120.623126,3
2018,12,14,14,48,臺中市,沙鹿區,0,1,0,8,1,5,50,4,1,1,5,4,5,7,2,1,10,5,5,2,16,7,3,10,1,1,B03,7,8,1,8,2,2,  ,7,7,1,9,9,B03,24.23839,120.568225,2
2018,12,14,14,50,臺中市,霧峰區,0,1,0,8,1,5,40,4,1,1,5,4,5,7,1,1,10,5,5,2,15,25,3,10,1,1,B03,7,9,1,8,2,1,  ,25,25,1,5,8,B03,24.072316,120.663049,2
2018,12,14,14,51,臺中市,太平區,0,0,,8,,,50,,,,,,,,,,,,,,,,,,,,B12,,,1,,2,,,17,,1,4,,B12,24.121128,120.720006,3
2018,12,14,14,53,臺中市,北屯區,0,1,0,8,1,5,40,14,9,1,5,4,5,7,4,4,10,5,5,2,11,43,4,11,3,4,   ,7,9,7,19,11,15,  ,43,43,2,22,9,   ,24.17918,120.670054,2
2018,12,14,14,54,臺中市,西屯區,0,1,0,8,1,5,50,5,1,1,5,4,5,7,1,1,10,5,5,2,16,23,3,10,1,1,C03,7,9,1,10,2,11,  ,23,23,1,21,8,C03,24.181581,120.635615,2
2018,12,14,14,55,臺中市,大里區,0,0,,8,,,50,,,,,,,,,,,,,,,,,,,,B03,,,1,,2,,,25,,1,4,,B03,24.088111,120.695753,3
2018,12,14,14,57,臺中市,東區,0,0,0,8,,,50,,,,,,,,,,,,,,,8,  ,  ,  ,  ,B03,  ,  ,1,  ,2,  ,  ,8,8,1,5,  ,B03,24.139097,120.705723,3
2018,12,14,14,57,臺中市,沙鹿區,0,0,,8,,,50,,,,,,,,,,,,,,,,,,,,B01,,,1,,2,,,42,,1,10,,B01,24.203931,120.567221,3
2018,12,14,15,1,臺中市,西屯區,0,1,0,8,1,5,50,3,2,1,5,4,5,7,4,4,5,4,4,2,13,23,2,8,1,1,C03,7,9,1,10,2,11,12,23,23,1,22,8,C03,24.17008,120.641468,2
2018,12,14,15,4,臺中市,中區,0,1,0,8,1,5,50,4,1,1,5,4,5,7,1,1,5,4,5,2,16,25,3,10,3,4,B03,7,9,1,8,2,1,  ,25,25,1,21,8,B03,24.139382,120.681471,2
2018,12,14,15,25,臺中市,北屯區,0,0,,8,,,50,,,,,,,,,,,,,,,,,,,,B03,,,1,,2,,,23,,1,22,,B03,24.166653,120.691666,3
2018,12,14,15,25,臺中市,梧棲區,0,1,0,8,1,5,50,14,9,1,5,4,5,7,4,4,5,5,5,1,17,26,3,10,3,4,B03,7,7,1,8,2,4,  ,26,26,1,21,8,B03,24.254175,120.532128,2
2018,12,14,15,27,臺中市,西屯區,0,0,,8,,,50,,,,,,,,,,,,,,,,,,,,B03,,,1,,2,,,42,,1,22,,B03,24.182066,120.619533,3
2018,12,14,15,28,臺中市,北屯區,0,1,0,8,1,5,50,14,9,1,5,4,5,7,4,4,5,4,5,2,16,7,2,3,1,1,C03,7,7,1,10,2,11,  ,7,7,1,5,8,C03,24.181856,120.687776,2
2018,12,14,15,30,臺中市,東區,0,2,0,8,1,5,50,4,1,1,5,4,5,7,1,1,10,5,5,2,15,25,2,8,1,1,F01,7,9,8,20,2,16,  ,25,25,1,22,8,F01,24.144409,120.709128,2
2018,12,14,15,30,臺中市,南屯區,0,2,0,8,1,5,50,4,2,1,5,4,5,7,2,1,1,4,4,2,17,26,2,9,1,1,C03,7,1,1,10,2,11,11,26,26,1,6,3,C03,24.15426,120.634736,2
2018,12,14,15,32,臺中市,南屯區,0,1,0,8,1,5,40,4,1,1,5,4,5,7,2,1,10,5,5,2,16,6,3,10,3,4,B03,7,6,1,8,2,5,  ,6,6,1,22,8,B03,24.153731,120.640831,2
2018,12,14,15,37,臺中市,東區,,,,,,,,,,,,,,,,,,,,,,,,,,,A02,,,1,,2,,,23,,1,5,,A02,24.142731,120.690706,3
2018,12,14,15,40,臺中市,北屯區,0,0,0,8,,,50,,,,,,,,,,,,,,,40,  ,  ,  ,  ,A12,  ,  ,1,  ,2,  ,  ,40,40,  ,  ,  ,A12,24.201968,120.686556,3
2018,12,14,15,50,臺中市,北區,0,0,,8,,,40,,,,,,,,,,,,,,,,,,,,B02,,,1,,2,,,23,,1,  ,,B02,24.155092,120.684654,3
2018,12,14,15,50,臺中市,西屯區,0,1,0,8,1,5,40,4,1,1,5,4,5,7,4,4,10,5,5,2,16,6,3,10,1,1,B03,7,9,1,8,3,1,  ,6,6,1,3,8,B03,24.183544,120.602054,2
2018,12,14,15,54,臺中市,大雅區,0,0,,8,,,40,,,,,,,,,,,,,,,,,,,,C03,,,1,,2,,,4,,1,21,,C03,24.21822,120.648397,3
2018,12,14,16,0,臺中市,霧峰區,0,0,,8,,,50,,,,,,,,,,,,,,,,,,,,   ,,,7,,11,,,42,,1,  ,,   ,24.060943,120.696619,3
2018,12,14,16,4,臺中市,北區,0,0,,8,,,50,,,,,,,,,,,,,,,,,,,,B03,,,1,,2,,,42,,1,  ,,B03,24.1623,120.6823,3
2018,12,14,16,4,臺中市,大雅區,0,0,,8,,,40,,,,,,,,,,,,,,,43,,,,,A11,,,1,,2,,,5,43,  ,  ,,A11,24.206937,120.628799,3
2018,12,14,16,10,臺中市,大肚區,0,1,0,8,1,5,50,3,9,1,5,4,5,7,4,4,5,5,5,2,18,23,2,7,1,1,C03,7,9,1,10,2,11,  ,23,23,1,21,8,C03,24.114601,120.577455,2
2018,12,14,16,13,臺中市,北區,0,1,0,8,1,5,50,14,9,1,5,4,5,7,4,4,9,5,5,2,18,23,2,8,3,4,C03,7,9,1,9,2,12,  ,23,23,1,22,9,C03,24.151716,120.686108,2
2018,12,14,16,14,臺中市,西屯區,0,1,0,8,1,5,40,14,8,1,5,4,5,7,4,4,1,4,4,2,13,43,2,8,3,4,C03,7,9,1,10,2,11,  ,43,43,1,22,9,C03,24.172203,120.643266,2
2018,12,14,16,19,臺中市,豐原區,0,0,,8,,,50,,,,,,,,,,,,,,,,,,,,B03,,,1,,2,,,16,,1,  ,,B03,24.255272,120.741473,3
2018,12,14,16,20,臺中市,太平區,0,1,0,8,1,5,50,3,2,1,5,4,5,7,4,4,5,4,5,1,13,16,2,9,3,4,C03,7,9,1,10,2,11,  ,16,16,1,19,8,C03,24.127409,120.715804,2
2018,12,14,16,22,臺中市,西區,0,1,0,8,1,5,50,4,1,1,5,4,5,7,4,4,10,5,5,2,17,23,3,10,1,1,B03,7,9,1,8,2,8,  ,23,23,1,2,9,B03,24.150714,120.659862,2
2018,12,14,16,26,臺中市,石岡區,0,0,0,8,,,70,,,,,,,,,,,,,,,25,  ,  ,  ,  ,B03,  ,  ,1,  ,2,  ,  ,25,25,1,  ,  ,B03,24.272973,120.791463,3
2018,12,14,16,30,臺中市,大肚區,0,1,0,8,1,5,50,14,7,1,5,4,5,7,4,4,1,4,4,1,12,43,2,8,1,1,C03,7,9,1,10,2,11,  ,43,43,1,21,8,C03,24.124966,120.561878,2
2018,12,14,16,34,臺中市,西屯區,0,0,0,8,1,5,40,,,,,,,,,,,,,,,17,  ,  ,  ,  ,B03,  ,  ,1,  ,2,2,  ,17,17,1,22,  ,B03,24.165483,120.639372,3
2018,12,14,16,34,臺中市,龍井區,0,0,,8,,,40,,,,,,,,,,,,,,,,,,,,B12,,,1,,2,,,6,,1,  ,,B12,24.199694,120.509036,3
2018,12,14,16,42,臺中市,北屯區,0,0,,8,,,50,,,,,,,,,,,,,,,,,,,,B03,,,1,,2,,,17,,1,21,,B03,24.159748,120.731766,3
2018,12,14,16,43,臺中市,北區,0,3,0,8,1,5,50,3,1,1,5,4,5,7,4,4,9,4,4,2,16,6,2,8,1,1,C03,7,5,1,10,2,15,  ,6,6,1,5,8,C03,24.152451,120.688696,2
2018,12,14,16,43,臺中市,太平區,0,0,,8,,,40,,,,,,,,,,,,,,,,,,,,B03,,,1,,2,,,23,,1,  ,,B03,24.133313,120.708094,3