年,月,日,時,分,縣市,區,死,受傷,2-30,天候,光線,道路類別,速限,道路型態,事故位置,路面鋪裝,路面狀態,路面缺陷,障礙物,視距,號誌種類,號誌動作,分向設施,快車道或一般車道間,快慢車道間,路面邊線,事故類型及型態,主要肇因,受傷程度,主要傷處,保護裝備,行動電話,當事者區分_類別,車輛用途,當事者行動狀態,駕駛資格情形,駕駛執照種類,飲酒情形,車輛撞擊部位最初,車輛撞擊部位其他,肇事因素個別,肇事因素主要,肇事逃逸,職業,旅次目的,車種,GPS座標X,GPS座標Y,事故類別
2018,12,14,16,53,臺中市,西屯區,0,0,0,8,1,5,50,3,2,1,5,4,5,7,4,4,5,4,4,2,14,12,  ,  ,  ,  ,B12,  ,  ,1,  ,4,  ,  ,12,12,1,  ,  ,B12,24.17664,120.650314,3
2018,12,14,17,0,臺中市,南區,0,2,0,8,1,5,50,4,1,1,5,4,5,7,1,1,10,5,5,2,16,2,2,8,1,1,C03,7,5,1,10,2,12,  ,2,2,1,18,8,C03,24.113191,120.663444,2
2018,12,14,17,5,臺中市,西區,0,1,0,8,2,5,50,4,1,1,5,4,5,7,1,1,10,5,5,2,13,16,2,9,1,1,C03,7,9,1,10,2,11,  ,16,16,1,21,8,C03,24.146844,120.655215,2
2018,12,14,17,10,臺中市,龍井區,0,1,0,8,2,5,40,4,1,1,5,4,5,7,1,1,10,4,1,2,17,25,2,8,1,1,C03,7,7,1,10,2,14,  ,25,25,1,22,8,C03,24.184957,120.575433,2
2018,12,14,17,11,臺中市,東區,0,1,0,8,1,5,50,14,8,1,5,4,5,7,4,4,9,5,4,2,17,42,2,9,1,1,C03,7,9,1,10,2,14,  ,42,42,1,22,8,C03,24.144136,120.699701,2
2018,12,14,17,18,臺中市,潭子區,0,2,0,8,2,5,30,14,9,1,5,4,5,7,4,4,9,5,5,1,17,26,2,9,1,1,C03,7,7,1,10,2,11,  ,26,26,1,21,8,C03,24.199633,120.712033,2
2018,12,14,17,25,臺中市,東區,0,0,,,,,,,,,,,,,,,,,,,,,,,,,   ,,,7,,11,,,67,,  ,  ,,   ,24.148245,120.699433,3
2018,12,14,17,25,臺中市,西屯區,0,3,0,8,3,5,40,14,11,1,5,4,5,7,4,4,1,5,5,2,13,23,2,9,1,1,C03,7,9,1,10,2,11,  ,23,23,1,18,8,C03,24.175978,120.634052,2
2018,12,14,17,25,臺中市,大里區,0,0,,8,,,50,,,,,,,,,,,,,,,,,,,,B03,,,1,,2,,,12,,1,3,,B03,24.092937,120.694459,3
2018,12,14,17,27,臺中市,中區,0,0,,8,3,5,50,3,2,1,5,4,5,7,4,4,9,4,5,2,17,,,,,,B12,,,1,,2,,,26,,1,4,,B12,24.136757,120.682176,3
2018,12,14,17,27,臺中市,東區,0,0,0,8,3,5,50,5,1,1,5,4,5,7,1,1,10,5,5,2,13,23,3,10,1,1,C03,7,9,1,10,2,11,  ,23,23,1,5,8,C03,24.1303,120.705318,3
2018,12,14,17,30,臺中市,霧峰區,0,0,,8,,,40,,,,,,,,,,,,,,,,,,,,C03,,,1,,2,,,23,,1,21,,C03,24.068921,120.702398,3
2018,12,14,17,30,臺中市,大里區,0,0,0,8,3,5,40,8,9,1,5,4,5,7,4,4,1,4,5,1,12,17,3,10,1,1,A12,7,8,3,18,2,2,  ,17,17,1,9,8,A12,24.111165,120.697436,3
2018,12,14,17,32,臺中市,西區,0,0,0,8,3,5,50,4,1,1,5,4,5,7,1,1,1,4,1,2,17,,3,  ,  ,  ,C03,  ,  ,1,  ,2,  ,  ,30,  ,1,21,  ,C03,24.131039,120.667816,3
2018,12,14,17,34,臺中市,北屯區,0,0,0,8,,,50,,,,,,,,,,,,,,,23,  ,  ,  ,  ,B12,  ,  ,1,8,2,  ,  ,23,23,1,21,  ,B12,24.174491,120.673948,3
2018,12,14,17,35,臺中市,梧棲區,0,1,0,8,3,5,40,14,8,1,5,4,5,7,4,4,1,4,4,1,16,7,3,10,1,1,B12,7,8,1,8,2,2,  ,7,7,1,9,1,B12,24.254775,120.538474,2
2018,12,14,17,42,臺中市,豐原區,0,0,,,,,,,,,,,,,,,,,,,,,,,,,B03,,,1,,9,,,12,,  ,  ,,B03,24.243521,120.703148,3
2018,12,14,17,44,臺中市,西屯區,0,1,0,8,3,5,50,4,1,1,5,4,5,7,4,4,5,5,5,2,16,6,3,10,1,1,B12,7,6,1,8,2,5,  ,6,6,1,22,8,B12,24.176171,120.616191,2
2018,12,14,17,44,臺中市,太平區,0,1,0,8,3,5,50,3,1,1,5,4,5,7,4,4,10,5,5,2,13,16,2,9,3,4,C03,7,9,1,10,2,11,  ,16,16,1,9,8,C03,24.145058,120.734388,2
2018,12,14,17,45,臺中市,西區,0,1,0,8,3,5,50,5,1,1,5,4,5,7,2,1,10,5,5,2,15,43,3,10,1,1,B03,7,9,1,8,2,2,  ,43,43,1,2,9,B03,24.150724,120.667613,2
2018,12,14,17,47,臺中市,大雅區,0,0,,8,,,40,,,,,,,,,,,,,,,,,,,,B11,,,1,,2,,,16,,1,21,,B11,24.225725,120.645198,3
2018,12,14,17,49,臺中市,南區,0,0,0,8,,,50,,,,,,,,,,,,,,,23,3,  ,  ,  ,A04,  ,  ,1,2,2,  ,  ,23,23,1,21,  ,A04,24.119221,120.67223,3
2018,12,14,17,50,臺中市,大里區,0,0,,,,,,,,,,,,,,,,,,,,,,,,,B03,,,1,,2,,,18,,1,19,,B03,24.109645,120.67656,3
2018,12,14,17,54,臺中市,北屯區,0,1,0,8,3,5,40,14,7,1,5,4,5,7,4,4,5,5,4,2,17,7,2,9,1,1,C03,7,7,1,10,2,12,  ,7,7,1,5,8,C03,24.181933,120.688654,2
2018,12,14,17,55,臺中市,西區,0,0,0,8,,,0,,,,,,,,,,,,,,,,3,  ,  ,  ,B03,  ,  ,1,  ,2,  ,  ,6,  ,  ,21,  ,B03,24.15749,120.661411,3
2018,12,14,17,57,臺中市,南屯區,0,0,,8,,,50,,,,,,,,,,,,,,,,,,,,B02,,,1,,2,,,6,,1,5,,B02,24.152601,120.646986,3
2018,12,14,17,58,臺中市,北區,0,0,,8,,,50,,,,,,,,,,,,,,,,,,,,B03,,,1,,2,,,23,,1,  ,,B03,24.154224,120.665035,3
2018,12,14,18,0,臺中市,烏日區,0,1,0,8,2,5,40,14,9,1,5,4,5,7,4,4,10,5,5,2,14,12,3,10,1,1,B12,7,2,3,18,4,6,  ,12,12,1,22,8,B12,24.060066,120.625831,2
2018,12,14,18,0,臺中市,大甲區,0,0,,8,,,70,,,,,,,,,,,,,,,,,,,,B03,,,1,,2,,,16,,1,5,,B03,24.377195,120.648743,3
2018,12,14,18,4,臺中市,北屯區,0,0,0,8,,,50,,,,,,,,,,,,,,,1,  ,  ,  ,  ,C03,  ,  ,1,  ,2,  ,  ,1,1,1,18,  ,C03,24.174926,120.7359,3
2018,12,14,18,5,臺中市,北區,0,1,0,8,3,5,40,3,1,1,5,4,5,7,1,1,2,4,4,2,12,7,2,9,1,1,C03,7,8,1,10,2,12,  ,7,7,1,21,8,C03,24.156653,120.688341,2
2018,12,14,18,8,臺中市,東區,0,1,0,8,3,5,50,4,1,1,5,4,5,7,1,1,10,5,5,2,17,6,3,10,1,1,C03,7,4,1,10,2,13,  ,6,6,1,22,8,C03,24.131781,120.701782,2
2018,12,14,18,10,臺中市,西區,0,1,0,8,3,5,50,4,1,1,5,4,5,7,1,1,1,4,5,2,12,17,3,10,3,4,C03,7,9,1,10,2,12,  ,17,17,1,21,8,C03,24.140189,120.662639,2
2018,12,14,18,10,臺中市,霧峰區,0,0,,8,,,40,,,,,,,,,,,,,,,,,,,,B03,,,1,,2,,,18,,1,20,,B03,24.043649,120.693492,3
2018,12,14,18,10,臺中市,太平區,0,0,,8,,,50,,,,,,,,,,,,,,,,,,,,B03,,,1,,2,,,19,,1,2,,B03,24.130105,120.718855,3
2018,12,14,18,12,臺中市,北屯區,0,0,0,8,,,40,,,,,,,,,,,,,,,23,  ,  ,  ,  ,B03,  ,  ,1,  ,2,  ,  ,23,23,1,5,  ,B03,24.182538,120.721405,3
2018,12,14,18,13,臺中市,清水區,0,1,0,8,1,5,50,4,1,1,5,4,5,7,1,1,1,2,4,2,16,25,3,10,1,1,B12,7,5,1,8,11,8,  ,25,25,2,21,8,B12,24.263526,120.573195,2
2018,12,14,18,14,臺中市,南屯區,0,1,0,8,3,5,40,4,1,1,5,4,5,7,1,1,10,5,5,2,16,8,2,8,3,4,C03,7,5,1,10,2,14,  ,8,8,1,22,9,C03,24.131994,120.653161,2
2018,12,14,18,15,臺中市,西屯區,0,2,0,8,3,5,40,14,16,1,5,4,5,7,4,4,10,4,5,1,13,23,3,10,1,1,B03,7,9,1,8,2,8,  ,23,23,1,22,8,B03,24.166103,120.630676,2
2018,12,14,18,16,臺中市,西屯區,0,2,0,8,3,5,40,4,1,1,5,4,5,7,4,4,9,5,5,2,15,6,2,9,1,1,C04,7,9,1,10,2,11,  ,6,6,1,21,8,C04,24.160955,120.658945,2
2018,12,14,18,17,臺中市,西屯區,0,1,0,8,1,5,50,3,2,1,5,4,5,7,4,4,5,2,4,2,17,6,2,9,3,4,C03,7,5,1,10,2,15,  ,6,6,1,22,9,C03,24.185845,120.618146,2
2018,12,14,18,17,臺中市,沙鹿區,0,0,0,8,,,60,,,,,,,,,,,,,,,42,  ,  ,  ,  ,B12,  ,  ,1,  ,2,  ,  ,42,42,  ,  ,  ,B12,24.240161,120.562834,3
2018,12,14,18,18,臺中市,東區,0,1,0,8,3,5,50,4,1,1,5,4,5,7,4,4,10,5,5,2,16,6,3,10,1,1,B03,7,5,1,8,2,6,  ,6,6,1,5,8,B03,24.1402,120.689303,2
2018,12,14,18,18,臺中市,太平區,0,0,,8,,,50,,,,,,,,,,,,,,,,,,,,B12,,,1,,2,,,42,,1,  ,,B12,24.149386,120.722823,3
2018,12,14,18,20,臺中市,大甲區,0,2,0,8,3,5,70,3,1,1,5,4,5,7,3,1,1,4,4,1,13,23,2,8,1,1,C03,7,9,1,10,2,11,  ,23,23,1,9,8,C03,24.380129,120.650671,2
2018,12,14,18,21,臺中市,南屯區,0,0,,8,,,50,,,,,,,,,,,,,,,,,,,,B03,,,3,,2,,,25,,1,22,,B03,24.134695,120.646403,3
2018,12,14,18,22,臺中市,南區,0,0,,,,,,,,,,,,,,,,,,,,,,,,,B03,,,6,,11,,,7,,1,21,,B03,24.112583,120.652044,3
2018,12,14,18,25,臺中市,大里區,0,0,,8,,,70,,,,,,,,,,,,,,,,,,,,   ,,,7,,11,,,43,,  ,  ,,   ,24.099442,120.691224,3
2018,12,14,18,28,臺中市,潭子區,0,2,0,8,3,5,60,14,9,1,5,4,5,7,4,4,9,5,5,1,17,23,2,9,1,1,C03,7,9,2,18,2,11,  ,23,23,1,21,8,C03,24.199593,120.712061,2
2018,12,14,18,31,臺中市,北屯區,0,1,0,8,3,5,50,14,9,1,5,4,5,7,4,4,1,4,5,2,27,23,2,9,1,1,C03,7,9,1,10,2,11,  ,23,23,1,21,8,C03,24.182216,120.70861,2
2018,12,14,18,32,臺中市,西區,0,0,0,8,,,0,,,,,,,,,,,,,,,,3,  ,  ,  ,B03,  ,  ,1,  ,2,  ,  ,23,  ,  ,21,  ,B03,24.147718,120.669885,3
2018,12,14,18,32,臺中市,西區,0,1,0,8,3,5,50,4,1,1,5,4,5,7,4,4,10,5,5,2,15,6,2,9,1,1,C03,7,9,1,10,2,11,  ,6,6,1,21,8,C03,24.14787,120.66743,2
2018,12,14,18,32,臺中市,東區,0,0,0,8,3,5,50,14,7,1,5,4,5,7,4,4,5,4,4,2,13,23,3,10,1,1,B03,7,9,1,8,2,1,  ,23,23,1,5,8,B03,24.142727,120.693841,3
2018,12,14,18,36,臺中市,大里區,0,1,0,8,3,5,50,14,7,1,5,4,5,7,4,4,5,4,4,2,13,23,2,9,1,1,C03,7,9,1,10,2,11,  ,23,23,1,5,8,C03,24.116901,120.684295,2
2018,12,14,18,37,臺中市,西區,0,0,0,8,3,5,50,4,1,1,5,4,5,7,1,1,1,4,5,2,16,6,3,10,3,4,B03,7,5,1,8,2,2,  ,6,6,1,21,8,B03,24.155347,120.658637,3
2018,12,14,18,40,臺中市,南屯區,0,1,0,8,3,5,50,4,1,1,5,4,5,7,2,1,10,5,5,2,16,6,3,10,3,4,B12,7,6,1,8,2,5,  ,6,6,1,22,9,B12,24.140437,120.622811,2
2018,12,14,18,42,臺中市,北區,0,1,0,8,3,5,50,3,18,1,5,4,5,7,4,4,9,4,5,2,3,15,3,10,1,4,B03,7,9,1,8,2,1,  ,15,15,1,5,8,B03,24.158455,120.670486,2
2018,12,14,18,42,臺中市,北屯區,0,0,0,8,,,50,,,,,,,,,,,,,,,17,  ,  ,  ,  ,B03,  ,  ,1,8,2,  ,  ,17,17,1,21,  ,B03,24.165123,120.694238,3
2018,12,14,18,42,臺中市,大雅區,0,0,,8,,,50,,,,,,,,,,,,,,,,,,,,B03,,,1,,2,,,23,,1,  ,,B03,24.22307,120.644806,3
2018,12,14,18,44,臺中市,北區,0,0,,8,,,40,,,,,,,,,,,,,,,,,,,,C03,,,1,,2,,,23,,1,  ,,C03,24.150012,120.675907,3
2018,12,14,18,54,臺中市,北屯區,0,1,0,8,3,5,50,5,2,1,5,4,5,7,2,1,10,5,5,2,16,9,3,10,1,1,B03,7,6,1,8,2,5,  ,9,9,1,5,8,B03,24.167556,120.705566,2
2018,12,14,18,54,臺中市,沙鹿區,0,1,0,7,3,5,50,4,1,1,5,4,5,7,1,1,10,5,5,2,3,8,3,10,1,1,B03,7,5,1,8,2,15,  ,8,8,1,5,1,B03,24.243502,120.561576,2
2018,12,14,18,55,臺中市,北屯區,0,2,0,8,3,5,50,3,1,1,5,4,5,7,3,1,10,5,5,2,16,10,3,10,1,1,B03,7,11,1,8,2,1,  ,10,10,1,22,8,B03,24.182598,120.721686,2
2018,12,14,18,58,臺中市,西屯區,0,0,0,8,,,40,,,,,,,,,,,,,,,42,  ,  ,  ,  ,B03,  ,  ,1,  ,2,  ,  ,42,42,1,22,  ,B03,24.181415,120.613779,3
2018,12,14,18,58,臺中市,潭子區,0,0,,8,,,50,,,,,,,,,,,,,,,,,,,,B03,,,1,,2,,,23,,1,22,,B03,24.218403,120.721588,3
2018,12,14,18,59,臺中市,西屯區,0,0,,8,,,80,,,,,,,,,,,,,,,,,,,,B03,,,1,,2,,,23,,1,21,,B03,24.189916,120.639893,3
2018,12,14,18,59,臺中市,西屯區,0,0,0,8,3,5,40,,,,,,,,,,,,,,,23,  ,  ,  ,  ,B03,  ,  ,1,  ,2,5,  ,23,23,1,22,  ,B03,24.170309,120.632174,3
2018,12,14,19,0,臺中市,西屯區,0,3,0,8,3,5,50,3,1,1,5,4,5,7,1,1,10,5,5,2,15,25,2,8,3,4,C03,7,9,1,10,2,11,  ,25,25,1,22,9,C03,24.180689,120.644898,2
2018,12,14,19,0,臺中市,潭子區,0,1,0,8,3,5,60,4,1,1,5,4,5,7,2,1,3,4,4,1,11,8,3,10,1,1,C03,7,5,1,10,2,11,  ,8,8,1,21,5,C03,24.215679,120.705281,2
2018,12,14,19,1,臺中市,南區,0,0,0,8,3,5,50,14,7,1,5,4,5,7,4,4,5,2,5,2,12,17,3,10,1,1,B03,7,9,1,8,2,4,  ,17,17,1,22,8,B03,24.11954,120.667036,3
2018,12,14,19,8,臺中市,東區,0,0,,8,,,50,,,,,,,,,,,,,,,,,,,,B03,,,1,,2,,,23,,1,22,,B03,24.145685,120.687788,3
2018,12,14,19,11,臺中市,北屯區,0,3,0,8,3,5,40,5,1,1,5,4,5,7,1,1,10,5,5,2,23,42,2,9,1,1,B12,7,9,1,8,2,8,9,42,42,1,5,8,B12,24.186076,120.722116,2
2018,12,14,19,17,臺中市,北區,0,1,0,8,3,5,50,4,1,1,5,4,5,7,1,1,10,5,5,2,16,6,3,10,1,1,B03,7,5,1,8,2,6,  ,6,6,1,21,8,B03,24.16698,120.675156,2
2018,12,14,19,19,臺中市,北區,0,0,,8,,,50,,,,,,,,,,,,,,,,,,,,B03,,,1,,2,,,23,,1,  ,,B03,24.170464,120.66947,3
2018,12,14,19,32,臺中市,北屯區,0,1,0,8,3,5,50,4,1,1,5,4,5,7,1,1,10,5,5,2,16,6,3,10,1,1,B03,7,5,1,8,2,5,  ,6,6,1,21,8,B03,24.203001,120.674643,2
2018,12,14,19,37,臺中市,西區,0,1,0,8,3,5,50,4,1,1,5,4,5,7,1,1,1,4,1,2,12,6,2,9,3,4,C03,7,6,1,10,2,14,  ,6,6,1,21,8,C03,24.157498,120.659393,2
2018,12,14,19,40,臺中市,北屯區,0,0,,8,,,40,,,,,,,,,,,,,,,,,,,,B03,,,1,,2,,,8,,1,22,,B03,24.177146,120.73036,3
2018,12,14,19,44,臺中市,大雅區,0,0,,8,,,50,,,,,,,,,,,,,,,,,,,,   ,,,7,,11,,,43,,2,  ,,   ,24.221399,120.644851,3
2018,12,14,19,48,臺中市,西區,0,0,,8,3,5,50,14,7,1,5,4,5,7,2,1,5,4,4,2,13,,,,,,B03,,,1,,2,,,23,,1,4,,B03,24.146747,120.665261,3
2018,12,14,19,48,臺中市,外埔區,0,1,0,8,4,5,50,14,9,1,5,4,5,7,4,4,5,5,4,1,16,23,2,9,1,4,C03,7,4,1,10,2,12,  ,23,23,1,22,8,C03,24.333913,120.683841,2
2018,12,14,19,50,臺中市,南屯區,0,1,0,8,3,5,50,4,1,1,5,4,5,7,3,1,10,5,5,2,15,6,2,9,3,4,C04,7,9,1,10,2,11,  ,6,6,1,22,9,C04,24.142626,120.651309,2
2018,12,14,19,57,臺中市,西屯區,0,1,0,8,3,5,50,4,2,1,5,4,5,7,1,1,5,4,5,2,16,6,3,10,1,1,B03,7,6,1,8,2,2,  ,6,6,1,18,8,B03,24.166824,120.665449,2
2018,12,14,20,0,臺中市,西屯區,0,0,0,8,3,5,50,,,,,,,,,,,,,,,19,  ,  ,  ,  ,B03,  ,  ,1,  ,2,8,  ,19,19,1,22,  ,B03,24.191023,120.610836,3
2018,12,14,20,1,臺中市,北屯區,0,1,0,8,3,5,50,4,2,1,5,4,5,7,2,1,1,4,5,2,12,19,3,10,3,4,B03,7,1,1,8,2,8,  ,19,19,1,21,8,B03,24.178668,120.700534,2
2018,12,14,20,2,臺中市,梧棲區,0,1,0,8,1,5,50,4,1,1,5,4,5,7,4,4,10,5,5,2,16,6,3,10,1,1,B01,7,5,1,4,2,8,  ,6,6,1,10,1,B01,24.240563,120.551425,2
2018,12,14,20,3,臺中市,東區,0,0,0,8,3,5,50,4,1,1,5,4,5,7,4,4,10,5,5,2,15,6,3,10,1,1,C03,7,9,1,10,2,11,  ,6,6,1,5,8,C03,24.130361,120.691685,3
2018,12,14,20,5,臺中市,南屯區,0,1,0,8,3,5,40,14,8,1,5,4,5,7,4,4,5,4,4,2,13,7,2,9,1,1,C03,7,9,1,10,2,11,  ,44,7,1,22,8,C03,24.138916,120.613405,2
2018,12,14,20,8,臺中市,西屯區,0,1,0,8,1,5,40,4,2,1,5,4,5,7,2,1,10,5,5,2,12,7,2,9,3,4,C03,7,7,1,10,2,13,  ,7,7,1,22,9,C03,24.172466,120.645518,2
2018,12,14,20,15,臺中市,大雅區,0,2,0,8,3,5,50,4,1,1,5,4,5,7,1,1,10,5,5,2,12,17,2,8,1,1,C03,7,9,4,11,2,14,  ,17,17,1,22,9,C03,24.229271,120.647089,2
2018,12,14,20,18,臺中市,南區,0,0,,8,,,0,,,,,,,,,,,,,,,,,,,,B03,,,1,,2,,,12,,1,21,,B03,24.1223,120.667738,3
2018,12,14,20,20,臺中市,南區,0,0,0,,,,,,,,,,,,,,,,,,,12,3,  ,  ,  ,B12,  ,  ,1,8,2,  ,  ,12,12,  ,21,  ,B12,24.114185,120.653926,3
2018,12,14,20,20,臺中市,烏日區,0,1,0,8,3,5,70,14,9,1,5,4,5,7,2,1,1,2,4,2,13,23,3,10,1,1,B03,7,1,1,8,2,5,  ,23,23,1,22,8,B03,24.110318,120.600142,2
2018,12,14,20,27,臺中市,北區,0,0,,8,,,40,,,,,,,,,,,,,,,,,,,,B03,,,1,,2,,,12,,1,5,,B03,24.160752,120.68235,3
2018,12,14,20,32,臺中市,東區,0,1,0,8,3,5,50,3,1,1,5,4,5,7,2,1,10,5,5,2,16,6,3,10,1,1,B03,7,5,1,8,2,2,  ,6,6,1,22,8,B03,24.128955,120.684921,2
2018,12,14,20,33,臺中市,西屯區,0,0,,8,,,50,,,,,,,,,,,,,,,,,,,,B03,,,1,,2,,,16,,1,  ,,B03,24.177597,120.642105,3
2018,12,14,20,40,臺中市,龍井區,0,3,0,8,3,5,50,4,1,1,5,4,5,7,4,4,10,5,5,1,16,6,2,8,1,1,C03,7,5,1,10,2,11,  ,6,6,1,22,8,C03,24.192195,120.587633,2
2018,12,14,20,43,臺中市,大里區,0,0,,8,,,50,,,,,,,,,,,,,,,,,,,,C03,,,1,,2,,,23,,1,3,,C03,24.093173,120.702861,3
2018,12,14,20,51,臺中市,龍井區,0,1,0,8,3,5,40,4,2,1,5,4,5,7,1,1,10,5,1,2,16,23,2,9,1,1,C03,7,9,1,10,2,11,  ,23,23,1,22,8,C03,24.177344,120.577086,2
2018,12,14,20,55,臺中市,沙鹿區,0,2,0,8,3,5,50,4,1,1,5,4,5,7,4,4,10,5,5,2,15,6,2,9,1,1,C03,7,9,1,10,2,14,  ,6,6,1,2,8,C03,24.240928,120.564931,2
2018,12,14,21,3,臺中市,大雅區,0,1,0,8,3,5,40,5,1,1,5,4,5,7,4,4,10,5,5,2,14,12,3,10,1,1,B03,7,2,1,8,2,3,  ,12,12,1,22,9,B03,24.223961,120.646873,2
2018,12,14,21,5,臺中市,大安區,0,1,0,8,3,5,50,4,1,1,5,4,5,7,1,1,10,5,5,2,16,6,3,10,1,1,B03,7,11,1,8,2,8,  ,6,6,1,5,9,B03,24.368133,120.601161,2
2018,12,14,21,9,臺中市,大雅區,0,0,,8,,,50,,,,,,,,,,,,,,,,,,,,B03,,,1,,2,,,1,,1,  ,,B03,24.229935,120.646092,3
2018,12,14,21,15,臺中市,西區,0,0,,8,,,50,,,,,,,,,,,,,,,,,,,,B03,,,1,,2,,,9,,1,22,,B03,24.141135,120.666841,3
2018,12,14,21,16,臺中市,北屯區,0,0,,8,,,40,,,,,,,,,,,,,,,,,,,,B03,,,1,,2,,,19,,1,5,,B03,24.172451,120.68749,3
2018,12,14,21,18,臺中市,和平區,0,0,0,8,4,7,25,14,9,1,5,4,5,7,4,1,10,5,5,1,11,23,  ,  ,  ,  ,B03,  ,  ,1,  ,2,  ,  ,23,23,1,9,  ,B03,24.245114,120.92995,4
2018,12,14,21,20,臺中市,太平區,0,0,,8,,,40,,,,,,,,,,,,,,,,,,,,B12,,,1,,1,,,43,,1,21,,B12,24.142859,120.726716,3
2018,12,14,21,25,臺中市,北屯區,0,0,,8,,,50,,,,,,,,,,,,,,,,,,,,B03,,,1,,2,,,23,,1,  ,,B03,24.164233,120.715171,3
2018,12,14,21,44,臺中市,北區,0,0,0,8,,,40,,,,,,,,,,,,,,,19,  ,  ,  ,  ,B03,  ,  ,1,  ,2,  ,  ,19,19,1,5,  ,B03,24.152014,120.682031,3
2018,12,14,21,45,臺中市,北區,0,0,,8,,,50,,,,,,,,,,,,,,,,,,,,B01,,,1,,2,,,23,,1,  ,,B01,24.147727,120.685089,3
2018,12,14,21,45,臺中市,太平區,0,1,0,8,3,5,50,3,2,1,5,4,5,7,4,4,5,4,5,2,12,23,2,9,1,1,C03,7,9,1,10,2,11,  ,23,23,1,21,8,C03,24.148782,120.73429,2
2018,12,14,21,50,臺中市,龍井區,0,0,,8,,,50,,,,,,,,,,,,,,,,,,,,B03,,,1,,2,,,12,,1,22,,B03,24.198361,120.523215,3
2018,12,14,21,59,臺中市,大甲區,0,1,0,8,3,5,50,14,9,1,5,4,5,7,4,4,9,5,5,1,17,1,2,9,1,1,C03,7,4,1,10,2,12,  ,1,1,1,9,9,C03,24.353921,120.616535,2
2018,12,14,22,7,臺中市,北區,0,1,0,8,3,5,50,3,1,1,5,4,5,7,4,4,10,5,5,2,17,6,3,10,1,1,B03,7,5,1,8,2,1,  ,6,6,1,22,8,B03,24.159235,120.667101,2
2018,12,14,22,12,臺中市,大里區,0,0,,8,,,40,,,,,,,,,,,,,,,,,,,,C03,,,1,,2,,,42,,1,12,,C03,24.098967,120.70641,3
2018,12,14,22,12,臺中市,外埔區,0,1,0,8,4,5,50,4,1,1,5,4,5,7,3,1,10,5,5,2,16,6,3,10,3,4,C03,7,5,1,10,2,14,  ,6,6,1,22,8,C03,24.338655,120.656806,2
2018,12,14,22,16,臺中市,南區,0,1,0,8,3,5,50,14,7,1,5,4,5,7,4,4,5,2,5,2,12,23,3,10,1,1,B03,7,9,1,8,2,6,  ,17,23,1,21,8,B03,24.132543,120.678403,2
2018,12,14,22,20,臺中市,太平區,0,1,0,8,3,5,50,4,1,1,5,4,5,7,1,1,10,5,5,2,16,8,3,10,1,1,B03,7,5,1,8,2,1,  ,8,8,1,21,8,B03,24.131613,120.716874,2
2018,12,14,22,20,臺中市,潭子區,0,2,0,8,3,5,50,14,8,1,5,4,4,7,4,4,1,3,4,1,18,23,2,9,1,1,C03,7,9,1,10,2,14,  ,23,23,1,18,9,C03,24.203712,120.704321,2
2018,12,14,22,24,臺中市,潭子區,0,1,0,8,3,5,60,14,8,1,5,4,5,7,4,4,8,3,4,1,11,30,2,9,1,1,C03,7,9,1,10,2,14,  ,44,30,1,22,2,C03,24.203648,120.704249,2
2018,12,14,22,29,臺中市,大里區,0,0,,8,,,50,,,,,,,,,,,,,,,,,,,,   ,,,7,,11,,,43,,1,  ,,   ,24.102537,120.691411,3
2018,12,14,22,30,臺中市,西區,0,2,0,8,3,5,50,4,1,1,5,4,5,7,1,1,5,4,5,2,16,25,2,9,3,4,C03,7,5,1,9,2,11,  ,25,25,1,21,8,C03,24.145537,120.661684,2
2018,12,14,22,30,臺中市,北區,0,0,,8,,,50,,,,,,,,,,,,,,,,,,,,B03,,,1,,2,,,10,,1,22,,B03,24.1664,120.6867,3
2018,12,14,22,43,臺中市,龍井區,0,1,0,7,3,5,50,14,9,1,5,4,5,7,4,4,5,5,5,2,16,10,3,10,1,1,C03,7,11,1,10,2,14,  ,10,10,1,20,8,C03,24.181992,120.584616,2
2018,12,14,22,50,臺中市,沙鹿區,0,1,0,8,3,5,40,5,1,1,5,4,5,7,2,1,1,4,1,1,16,23,2,8,1,1,C03,7,9,1,10,2,11,  ,23,23,1,18,8,C03,24.240859,120.560536,2
2018,12,14,22,55,臺中市,大雅區,0,2,0,8,3,5,50,4,1,1,5,4,5,7,1,1,10,5,5,2,15,25,2,8,1,1,C03,7,9,1,10,2,14,  ,25,25,1,22,9,C03,24.208714,120.629625,2
2018,12,14,22,56,臺中市,北區,0,2,0,8,3,5,40,4,1,1,5,4,5,7,1,1,10,5,5,2,17,6,2,9,1,1,C03,7,6,1,10,2,12,  ,6,6,1,22,9,C03,24.159217,120.673541,2
2018,12,14,23,0,臺中市,神岡區,0,0,,8,,,50,,,,,,,,,,,,,,,,,,,,B03,,,1,,2,,,22,,1,22,,B03,24.25029,120.695883,3
2018,12,14,23,1,臺中市,南屯區,0,0,,8,,,50,,,,,,,,,,,,,,,19,,,,,B02,,,1,,2,,,18,19,1,22,,B02,24.145578,120.642461,3