年,月,日,時,分,縣市,區,死,受傷,2-30,天候,光線,道路類別,速限,道路型態,事故位置,路面鋪裝,路面狀態,路面缺陷,障礙物,視距,號誌種類,號誌動作,分向設施,快車道或一般車道間,快慢車道間,路面邊線,事故類型及型態,主要肇因,受傷程度,主要傷處,保護裝備,行動電話,當事者區分_類別,車輛用途,當事者行動狀態,駕駛資格情形,駕駛執照種類,飲酒情形,車輛撞擊部位最初,車輛撞擊部位其他,肇事因素個別,肇事因素主要,肇事逃逸,職業,旅次目的,車種,GPS座標X,GPS座標Y,事故類別
2018,12,14,23,9,臺中市,南屯區,0,0,,8,,,40,,,,,,,,,,,,,,,,,,,,B03,,,1,,2,,,12,,1,  ,,B03,24.143481,120.581388,3
2018,12,14,23,12,臺中市,清水區,0,1,0,8,3,5,40,14,8,1,5,4,5,7,4,4,1,4,1,1,17,23,3,10,1,1,C03,7,9,1,10,2,11,  ,23,23,1,21,8,C03,24.272673,120.560666,2
2018,12,14,23,20,臺中市,北屯區,0,1,0,8,3,5,50,14,9,1,5,4,5,7,4,4,5,5,5,2,16,19,3,10,1,1,C03,7,1,1,10,2,11,  ,19,19,1,22,8,C03,24.16949,120.703911,2
2018,12,14,23,27,臺中市,西屯區,0,0,,8,,,50,,,,,,,,,,,,,,,,,,,,B03,,,1,,2,,,23,,1,  ,,B03,24.163214,120.657735,3
2018,12,14,23,35,臺中市,北區,0,1,0,8,3,5,50,4,1,1,5,4,5,7,4,4,10,5,5,2,16,6,3,10,1,1,B03,7,5,1,8,2,5,  ,6,6,1,22,8,B03,24.1553,120.6952,2
2018,12,14,23,40,臺中市,沙鹿區,0,1,0,8,3,5,40,14,13,1,5,4,5,7,4,4,1,3,4,1,13,23,2,7,1,1,C03,7,9,6,10,2,12,  ,23,23,1,9,1,C03,24.24668,120.574375,2
2018,12,14,23,45,臺中市,南屯區,0,0,,8,,,50,,,,,,,,,,,,,,,,,,,,B03,,,1,,2,,,23,,1,22,,B03,24.150214,120.620454,3
2018,12,15,0,0,臺中市,東區,0,1,0,8,3,8,80,15,22,1,5,4,5,7,4,4,2,3,5,1,20,42,2,9,1,1,B03,7,9,1,9,2,15,  ,42,42,1,21,8,B03,24.13632,120.709612,2
2018,12,15,0,5,臺中市,神岡區,0,2,0,8,3,5,40,3,1,1,5,4,5,7,4,4,10,5,5,2,16,1,3,10,3,4,B03,7,5,1,8,2,8,  ,44,1,1,22,9,B03,24.243862,120.673447,2
2018,12,15,0,10,臺中市,西屯區,0,1,0,8,3,5,1,3,20,1,5,4,5,7,1,1,10,5,5,2,18,23,2,9,1,1,C03,7,15,2,18,2,11,  ,23,23,1,15,8,C03,24.198288,120.65331,2
2018,12,15,0,20,臺中市,大里區,0,1,0,8,3,5,50,14,9,1,5,4,5,7,4,4,5,4,5,1,18,42,2,9,1,1,C03,7,12,1,10,2,15,  ,42,42,1,22,1,C03,24.11424,120.689689,2
2018,12,15,0,30,臺中市,大甲區,0,0,,8,,,50,,,,,,,,,,,,,,,,,,,,B03,,,1,,2,,,25,,  ,  ,,B03,24.340744,120.624438,3
2018,12,15,0,54,臺中市,龍井區,0,1,0,7,3,5,50,3,2,1,5,4,5,7,4,4,10,5,5,2,12,23,2,7,1,1,C03,7,9,1,10,7,11,  ,23,23,1,21,8,C03,24.180955,120.588378,2
2018,12,15,1,14,臺中市,大里區,0,0,,8,,,40,,,,,,,,,,,,,,,,,,,,B03,,,1,,2,,,3,,1,5,,B03,24.112925,120.689805,3
2018,12,15,1,27,臺中市,太平區,0,1,0,8,3,5,50,4,1,1,5,4,5,7,3,1,10,5,5,2,16,6,3,10,1,1,B03,7,6,1,8,11,5,  ,6,6,2,21,8,B03,24.149242,120.721936,2
2018,12,15,1,43,臺中市,南區,0,0,,8,,,50,,,,,,,,,,,,,,,,,,,,B03,,,1,,2,,,23,,1,22,,B03,24.124836,120.664141,3
2018,12,15,2,0,臺中市,大甲區,0,0,,8,,,50,,,,,,,,,,,,,,,,,,,,B03,,,1,,4,,,21,,  ,  ,,B03,24.340677,120.624411,3
2018,12,15,2,7,臺中市,西屯區,0,1,0,8,3,5,40,3,1,1,5,4,5,7,2,1,10,5,5,2,16,6,3,10,1,1,B03,7,6,1,8,2,2,  ,6,6,1,21,8,B03,24.182953,120.61519,2
2018,12,15,2,27,臺中市,西屯區,0,0,,8,,,40,,,,,,,,,,,,,,,,,,,,B03,,,1,,2,,,23,,1,22,,B03,24.165373,120.645032,3
2018,12,15,3,30,臺中市,梧棲區,0,3,0,8,3,5,70,4,2,1,5,4,5,7,1,1,1,4,4,1,13,23,2,9,1,1,C03,7,9,1,10,2,11,  ,23,23,1,5,8,C03,24.219252,120.542636,2
2018,12,15,3,56,臺中市,太平區,0,0,0,8,3,5,50,4,1,1,5,4,5,7,2,1,10,5,5,2,17,21,3,10,1,1,B03,7,9,1,8,7,8,  ,21,21,1,21,8,B03,24.133761,120.721188,3
2018,12,15,5,26,臺中市,后里區,0,1,0,8,3,5,50,14,13,1,5,4,5,7,4,4,1,4,4,1,24,22,2,9,3,4,B03,7,9,1,8,2,1,  ,22,22,1,22,1,B03,24.285055,120.7229,2
2018,12,15,5,40,臺中市,清水區,0,1,0,8,2,5,40,3,1,1,5,4,5,7,4,4,10,5,5,2,16,6,2,9,1,1,C03,7,5,1,10,2,11,  ,6,6,1,5,5,C03,24.271781,120.577885,2
2018,12,15,6,48,臺中市,大里區,0,0,,8,,,60,,,,,,,,,,,,,,,,,,,,F01,,,8,,2,,,4,,1,22,,F01,24.103206,120.676153,3
2018,12,15,6,54,臺中市,大雅區,0,1,0,8,1,5,50,4,2,1,5,4,5,7,1,1,1,4,4,1,12,23,2,9,1,1,C03,7,9,1,10,2,14,  ,23,23,1,22,8,C03,24.219339,120.662215,2
2018,12,15,6,55,臺中市,潭子區,0,2,0,8,2,5,50,4,1,1,5,4,5,7,4,4,10,5,5,2,15,6,2,9,1,1,C03,7,9,1,10,2,11,  ,6,6,1,22,8,C03,24.188343,120.701782,2
2018,12,15,7,0,臺中市,烏日區,0,1,0,8,1,5,50,3,7,1,5,4,5,7,1,1,1,4,4,1,16,25,3,10,1,1,B03,7,6,1,8,2,3,  ,25,25,1,21,8,B03,24.103105,120.613373,2
2018,12,15,7,6,臺中市,大里區,0,3,0,8,1,5,50,4,1,1,5,4,5,7,2,1,10,5,5,2,15,25,2,9,1,1,C03,7,9,1,10,2,11,  ,25,25,1,5,5,C03,24.119701,120.688804,2
2018,12,15,7,28,臺中市,后里區,0,1,0,8,1,5,40,11,9,1,5,4,5,7,4,4,10,5,5,2,11,17,3,10,1,1,B03,7,9,1,8,2,8,4,17,17,1,21,8,B03,24.314978,120.70611,2
2018,12,15,7,29,臺中市,西區,0,2,0,8,1,5,50,4,1,1,5,4,5,7,1,1,10,5,5,2,16,26,2,9,1,1,C03,7,9,1,10,2,12,  ,26,26,1,21,8,C03,24.146716,120.656776,2
2018,12,15,7,29,臺中市,北屯區,0,2,0,8,1,5,50,4,1,1,5,4,5,7,1,1,10,5,5,2,13,1,2,9,3,4,C03,7,9,1,10,2,11,  ,1,1,1,21,8,C03,24.17476,120.683813,2
2018,12,15,7,32,臺中市,南屯區,0,3,0,8,1,5,40,4,1,1,5,4,5,7,2,1,1,2,4,2,13,1,2,7,1,1,C03,7,12,1,10,2,12,11,1,1,1,4,8,C03,24.145518,120.632271,2
2018,12,15,7,42,臺中市,大雅區,0,2,0,8,1,5,40,14,7,1,5,4,5,7,4,4,5,5,4,2,16,4,2,8,1,1,C03,7,5,1,10,2,11,  ,4,4,1,22,8,C03,24.218347,120.653255,2
2018,12,15,7,43,臺中市,西屯區,0,1,0,8,1,5,40,14,9,1,5,4,5,7,4,4,5,4,5,2,16,42,2,9,3,4,C03,7,15,1,10,2,13,14,42,42,1,22,8,C03,24.195128,120.653425,2
2018,12,15,7,44,臺中市,西屯區,0,1,0,8,1,5,50,14,8,1,5,4,5,7,4,4,1,4,4,2,16,23,3,10,1,1,B03,7,9,1,9,2,2,  ,23,23,1,22,8,B03,24.186561,120.615484,2
2018,12,15,7,47,臺中市,中區,0,0,,8,,,50,,,,,,,,,,,,,,,,,,,,A04,,,1,,2,,,23,,1,10,,A04,24.137966,120.68432,3
2018,12,15,7,47,臺中市,西屯區,0,1,0,8,1,5,50,3,1,1,5,4,5,7,4,4,4,3,4,2,16,42,2,9,1,1,C03,7,9,1,10,2,11,  ,42,42,1,21,8,C03,24.173401,120.644688,2
2018,12,15,7,51,臺中市,中區,0,0,0,8,,,50,,,,,,,,,,,,,,,16,3,  ,  ,  ,B03,  ,  ,3,  ,2,  ,  ,16,16,  ,5,  ,B03,24.143462,120.674969,3
2018,12,15,7,55,臺中市,北屯區,0,0,0,8,,,50,,,,,,,,,,,,,,,16,  ,  ,  ,  ,B12,  ,  ,1,  ,2,  ,  ,16,16,1,  ,  ,B12,24.162446,120.7334,3
2018,12,15,8,0,臺中市,南區,0,1,0,8,1,5,50,14,7,1,5,4,5,7,4,4,1,5,4,2,13,23,2,8,1,1,C03,7,9,1,10,2,11,  ,23,23,1,4,8,C03,24.130252,120.677545,2
2018,12,15,8,8,臺中市,南區,0,1,0,8,1,5,50,3,2,1,5,4,5,7,4,4,1,4,4,2,13,16,2,9,1,1,C03,7,9,1,10,2,11,  ,16,16,1,21,8,C03,24.130054,120.677374,2
2018,12,15,8,10,臺中市,后里區,0,0,,8,,,50,,,,,,,,,,,,,,,,,,,,B03,,,1,,2,,,5,,1,22,,B03,24.302927,120.710995,3
2018,12,15,8,25,臺中市,霧峰區,0,1,0,8,1,5,50,4,18,1,5,4,5,7,1,1,10,5,5,2,3,15,3,10,1,1,B12,7,5,1,8,2,1,  ,15,15,1,5,8,B12,24.067611,120.699034,2
2018,12,15,8,28,臺中市,潭子區,0,0,,8,,,60,,,,,,,,,,,,,,,,,,,,B03,,,1,,2,,,16,,1,  ,,B03,24.212539,120.705274,3
2018,12,15,8,29,臺中市,大里區,0,0,0,8,1,5,50,3,1,1,5,4,5,7,4,4,10,5,5,2,16,6,3,10,1,1,B03,7,5,1,8,2,1,  ,6,6,1,5,8,B03,24.08874,120.70138,3
2018,12,15,8,50,臺中市,西屯區,0,1,0,8,1,5,50,4,1,1,5,4,5,7,4,4,10,5,5,2,16,6,2,9,1,1,C03,7,9,1,10,2,11,  ,6,6,1,21,8,C03,24.189872,120.616726,2
2018,12,15,8,56,臺中市,大雅區,0,2,0,8,1,5,50,5,1,1,5,4,5,7,1,1,10,4,5,1,16,25,2,9,1,1,C03,7,5,3,18,2,12,  ,25,25,1,22,8,C03,24.227364,120.65058,2
2018,12,15,9,8,臺中市,南區,0,0,0,8,,,40,,,,,,,,,,,,,,,16,3,  ,  ,  ,C03,  ,  ,1,10,2,  ,  ,16,16,  ,21,  ,C03,24.123403,120.679344,3
2018,12,15,9,15,臺中市,西區,0,1,0,8,1,5,50,4,2,1,5,4,5,7,1,1,5,5,4,2,16,25,2,9,1,1,C03,7,5,1,10,2,11,  ,25,25,1,21,8,C03,24.152219,120.670484,2
2018,12,15,9,22,臺中市,大里區,0,0,,8,,,50,,,,,,,,,,,,,,,,,,,,B03,,,1,,2,,,7,,1,21,,B03,24.101564,120.671346,3
2018,12,15,9,25,臺中市,南屯區,0,0,,8,,,50,,,,,,,,,,,,,,,,,,,,B03,,,1,,2,,,26,,1,22,,B03,24.1302,120.65,3
2018,12,15,9,25,臺中市,龍井區,0,1,0,8,1,5,50,3,1,1,5,4,5,7,1,1,10,5,5,2,13,23,2,9,3,4,B03,7,9,1,8,2,1,  ,23,23,1,5,9,B03,24.190626,120.545835,2
2018,12,15,9,28,臺中市,西區,0,1,0,8,1,5,50,4,1,1,5,4,5,7,1,1,10,5,5,2,17,19,3,10,1,1,C03,7,1,1,10,2,13,  ,19,19,1,21,8,C03,24.146337,120.670255,2
2018,12,15,9,30,臺中市,西屯區,0,2,0,8,1,5,40,4,1,1,5,4,5,7,1,1,10,5,5,2,16,25,2,9,1,1,C03,7,9,1,10,3,14,  ,25,25,1,21,8,C03,24.169838,120.64793,2
2018,12,15,9,31,臺中市,潭子區,0,0,,8,,,50,,,,,,,,,,,,,,,,,,,,B03,,,1,,2,,,23,,1,21,,B03,24.197137,120.7004,3
2018,12,15,9,35,臺中市,南屯區,0,0,0,8,,,50,,,,,,,,,,,,,,,23,  ,  ,  ,  ,B03,  ,  ,1,  ,2,  ,  ,23,23,1,  ,  ,B03,24.146228,120.637041,3
2018,12,15,9,46,臺中市,西屯區,0,0,,8,,,50,,,,,,,,,,,,,,,,,,,,B12,,,1,,2,,,43,,1,  ,,B12,24.196748,120.657372,3
2018,12,15,9,48,臺中市,大里區,0,0,,8,,,40,,,,,,,,,,,,,,,,,,,,B03,,,1,,2,,,23,,1,5,,B03,24.107074,120.693334,3
2018,12,15,9,50,臺中市,東區,0,1,0,8,1,5,50,14,9,1,5,4,5,7,4,4,5,4,5,2,17,7,2,9,1,1,C03,7,7,1,10,2,14,  ,7,7,1,21,8,C03,24.140108,120.692181,2
2018,12,15,9,53,臺中市,清水區,0,2,0,8,1,5,50,4,1,1,5,4,5,7,1,1,10,5,5,2,16,8,2,9,1,1,C03,7,5,1,10,2,14,  ,8,8,1,18,8,C03,24.270148,120.575927,2
2018,12,15,9,53,臺中市,豐原區,0,0,,,,,,,,,,,,,,,,,,,,,,,,,B03,,,1,,2,,,44,,  ,  ,,B03,24.25577,120.737155,3
2018,12,15,9,53,臺中市,大雅區,0,1,0,8,1,5,40,11,9,1,5,4,5,7,4,4,10,5,5,2,11,5,3,10,1,1,B03,7,9,1,8,2,4,  ,5,5,1,22,8,B03,24.238972,120.634512,2
2018,12,15,9,56,臺中市,西屯區,0,1,0,8,1,5,40,14,8,1,5,4,5,7,4,4,1,4,4,2,17,40,3,10,3,4,B12,7,15,1,8,2,8,  ,40,40,1,22,8,B12,24.168016,120.64799,2
2018,12,15,9,58,臺中市,大甲區,0,0,0,8,,,50,,,,,,,,,,,,,,,23,  ,  ,  ,  ,B03,  ,  ,1,  ,2,  ,  ,23,23,1,  ,  ,B03,24.349269,120.617965,3
2018,12,15,9,59,臺中市,烏日區,0,1,0,8,1,5,50,3,2,1,5,4,5,7,4,4,4,4,5,1,29,16,2,9,1,1,C03,7,9,1,10,2,11,  ,16,16,1,21,8,C03,24.05927,120.661215,2
2018,12,15,10,0,臺中市,南屯區,0,0,,8,,,40,,,,,,,,,,,,,,,,,,,,B03,,,6,,2,,,26,,1,21,,B03,24.140571,120.622668,3
2018,12,15,10,0,臺中市,南屯區,0,0,0,8,1,5,40,14,8,1,5,4,5,7,4,4,1,4,5,2,17,19,3,10,1,1,B03,7,1,1,8,2,8,8,19,19,1,3,5,B03,24.172348,120.630576,3
2018,12,15,10,0,臺中市,大安區,0,1,0,8,1,5,40,14,9,1,5,4,5,7,4,4,10,5,5,2,18,43,2,9,1,4,C03,7,5,1,10,2,11,  ,43,43,1,20,8,C03,24.383108,120.584624,2
2018,12,15,10,1,臺中市,梧棲區,0,0,,8,,,40,,,,,,,,,,,,,,,,,,,,B12,,,1,,2,,,12,,1,3,,B12,24.251848,120.534295,3
2018,12,15,10,5,臺中市,大里區,0,1,0,8,1,5,50,4,2,1,2,1,5,7,4,4,5,4,5,1,17,50,3,10,1,1,A11,7,9,1,1,2,15,  ,50,50,1,10,8,A11,24.082375,120.709605,2
2018,12,15,10,8,臺中市,西屯區,0,0,,8,,,40,,,,,,,,,,,,,,,,,,,,B03,,,1,,2,,,16,,1,  ,,B03,24.171443,120.636295,3
2018,12,15,10,9,臺中市,西屯區,0,1,0,8,1,5,60,4,2,1,5,4,5,7,1,1,1,4,1,2,13,23,3,10,1,1,B02,7,9,1,8,2,1,  ,23,23,1,21,8,B02,24.164333,120.646586,2
2018,12,15,10,11,臺中市,沙鹿區,0,0,0,8,,,50,,,,,,,,,,,,,,,6,  ,  ,  ,  ,C03,  ,  ,1,  ,2,  ,  ,6,6,  ,  ,  ,C03,24.249684,120.597667,3
2018,12,15,10,19,臺中市,西屯區,0,0,,8,,,50,,,,,,,,,,,,,,,,,,,,B03,,,1,,2,,,23,,1,  ,,B03,24.201308,120.663129,3
2018,12,15,10,21,臺中市,東區,0,0,0,8,,,50,,,,,,,,,,,,,,,23,  ,  ,  ,  ,B03,  ,  ,1,  ,2,  ,  ,42,23,1,5,  ,B03,24.138592,120.702146,3
2018,12,15,10,35,臺中市,南區,0,0,,8,,,50,,,,,,,,,,,,,,,,,,,,B03,,,1,,2,,,23,,1,4,,B03,24.124834,120.664032,3
2018,12,15,10,46,臺中市,西區,0,0,0,8,,,60,,,,,,,,,,,,,,,42,3,  ,  ,  ,B12,  ,  ,1,  ,2,  ,  ,42,42,  ,5,  ,B12,24.157386,120.65907,3
2018,12,15,10,50,臺中市,北屯區,0,1,0,8,1,5,50,16,7,1,5,4,5,7,4,4,10,4,4,2,12,23,3,10,3,4,B03,7,9,1,8,2,2,  ,23,23,1,22,8,B03,24.178974,120.740125,2
2018,12,15,10,54,臺中市,南屯區,0,0,,8,,,40,,,,,,,,,,,,,,,,,,,,B03,,,1,,2,,,12,,1,  ,,B03,24.140606,120.643433,4
2018,12,15,10,55,臺中市,西區,0,1,0,8,1,5,50,4,2,1,5,4,5,7,1,1,1,2,4,2,18,42,2,9,1,1,C03,7,9,1,10,2,15,  ,42,42,1,5,5,C03,24.132034,120.667347,2
2018,12,15,10,55,臺中市,西屯區,0,1,0,8,1,5,40,4,1,1,5,4,5,7,2,1,10,5,5,2,17,43,2,9,1,1,C03,7,9,1,10,2,14,  ,43,43,1,21,8,C03,24.167938,120.641096,2
2018,12,15,10,55,臺中市,潭子區,0,2,0,8,1,5,50,14,5,1,5,4,5,7,4,4,7,4,5,1,13,16,2,9,1,1,C03,7,9,1,10,2,11,  ,16,16,1,22,8,C03,24.216181,120.686631,2
2018,12,15,10,57,臺中市,西屯區,0,1,0,8,1,5,50,14,7,2,5,4,5,7,4,4,5,4,4,2,13,7,2,8,1,1,C03,7,7,1,10,2,11,  ,7,7,1,21,8,C03,24.163825,120.659233,2
2018,12,15,11,1,臺中市,西屯區,0,1,0,8,1,5,50,3,1,1,5,4,5,7,2,1,1,5,5,2,16,6,3,10,1,1,B02,7,6,1,8,2,5,  ,6,6,1,22,8,B02,24.167999,120.654047,2
2018,12,15,11,5,臺中市,南屯區,0,0,,8,,,40,,,,,,,,,,,,,,,,,,,,B03,,,1,,11,,,23,,1,21,,B03,24.149279,120.623625,3
2018,12,15,11,6,臺中市,潭子區,0,1,0,8,1,5,40,5,1,1,5,4,5,7,3,1,5,5,5,2,17,6,2,9,1,1,C04,7,6,3,18,2,14,  ,6,6,1,21,8,C04,24.197036,120.70262,2
2018,12,15,11,13,臺中市,東區,0,0,,,,,,,,,,,,,,,,,,,,,,,,,B03,,,3,,2,,,12,,1,22,,B03,24.129419,120.705916,3
2018,12,15,11,14,臺中市,梧棲區,0,1,0,8,1,5,60,3,1,1,5,4,5,7,1,1,10,5,5,2,16,8,2,9,1,1,C03,7,5,1,10,2,14,  ,8,8,1,5,8,C03,24.253195,120.537534,2
2018,12,15,11,15,臺中市,南屯區,0,0,,8,,,50,,,,,,,,,,,,,,,,,,,,B03,,,1,,2,,,43,,1,21,,B03,24.153974,120.646729,3
2018,12,15,11,20,臺中市,東區,0,1,0,8,1,5,50,4,1,1,5,4,5,7,4,4,10,5,5,2,18,14,2,9,1,1,C03,7,9,1,10,2,12,  ,14,14,1,5,8,C03,24.142136,120.698064,2
2018,12,15,11,20,臺中市,霧峰區,0,1,0,8,1,5,50,3,1,1,5,4,5,7,3,1,10,5,5,2,16,6,3,10,1,1,B03,7,6,1,8,2,8,  ,6,6,1,5,8,B03,24.066978,120.701159,2
2018,12,15,11,21,臺中市,大里區,0,0,,8,,,50,,,,,,,,,,,,,,,,,,,,B03,,,1,,1,,,18,,1,20,,B03,24.103051,120.68854,3
2018,12,15,11,21,臺中市,后里區,0,2,0,8,1,5,50,3,1,1,5,4,5,7,4,4,5,5,5,1,17,10,3,10,1,4,B03,7,11,1,8,2,1,  ,10,10,1,22,9,B03,24.309101,120.726694,2
2018,12,15,11,23,臺中市,龍井區,0,0,,8,,,40,,,,,,,,,,,,,,,42,,,,,C03,,,1,,2,,,42,42,1,18,,C03,24.182864,120.592963,3
2018,12,15,11,26,臺中市,北區,0,1,0,8,1,5,40,14,12,1,5,4,5,7,4,4,5,5,4,2,17,19,3,10,1,1,B03,7,1,1,8,2,8,  ,19,19,1,22,8,B03,24.159165,120.679726,2
2018,12,15,11,27,臺中市,北屯區,0,0,0,8,,,40,,,,,,,,,,,,,,,26,  ,  ,  ,  ,B03,  ,  ,1,  ,2,  ,  ,26,26,1,22,  ,B03,24.168046,120.720928,3
2018,12,15,11,30,臺中市,大里區,0,0,0,8,1,5,40,3,1,1,5,4,5,7,3,1,10,5,5,2,16,6,3,10,1,1,B03,7,5,1,8,2,1,  ,6,6,1,5,8,B03,24.078025,120.696166,3
2018,12,15,11,30,臺中市,神岡區,0,0,,8,,,40,,,,,,,,,,,,,,,,,,,,B03,,,1,,2,,,18,,1,3,,B03,24.246375,120.682768,3
2018,12,15,11,37,臺中市,南屯區,0,1,0,8,1,5,50,4,1,1,5,4,5,7,2,1,1,2,4,2,16,10,3,10,1,1,B12,7,11,1,7,2,5,  ,10,10,1,4,8,B12,24.151173,120.649955,2
2018,12,15,11,37,臺中市,外埔區,0,1,0,8,1,5,50,14,9,1,5,4,5,7,4,4,5,5,5,1,16,10,3,10,1,1,B03,7,11,1,6,2,4,  ,10,10,1,3,8,B03,24.331781,120.654323,2
2018,12,15,11,47,臺中市,西屯區,0,1,0,8,1,5,50,4,1,1,5,4,5,7,4,4,10,5,5,2,12,26,2,9,1,1,C03,7,9,1,10,2,14,  ,44,26,1,21,8,C03,24.157727,120.650334,2
2018,12,15,11,50,臺中市,南屯區,0,3,0,8,1,5,40,14,8,1,5,4,5,7,2,1,1,4,1,2,13,23,2,9,1,1,C03,7,9,1,10,2,11,11,23,23,1,5,7,C03,24.152016,120.600797,2
2018,12,15,11,55,臺中市,大肚區,0,0,,8,,,40,,,,,,,,,,,,,,,,,,,,B03,,,1,,2,,,43,,1,21,,B03,24.122378,120.570561,3
2018,12,15,11,55,臺中市,豐原區,0,0,0,8,1,8,40,8,9,1,5,,5,7,4,4,10,5,5,1,13,23,3,10,1,1,C03,7,12,3,18,2,11,  ,23,23,1,22,9,C03,24.254227,120.748733,3
2018,12,15,12,0,臺中市,南屯區,0,0,,8,,,40,,,,,,,,,,,,,,,,,,,,B03,,,1,,2,,,7,,1,22,,B03,24.149433,120.623709,3
2018,12,15,12,0,臺中市,新社區,0,0,0,8,,,50,,,,,,,,,,,,,,,17,  ,  ,  ,  ,A11,  ,  ,1,  ,2,  ,  ,17,17,1,10,  ,A11,24.155111,120.835483,3
2018,12,15,12,1,臺中市,南屯區,0,0,,8,,,40,,,,,,,,,,,,,,,,,,,,B03,,,1,,2,,,1,,1,4,,B03,24.148703,120.623562,3
2018,12,15,12,6,臺中市,西屯區,0,1,0,8,1,5,50,4,1,1,5,4,5,7,1,1,10,5,5,2,16,43,2,9,1,1,C03,7,5,1,10,2,14,  ,43,43,1,21,7,C03,24.166626,120.644336,2
2018,12,15,12,8,臺中市,南區,0,1,0,8,1,5,50,14,7,1,5,4,5,7,4,4,5,4,4,2,17,10,3,10,1,1,B03,7,11,1,8,2,4,  ,10,10,1,3,8,B03,24.115697,120.667777,2
2018,12,15,12,10,臺中市,北屯區,0,1,0,8,1,5,50,14,9,1,5,4,5,7,4,4,1,4,5,2,12,23,2,8,1,1,C03,7,9,2,18,2,14,12,23,23,1,22,8,C03,24.167985,120.6852,2
2018,12,15,12,13,臺中市,東區,0,1,0,8,1,5,50,3,1,1,5,4,5,7,4,4,10,5,5,2,13,16,2,8,1,1,C03,7,9,1,10,2,11,  ,16,16,1,5,8,C03,24.149207,120.708961,2
2018,12,15,12,14,臺中市,北區,0,0,,8,,,50,,,,,,,,,,,,,,,,,,,,B12,,,1,,2,,,23,,1,22,,B12,24.167485,120.673062,3
2018,12,15,12,18,臺中市,沙鹿區,0,2,0,8,1,5,50,4,1,1,5,4,5,7,4,4,10,5,5,2,15,6,2,7,1,1,C03,7,9,1,10,2,11,  ,6,6,1,9,8,C03,24.207686,120.563721,2
2018,12,15,12,20,臺中市,北屯區,0,1,0,8,1,5,50,3,1,1,5,4,5,7,4,4,10,5,5,2,16,10,2,9,1,1,C03,7,11,1,10,2,11,  ,10,10,1,21,8,C03,24.165228,120.693188,2
2018,12,15,12,25,臺中市,西屯區,0,0,,8,,,50,,,,,,,,,,,,,,,,,,,,B03,,,1,,2,,,16,,1,  ,,B03,24.180548,120.637643,3
2018,12,15,12,34,臺中市,南區,0,1,0,8,1,5,50,14,7,1,5,4,5,7,4,4,5,5,5,2,17,40,3,10,1,1,B11,7,15,1,4,2,4,  ,40,40,1,5,8,B11,24.128702,120.679897,2
2018,12,15,12,35,臺中市,清水區,,,,8,,,50,,,,,,,,,,,,,,,,,,,,B03,,,1,,2,,,42,,1,21,,B03,24.270102,120.576164,3
2018,12,15,12,40,臺中市,南屯區,0,0,,8,,,50,,,,,,,,,,,,,,,,,,,,B03,,,1,,2,,,6,,  ,  ,,B03,24.154401,120.63461,3
2018,12,15,12,42,臺中市,北區,0,1,0,8,1,5,50,3,2,1,5,4,5,7,2,1,5,2,5,2,13,23,2,5,1,1,C03,7,9,1,10,2,11,  ,23,23,1,22,8,C03,24.15172,120.688411,2
2018,12,15,13,12,臺中市,沙鹿區,0,2,0,8,1,5,40,5,1,1,5,4,5,7,2,1,1,4,1,1,16,25,2,9,1,1,C03,7,5,1,10,2,12,  ,25,25,1,18,8,C03,24.241109,120.560776,2
2018,12,15,13,15,臺中市,石岡區,0,2,0,8,1,5,50,5,2,1,5,4,5,7,3,1,8,3,4,1,20,13,2,9,1,1,C03,7,5,1,10,2,12,  ,13,13,1,22,9,C03,24.258611,120.815277,2
2018,12,15,13,18,臺中市,梧棲區,0,1,0,8,1,5,40,14,8,1,5,4,5,7,4,4,10,5,5,2,12,23,2,8,1,1,C03,7,9,1,10,3,11,  ,23,23,1,9,8,C03,24.24225,120.557718,2
2018,12,15,13,27,臺中市,大雅區,0,2,0,8,1,5,40,14,9,1,5,4,5,7,4,4,10,5,5,1,16,23,2,9,1,1,C03,7,9,1,10,2,14,  ,23,23,1,22,9,C03,24.209528,120.63156,2
2018,12,15,13,48,臺中市,西屯區,0,0,,8,,,40,,,,,,,,,,,,,,,,,,,,C03,,,1,,2,,,10,,1,22,,C03,24.16489,120.643226,3
2018,12,15,14,1,臺中市,霧峰區,0,2,0,8,1,5,40,14,9,1,5,4,5,7,4,4,10,5,5,2,10,1,2,7,1,1,C03,7,4,1,10,2,11,  ,1,1,1,22,9,C03,24.080025,120.713029,2
2018,12,15,14,9,臺中市,北區,0,2,0,8,1,5,50,14,9,1,5,4,5,7,4,4,5,5,5,2,1,60,2,7,4,5,H01,8,16,8,20,10,16,  ,60,60,1,22,8,H01,24.14923,120.686035,2
2018,12,15,14,10,臺中市,西屯區,0,0,0,8,,,40,,,,,,,,,,,,,,,13,  ,  ,  ,  ,C03,  ,  ,1,  ,2,  ,  ,13,13,1,  ,  ,C03,24.165288,120.644323,3
2018,12,15,14,12,臺中市,后里區,0,1,0,8,1,5,60,14,9,1,5,4,5,7,4,4,5,4,4,1,17,23,2,8,3,4,C03,7,9,1,10,2,15,  ,23,23,1,22,8,C03,24.335476,120.730663,2