年,月,日,時,分,縣市,區,死,受傷,2-30,天候,光線,道路類別,速限,道路型態,事故位置,路面鋪裝,路面狀態,路面缺陷,障礙物,視距,號誌種類,號誌動作,分向設施,快車道或一般車道間,快慢車道間,路面邊線,事故類型及型態,主要肇因,受傷程度,主要傷處,保護裝備,行動電話,當事者區分_類別,車輛用途,當事者行動狀態,駕駛資格情形,駕駛執照種類,飲酒情形,車輛撞擊部位最初,車輛撞擊部位其他,肇事因素個別,肇事因素主要,肇事逃逸,職業,旅次目的,車種,GPS座標X,GPS座標Y,事故類別
2018,12,15,14,14,臺中市,梧棲區,0,1,0,8,1,5,70,4,1,1,5,4,5,7,1,1,10,5,5,2,16,43,3,10,1,1,B03,7,6,1,8,2,2,  ,43,43,1,3,8,B03,24.249993,120.535765,2
2018,12,15,14,14,臺中市,大甲區,0,1,0,8,1,5,50,14,9,1,5,4,5,7,4,4,9,5,5,1,18,43,2,1,4,1,F03,7,9,8,20,2,16,  ,43,43,1,20,8,F03,24.405734,120.643371,2
2018,12,15,14,17,臺中市,清水區,0,0,,8,,,70,,,,,,,,,,,,,,,,,,,,B03,,,1,,2,,,7,,1,21,,B03,24.301527,120.580026,3
2018,12,15,14,25,臺中市,大肚區,0,1,0,8,1,5,50,14,9,1,5,4,5,7,4,4,5,4,5,1,13,23,2,9,1,1,C03,7,9,1,10,2,11,  ,23,23,1,22,8,C03,24.169065,120.579108,2
2018,12,15,14,30,臺中市,西屯區,0,0,,8,,,50,,,,,,,,,,,,,,,,,,,,B03,,,1,,2,,,23,,1,21,,B03,24.166045,120.663289,3
2018,12,15,14,32,臺中市,北屯區,0,0,0,8,,,40,,,,,,,,,,,,,,,17,  ,  ,  ,  ,B03,  ,  ,1,  ,2,  ,  ,17,17,1,21,  ,B03,24.18218,120.725944,3
2018,12,15,14,33,臺中市,沙鹿區,0,1,0,8,1,5,50,4,1,1,5,4,5,7,4,4,10,5,5,2,16,6,2,9,1,1,C03,7,9,1,10,2,11,  ,6,6,1,16,9,C03,24.242913,120.563835,2
2018,12,15,14,40,臺中市,東勢區,0,0,0,8,,,50,,,,,,,,,,,,,,,16,  ,  ,  ,  ,B12,  ,  ,1,  ,2,  ,  ,16,16,1,  ,  ,B12,24.192603,120.839419,3
2018,12,15,14,46,臺中市,北屯區,0,0,0,8,1,5,50,14,9,1,5,4,5,7,4,4,4,3,5,2,13,23,3,10,1,1,B12,7,9,1,8,2,1,  ,23,23,1,21,8,B12,24.172493,120.712306,3
2018,12,15,14,57,臺中市,東區,0,2,0,8,1,5,50,4,2,1,5,4,5,7,4,4,5,5,4,2,13,23,2,9,1,1,B03,7,9,1,8,2,1,  ,23,23,1,5,8,B03,24.138825,120.699073,2
2018,12,15,15,0,臺中市,大里區,0,0,,8,,,40,,,,,,,,,,,,,,,,,,,,B12,,,1,,9,,,12,,1,21,,B12,24.109726,120.713235,3
2018,12,15,15,7,臺中市,西區,0,0,,8,,,50,,,,,,,,,,,,,,,,,,,,C03,,,1,,2,,,17,,1,21,,C03,24.141195,120.666645,3
2018,12,15,15,8,臺中市,南區,0,1,0,8,1,5,50,3,1,1,5,4,5,7,4,4,10,5,5,2,16,44,3,10,1,1,B03,7,5,1,8,2,1,  ,6,44,1,21,8,B03,24.1239,120.656752,2
2018,12,15,15,10,臺中市,清水區,0,0,0,8,,,60,,,,,,,,,,,,,,,26,  ,  ,  ,  ,B12,  ,  ,1,  ,2,  ,  ,26,26,1,21,  ,B12,24.293525,120.552121,3
2018,12,15,15,22,臺中市,大里區,0,0,,8,,,40,,,,,,,,,,,,,,,,,,,,A12,,,1,,9,,,23,,2,10,,A12,24.11489,120.686227,3
2018,12,15,15,25,臺中市,南屯區,0,0,,8,,,50,,,,,,,,,,,,,,,,,,,,B03,,,1,,2,,,1,,1,  ,,B03,24.13466,120.645493,3
2018,12,15,15,30,臺中市,東區,0,1,0,8,1,5,40,4,1,1,5,4,5,7,1,1,10,5,5,2,16,8,2,9,1,1,C03,7,5,1,10,2,14,  ,8,8,1,22,8,C03,24.132865,120.698798,2
2018,12,15,15,30,臺中市,南屯區,0,0,,8,,,50,,,,,,,,,,,,,,,,,,,,B03,,,1,,2,,,7,,1,21,,B03,24.149616,120.623221,3
2018,12,15,15,30,臺中市,北屯區,0,1,0,8,1,5,50,4,1,1,5,4,5,7,1,1,10,5,5,2,15,25,3,10,1,1,C03,7,9,6,18,8,11,  ,25,25,1,21,8,C03,24.175035,120.681735,2
2018,12,15,15,30,臺中市,大肚區,0,1,0,8,1,5,50,14,8,1,5,4,4,5,4,4,1,4,4,1,13,23,2,1,1,1,C03,7,9,1,10,8,11,  ,23,23,1,22,8,C03,24.135002,120.553269,2
2018,12,15,15,35,臺中市,北屯區,0,0,,8,,,40,,,,,,,,,,,,,,,,,,,,B03,,,1,,9,,,38,,1,5,,B03,24.164826,120.723197,3
2018,12,15,15,37,臺中市,南區,0,2,0,8,1,5,50,14,9,1,5,4,5,7,4,4,9,5,5,2,2,23,2,9,1,1,C03,7,9,1,10,2,12,  ,23,23,1,21,8,C03,24.114565,120.663791,2
2018,12,15,15,38,臺中市,太平區,0,0,,8,,,50,,,,,,,,,,,,,,,,,,,,C03,,,1,,2,,,25,,1,  ,,C03,24.147961,120.70065,3
2018,12,15,15,40,臺中市,北屯區,0,1,0,8,1,5,50,14,9,1,5,4,5,7,4,4,1,4,5,2,12,7,2,8,1,1,C03,7,8,1,10,2,12,  ,7,7,1,22,8,C03,24.173583,120.676538,2
2018,12,15,15,46,臺中市,大雅區,0,1,0,8,1,5,50,4,1,1,5,4,5,7,1,1,10,5,5,2,16,26,2,9,1,1,C03,7,5,1,10,2,11,  ,26,26,1,22,9,C03,24.225559,120.645354,2
2018,12,15,15,48,臺中市,南區,0,1,0,8,1,5,50,4,1,1,5,4,5,7,1,1,10,5,5,2,16,26,3,10,1,1,B03,7,6,1,8,2,2,  ,26,26,1,4,8,B03,24.131779,120.676584,2
2018,12,15,15,55,臺中市,南屯區,0,0,,8,,,50,,,,,,,,,,,,,,,,,,,,B12,,,1,,2,,,23,,1,21,,B12,24.14681,120.64517,3
2018,12,15,16,0,臺中市,龍井區,0,1,0,8,1,5,50,11,9,1,5,4,5,7,4,4,10,5,5,1,11,43,2,9,1,1,C03,7,6,1,10,2,15,  ,43,43,1,22,9,C03,24.186511,120.532925,2
2018,12,15,16,5,臺中市,中區,0,1,0,8,1,5,30,4,1,1,5,4,5,7,1,1,5,5,5,2,12,6,3,10,3,4,B12,7,6,1,8,2,2,  ,6,6,1,21,8,B12,24.141329,120.676072,2
2018,12,15,16,8,臺中市,西屯區,0,2,0,8,1,5,50,4,1,1,5,4,5,7,1,1,5,5,5,2,15,25,3,10,1,1,B03,7,9,1,8,2,8,  ,25,25,1,22,8,B03,24.172729,120.637987,2
2018,12,15,16,15,臺中市,大甲區,0,3,0,8,1,5,70,8,8,1,5,4,5,7,4,4,1,4,5,1,13,21,2,8,1,1,C03,7,9,3,18,8,11,  ,21,21,1,9,8,C03,24.372965,120.646275,2
2018,12,15,16,18,臺中市,西屯區,0,0,0,8,,,50,,,,,,,,,,,,,,,23,  ,  ,  ,  ,B03,  ,  ,1,  ,2,  ,  ,23,23,1,21,  ,B03,24.158624,120.65184,3
2018,12,15,16,18,臺中市,西屯區,0,1,0,8,1,5,50,14,9,1,5,4,5,7,4,4,5,5,5,2,12,6,3,10,3,4,B03,7,15,1,8,2,7,  ,6,6,1,22,8,B03,24.158272,120.651578,2
2018,12,15,16,19,臺中市,西屯區,0,0,,8,,,50,,,,,,,,,,,,,,,,,,,,B03,,,1,,2,,,25,,1,  ,,B03,24.174306,120.6397,3
2018,12,15,16,20,臺中市,沙鹿區,0,0,,8,,,50,,,,,,,,,,,,,,,,,,,,B03,,,1,,2,,,10,,1,1,,B03,24.224579,120.562778,3
2018,12,15,16,21,臺中市,沙鹿區,0,0,,,,,,,,,,,,,,,,,,,,,,,,,B03,,,1,,2,,,23,,1,  ,,B03,24.244428,120.613665,4
2018,12,15,16,22,臺中市,太平區,0,1,0,8,2,5,50,3,2,1,5,4,5,7,4,4,10,5,5,1,17,23,2,9,3,4,C03,7,6,1,10,2,13,  ,23,23,1,9,8,C03,24.107615,120.721948,2
2018,12,15,16,25,臺中市,沙鹿區,0,0,,8,,,50,,,,,,,,,,,,,,,,,,,,B03,,,1,,2,,,5,,1,19,,B03,24.215835,120.580266,3
2018,12,15,16,34,臺中市,東區,0,0,,8,,,50,,,,,,,,,,,,,,,,,,,,B12,,,1,,11,,,43,,1,5,,B12,24.138469,120.702978,3
2018,12,15,16,40,臺中市,中區,0,1,0,8,1,5,50,4,1,1,5,4,5,7,2,1,5,2,5,2,13,23,2,9,1,1,C03,7,9,1,10,2,11,  ,23,23,1,5,5,C03,24.141515,120.683678,2
2018,12,15,16,42,臺中市,大里區,0,1,0,8,1,5,50,3,2,1,5,4,5,7,4,4,9,4,5,1,16,10,3,10,3,4,B03,7,11,1,8,2,15,  ,10,10,1,3,8,B03,24.091397,120.690907,2
2018,12,15,16,43,臺中市,龍井區,0,1,0,8,3,5,70,4,1,1,5,4,5,7,1,1,10,5,5,2,15,43,2,9,1,1,C03,7,9,1,10,2,11,  ,43,43,1,19,8,C03,24.218903,120.542316,2
2018,12,15,16,45,臺中市,太平區,0,0,0,8,,,50,,,,,,,,,,,,,,,42,  ,  ,  ,  ,B03,  ,  ,1,  ,2,  ,  ,42,42,1,  ,  ,B03,24.124906,120.719206,3
2018,12,15,17,0,臺中市,南屯區,0,0,,8,,,50,,,,,,,,,,,,,,,,,,,,B11,,,1,,2,,,23,,1,22,,B11,24.150021,120.622011,3
2018,12,15,17,7,臺中市,西區,0,1,0,8,1,5,50,4,1,1,5,4,5,7,1,1,10,5,5,2,17,23,2,8,1,1,C03,7,15,4,8,2,14,  ,23,23,1,5,7,C03,24.132176,120.66168,2
2018,12,15,17,12,臺中市,西屯區,0,2,0,8,2,5,50,4,1,1,5,4,5,7,1,1,5,4,4,2,16,8,2,9,1,1,C03,7,5,1,10,2,14,  ,8,8,1,21,8,C03,24.192145,120.645036,2
2018,12,15,17,17,臺中市,西屯區,0,0,0,8,3,5,50,,,,,,,,,,,,,,,42,  ,  ,  ,  ,B03,  ,  ,1,  ,2,1,  ,42,42,1,22,  ,B03,24.171722,120.636902,3
2018,12,15,17,20,臺中市,北屯區,0,0,,8,,,50,,,,,,,,,,,,,,,,,,,,B03,,,1,,2,,,12,,1,22,,B03,24.171142,120.680474,3
2018,12,15,17,20,臺中市,西屯區,0,2,0,8,1,5,50,3,1,1,5,4,5,7,3,1,10,5,5,2,17,6,2,9,1,1,C03,7,5,1,10,2,12,  ,6,6,1,21,8,C03,24.193129,120.609081,2
2018,12,15,17,29,臺中市,西屯區,0,1,0,8,1,5,40,14,8,1,5,4,5,7,4,4,1,5,5,2,20,43,2,9,1,1,C03,7,8,1,10,2,11,  ,43,43,1,21,8,C03,24.181873,120.599366,2
2018,12,15,17,34,臺中市,潭子區,0,1,0,8,3,5,50,14,7,1,5,4,5,7,4,4,1,4,4,1,11,23,2,8,1,1,C03,7,9,1,10,2,11,  ,23,23,1,22,9,C03,24.234797,120.709313,2
2018,12,15,17,35,臺中市,烏日區,0,1,0,7,3,5,60,5,1,1,5,4,5,7,1,1,1,4,1,1,16,43,3,10,1,1,B03,7,5,1,8,2,6,  ,43,43,1,21,8,B03,24.093001,120.644956,2
2018,12,15,17,40,臺中市,北屯區,0,0,0,8,3,5,40,3,1,1,5,4,5,7,4,4,10,5,5,2,14,12,3,10,1,1,B12,7,2,3,18,2,3,  ,12,12,1,21,8,B12,24.167918,120.706543,3
2018,12,15,17,40,臺中市,烏日區,0,0,,8,,,80,,,,,,,,,,,,,,,,,,,,B03,,,1,,2,,,7,,1,21,,B03,24.106326,120.622808,3
2018,12,15,17,40,臺中市,大雅區,0,2,0,8,3,5,50,14,9,1,5,4,5,7,4,4,5,2,5,1,16,19,2,8,1,1,C03,7,1,1,10,2,11,  ,19,19,1,22,9,C03,24.22615,120.652989,2
2018,12,15,17,43,臺中市,南區,0,0,,8,,,50,,,,,,,,,,,,,,,,,,,,B03,,,1,,2,,,7,,1,20,,B03,24.133658,120.686744,3
2018,12,15,17,45,臺中市,西屯區,0,2,0,8,3,5,50,4,1,1,5,4,5,7,2,1,10,5,5,2,16,6,3,10,3,4,B03,7,6,1,8,2,2,  ,6,6,1,22,8,B03,24.182613,120.642501,2
2018,12,15,17,45,臺中市,龍井區,0,0,,8,,,40,,,,,,,,,,,,,,,,,,,,B03,,,1,,2,,,6,,1,22,,B03,24.182315,120.586341,3
2018,12,15,17,46,臺中市,西屯區,0,1,0,8,2,5,40,14,7,1,5,4,5,7,4,4,10,4,4,2,16,42,2,9,1,1,C03,7,9,1,10,2,14,  ,42,42,1,21,8,C03,24.179887,120.632438,2
2018,12,15,17,47,臺中市,西屯區,0,0,0,8,3,5,60,,,,,,,,,,,,,,,16,  ,  ,  ,  ,B03,  ,  ,1,  ,2,1,  ,16,16,1,22,  ,B03,24.184132,120.608671,3
2018,12,15,17,49,臺中市,梧棲區,0,0,,8,,,40,,,,,,,,,,,,,,,,,,,,B03,,,1,,2,,,16,,1,  ,,B03,24.224674,120.525587,4
2018,12,15,17,50,臺中市,大甲區,0,0,0,8,3,5,40,15,1,1,5,4,5,7,4,4,10,5,5,1,15,23,3,10,1,1,B03,7,9,1,8,2,1,  ,6,23,1,2,1,B03,24.374979,120.626519,3
2018,12,15,17,52,臺中市,東區,0,1,0,8,3,5,50,14,7,1,5,4,5,7,4,4,1,4,4,2,12,7,3,10,1,1,B03,7,9,1,4,2,2,  ,23,7,1,5,8,B03,24.12686,120.68998,2
2018,12,15,17,52,臺中市,和平區,0,0,0,8,1,3,40,14,9,1,5,4,5,7,4,4,5,3,5,1,19,21,3,10,1,1,B03,7,9,6,4,8,5,  ,21,21,1,21,8,B03,24.295502,120.916181,3
2018,12,15,17,54,臺中市,潭子區,0,2,0,8,3,5,50,14,9,1,5,4,5,7,4,4,9,5,5,2,15,6,2,9,1,1,C03,7,9,1,10,2,13,  ,6,6,1,22,2,C03,24.224308,120.695553,2
2018,12,15,17,55,臺中市,大里區,0,0,,8,,,50,,,,,,,,,,,,,,,,,,,,C03,,,1,,2,,,19,,1,20,,C03,24.113188,120.683536,3
2018,12,15,17,55,臺中市,沙鹿區,0,1,0,8,3,5,40,14,13,1,5,4,5,7,4,4,1,2,4,1,17,43,2,9,1,1,C03,7,9,1,10,2,15,  ,43,43,1,21,8,C03,24.250044,120.599419,2
2018,12,15,18,2,臺中市,霧峰區,0,0,,8,,,50,,,,,,,,,,,,,,,,,,,,B03,,,1,,2,,,17,,1,18,,B03,24.059762,120.697313,3
2018,12,15,18,12,臺中市,南屯區,0,0,,8,,,50,,,,,,,,,,,,,,,,,,,,B03,,,1,,2,,,42,,1,5,,B03,24.137276,120.635398,3
2018,12,15,18,15,臺中市,南屯區,0,0,,8,,,50,,,,,,,,,,,,,,,,,,,,B03,,,1,,2,,,7,,1,21,,B03,24.151067,120.621771,3
2018,12,15,18,23,臺中市,南區,0,3,0,8,1,5,50,14,7,1,5,4,5,7,4,4,5,5,4,2,13,23,3,10,1,1,B03,7,9,1,8,2,1,  ,23,23,1,2,8,B03,24.133827,120.659194,2
2018,12,15,18,24,臺中市,南區,0,1,0,8,2,5,50,14,9,1,5,4,5,7,4,4,1,4,5,2,16,6,3,10,1,1,B03,7,6,1,8,2,5,  ,6,6,1,5,8,B03,24.120076,120.650816,2
2018,12,15,18,35,臺中市,西區,0,0,0,8,3,5,50,3,1,1,5,4,5,7,4,4,10,5,5,2,17,,3,  ,  ,  ,B03,  ,  ,1,  ,2,  ,  ,42,  ,1,21,  ,B03,24.140195,120.662148,3
2018,12,15,18,35,臺中市,北屯區,0,0,0,8,,,50,,,,,,,,,,,,,,,23,  ,  ,  ,  ,B12,  ,  ,1,  ,2,  ,  ,23,23,1,22,  ,B12,24.174722,120.676388,3
2018,12,15,18,45,臺中市,西屯區,0,1,0,8,2,5,50,4,1,1,5,4,5,7,1,1,5,5,5,2,17,6,3,10,1,1,B03,7,5,1,7,2,5,  ,6,6,1,21,8,B03,24.180028,120.624928,2
2018,12,15,18,47,臺中市,北屯區,0,2,0,8,3,5,50,14,9,1,5,4,5,7,4,4,1,2,5,2,12,42,2,9,1,1,C03,7,15,1,10,2,14,  ,42,42,1,5,8,C03,24.164688,120.694338,2
2018,12,15,18,53,臺中市,龍井區,0,0,,8,,,50,,,,,,,,,,,,,,,,,,,,B03,,,1,,2,,,42,,1,22,,B03,24.192423,120.57947,3
2018,12,15,19,0,臺中市,北屯區,0,0,,8,,,50,,,,,,,,,,,,,,,,,,,,B03,,,1,,2,,,23,,1,22,,B03,24.206522,120.787669,3
2018,12,15,19,12,臺中市,南屯區,0,0,0,8,,,50,,,,,,,,,,,,,,,25,  ,  ,  ,  ,B02,  ,  ,1,  ,2,  ,  ,25,25,1,22,  ,B02,24.151343,120.635258,3
2018,12,15,19,30,臺中市,中區,0,1,0,8,3,5,50,4,1,1,5,4,5,7,3,1,10,5,5,2,15,6,3,10,1,1,C03,7,9,1,10,2,14,  ,6,6,1,4,6,C03,24.142779,120.675756,2
2018,12,15,19,30,臺中市,北屯區,0,0,,,,,,,,,,,,,,,,,,,,,,,,,B12,,,6,,2,,,7,,2,5,,B12,24.163021,120.704621,3
2018,12,15,19,31,臺中市,西區,0,0,,8,3,5,50,3,9,5,5,4,5,7,4,4,5,2,5,2,13,,,,,,A04,,,1,,2,,,23,,1,10,,A04,24.136144,120.681809,3
2018,12,15,19,32,臺中市,西區,0,0,0,8,3,5,50,4,1,1,5,4,5,7,1,1,1,4,1,2,12,,3,  ,  ,  ,B03,  ,  ,1,  ,2,  ,  ,44,  ,1,21,  ,B03,24.157108,120.659543,3
2018,12,15,19,40,臺中市,大里區,0,0,,8,,,50,,,,,,,,,,,,,,,,,,,,B03,,,1,,2,,,12,,1,22,,B03,24.091235,120.702812,3
2018,12,15,19,40,臺中市,潭子區,0,2,0,8,3,5,50,14,9,1,5,4,5,7,4,4,10,5,5,2,2,23,2,9,1,1,C03,7,9,1,10,2,15,  ,23,23,1,22,8,C03,24.21246,120.692831,2
2018,12,15,19,42,臺中市,東區,0,0,,8,,,50,,,,,,,,,,,,,,,,,,,,B03,,,1,,2,,,26,,1,  ,,B03,24.147904,120.699833,3
2018,12,15,19,50,臺中市,北屯區,0,1,0,8,3,5,50,4,1,1,5,4,5,7,1,1,10,5,5,2,16,6,3,10,1,1,B03,7,6,1,8,2,2,  ,6,6,1,22,8,B03,24.162578,120.721958,2
2018,12,15,19,50,臺中市,北屯區,0,1,0,8,3,5,50,3,1,1,5,4,5,7,4,4,10,5,5,2,16,23,2,8,1,1,C03,7,9,1,10,2,11,  ,23,23,1,22,8,C03,24.185521,120.665582,2
2018,12,15,19,50,臺中市,太平區,0,1,0,8,3,5,50,4,1,1,5,4,5,7,4,4,10,5,5,2,15,6,3,10,1,1,B03,7,9,1,8,2,1,  ,6,6,1,18,5,B03,24.129246,120.723437,2
2018,12,15,20,0,臺中市,大甲區,0,2,0,8,3,5,70,14,8,1,5,4,5,7,4,4,1,5,4,1,3,51,2,9,4,5,H01,8,16,8,20,2,16,  ,51,51,1,22,8,H01,24.365178,120.640895,2
2018,12,15,20,5,臺中市,西屯區,0,1,0,8,3,5,50,14,9,1,5,4,5,7,4,4,10,5,5,2,13,7,3,10,3,4,B02,7,8,1,8,2,3,  ,7,7,1,22,8,B02,24.182532,120.633591,2
2018,12,15,20,9,臺中市,西區,0,0,,8,,,50,,,,,,,,,,,,,,,,,,,,B03,,,1,,2,,,23,,1,21,,B03,24.157506,120.659508,4
2018,12,15,20,10,臺中市,烏日區,0,0,,,,,30,,,,,,,,,,,,,,,,,,,,B12,,,1,,2,,,19,,1,22,,B12,24.11018,120.616323,3
2018,12,15,20,22,臺中市,后里區,0,1,0,8,3,5,50,4,1,1,5,4,5,7,1,1,5,5,5,2,12,9,3,10,1,1,B03,7,6,1,8,2,3,  ,9,9,1,4,5,B03,24.306986,120.717665,2
2018,12,15,20,29,臺中市,東區,0,0,,,,,,,,,,,,,,,,,,,,,,,,,A02,,,1,,2,,,16,,1,5,,A02,24.126221,120.684211,3
2018,12,15,20,35,臺中市,大里區,0,0,,8,,,50,,,,,,,,,,,,,,,,,,,,B03,,,1,,2,,,12,,1,11,,B03,24.100783,120.682525,3
2018,12,15,20,36,臺中市,沙鹿區,0,0,,8,,,60,,,,,,,,,,,,,,,,,,,,B03,,,1,,2,,,1,,1,5,,B03,24.239571,120.564531,3
2018,12,15,20,49,臺中市,東區,0,2,0,7,3,5,40,4,1,1,5,4,5,7,1,1,10,5,5,2,13,23,2,9,1,1,C03,7,9,1,10,2,11,  ,23,23,1,22,8,C03,24.134741,120.701053,2
2018,12,15,20,49,臺中市,西屯區,0,1,0,8,3,5,40,3,2,1,5,4,5,7,4,4,10,4,4,2,16,43,3,10,1,1,C03,7,6,1,10,2,11,  ,43,43,1,22,8,C03,24.166623,120.645868,2
2018,12,15,20,53,臺中市,西屯區,0,1,0,8,3,5,50,14,9,1,5,4,5,7,4,4,9,5,4,2,12,7,2,9,1,1,C03,7,8,1,10,2,12,  ,7,7,1,21,8,C03,24.181998,120.621466,2
2018,12,15,21,2,臺中市,東區,0,2,0,7,3,5,50,5,1,1,5,4,5,7,1,1,9,4,5,2,17,23,2,9,1,1,C03,7,9,1,10,2,11,  ,23,23,1,5,8,C03,24.1429,120.696963,2
2018,12,15,21,7,臺中市,北屯區,0,1,0,8,3,5,50,14,12,1,5,4,3,7,4,4,5,5,4,2,13,23,2,9,1,1,C03,7,9,1,10,2,12,14,23,23,1,5,8,C03,24.18023,120.689846,2
2018,12,15,21,15,臺中市,大里區,0,0,,8,,,50,,,,,,,,,,,,,,,,,,,,B03,,,1,,2,,,19,,1,20,,B03,24.115251,120.683177,3
2018,12,15,21,38,臺中市,北屯區,0,1,0,8,3,5,50,4,1,1,5,4,5,7,1,1,5,5,4,2,16,6,3,10,1,1,B03,7,5,1,8,2,1,  ,6,6,1,22,8,B03,24.176337,120.681477,2
2018,12,15,21,52,臺中市,太平區,0,1,0,8,3,5,50,3,1,1,5,4,5,7,4,4,10,5,5,2,12,23,2,8,1,1,C03,7,9,1,10,2,11,  ,23,23,1,18,8,C03,24.149187,120.721378,2
2018,12,15,21,53,臺中市,西屯區,0,1,0,8,3,5,50,4,4,1,5,4,5,7,1,1,5,4,4,2,13,16,2,9,1,1,C03,7,9,1,10,2,11,14,16,16,1,16,8,C03,24.170173,120.661801,2
2018,12,15,22,3,臺中市,霧峰區,0,0,,8,,,50,,,,,,,,,,,,,,,23,,,,,C03,,,1,,2,,,44,23,1,3,,C03,24.064908,120.69729,3
2018,12,15,22,9,臺中市,北屯區,0,0,,8,,,50,,,,,,,,,,,,,,,,,,,,B03,,,1,,2,,,25,,1,5,,B03,24.179106,120.685892,3
2018,12,15,22,10,臺中市,清水區,0,1,0,8,3,5,40,4,2,1,5,4,5,7,1,1,10,5,5,2,18,23,2,7,2,1,F03,7,9,8,20,7,16,  ,23,23,1,5,1,F03,24.262385,120.562692,2
2018,12,15,22,20,臺中市,北屯區,0,1,0,8,3,5,50,14,7,1,5,4,5,7,1,1,5,5,5,2,13,16,3,10,1,1,B03,7,9,1,8,2,5,  ,16,16,1,22,8,B03,24.173881,120.680901,2
2018,12,15,22,22,臺中市,潭子區,0,0,,8,,,50,,,,,,,,,,,,,,,,,,,,C03,,,1,,2,,,23,,1,22,,C03,24.191952,120.700303,3
2018,12,15,22,28,臺中市,西屯區,0,0,0,8,3,5,60,,,,,,,,,,,,,,,23,  ,  ,  ,  ,B03,  ,  ,1,  ,2,1,  ,23,23,1,22,  ,B03,24.166516,120.642768,3
2018,12,15,22,31,臺中市,南屯區,0,0,,8,,,50,,,,,,,,,,,,,,,,,,,,B01,,,1,,2,,,17,,1,22,,B01,24.146833,120.645958,3
2018,12,15,22,37,臺中市,中區,0,1,0,8,3,5,50,14,8,1,5,4,5,7,4,4,5,5,4,2,18,43,2,9,1,1,C03,7,9,1,10,2,12,  ,43,43,1,4,5,C03,24.145193,120.676802,2
2018,12,15,22,40,臺中市,南屯區,0,0,0,8,,,50,,,,,,,,,,,,,,,42,  ,  ,  ,  ,A11,  ,  ,1,  ,2,  ,  ,42,42,1,22,  ,A11,24.150613,120.612541,3
2018,12,15,22,40,臺中市,梧棲區,0,1,0,8,3,5,70,3,2,1,5,4,5,7,2,1,10,5,5,2,13,16,2,3,3,4,B03,7,9,1,8,7,8,  ,16,16,1,5,8,B03,24.24248,120.556594,2
2018,12,15,22,41,臺中市,南區,0,2,0,8,3,5,50,4,1,1,5,4,5,7,1,1,10,5,5,2,16,6,2,9,1,1,C03,7,5,4,11,2,14,  ,6,6,1,21,8,C03,24.126371,120.67941,2
2018,12,15,22,48,臺中市,東區,0,0,,8,,,40,,,,,,,,,,,,,,,,,,,,B12,,,1,,2,,,12,,1,  ,,B12,24.132685,120.689863,3
2018,12,15,22,56,臺中市,東區,0,0,0,7,3,5,50,5,2,1,5,4,5,7,1,1,10,4,5,2,16,26,  ,  ,  ,  ,B03,  ,9,1,8,2,8,  ,44,26,1,5,  ,B03,24.132728,120.693058,3
2018,12,15,23,10,臺中市,西屯區,0,1,0,8,3,5,50,3,1,1,5,4,5,7,2,1,1,5,5,2,12,17,3,10,1,1,B03,7,9,1,8,2,2,  ,17,17,1,22,8,B03,24.159925,120.643382,2
2018,12,15,23,12,臺中市,西屯區,0,1,0,8,3,5,50,14,7,1,5,4,5,7,4,4,5,5,4,2,13,16,2,9,1,1,C03,7,9,1,10,2,11,  ,16,16,1,21,8,C03,24.173941,120.64466,2
2018,12,15,23,13,臺中市,北區,0,0,0,8,,,50,,,,,,,,,,,,,,,23,3,  ,  ,  ,B02,  ,  ,1,  ,2,  ,  ,23,23,1,5,  ,B02,24.16597,120.685029,3
2018,12,15,23,39,臺中市,潭子區,0,2,0,8,3,5,60,14,7,1,5,4,5,7,4,4,1,4,4,2,9,23,2,9,1,1,C03,7,9,1,10,2,14,  ,23,23,1,22,8,C03,24.191315,120.702546,2
2018,12,15,23,45,臺中市,中區,0,3,0,8,3,5,50,4,1,1,5,4,5,7,1,1,10,5,5,2,16,6,2,9,1,1,C03,7,6,3,18,2,12,  ,6,6,1,21,5,C03,24.140461,120.685852,2
2018,12,15,23,51,臺中市,西區,0,0,,8,,,50,,,,,,,,,,,,,,,,,,,,B03,,,1,,2,,,26,,1,22,,B03,24.146703,120.652955,3
2018,12,16,0,5,臺中市,大里區,0,0,,8,,,50,,,,,,,,,,,,,,,,,,,,B03,,,1,,11,,,38,,1,5,,B03,24.099553,120.720308,3
2018,12,16,0,10,臺中市,清水區,0,0,,,,,70,,,,,,,,,,,,,,,,,,,,B03,,,1,,2,,,16,,1,5,,B03,24.278153,120.573013,3
2018,12,16,0,20,臺中市,西區,0,0,,8,,,40,,,,,,,,,,,,,,,,,,,,B03,,,1,,2,,,6,,1,22,,B03,24.148831,120.673241,3
2018,12,16,3,0,臺中市,南區,0,1,0,8,3,5,50,5,1,1,5,4,5,7,1,1,10,5,5,2,16,6,3,10,1,1,B03,7,6,1,8,2,2,  ,6,6,1,22,8,B03,24.126441,120.684106,2