年,月,日,時,分,縣市,區,死,受傷,2-30,天候,光線,道路類別,速限,道路型態,事故位置,路面鋪裝,路面狀態,路面缺陷,障礙物,視距,號誌種類,號誌動作,分向設施,快車道或一般車道間,快慢車道間,路面邊線,事故類型及型態,主要肇因,受傷程度,主要傷處,保護裝備,行動電話,當事者區分_類別,車輛用途,當事者行動狀態,駕駛資格情形,駕駛執照種類,飲酒情形,車輛撞擊部位最初,車輛撞擊部位其他,肇事因素個別,肇事因素主要,肇事逃逸,職業,旅次目的,車種,GPS座標X,GPS座標Y,事故類別
2018,12,16,3,0,臺中市,南屯區,0,0,0,8,,,50,,,,,,,,,,,,,,,,3,  ,  ,  ,B03,  ,  ,1,  ,2,  ,  ,6,  ,1,22,  ,B03,24.149891,120.642628,3
2018,12,16,4,8,臺中市,豐原區,0,1,0,8,1,5,50,14,9,1,5,4,5,7,4,4,10,5,5,2,18,21,2,9,1,1,C03,7,15,6,18,8,15,  ,21,21,1,21,8,C03,24.23729,120.714106,2
2018,12,16,5,15,臺中市,太平區,0,2,0,8,4,5,50,4,1,1,5,4,5,7,3,1,10,5,5,2,15,6,3,10,1,1,B03,7,9,1,8,5,8,  ,6,6,1,5,8,B03,24.101319,120.721317,2
2018,12,16,6,30,臺中市,南屯區,0,0,0,8,,,50,,,,,,,,,,,,,,,23,  ,  ,  ,  ,B02,  ,  ,1,8,2,  ,  ,23,23,1,12,  ,B02,24.134693,120.646812,3
2018,12,16,6,45,臺中市,龍井區,0,0,,8,,,50,,,,,,,,,,,,,,,,,,,,B12,,,1,,2,,,12,,1,21,,B12,24.180791,120.530945,4
2018,12,16,6,59,臺中市,北屯區,0,2,0,8,1,5,50,4,1,1,5,4,5,7,4,4,10,5,5,2,15,6,2,9,3,4,C03,7,9,1,10,2,11,  ,6,6,1,21,8,C03,24.166918,120.692726,2
2018,12,16,7,13,臺中市,大雅區,0,1,0,8,1,5,50,14,13,1,5,4,5,7,4,4,1,4,4,1,17,41,2,9,1,2,C03,7,9,1,10,2,12,  ,41,41,1,22,8,C03,24.242395,120.625652,2
2018,12,16,7,35,臺中市,北屯區,0,1,0,8,1,5,50,14,7,1,5,4,5,7,1,1,5,4,4,2,16,26,3,10,1,1,B03,7,11,1,2,2,8,  ,26,26,1,21,5,B03,24.168011,120.7233,2
2018,12,16,8,5,臺中市,神岡區,0,0,0,8,,,50,,,,,,,,,,,,,,,19,  ,  ,  ,  ,B03,  ,  ,1,  ,2,  ,  ,19,19,1,21,  ,B03,24.258322,120.663802,3
2018,12,16,8,15,臺中市,龍井區,0,1,0,7,1,5,50,4,1,1,5,4,5,7,2,1,10,5,5,2,16,6,3,10,1,1,B03,7,5,6,8,2,1,  ,6,6,1,20,8,B03,24.125479,120.562174,2
2018,12,16,8,18,臺中市,大雅區,0,0,,8,,,40,,,,,,,,,,,,,,,,,,,,B03,,,1,,2,,,6,,1,21,,B03,24.222015,120.654523,3
2018,12,16,8,32,臺中市,東區,0,0,,,,,,,,,,,,,,,,,,,,,,,,,B03,,,1,,9,,,12,,2,5,,B03,24.147723,120.696247,3
2018,12,16,8,43,臺中市,東區,0,1,0,8,1,5,50,4,1,1,5,4,5,7,4,4,10,5,5,2,15,6,2,9,1,1,C03,7,9,1,10,2,12,  ,6,6,1,20,8,C03,24.141006,120.697194,2
2018,12,16,8,45,臺中市,大里區,0,0,,8,,,50,,,,,,,,,,,,,,,,,,,,B12,,,1,,2,,,19,,1,  ,,B12,24.087352,120.697586,3
2018,12,16,9,0,臺中市,南屯區,0,1,0,8,1,5,50,4,1,1,5,4,5,7,2,1,10,5,5,2,16,6,3,10,1,1,B03,7,6,1,8,2,2,2,6,6,1,5,1,B03,24.142634,120.647698,2
2018,12,16,9,43,臺中市,霧峰區,0,0,,8,,,40,,,,,,,,,,,,,,,,,,,,B12,,,1,,2,,,5,,1,21,,B12,24.058778,120.741333,3
2018,12,16,9,49,臺中市,大里區,0,0,,8,,,50,,,,,,,,,,,,,,,,,,,,B02,,,1,,2,,,7,,1,22,,B02,24.119696,120.688294,3
2018,12,16,10,10,臺中市,大肚區,0,0,,8,,,40,,,,,,,,,,,,,,,,,,,,B03,,,1,,2,,,12,,2,21,,B03,24.126794,120.562355,3
2018,12,16,10,23,臺中市,沙鹿區,0,2,0,8,1,5,50,4,1,1,5,4,5,7,1,1,1,4,4,1,16,6,2,9,1,1,C03,7,5,1,10,2,11,  ,6,6,1,18,8,C03,24.209664,120.58061,2
2018,12,16,10,25,臺中市,西區,0,0,0,8,,,50,,,,,,,,,,,,,,,23,3,  ,  ,  ,C04,  ,  ,1,  ,2,  ,  ,23,23,1,21,  ,C04,24.135785,120.682267,3
2018,12,16,10,25,臺中市,大雅區,0,2,0,8,1,5,40,14,9,1,5,4,5,7,4,4,10,5,5,2,11,5,2,8,1,1,C03,7,9,1,10,2,14,  ,5,5,1,22,8,C03,24.238388,120.642797,2
2018,12,16,10,28,臺中市,西區,0,1,0,8,1,5,50,4,2,1,5,4,5,7,1,1,5,5,5,2,9,60,2,9,4,5,H01,8,17,8,20,2,16,  ,60,60,1,21,8,H01,24.141573,120.657264,2
2018,12,16,10,28,臺中市,新社區,0,1,0,8,1,5,50,14,9,1,5,4,5,7,4,4,10,5,5,2,12,23,3,10,1,1,B03,7,9,1,8,2,5,  ,23,23,1,9,8,B03,24.206,120.792594,2
2018,12,16,10,30,臺中市,梧棲區,0,1,0,8,1,5,50,4,1,1,5,4,5,7,4,4,10,5,5,2,15,6,2,9,1,1,C03,7,9,1,10,2,11,  ,6,6,1,20,8,C03,24.22614,120.541214,2
2018,12,16,10,33,臺中市,太平區,0,1,0,8,1,5,40,3,1,1,5,4,5,7,3,1,10,5,5,2,16,6,3,10,3,4,B03,7,5,1,8,2,8,  ,6,6,1,9,8,B03,24.149336,120.722446,2
2018,12,16,10,42,臺中市,南區,0,1,0,8,1,5,50,5,1,1,5,4,5,7,1,1,10,5,5,2,15,23,2,9,1,1,C03,7,9,1,10,2,11,  ,23,23,1,22,8,C03,24.121686,120.661163,2
2018,12,16,10,45,臺中市,清水區,0,2,0,8,1,5,70,5,2,1,5,4,5,7,1,1,8,4,4,1,16,9,3,10,1,1,B03,7,6,1,8,2,2,  ,9,9,1,21,8,B03,24.304,120.596353,2
2018,12,16,10,49,臺中市,大里區,0,2,0,8,1,5,50,4,1,1,5,4,5,7,4,4,10,5,5,2,16,6,3,10,1,1,B03,7,5,1,8,2,7,  ,6,6,1,19,8,B03,24.109125,120.687978,2
2018,12,16,10,50,臺中市,西區,0,0,,8,,,50,,,,,,,,,,,,,,,,,,,,B03,,,1,,2,,,23,,1,21,,B03,24.143354,120.661489,3
2018,12,16,11,7,臺中市,外埔區,0,1,0,8,1,5,40,4,1,1,5,4,5,7,4,4,10,5,5,2,16,6,3,10,3,4,B12,7,5,1,8,2,5,  ,6,6,1,21,8,B12,24.328396,120.657631,2
2018,12,16,11,8,臺中市,龍井區,0,1,0,8,1,5,40,3,1,1,5,4,5,7,4,4,10,5,5,2,16,6,3,10,1,1,C03,7,6,1,10,2,13,  ,6,6,1,12,8,C03,24.208808,120.505521,2
2018,12,16,11,15,臺中市,梧棲區,0,1,0,8,1,5,70,3,1,1,5,4,5,7,2,1,10,5,5,2,16,9,3,10,1,1,B03,7,6,1,8,2,2,  ,9,9,1,5,8,B03,24.242377,120.556558,2
2018,12,16,11,20,臺中市,大雅區,0,1,0,8,1,5,40,4,1,1,5,4,5,7,4,4,10,5,5,2,16,6,2,9,1,1,C03,7,9,2,18,2,12,  ,6,6,1,22,9,C03,24.231199,120.646895,2
2018,12,16,11,21,臺中市,西區,0,2,0,8,1,5,50,4,1,1,5,4,5,7,1,1,10,5,5,2,18,42,2,9,1,1,C03,7,9,6,18,2,12,  ,42,42,1,5,8,C03,24.134821,120.665911,2
2018,12,16,11,23,臺中市,潭子區,0,0,,8,,,60,,,,,,,,,,,,,,,,,,,,B03,,,1,,2,,,7,,1,  ,,B03,24.2118,120.705931,3
2018,12,16,11,26,臺中市,清水區,0,1,0,8,1,5,50,5,1,1,5,4,5,7,4,4,9,4,4,1,15,11,3,10,1,1,B03,7,9,1,8,2,4,  ,14,11,1,21,8,B03,24.304035,120.596155,2
2018,12,16,11,29,臺中市,東區,0,0,,,,,,,,,,,,,,,,,,,,,,,,,B02,,,1,,2,,,25,,1,5,,B02,24.128855,120.684931,3
2018,12,16,11,30,臺中市,大雅區,0,0,,8,,,40,,,,,,,,,,,,,,,,,,,,B03,,,1,,2,,,12,,1,21,,B03,24.220752,120.656599,3
2018,12,16,11,33,臺中市,西屯區,0,1,0,8,1,5,50,3,1,1,5,4,5,7,1,1,1,4,4,2,13,23,3,10,3,4,C03,7,9,1,10,2,11,  ,23,23,1,22,9,C03,24.182708,120.623226,2
2018,12,16,11,38,臺中市,沙鹿區,0,0,,8,,,50,,,,,,,,,,,,,,,,,,,,C03,,,1,,2,,,23,,1,9,,C03,24.240664,120.562097,3
2018,12,16,11,45,臺中市,大肚區,0,1,0,8,1,5,50,14,9,1,5,4,5,7,4,4,5,5,5,1,9,12,3,10,1,1,B03,7,2,1,7,2,6,  ,12,12,1,21,8,B03,24.153273,120.544576,2
2018,12,16,11,55,臺中市,西屯區,0,0,,8,,,50,,,,,,,,,,,,,,,,,,,,B03,,,1,,2,,,23,,1,  ,,B03,24.186799,120.614663,3
2018,12,16,12,5,臺中市,和平區,0,0,0,8,1,2,30,14,9,1,5,1,5,7,4,4,5,5,5,1,12,12,3,10,3,4,B03,7,2,1,8,2,8,  ,12,12,1,4,6,B03,24.142762,120.659241,3
2018,12,16,12,7,臺中市,西區,0,1,0,8,1,5,50,4,1,1,5,4,5,7,1,1,10,5,5,2,17,10,3,10,1,1,B03,7,11,1,8,2,5,  ,10,10,1,21,8,B03,24.149052,120.665278,2
2018,12,16,12,20,臺中市,南屯區,0,1,0,8,1,5,50,4,4,1,5,4,5,7,2,1,1,2,5,2,13,16,3,10,1,1,C03,7,9,1,10,2,11,14,16,16,1,18,5,C03,24.220103,120.955874,2
2018,12,16,12,32,臺中市,北屯區,0,1,0,8,1,5,40,4,2,1,5,4,5,7,4,4,10,5,5,2,18,42,2,9,1,1,C03,7,9,1,10,2,14,  ,42,42,1,5,8,C03,24.177601,120.671081,2
2018,12,16,12,39,臺中市,南區,0,1,0,8,1,5,50,4,2,1,5,4,5,7,4,4,1,2,5,2,13,16,2,7,1,1,C03,7,9,1,10,2,11,  ,16,16,1,21,8,C03,24.119105,120.66972,2
2018,12,16,12,40,臺中市,梧棲區,0,0,,8,,,70,,,,,,,,,,,,,,,,,,,,B03,,,1,,2,,,16,,1,  ,,B03,24.251965,120.530973,4
2018,12,16,12,40,臺中市,后里區,0,0,,8,1,5,50,14,7,1,5,4,5,7,1,1,1,4,4,1,12,,,,,,B03,,,1,,2,,,42,,1,22,,B03,24.308391,120.722407,3
2018,12,16,12,50,臺中市,霧峰區,0,0,,8,,,70,,,,,,,,,,,,,,,,,,,,   ,,,7,,11,,,67,,1,  ,,   ,24.059628,120.695251,3
2018,12,16,12,51,臺中市,太平區,0,1,0,8,1,5,40,14,9,1,5,4,5,7,4,4,10,5,5,2,16,4,3,10,3,4,F03,7,5,8,20,2,16,  ,4,4,1,9,8,F03,24.131596,120.737922,2
2018,12,16,12,52,臺中市,南屯區,0,0,,8,,,50,,,,,,,,,,,,,,,,,,,,B03,,,1,,2,,,23,,1,  ,,B03,24.141925,120.639171,4
2018,12,16,12,52,臺中市,西屯區,0,0,,8,,,50,,,,,,,,,,,,,,,,,,,,B03,,,1,,2,,,12,,1,22,,B03,24.184488,120.639047,3
2018,12,16,13,2,臺中市,西屯區,0,2,0,8,1,5,50,4,2,1,5,4,5,7,1,1,9,4,4,2,13,16,2,9,1,1,C03,7,9,1,10,2,11,  ,16,16,1,12,8,C03,24.163591,120.662513,2
2018,12,16,13,3,臺中市,南區,0,0,0,,,,,,,,,,,,,,,,,,,23,3,  ,  ,  ,B03,  ,  ,1,  ,2,  ,  ,23,23,1,22,  ,B03,24.13392,120.681835,3
2018,12,16,13,15,臺中市,石岡區,0,2,0,8,1,5,50,14,9,1,5,4,5,7,4,4,5,5,5,1,16,26,3,10,1,1,B03,7,11,1,8,2,4,  ,26,26,1,22,8,B03,24.270806,120.790918,2
2018,12,16,13,25,臺中市,太平區,0,0,,8,,,50,,,,,,,,,,,,,,,,,,,,B03,,,1,,2,,,23,,  ,  ,,B03,24.126111,120.718333,3
2018,12,16,13,25,臺中市,沙鹿區,0,0,,8,,,50,,,,,,,,,,,,,,,,,,,,B03,,,1,,2,,,18,,1,19,,B03,24.237957,120.562103,3
2018,12,16,13,31,臺中市,太平區,,,,8,,,50,,,,,,,,,,,,,,,,,,,,B03,,,1,,2,,,16,,1,21,,B03,24.149242,120.713608,3
2018,12,16,13,35,臺中市,北屯區,0,0,0,8,,,50,,,,,,,,,,,,,,,35,  ,  ,  ,  ,C03,  ,  ,1,  ,2,  ,  ,35,35,1,22,  ,C03,24.181763,120.658258,3
2018,12,16,13,35,臺中市,清水區,0,3,0,8,1,8,50,4,1,1,5,4,5,7,1,1,10,5,5,2,15,25,2,9,1,1,C04,7,9,3,18,2,11,  ,25,25,1,5,5,C04,24.274063,120.561863,2
2018,12,16,13,43,臺中市,北屯區,0,0,,8,,,50,,,,,,,,,,,,,,,,,,,,B03,,,1,,2,,,23,,1,10,,B03,24.167026,120.722903,3
2018,12,16,13,50,臺中市,南屯區,0,1,0,8,1,5,50,4,1,1,5,4,5,7,1,1,10,5,5,2,15,25,3,10,1,1,B03,7,9,1,8,2,4,  ,25,25,1,22,7,B03,24.134591,120.646371,2
2018,12,16,13,51,臺中市,北屯區,0,0,0,8,,,40,,,,,,,,,,,,,,,12,  ,  ,  ,  ,B12,  ,  ,1,  ,2,  ,  ,12,12,1,  ,  ,B12,24.176755,120.697786,3
2018,12,16,14,0,臺中市,北屯區,0,1,0,8,1,5,50,14,7,1,5,4,5,7,4,4,1,4,4,2,13,16,2,1,1,1,B03,7,9,1,8,2,1,  ,16,16,1,5,8,B03,24.175806,120.670608,2
2018,12,16,14,10,臺中市,西區,0,0,,8,,,40,,,,,,,,,,,,,,,,,,,,B03,,,1,,2,,,42,,1,21,,B03,24.149199,120.675026,3
2018,12,16,14,11,臺中市,北屯區,0,0,0,8,,,50,,,,,,,,,,,,,,,23,  ,  ,  ,  ,B03,  ,  ,1,  ,2,  ,  ,23,23,1,5,  ,B03,24.175841,120.719055,3
2018,12,16,14,11,臺中市,梧棲區,0,2,0,8,1,5,70,4,1,1,5,4,5,7,2,1,10,5,5,2,16,9,3,10,1,1,B03,7,6,1,8,2,2,  ,9,9,1,20,8,B03,24.252705,120.528225,2
2018,12,16,14,15,臺中市,外埔區,0,0,,8,,,50,,,,,,,,,,,,,,,,,,,,B03,,,1,,2,,,12,,1,4,,B03,24.332458,120.657658,3
2018,12,16,14,20,臺中市,北屯區,0,0,0,8,,,40,,,,,,,,,,,,,,,16,  ,  ,  ,  ,B03,  ,  ,1,  ,2,  ,  ,16,16,1,22,  ,B03,24.201056,120.665654,3
2018,12,16,14,24,臺中市,西區,0,0,,8,1,5,50,14,,1,5,4,5,7,1,1,5,2,5,2,13,,,,,,B03,,,1,,2,,,23,,1,22,,B03,24.150895,120.661674,3
2018,12,16,14,29,臺中市,北屯區,0,0,,8,,,50,,,,,,,,,,,,,,,,,,,,B03,,,1,,2,,,26,,1,20,,B03,24.181658,120.723506,3
2018,12,16,14,32,臺中市,北屯區,0,0,0,8,,,50,,,,,,,,,,,,,,,19,  ,  ,  ,  ,B03,  ,  ,1,  ,2,  ,  ,19,19,1,5,  ,B03,24.179166,120.740277,3
2018,12,16,14,35,臺中市,龍井區,0,0,,8,,,60,,,,,,,,,,,,,,,,,,,,B03,,,1,,2,,,23,,1,22,,B03,24.184006,120.574446,3
2018,12,16,14,38,臺中市,西屯區,0,1,0,8,1,5,50,14,9,1,5,4,5,7,4,4,9,4,5,2,27,23,2,7,3,4,C03,7,9,1,10,2,12,  ,23,23,1,22,9,C03,24.192606,120.609808,2
2018,12,16,14,40,臺中市,大甲區,0,0,,8,,,50,,,,,,,,,,,,,,,,,,,,B03,,,1,,2,,,23,,  ,  ,,B03,24.326301,120.608135,3
2018,12,16,14,42,臺中市,東區,0,1,0,8,1,5,50,14,7,1,5,4,5,7,4,4,5,4,4,2,13,23,2,7,1,1,C03,7,9,1,10,2,11,  ,23,23,1,18,8,C03,24.133027,120.695042,2
2018,12,16,14,49,臺中市,北區,0,0,,8,,,50,,,,,,,,,,,,,,,,,,,,B03,,,1,,2,,,17,,1,  ,,B03,24.146119,120.685989,3
2018,12,16,14,51,臺中市,太平區,0,0,,8,,,50,,,,,,,,,,,,,,,,,,,,C03,,,1,,2,,,23,,1,18,,C03,24.148702,120.715986,3
2018,12,16,15,7,臺中市,南屯區,0,1,0,8,1,5,50,14,9,1,5,4,5,7,4,4,1,4,5,2,13,23,2,9,3,4,C03,7,9,1,10,2,11,  ,23,23,1,22,9,C03,24.140135,120.649229,2
2018,12,16,15,17,臺中市,新社區,0,0,,8,,,40,,,,,,,,,,,,,,,,,,,,B03,,,1,,2,,,12,,1,21,,B03,24.195658,120.80859,3
2018,12,16,15,20,臺中市,龍井區,0,0,,8,,,70,,,,,,,,,,,,,,,,,,,,B03,,,1,,2,,,23,,1,22,,B03,24.192196,120.579841,3
2018,12,16,15,25,臺中市,西屯區,0,0,,8,1,5,50,14,9,1,5,4,5,7,4,4,1,3,5,1,12,,,,,,C03,,,1,,2,,,16,,1,22,,C03,24.16295,120.64952,3
2018,12,16,15,35,臺中市,北屯區,0,2,0,8,1,5,50,3,1,1,5,4,5,7,4,4,10,5,5,2,16,6,3,10,1,1,B12,7,5,1,3,2,8,  ,6,6,1,5,8,B12,24.205277,120.789166,2
2018,12,16,15,46,臺中市,西屯區,0,0,0,8,1,5,60,,,,,,,,,,,,,,,23,  ,  ,  ,  ,B03,  ,  ,1,  ,2,5,  ,23,23,1,22,  ,B03,24.179457,120.63504,3
2018,12,16,15,47,臺中市,龍井區,0,2,0,8,1,5,40,4,1,1,5,4,5,7,4,4,10,5,5,2,18,61,  ,  ,  ,  ,   ,  ,  ,  ,  ,  ,  ,  ,61,61,1,  ,  ,   ,24.180738,120.583525,2
2018,12,16,15,50,臺中市,南屯區,0,0,0,8,,,50,,,,,,,,,,,,,,,23,  ,  ,  ,  ,B02,  ,  ,1,  ,2,  ,  ,23,23,1,22,  ,B02,24.154723,120.599248,3
2018,12,16,16,4,臺中市,新社區,0,2,0,8,1,5,40,4,1,1,5,4,5,7,4,4,10,5,5,2,15,6,3,10,1,1,B03,7,9,1,8,2,2,  ,6,6,1,9,6,B03,24.195324,120.80976,2
2018,12,16,16,7,臺中市,西區,0,2,0,8,1,5,50,4,1,1,5,4,5,7,1,1,10,5,5,2,16,23,2,9,1,1,C03,7,9,1,10,2,11,  ,23,23,1,5,4,C03,24.150852,120.660171,2
2018,12,16,16,7,臺中市,北屯區,0,1,0,8,1,5,50,4,1,1,5,4,5,7,1,1,10,5,5,2,12,6,3,10,3,4,B03,7,6,1,8,2,5,  ,6,6,1,21,8,B03,24.171388,120.729646,2
2018,12,16,16,12,臺中市,新社區,0,0,0,8,,,40,,,,,,,,,,,,,,,12,  ,  ,  ,  ,B12,  ,  ,1,  ,2,  ,  ,12,12,1,21,  ,B12,24.194143,120.812236,3
2018,12,16,16,17,臺中市,東區,0,1,0,8,1,5,40,4,1,1,5,4,5,7,4,4,10,5,5,2,16,6,2,9,1,1,C03,7,5,1,10,2,11,  ,6,6,1,21,8,C03,24.13233,120.69193,2
2018,12,16,16,19,臺中市,南屯區,0,2,0,8,1,5,50,4,1,1,5,4,5,7,1,1,10,5,5,2,17,4,3,10,3,4,B02,7,15,1,8,9,8,  ,4,4,2,22,8,B02,24.146575,120.647056,2
2018,12,16,16,30,臺中市,大里區,0,0,,8,,,50,,,,,,,,,,,,,,,43,,,,,B03,,,1,,2,,,44,43,1,19,,B03,24.100686,120.682465,3
2018,12,16,16,36,臺中市,北屯區,0,0,0,8,,,40,,,,,,,,,,,,,,,23,  ,  ,  ,  ,B03,  ,  ,1,  ,2,  ,  ,23,23,1,5,  ,B03,24.174698,120.669481,3
2018,12,16,16,48,臺中市,東區,0,0,,8,,,50,,,,,,,,,,,,,,,,,,,,A12,,,1,,2,,,42,,1,5,,A12,24.137403,120.699873,3
2018,12,16,16,48,臺中市,潭子區,0,4,0,8,2,5,40,4,1,1,5,4,5,7,4,4,10,5,5,2,16,6,2,9,1,1,C03,7,5,3,18,2,14,12,6,6,1,20,8,C03,24.210884,120.707963,2
2018,12,16,16,51,臺中市,南屯區,0,0,0,8,1,5,40,14,16,1,5,4,5,7,4,4,5,,5,1,12,7,3,10,1,1,B03,7,7,1,8,2,5,  ,7,7,1,22,8,B03,24.121019,120.619519,3
2018,12,16,16,55,臺中市,潭子區,0,1,0,8,1,5,50,4,1,1,5,4,5,7,4,4,9,5,5,2,16,6,2,9,1,1,C03,7,9,1,10,2,11,  ,6,6,1,22,8,C03,24.192705,120.695777,2
2018,12,16,17,9,臺中市,潭子區,0,2,0,8,3,5,60,14,9,1,5,4,5,7,4,4,1,4,5,1,13,23,2,9,1,1,C03,7,9,1,10,2,11,  ,23,23,1,22,8,C03,24.204091,120.70429,2
2018,12,16,17,14,臺中市,南屯區,0,0,,8,,,50,,,,,,,,,,,,,,,,,,,,B03,,,3,,2,,,23,,1,  ,,B03,24.142207,120.638466,3
2018,12,16,17,15,臺中市,中區,0,0,,8,1,5,50,14,9,1,5,4,5,7,4,4,5,2,5,2,17,,,,,,C03,,,1,,2,,,26,,1,22,,C03,24.145649,120.67854,3
2018,12,16,17,20,臺中市,龍井區,0,0,,8,,,50,,,,,,,,,,,,,,,,,,,,B03,,,1,,2,,,23,,1,22,,B03,24.175426,120.581573,3
2018,12,16,17,21,臺中市,潭子區,0,0,,8,1,5,50,14,9,1,5,4,5,7,4,4,5,4,5,1,12,,,,,,B03,,,1,,2,,,10,,1,5,,B03,24.212615,120.700441,3
2018,12,16,17,22,臺中市,烏日區,0,1,0,8,1,5,60,4,1,1,5,4,5,7,1,1,1,2,5,1,16,26,3,10,1,1,B03,7,6,1,8,2,6,  ,26,26,1,21,8,B03,24.110301,120.64681,2
2018,12,16,17,23,臺中市,西區,0,1,0,8,3,5,50,4,1,1,5,4,5,7,1,1,5,4,5,2,16,25,3,10,3,4,B03,7,5,1,8,2,4,  ,25,25,1,21,8,B03,24.150853,120.665283,2
2018,12,16,17,30,臺中市,烏日區,0,0,,8,,,50,,,,,,,,,,,,,,,,,,,,B03,,,1,,2,,,6,,1,  ,,B03,24.106719,120.613884,3
2018,12,16,17,33,臺中市,西屯區,0,2,0,8,4,5,50,14,9,1,5,4,5,7,4,4,10,5,5,2,3,51,2,9,4,5,H01,8,16,8,20,10,15,  ,51,51,1,22,8,H01,24.190152,120.618816,2
2018,12,16,17,35,臺中市,南屯區,0,0,0,8,,,50,,,,,,,,,,,,,,,26,  ,  ,  ,  ,C03,  ,  ,1,  ,2,  ,  ,26,26,1,22,  ,C03,24.136685,120.612008,3
2018,12,16,17,36,臺中市,南屯區,0,0,,8,,,50,,,,,,,,,,,,,,,,,,,,B03,,,1,,2,,,23,,1,22,,B03,24.140069,120.648818,3
2018,12,16,17,38,臺中市,西屯區,0,0,,8,,,50,,,,,,,,,,,,,,,,,,,,B03,,,1,,2,,,23,,1,21,,B03,24.164455,120.641483,3
2018,12,16,17,38,臺中市,潭子區,0,0,,8,,,60,,,,,,,,,,,,,,,,,,,,B03,,,1,,2,,,23,,1,22,,B03,24.211477,120.686846,3
2018,12,16,17,39,臺中市,西屯區,0,0,0,8,3,5,50,,,,,,,,,,,,,,,12,  ,  ,  ,  ,B03,  ,  ,1,  ,2,3,  ,12,12,1,21,  ,B03,24.171511,120.648795,3
2018,12,16,17,40,臺中市,西屯區,0,0,,8,3,5,50,4,9,1,5,4,5,7,1,1,8,3,5,1,12,,,,,,B03,,,1,,2,,,12,,1,22,,B03,24.169845,120.636216,3
2018,12,16,17,44,臺中市,太平區,0,0,,8,,,50,,,,,,,,,,,,,,,,,,,,F03,,,8,,2,,,43,,1,21,,F03,24.140914,120.728861,4
2018,12,16,17,45,臺中市,西區,0,3,0,8,3,5,40,14,12,1,5,4,5,7,4,4,9,5,5,2,17,16,2,9,1,1,C03,7,9,1,10,2,11,  ,16,16,1,18,9,C03,24.132873,120.660511,2
2018,12,16,17,45,臺中市,南屯區,0,1,0,8,1,5,50,14,11,1,5,4,5,7,4,4,5,4,4,2,16,26,3,10,1,1,B03,7,5,1,6,2,5,  ,26,26,1,22,8,B03,24.139343,120.614823,2
2018,12,16,17,48,臺中市,東區,0,0,,,,,,,,,,,,,,,,,,,,,,,,,B03,,,1,,2,,,12,,1,  ,,B03,24.147803,120.698,3
2018,12,16,17,50,臺中市,沙鹿區,0,1,0,8,3,5,50,4,1,1,5,4,5,7,1,1,10,5,5,2,17,26,2,9,1,1,C04,7,9,1,10,2,14,  ,26,26,1,21,8,C04,24.22773,120.5586,2
2018,12,16,17,50,臺中市,潭子區,0,2,0,8,3,5,50,14,9,1,5,4,5,7,1,1,8,3,5,1,15,25,2,9,1,1,C03,7,9,1,10,2,11,  ,25,25,1,22,1,C03,24.209945,120.703419,2
2018,12,16,17,52,臺中市,大甲區,0,0,,8,,,60,,,,,,,,,,,,,,,,,,,,B03,,,1,,2,,,23,,1,22,,B03,24.349395,120.617078,3
2018,12,16,17,53,臺中市,北區,0,3,0,8,3,5,50,4,1,1,5,4,5,7,1,1,1,4,4,2,16,25,2,1,1,1,C03,7,9,1,10,2,11,  ,25,25,1,21,8,C03,24.158854,120.690942,2
2018,12,16,17,53,臺中市,東勢區,0,1,0,8,4,5,50,14,9,1,5,4,5,7,4,4,9,5,5,1,11,26,3,10,1,1,B03,7,9,1,8,2,8,4,26,26,1,22,8,B03,24.285928,120.795107,2
2018,12,16,17,54,臺中市,南屯區,0,0,0,8,,,50,,,,,,,,,,,,,,,23,  ,  ,  ,  ,B03,  ,  ,1,  ,2,  ,  ,23,23,1,22,  ,B03,24.15184,120.625728,3
2018,12,16,17,59,臺中市,西屯區,0,0,0,8,3,5,50,,,,,,,,,,,,,,,26,  ,  ,  ,  ,B03,  ,  ,1,  ,2,5,  ,26,26,1,22,  ,B03,24.158911,120.629269,3
2018,12,16,18,0,臺中市,太平區,0,0,,8,,,50,,,,,,,,,,,,,,,,,,,,B03,,,1,,2,,,12,,1,21,,B03,24.133554,120.718276,3
2018,12,16,18,1,臺中市,北屯區,0,1,0,8,2,5,50,11,9,1,5,4,5,7,4,4,5,4,5,2,3,23,3,10,1,1,B03,7,9,1,8,2,8,  ,23,23,1,5,8,B03,24.198055,120.748611,2
2018,12,16,18,7,臺中市,沙鹿區,0,3,0,8,3,5,60,5,1,1,5,4,5,7,2,1,10,5,5,2,16,23,3,10,1,1,B12,7,6,3,18,2,6,  ,23,23,1,2,9,B12,24.237152,120.569297,2
2018,12,16,18,8,臺中市,梧棲區,0,0,,8,,,70,,,,,,,,,,,,,,,,,,,,B03,,,1,,2,,,23,,1,9,,B03,24.255344,120.525207,3
2018,12,16,18,8,臺中市,東勢區,0,0,0,8,,,50,,,,,,,,,,,,,,,16,  ,  ,  ,  ,B03,  ,  ,1,  ,2,  ,  ,16,16,1,22,  ,B03,24.262478,120.824548,3