年,月,日,時,分,縣市,區,死,受傷,2-30,天候,光線,道路類別,速限,道路型態,事故位置,路面鋪裝,路面狀態,路面缺陷,障礙物,視距,號誌種類,號誌動作,分向設施,快車道或一般車道間,快慢車道間,路面邊線,事故類型及型態,主要肇因,受傷程度,主要傷處,保護裝備,行動電話,當事者區分_類別,車輛用途,當事者行動狀態,駕駛資格情形,駕駛執照種類,飲酒情形,車輛撞擊部位最初,車輛撞擊部位其他,肇事因素個別,肇事因素主要,肇事逃逸,職業,旅次目的,車種,GPS座標X,GPS座標Y,事故類別
2018,12,16,18,15,臺中市,沙鹿區,0,0,1,8,3,5,50,11,7,1,5,4,5,7,4,4,5,5,4,2,26,23,5,1,2,4,B03,7,5,1,8,7,8,  ,23,23,1,21,8,B03,24.242547,120.580074,2
2018,12,16,18,20,臺中市,西屯區,0,1,0,8,3,5,50,14,9,1,5,4,5,7,4,4,8,3,5,1,12,7,3,10,1,1,B03,7,7,1,8,2,4,  ,7,7,1,22,8,B03,24.168765,120.636735,2
2018,12,16,18,20,臺中市,后里區,0,1,0,8,4,5,40,14,22,1,5,4,5,7,4,4,10,5,5,1,19,43,2,9,3,4,C03,7,9,1,10,2,15,  ,43,43,1,22,8,C03,24.287928,120.720313,2
2018,12,16,18,23,臺中市,南區,0,2,0,8,3,5,50,4,1,1,5,4,5,7,1,1,10,5,5,2,16,6,2,9,1,1,C03,7,5,1,10,2,11,  ,6,6,1,22,8,C03,24.127823,120.677605,2
2018,12,16,18,24,臺中市,西區,0,1,0,8,3,5,50,14,9,1,5,4,5,7,4,4,9,5,5,2,17,23,2,9,1,1,C03,7,9,1,10,2,11,  ,23,23,1,22,8,C03,24.148962,120.663893,2
2018,12,16,18,26,臺中市,西屯區,0,1,0,8,3,5,50,14,7,1,5,4,5,7,4,4,5,4,4,2,13,42,2,9,1,1,C03,7,9,1,10,2,11,  ,42,42,1,21,8,C03,24.177001,120.637391,2
2018,12,16,18,30,臺中市,北屯區,0,0,0,8,,,50,,,,,,,,,,,,,,,42,  ,  ,  ,  ,B03,  ,  ,1,  ,2,  ,  ,42,42,1,22,  ,B03,24.162544,120.718831,3
2018,12,16,18,36,臺中市,南屯區,0,1,0,8,3,5,50,14,9,1,5,4,5,7,4,4,1,4,5,2,13,23,2,9,3,4,C03,7,9,1,8,2,11,  ,23,23,1,22,9,C03,24.140145,120.64632,2
2018,12,16,18,44,臺中市,南區,0,0,0,,,,,,,,,,,,,,,,,,,23,3,  ,  ,  ,B03,  ,  ,1,  ,2,  ,  ,23,23,1,22,  ,B03,24.119533,120.672003,3
2018,12,16,18,45,臺中市,烏日區,0,0,,,,,50,,,,,,,,,,,,,,,,,,,,B03,,,1,,2,,,23,,1,22,,B03,24.117734,120.608073,3
2018,12,16,18,45,臺中市,外埔區,0,0,,8,,,70,,,,,,,,,,,,,,,,,,,,B12,,,1,,2,,,23,,1,  ,,B12,24.340888,120.639938,4
2018,12,16,19,12,臺中市,大里區,0,0,0,8,3,5,50,14,9,1,5,4,5,7,4,4,1,4,5,1,14,12,3,10,1,1,B03,7,2,1,8,2,7,  ,12,12,1,9,8,B03,24.104148,120.681464,3
2018,12,16,19,21,臺中市,清水區,0,3,0,8,4,5,50,3,1,1,5,4,5,7,4,4,10,5,5,2,16,6,2,9,1,1,C03,7,5,1,10,2,14,  ,6,6,1,20,8,C03,24.275586,120.566236,2
2018,12,16,19,26,臺中市,潭子區,0,1,0,8,3,5,60,3,1,1,5,4,5,7,4,4,10,5,5,2,16,6,3,10,1,1,B03,7,6,1,1,2,2,  ,6,6,1,22,8,B03,24.212586,120.70533,2
2018,12,16,19,31,臺中市,西區,0,0,0,8,3,5,50,14,8,1,5,4,5,7,4,4,5,4,4,2,14,,3,  ,  ,  ,C03,  ,  ,1,  ,2,  ,  ,12,  ,1,21,  ,C03,24.132137,120.665455,3
2018,12,16,19,38,臺中市,西屯區,0,0,0,8,3,5,40,,,,,,,,,,,,,,,12,  ,  ,  ,  ,B03,  ,  ,1,  ,2,7,  ,12,12,1,22,  ,B03,24.178463,120.643404,3
2018,12,16,19,50,臺中市,東區,0,0,,,,,,,,,,,,,,,,,,,,,,,,,B03,,,1,,11,,,12,,1,5,,B03,24.13489,120.69781,3
2018,12,16,19,50,臺中市,龍井區,0,2,0,8,3,5,50,14,9,1,5,4,5,7,4,4,5,4,4,2,3,52,2,8,4,5,H01,8,16,8,20,10,16,  ,52,52,1,22,8,H01,24.18089,120.586973,2
2018,12,16,19,55,臺中市,南區,0,2,0,8,3,5,50,5,2,1,5,4,5,7,2,1,1,4,4,2,3,23,2,9,1,1,C03,7,9,1,10,2,11,  ,23,23,1,21,8,C03,24.126315,120.684113,2
2018,12,16,19,56,臺中市,北屯區,0,4,0,8,3,5,50,14,7,1,5,4,5,7,4,4,5,5,4,2,2,23,2,9,1,1,C03,7,9,6,10,7,11,  ,23,23,1,5,8,C03,24.169314,120.686378,2
2018,12,16,19,59,臺中市,西屯區,0,2,0,8,3,5,40,4,1,1,5,4,5,7,4,4,10,5,5,2,16,6,2,9,1,1,C03,7,9,1,10,2,12,  ,6,6,1,18,8,C03,24.176041,120.648105,2
2018,12,16,20,0,臺中市,烏日區,0,1,0,7,3,5,50,5,1,1,5,4,5,7,1,1,1,2,1,1,16,42,2,9,1,1,C03,7,5,1,10,2,14,  ,42,42,1,21,8,C03,24.113278,120.586843,2
2018,12,16,20,8,臺中市,梧棲區,0,1,0,8,3,5,50,14,7,1,5,4,5,7,4,4,5,5,4,2,17,23,2,9,1,1,C03,7,9,1,10,2,12,  ,23,23,1,9,8,C03,24.252907,120.536817,2
2018,12,16,20,45,臺中市,北區,0,0,,8,,,50,,,,,,,,,,,,,,,,,,,,C03,,,1,,2,,,23,,1,  ,,C03,24.151793,120.684051,3
2018,12,16,20,45,臺中市,烏日區,0,1,0,8,3,5,70,3,18,1,5,4,5,7,1,1,1,4,4,1,3,52,2,9,4,5,H01,8,16,8,20,2,16,  ,52,52,1,22,8,H01,24.107454,120.611071,2
2018,12,16,20,46,臺中市,大里區,0,2,0,8,3,5,50,4,1,1,5,4,5,7,1,1,10,5,5,2,16,8,2,8,1,1,C03,7,5,1,10,2,12,  ,8,8,1,9,8,C03,24.114663,120.676398,2
2018,12,16,20,48,臺中市,西屯區,0,0,,8,3,5,60,4,2,1,5,4,5,7,2,1,2,3,1,1,13,,,,,,B12,,,1,,2,,,16,,1,22,,B12,24.179681,120.621371,3
2018,12,16,20,58,臺中市,南區,0,0,0,8,,,50,,,,,,,,,,,,,,,,3,  ,  ,  ,B03,  ,  ,1,  ,2,  ,  ,7,  ,1,21,  ,B03,24.109121,120.66176,3
2018,12,16,21,13,臺中市,南屯區,0,1,0,8,3,5,50,4,1,1,5,4,5,7,4,4,10,5,5,2,15,6,2,9,1,1,C03,7,9,1,10,2,12,  ,6,6,1,22,9,C03,24.135901,120.647322,2
2018,12,16,21,15,臺中市,北區,0,1,0,8,3,5,40,4,1,1,5,4,5,7,4,4,10,5,5,2,15,6,3,10,3,4,B03,7,9,1,8,2,1,  ,6,6,1,5,8,B03,24.166418,120.677445,2
2018,12,16,21,35,臺中市,西區,0,1,0,8,1,5,50,3,1,1,5,4,5,7,4,4,10,5,5,2,16,6,3,10,1,1,B03,7,6,1,8,2,2,  ,6,6,1,22,8,B03,24.154958,120.658152,2
2018,12,16,21,36,臺中市,北區,0,0,,,,,,,,,,,,,,,,,,,,67,,,,,B03,,,1,,11,,,38,67,1,5,,B03,24.154407,120.607138,3
2018,12,16,21,45,臺中市,北屯區,0,1,0,8,3,5,50,4,1,1,5,4,5,7,1,1,10,5,5,2,18,23,2,9,1,1,C03,7,9,1,10,2,12,  ,23,23,1,21,8,C03,24.169474,120.682312,2
2018,12,16,22,0,臺中市,南區,0,0,,8,3,5,40,14,7,1,5,4,5,7,4,4,5,4,4,2,16,,,,,,B03,,,1,,2,,,26,,1,5,,B03,24.114868,120.671682,3
2018,12,16,22,2,臺中市,西屯區,0,1,0,8,3,5,40,3,8,1,5,4,5,7,2,1,1,4,4,2,16,26,2,7,1,1,C03,7,4,1,10,2,13,14,26,26,1,22,8,C03,24.176437,120.634021,2
2018,12,16,22,7,臺中市,北屯區,0,0,,8,,,50,,,,,,,,,,,,,,,,,,,,C03,,,1,,2,,,23,,1,22,,C03,24.183506,120.6654,3
2018,12,16,22,14,臺中市,西屯區,0,0,,8,,,50,,,,,,,,,,,,,,,,,,,,B03,,,1,,2,,,12,,1,21,,B03,24.201013,120.656945,3
2018,12,16,22,54,臺中市,龍井區,0,1,0,8,3,5,40,3,1,1,5,4,5,7,4,4,10,5,5,2,17,42,2,8,1,1,C03,7,5,1,10,2,14,  ,42,42,1,21,8,C03,24.182348,120.592113,2
2018,12,16,23,0,臺中市,南屯區,0,2,0,8,3,5,50,4,1,1,5,4,5,7,4,4,10,5,5,2,16,6,3,10,1,1,B03,7,6,1,8,2,2,  ,6,6,1,22,9,B03,24.154699,120.640789,2
2018,12,16,23,9,臺中市,大里區,0,1,0,8,3,5,50,4,1,1,5,4,5,7,3,1,10,5,5,1,15,6,2,9,1,1,C03,7,9,1,10,2,13,  ,6,6,1,4,8,C03,24.081677,120.692274,2
2018,12,16,23,58,臺中市,沙鹿區,0,0,,8,,,40,,,,,,,,,,,,,,,,,,,,B03,,,1,,2,,,23,,1,  ,,B03,24.224057,120.557002,3
2018,12,17,0,5,臺中市,大里區,0,1,0,8,3,5,50,3,2,1,5,4,5,7,3,1,5,5,5,1,13,23,2,9,1,1,C03,7,9,1,10,7,11,  ,23,23,1,12,5,C03,24.09143,120.701276,2
2018,12,17,0,15,臺中市,后里區,0,0,0,8,3,5,50,3,2,1,5,4,5,7,4,4,5,5,4,2,14,12,3,10,1,1,B03,7,2,1,8,2,7,  ,12,12,1,21,8,B03,24.307589,120.724718,3
2018,12,17,0,33,臺中市,北屯區,0,0,,8,,,50,,,,,,,,,,,,,,,,,,,,B03,,,1,,2,,,6,,1,5,,B03,24.191933,120.685528,3
2018,12,17,0,44,臺中市,南屯區,0,0,,8,,,40,,,,,,,,,,,,,,,,,,,,B03,,,1,,11,,,12,,2,21,,B03,24.14555,120.611993,3
2018,12,17,1,34,臺中市,外埔區,0,0,0,8,3,5,40,11,22,4,5,4,5,7,4,4,10,5,5,2,17,23,3,10,1,1,B03,7,9,1,8,2,1,  ,23,23,1,21,8,B03,24.342431,120.640405,3
2018,12,17,1,40,臺中市,中區,0,0,0,8,,,50,,,,,,,,,,,,,,,,3,  ,  ,  ,B12,  ,  ,1,  ,2,  ,  ,6,  ,  ,21,  ,B12,24.14005,120.679114,3
2018,12,17,1,55,臺中市,西區,0,0,0,8,,,50,,,,,,,,,,,,,,,17,3,  ,  ,  ,C03,  ,  ,1,10,2,14,  ,17,17,1,21,8,C03,24.134728,120.665933,3
2018,12,17,2,10,臺中市,霧峰區,0,2,0,8,3,5,50,4,1,1,5,4,5,7,3,1,10,5,5,1,13,16,2,9,1,1,C03,7,9,1,10,2,11,  ,16,16,1,4,8,C03,24.066042,120.694273,2
2018,12,17,5,58,臺中市,西屯區,0,1,0,8,1,5,50,14,9,1,5,4,5,7,4,4,5,4,5,2,18,43,2,9,1,1,C03,7,9,1,10,2,14,  ,43,43,1,21,8,C03,24.19804,120.625558,2
2018,12,17,6,6,臺中市,中區,0,1,0,8,2,5,50,3,4,1,5,4,5,7,1,1,10,5,5,2,13,23,3,10,1,1,B03,7,9,1,8,2,1,  ,23,23,1,21,5,B03,24.143761,120.677998,2
2018,12,17,6,37,臺中市,北屯區,0,1,0,8,1,5,50,4,2,1,5,4,5,7,1,1,5,5,5,2,16,19,3,10,1,1,C03,7,1,1,10,2,14,  ,19,19,1,22,8,C03,24.164917,120.694101,2
2018,12,17,6,42,臺中市,大雅區,0,2,0,8,1,5,50,3,1,1,5,4,5,7,1,1,1,4,4,1,17,25,2,8,1,1,C03,7,1,1,10,2,11,  ,25,25,1,21,8,C03,24.219924,120.66001,2
2018,12,17,6,47,臺中市,北區,0,2,0,8,2,5,50,3,1,1,5,4,5,7,1,1,10,5,5,2,16,25,2,9,1,1,C03,7,5,1,10,2,14,14,25,25,1,22,1,C03,24.168743,120.672588,2
2018,12,17,6,50,臺中市,沙鹿區,0,0,,8,,,40,,,,,,,,,,,,,,,,,,,,B03,,,1,,2,,,12,,1,4,,B03,24.243473,120.558933,3
2018,12,17,6,50,臺中市,大甲區,0,1,0,8,1,5,50,14,9,1,5,4,5,7,4,4,5,5,5,1,17,6,3,10,1,1,B12,7,6,1,8,2,8,  ,6,6,1,21,8,B12,24.34716,120.617905,2
2018,12,17,6,56,臺中市,龍井區,0,1,0,8,1,5,50,4,1,1,5,4,5,7,1,1,10,5,5,2,16,25,2,8,1,1,C03,7,9,1,10,2,12,  ,25,25,1,21,8,C03,24.184164,120.58483,2
2018,12,17,7,1,臺中市,北屯區,0,0,,8,,,50,,,,,,,,,,,,,,,,,,,,B03,,,1,,2,,,23,,1,21,,B03,24.1882,120.6861,3
2018,12,17,7,3,臺中市,南屯區,0,0,,8,,,60,,,,,,,,,,,,,,,,,,,,B03,,,1,,2,,,42,,1,22,,B03,24.144061,120.623523,3
2018,12,17,7,5,臺中市,北屯區,0,1,0,8,1,5,50,4,1,1,5,4,5,7,1,1,10,5,5,2,12,23,3,10,1,1,B03,7,9,1,8,2,2,  ,23,23,1,21,8,B03,24.175756,120.689971,2
2018,12,17,7,15,臺中市,龍井區,0,1,0,8,1,5,50,3,1,1,5,4,5,7,1,1,10,5,5,2,17,43,3,10,1,1,B12,7,6,1,8,2,2,  ,43,43,1,21,8,B12,24.184443,120.521108,2
2018,12,17,7,18,臺中市,南區,0,0,,8,,,50,,,,,,,,,,,,,,,,,,,,B03,,,1,,2,,,23,,1,21,,B03,24.113322,120.663369,3
2018,12,17,7,20,臺中市,沙鹿區,0,0,,8,,,60,,,,,,,,,,,,,,,,,,,,C03,,,4,,2,,,7,,1,20,,C03,24.249948,120.582388,3
2018,12,17,7,21,臺中市,西屯區,0,1,0,8,1,5,50,14,7,1,5,4,5,7,4,4,9,4,4,2,13,16,2,8,1,1,C03,7,9,1,10,2,11,  ,16,16,1,21,8,C03,24.174805,120.667516,2
2018,12,17,7,21,臺中市,大肚區,0,0,,8,,,40,,,,,,,,,,,,,,,,,,,,B03,,,1,,2,,,7,,1,22,,B03,24.172616,120.582519,3
2018,12,17,7,25,臺中市,北屯區,0,0,,8,,,30,,,,,,,,,,,,,,,,,,,,B03,,,1,,2,,,44,,1,22,,B03,24.182222,120.711388,3
2018,12,17,7,30,臺中市,潭子區,0,2,0,8,1,5,50,3,1,1,5,4,5,7,4,4,5,5,4,2,16,23,2,8,1,1,C03,7,5,1,8,2,11,  ,6,23,1,22,9,C03,24.192369,120.700764,2
2018,12,17,7,34,臺中市,石岡區,0,1,0,8,1,5,60,14,8,1,5,4,5,7,4,4,4,3,4,1,16,9,2,9,1,1,C03,7,9,1,10,2,14,  ,44,9,1,22,9,C03,24.271801,120.781691,2
2018,12,17,7,39,臺中市,北屯區,0,1,0,8,1,5,50,4,1,1,5,4,5,7,1,1,10,5,5,2,16,25,3,10,1,1,B03,7,9,1,8,2,1,  ,25,25,1,21,8,B03,24.173371,120.676069,2
2018,12,17,7,40,臺中市,太平區,0,1,0,8,1,5,50,14,9,1,5,4,5,7,2,1,5,4,5,2,16,26,2,8,1,1,C03,7,11,4,11,2,14,  ,26,26,1,4,8,C03,24.149496,120.714688,2
2018,12,17,7,40,臺中市,太平區,0,1,0,8,1,5,50,14,13,1,5,4,5,7,4,4,5,5,5,1,16,44,2,8,3,4,C03,7,9,1,10,2,14,  ,26,44,1,5,8,C03,24.123001,120.717846,2
2018,12,17,7,42,臺中市,大雅區,0,1,0,8,1,5,50,4,1,1,5,4,5,7,1,1,10,4,5,1,16,6,2,9,1,1,C03,7,5,1,10,2,11,  ,6,6,1,22,9,C03,24.216195,120.649365,2
2018,12,17,7,43,臺中市,西區,0,0,0,8,,,40,,,,,,,,,,,,,,,13,3,  ,  ,  ,C03,  ,  ,1,  ,2,  ,  ,13,13,1,21,  ,C03,24.140443,120.667548,3
2018,12,17,7,44,臺中市,南區,0,2,0,8,1,5,50,4,1,1,5,4,5,7,1,1,10,5,5,2,16,19,3,10,1,1,B03,7,1,1,8,2,4,  ,19,19,1,21,8,B03,24.1144,120.652411,2
2018,12,17,7,44,臺中市,大里區,0,2,0,8,1,5,40,8,8,1,5,4,5,7,4,4,1,4,5,2,13,23,2,9,1,1,C03,7,9,3,18,2,11,  ,23,23,1,19,8,C03,24.098473,120.694749,2
2018,12,17,7,47,臺中市,烏日區,0,0,,8,,,50,,,,,,,,,,,,,,,,,,,,B12,,,1,,2,,,19,,1,21,,B12,24.10492,120.639472,3
2018,12,17,7,47,臺中市,神岡區,0,2,0,8,1,5,50,14,9,1,5,4,5,7,4,4,5,5,5,1,16,19,2,9,1,1,C03,7,1,1,10,2,14,  ,19,19,1,22,9,C03,24.251811,120.696891,2
2018,12,17,7,49,臺中市,南屯區,0,0,,8,,,50,,,,,,,,,,,,,,,,,,,,B03,,,1,,2,,,23,,1,22,,B03,24.145388,120.622712,3
2018,12,17,7,49,臺中市,清水區,0,1,0,8,1,5,50,4,1,1,5,4,5,7,1,1,10,5,5,2,16,25,3,10,1,1,B12,7,9,1,8,2,2,  ,25,25,1,21,8,B12,24.264046,120.572206,2
2018,12,17,7,50,臺中市,北屯區,0,0,0,8,,,50,,,,,,,,,,,,,,,23,  ,  ,  ,  ,B03,  ,  ,1,  ,2,  ,  ,23,23,1,5,  ,B03,24.175846,120.670493,3
2018,12,17,7,55,臺中市,北區,0,2,0,8,1,5,50,14,9,1,5,4,5,7,4,4,10,4,5,2,13,23,2,9,1,1,C03,7,9,5,10,2,11,  ,23,23,1,22,8,C03,24.164836,120.673239,2
2018,12,17,7,58,臺中市,沙鹿區,0,1,0,8,1,5,50,4,9,1,5,4,5,7,4,4,4,5,5,2,10,26,3,10,1,1,B12,7,9,1,8,2,1,  ,26,26,1,2,9,B12,24.251995,120.562567,2
2018,12,17,7,58,臺中市,沙鹿區,0,1,0,8,1,5,40,14,8,1,5,4,5,7,4,4,1,4,2,1,17,19,3,10,3,4,B02,7,1,1,8,2,4,  ,19,19,1,21,9,B02,24.210907,120.581084,2
2018,12,17,8,3,臺中市,大肚區,0,0,,8,,,60,,,,,,,,,,,,,,,,,,,,B03,,,1,,2,,,23,,1,4,,B03,24.156106,120.547312,3
2018,12,17,8,4,臺中市,北屯區,0,1,0,8,1,5,50,4,1,1,5,4,5,7,4,4,10,5,5,2,18,23,2,9,1,1,C03,7,9,1,10,2,14,  ,23,23,1,21,1,C03,24.173093,120.694534,2
2018,12,17,8,4,臺中市,西屯區,0,0,,8,,,40,,,,,,,,,,,,,,,,,,,,B03,,,1,,2,,,23,,1,22,,B03,24.176066,120.635036,3
2018,12,17,8,5,臺中市,太平區,0,2,0,8,1,5,50,14,9,1,5,4,5,7,2,1,5,4,5,1,16,26,2,8,1,1,C03,7,5,1,10,2,11,  ,26,26,1,20,8,C03,24.135058,120.732568,2
2018,12,17,8,9,臺中市,龍井區,0,2,0,8,1,5,50,14,9,1,5,4,5,7,4,4,9,5,5,1,17,23,2,8,1,1,C03,7,9,1,10,2,11,  ,23,23,1,22,8,C03,24.18948,120.585788,2
2018,12,17,8,13,臺中市,北區,0,0,,8,1,5,50,14,7,1,5,4,5,7,4,4,8,3,4,2,13,,,,,,B03,,,1,,2,,,23,,1,22,,B03,24.150624,120.676753,3
2018,12,17,8,19,臺中市,太平區,0,0,,8,,,50,,,,,,,,,,,,,,,,,,,,B12,,,1,,9,,,19,,2,9,,B12,24.147604,120.715521,3
2018,12,17,8,23,臺中市,豐原區,0,1,0,8,1,5,50,3,9,1,5,4,5,7,4,4,5,4,5,1,17,6,3,10,1,1,B03,7,6,1,8,2,2,  ,6,6,1,21,8,B03,24.237849,120.710547,2
2018,12,17,8,25,臺中市,南屯區,0,0,0,8,1,5,50,14,9,1,5,4,5,7,4,4,5,5,5,2,12,17,3,10,1,1,C03,7,9,1,10,2,14,14,17,17,1,5,1,C03,24.140944,120.628713,3
2018,12,17,8,25,臺中市,北屯區,0,0,,8,,,50,,,,,,,,,,,,,,,,,,,,B03,,,1,,2,,,23,,1,21,,B03,24.161755,120.71907,3
2018,12,17,8,26,臺中市,東區,0,0,0,8,1,5,50,4,1,1,5,4,5,7,1,1,10,5,5,2,16,6,3,10,1,1,B03,7,6,1,8,2,5,  ,6,6,1,5,8,B03,24.140679,120.708193,3
2018,12,17,8,28,臺中市,大甲區,0,0,0,,,,,,,,,,,,,,,,,,,7,  ,  ,  ,  ,B03,  ,  ,1,  ,2,  ,  ,7,7,1,  ,  ,B03,24.346179,120.617305,3
2018,12,17,8,28,臺中市,大雅區,0,3,0,8,1,5,50,3,1,1,5,4,5,7,1,1,10,5,5,2,16,23,2,9,1,1,C03,7,9,1,10,2,11,  ,23,23,1,22,9,C03,24.233621,120.638144,2
2018,12,17,8,32,臺中市,西屯區,0,1,0,8,1,5,50,3,2,1,5,4,5,7,3,1,5,4,5,2,16,9,3,10,3,4,C03,7,6,1,10,2,12,  ,9,9,1,22,9,C03,24.17545,120.665868,2
2018,12,17,8,35,臺中市,北區,0,1,0,8,1,5,40,4,1,1,5,4,5,7,4,4,10,5,5,2,15,6,2,9,1,1,C03,7,9,1,10,2,11,  ,6,6,1,21,8,C03,24.163904,120.668156,2
2018,12,17,8,40,臺中市,南屯區,0,0,0,8,1,5,50,14,2,1,5,4,5,7,2,1,1,2,4,2,13,23,3,10,1,1,B03,7,9,1,8,2,1,1,23,23,1,5,3,B03,24.13002,120.655717,3
2018,12,17,8,41,臺中市,西屯區,0,0,0,8,,,50,,,,,,,,,,,,,,,43,  ,  ,  ,  ,B03,  ,  ,1,  ,2,  ,  ,43,43,1,21,  ,B03,24.175942,120.645497,3
2018,12,17,8,48,臺中市,西屯區,0,0,0,8,,,40,,,,,,,,,,,,,,,16,  ,  ,  ,  ,B02,  ,  ,1,  ,2,  ,  ,16,16,1,21,  ,B02,24.15941,120.655985,3
2018,12,17,8,50,臺中市,西屯區,0,1,0,8,1,5,40,3,1,1,5,4,5,7,1,1,10,5,5,2,16,9,3,10,3,4,B03,7,6,1,8,2,2,  ,9,9,1,22,8,B03,24.198236,120.65301,2
2018,12,17,8,50,臺中市,清水區,0,1,0,8,1,5,50,4,1,1,5,4,5,7,1,1,10,5,5,2,18,23,2,9,1,1,C03,7,9,1,10,2,11,  ,23,23,1,5,1,C03,24.277223,120.561913,2
2018,12,17,8,55,臺中市,西屯區,0,2,0,8,1,5,50,14,9,1,5,4,5,7,4,4,1,4,5,2,3,23,2,9,3,4,C03,7,9,1,10,2,15,  ,23,23,1,22,9,C03,24.168227,120.64657,2
2018,12,17,8,56,臺中市,南屯區,0,2,0,8,1,5,50,4,1,1,5,4,5,7,2,1,10,5,5,2,16,26,2,9,1,1,C03,7,5,1,10,2,11,  ,26,26,1,22,8,C03,24.14494,120.649864,2
2018,12,17,8,58,臺中市,西區,0,1,0,8,1,5,50,4,1,1,5,4,5,7,1,1,10,5,5,2,13,42,2,9,1,1,C03,7,9,1,10,2,11,  ,16,42,1,21,8,C03,24.13844,120.669784,2
2018,12,17,8,58,臺中市,東勢區,0,2,0,8,1,5,50,3,9,1,5,4,5,7,4,4,4,5,5,1,16,19,3,10,1,1,C03,7,1,1,10,2,14,  ,19,19,1,22,9,C03,24.248993,120.831391,2
2018,12,17,9,0,臺中市,大雅區,0,2,0,8,1,5,40,4,1,1,5,4,5,7,4,4,10,5,5,2,15,6,2,9,1,1,C03,7,9,1,10,2,11,  ,6,6,1,22,9,C03,24.21426,120.654449,2
2018,12,17,9,0,臺中市,大雅區,0,1,0,8,1,5,50,4,1,1,5,4,5,7,2,1,10,4,5,1,16,26,2,9,1,1,C03,7,5,1,10,2,14,  ,26,26,1,22,9,C03,24.2227,120.64659,2
2018,12,17,9,1,臺中市,沙鹿區,0,0,,8,,,60,,,,,,,,,,,,,,,,,,,,B03,,,1,,2,,,42,,1,4,,B03,24.249831,120.589421,3
2018,12,17,9,3,臺中市,西屯區,0,2,0,8,1,5,40,4,1,1,5,4,5,7,1,1,9,4,1,2,16,25,2,9,1,1,C03,7,9,1,10,2,11,  ,25,25,1,21,8,C03,24.160829,120.653289,2
2018,12,17,9,4,臺中市,西屯區,0,2,0,8,1,5,50,4,2,1,5,4,5,7,1,1,9,4,5,2,12,6,2,9,1,1,C03,7,5,1,10,2,14,  ,6,6,1,21,8,C03,24.187393,120.640526,2
2018,12,17,9,9,臺中市,中區,0,2,0,8,1,5,50,14,9,1,5,4,5,7,4,4,10,4,5,2,16,7,2,8,1,1,C03,7,7,1,10,2,14,  ,7,7,1,21,8,C03,24.142913,120.678058,2
2018,12,17,9,9,臺中市,南區,0,1,0,8,1,5,50,14,7,1,5,4,5,7,4,4,3,4,4,2,18,23,2,9,1,1,C03,7,9,1,10,2,12,  ,23,23,1,22,9,C03,24.119871,120.660615,2
2018,12,17,9,15,臺中市,太平區,0,1,0,8,1,5,50,4,2,1,5,4,5,7,3,1,5,5,5,1,16,6,3,10,1,1,B01,7,9,1,2,2,4,8,6,6,1,10,8,B01,24.12646,120.716556,2
2018,12,17,9,17,臺中市,北屯區,0,1,0,8,1,5,50,4,1,1,5,4,5,7,2,1,10,5,5,2,13,23,2,9,1,1,C03,7,9,1,10,2,11,  ,23,23,1,21,8,C03,24.17235,120.685361,2
2018,12,17,9,27,臺中市,北區,0,0,,8,1,5,50,14,7,1,5,4,5,7,4,4,8,3,4,2,13,,,,,,B03,,,1,,2,,,23,,1,22,,B03,24.153807,120.688312,3
2018,12,17,9,27,臺中市,西屯區,0,2,0,8,1,5,50,4,1,1,5,4,5,7,4,4,10,5,5,2,16,6,2,9,3,4,C03,7,5,1,10,2,14,  ,6,6,1,22,8,C03,24.171833,120.646156,2
2018,12,17,9,31,臺中市,龍井區,0,2,0,8,1,5,50,5,1,1,5,4,5,7,4,4,10,5,5,2,12,8,2,9,1,1,C03,7,9,1,10,2,11,  ,23,8,1,18,8,C03,24.176941,120.536436,2
2018,12,17,9,32,臺中市,潭子區,0,2,0,8,1,5,40,14,7,1,5,4,5,7,4,4,5,5,4,2,16,19,2,9,1,1,C03,7,1,3,18,2,14,  ,19,19,1,22,8,C03,24.208701,120.70687,2
2018,12,17,9,37,臺中市,龍井區,0,0,,8,,,50,,,,,,,,,,,,,,,,,,,,B12,,,1,,2,,,23,,1,  ,,B12,24.125498,120.562497,3
2018,12,17,9,40,臺中市,南屯區,0,1,0,8,1,5,50,4,1,1,5,4,5,7,2,1,10,5,5,2,23,23,2,1,1,1,B03,7,9,1,8,2,8,8,23,23,1,6,3,B03,24.130063,120.640396,2
2018,12,17,9,40,臺中市,東勢區,0,0,,8,,,50,,,,,,,,,,,,,,,,,,,,B12,,,1,,2,,,23,,1,21,,B12,24.253671,120.830425,3
2018,12,17,9,43,臺中市,北屯區,0,1,0,8,1,5,50,14,7,1,5,4,5,7,1,1,1,4,4,2,13,16,2,9,1,1,C03,7,9,1,10,2,11,  ,16,16,1,21,5,C03,24.179636,120.685565,2
2018,12,17,9,53,臺中市,中區,0,1,0,8,1,5,40,14,7,1,5,4,5,7,4,4,5,5,4,2,12,26,3,10,1,1,B12,7,11,1,8,2,7,  ,26,26,1,10,8,B12,24.143415,120.674865,2