年,月,日,時,分,縣市,區,死,受傷,2-30,天候,光線,道路類別,速限,道路型態,事故位置,路面鋪裝,路面狀態,路面缺陷,障礙物,視距,號誌種類,號誌動作,分向設施,快車道或一般車道間,快慢車道間,路面邊線,事故類型及型態,主要肇因,受傷程度,主要傷處,保護裝備,行動電話,當事者區分_類別,車輛用途,當事者行動狀態,駕駛資格情形,駕駛執照種類,飲酒情形,車輛撞擊部位最初,車輛撞擊部位其他,肇事因素個別,肇事因素主要,肇事逃逸,職業,旅次目的,車種,GPS座標X,GPS座標Y,事故類別
2018,12,18,7,32,臺中市,潭子區,0,0,,8,,,50,,,,,,,,,,,,,,,,,,,,B03,,,1,,2,,,26,,1,22,,B03,24.200907,120.706236,3
2018,12,18,7,33,臺中市,北屯區,0,1,0,8,1,5,50,4,1,1,5,4,5,7,1,1,10,5,5,2,16,9,3,10,1,1,B03,7,6,1,8,9,6,  ,9,9,2,19,8,B03,24.184509,120.702188,2
2018,12,18,7,34,臺中市,東勢區,0,3,0,8,1,5,60,4,1,1,5,4,5,7,1,1,5,4,5,1,17,23,2,9,1,1,C03,7,9,1,10,1,12,  ,23,23,1,21,8,C03,24.285925,120.795816,2
2018,12,18,7,35,臺中市,大肚區,0,0,,8,,,50,,,,,,,,,,,,,,,,,,,,B03,,,1,,2,,,19,,1,3,,B03,24.154086,120.547366,3
2018,12,18,7,36,臺中市,西區,0,2,0,8,1,5,40,14,8,1,5,4,5,7,4,4,5,5,4,2,13,23,2,9,1,1,C03,7,9,4,8,2,11,  ,23,23,1,21,8,C03,24.157188,120.663585,2
2018,12,18,7,40,臺中市,西屯區,0,0,0,8,,,50,,,,,,,,,,,,,,13,23,  ,  ,  ,  ,B03,  ,  ,1,  ,2,1,  ,23,23,1,22,  ,B03,24.195748,120.647063,3
2018,12,18,7,40,臺中市,潭子區,0,1,0,8,1,5,50,14,9,1,5,4,5,7,4,4,1,4,4,1,27,66,  ,  ,  ,  ,   ,  ,  ,  ,  ,  ,  ,  ,66,66,1,  ,  ,   ,24.213435,120.687392,2
2018,12,18,7,40,臺中市,潭子區,0,2,0,8,1,5,40,4,1,1,5,4,5,7,4,4,10,5,5,2,16,6,2,7,1,1,C03,7,9,1,10,2,12,  ,6,6,1,22,9,C03,24.228885,120.710198,2
2018,12,18,7,40,臺中市,潭子區,0,0,0,8,,,40,,,,,,,,,,,,,,,67,3,10,1,1,C03,7,4,1,  ,2,  ,  ,44,67,1,21,  ,C03,24.223722,120.719094,3
2018,12,18,7,45,臺中市,北屯區,0,0,0,8,,,50,,,,,,,,,,,,,,,7,  ,  ,  ,  ,C03,  ,  ,1,  ,2,  ,  ,7,7,1,  ,  ,C03,24.181221,120.701301,3
2018,12,18,7,45,臺中市,大里區,0,0,,8,,,40,,,,,,,,,,,,,,,,,,,,   ,,,7,,11,,,67,,1,  ,,   ,24.100428,120.693093,3
2018,12,18,7,45,臺中市,大雅區,0,0,,8,,,50,,,,,,,,,,,,,,,,,,,,B03,,,1,,2,,,16,,1,  ,,B03,24.216204,120.667015,3
2018,12,18,7,48,臺中市,后里區,0,1,0,8,1,5,50,3,2,1,5,4,5,7,4,4,9,5,5,1,14,12,3,10,1,1,B03,7,2,1,8,2,6,  ,12,12,1,21,8,B03,24.307878,120.730101,2
2018,12,18,7,49,臺中市,霧峰區,0,0,0,8,,,40,,,,,,,,,,,,,,,23,  ,  ,  ,  ,C03,  ,  ,1,  ,2,  ,  ,23,23,1,  ,  ,C03,24.05045,120.689198,3
2018,12,18,7,55,臺中市,西屯區,0,0,,8,,,40,,,,,,,,,,,,,,,,,,,,B03,,,1,,2,,,42,,1,22,,B03,24.18558,120.637461,3
2018,12,18,7,56,臺中市,烏日區,0,1,0,8,1,5,40,10,8,1,5,4,5,7,4,4,3,4,3,2,13,16,3,10,1,1,C03,7,9,1,10,2,11,  ,16,16,1,21,8,C03,24.10257,120.612974,2
2018,12,18,8,4,臺中市,北屯區,0,1,0,8,1,5,50,3,1,1,5,4,5,7,4,4,10,5,5,2,16,42,3,10,3,4,B03,7,6,1,8,2,2,  ,42,42,1,21,8,B03,24.187391,120.722611,2
2018,12,18,8,5,臺中市,沙鹿區,0,1,0,8,1,5,40,14,8,1,5,4,5,7,1,1,10,5,5,2,17,23,2,9,1,1,C03,7,9,1,10,2,11,  ,23,23,1,21,8,C03,24.237017,120.569455,2
2018,12,18,8,11,臺中市,西屯區,0,0,,8,,,50,,,,,,,,,,,,,,,,,,,,B02,,,1,,1,,,12,,1,22,,B02,24.171856,120.651643,3
2018,12,18,8,11,臺中市,大甲區,0,1,0,8,1,5,50,4,1,1,5,4,5,7,4,4,10,5,5,2,15,6,2,7,1,1,C03,7,9,1,10,2,11,  ,6,6,1,4,8,C03,24.373572,120.620519,2
2018,12,18,8,12,臺中市,南屯區,0,1,0,8,1,5,40,14,9,1,5,4,5,7,4,4,1,4,5,2,12,19,3,10,1,1,B03,7,1,1,8,2,4,  ,19,19,1,21,8,B03,24.146933,120.604303,2
2018,12,18,8,13,臺中市,西區,0,1,0,8,1,5,50,4,1,1,5,4,5,7,1,1,10,5,5,2,17,42,3,10,1,1,C03,7,15,1,10,2,13,  ,42,42,1,21,8,C03,24.146355,120.670256,2
2018,12,18,8,14,臺中市,外埔區,0,0,,8,,,40,,,,,,,,,,,,,,,,,,,,B12,,,1,,2,,,12,,1,22,,B12,24.334385,120.699121,3
2018,12,18,8,20,臺中市,北屯區,0,2,0,8,1,5,40,4,1,1,5,4,5,7,1,1,10,5,5,2,16,23,2,8,1,1,C03,7,9,1,10,2,11,  ,23,23,1,22,8,C03,24.190533,120.68631,2
2018,12,18,8,20,臺中市,北屯區,0,1,0,8,1,5,50,4,1,1,5,4,5,7,1,1,10,5,5,2,13,16,2,9,3,4,C03,7,9,1,10,2,11,  ,16,16,1,21,8,C03,24.200781,120.676288,2
2018,12,18,8,25,臺中市,北屯區,0,1,0,8,1,5,50,3,1,1,5,4,5,7,1,1,10,5,5,2,16,8,2,9,1,1,C03,7,5,1,10,2,14,  ,8,8,1,5,8,C03,24.200878,120.678141,2
2018,12,18,8,27,臺中市,沙鹿區,0,1,0,8,1,5,40,14,9,1,5,4,5,7,4,4,10,5,5,2,18,23,2,9,4,5,F03,7,9,8,20,2,16,  ,23,23,1,20,8,F03,24.233723,120.559044,2
2018,12,18,8,30,臺中市,西屯區,0,1,0,8,1,5,40,4,1,1,5,4,5,7,1,1,1,4,1,2,13,16,3,10,1,1,C03,7,9,1,10,2,11,  ,16,16,1,21,8,C03,24.157993,120.65762,2
2018,12,18,8,30,臺中市,大里區,0,1,0,8,1,5,40,14,8,1,5,4,5,7,4,4,1,5,3,1,13,23,2,8,1,1,C03,7,9,1,10,2,11,  ,23,23,1,21,9,C03,24.088673,120.654904,2
2018,12,18,8,33,臺中市,東區,0,1,0,8,1,5,50,4,1,1,5,4,5,7,1,1,10,5,5,2,16,25,2,9,1,1,C03,7,9,1,10,2,11,  ,25,25,1,22,8,C03,24.13297,120.698732,2
2018,12,18,8,34,臺中市,西區,0,0,,8,,,50,,,,,,,,,,,,,,,,,,,,B12,,,1,,2,,,7,,1,21,,B12,24.132998,120.666859,3
2018,12,18,8,35,臺中市,北屯區,0,2,0,8,1,5,50,4,2,1,5,4,5,7,1,1,1,2,5,1,13,23,2,9,1,1,C03,7,9,1,10,2,11,  ,23,23,1,21,8,C03,24.181185,120.701286,2
2018,12,18,8,37,臺中市,潭子區,0,0,,8,,,60,,,,,,,,,,,,,,,,,,,,B03,,,1,,2,,,17,,1,22,,B03,24.201066,120.703567,3
2018,12,18,8,38,臺中市,北屯區,0,2,0,8,1,5,40,14,8,1,5,4,5,7,4,4,3,4,4,2,13,23,2,9,1,1,C03,7,9,6,18,2,11,  ,23,23,1,21,8,C03,24.169203,120.696818,2
2018,12,18,8,38,臺中市,太平區,0,0,,8,1,5,50,14,7,1,5,4,5,7,4,4,9,4,4,2,14,,,,,,B03,,,1,,2,,,12,,1,21,,B03,24.103805,120.715135,3
2018,12,18,8,38,臺中市,神岡區,0,1,0,8,1,5,50,3,1,1,5,4,5,7,1,1,5,5,5,1,16,8,3,10,1,1,C03,7,5,1,10,2,11,  ,8,8,1,3,1,C03,24.252111,120.658391,2
2018,12,18,8,39,臺中市,西屯區,0,0,0,8,,,50,,,,,,,,,,,,,,12,2,  ,  ,  ,  ,B03,  ,  ,1,  ,2,4,  ,2,2,1,22,  ,B03,24.162738,120.629674,3
2018,12,18,8,40,臺中市,北區,0,2,0,8,1,5,50,5,9,1,5,4,5,7,2,1,8,3,4,2,11,26,2,8,1,1,C03,7,9,1,10,2,11,  ,26,26,1,2,8,C03,24.155797,120.675384,2
2018,12,18,8,41,臺中市,太平區,0,1,0,8,1,5,40,11,9,1,5,4,5,7,4,4,10,5,5,1,17,43,2,9,1,1,C03,7,9,1,10,2,11,  ,43,43,1,20,8,C03,24.116291,120.735429,2
2018,12,18,8,44,臺中市,西屯區,0,1,0,8,1,5,50,3,2,1,5,4,5,7,1,1,5,4,5,2,18,48,2,9,3,4,C03,7,5,1,10,2,14,  ,48,48,1,22,9,C03,24.196151,120.656231,2
2018,12,18,8,46,臺中市,南屯區,0,1,0,8,1,5,50,4,1,1,5,4,5,7,2,1,10,5,5,2,16,6,3,10,1,1,B03,7,6,1,8,2,2,  ,6,6,1,22,8,B03,24.151413,120.637219,2
2018,12,18,8,48,臺中市,西屯區,0,1,0,8,1,5,50,14,9,1,5,4,5,7,1,1,9,4,5,2,13,16,2,8,1,1,C03,7,9,1,10,2,11,  ,16,16,1,12,8,C03,24.167921,120.653989,2
2018,12,18,8,55,臺中市,北屯區,0,0,,8,,,50,,,,,,,,,,,,,,,,,,,,B03,,,1,,2,,,16,,1,21,,B03,24.199694,120.686633,3
2018,12,18,8,56,臺中市,南屯區,0,0,,8,,,50,,,,,,,,,,,,,,,,,,,,B03,,,1,,2,,,26,,1,22,,B03,24.144846,120.630816,3
2018,12,18,8,57,臺中市,中區,0,2,0,8,1,5,50,4,1,1,5,4,5,7,1,1,10,5,5,2,16,6,2,9,1,1,C03,7,5,1,10,2,12,  ,6,6,1,21,8,C03,24.142796,120.674324,2
2018,12,18,8,58,臺中市,沙鹿區,0,1,0,8,1,5,50,4,1,1,5,4,5,7,1,1,10,5,5,2,17,6,3,10,1,1,B03,7,6,1,8,2,5,  ,6,6,1,21,8,B03,24.20823,120.57475,2
2018,12,18,8,59,臺中市,南屯區,0,0,0,8,,,50,,,,,,,,,,,,,,,23,  ,  ,  ,  ,B03,  ,  ,1,  ,2,  ,  ,23,23,1,21,  ,B03,24.145123,120.625715,4
2018,12,18,9,0,臺中市,西區,0,0,,8,,,40,,,,,,,,,,,,,,,,,,,,   ,,,7,,11,,,43,,1,  ,,   ,24.157438,120.66379,3
2018,12,18,9,0,臺中市,南區,0,0,0,8,,,40,,,,,,,,,,,,,,,43,  ,  ,  ,  ,B03,  ,  ,1,  ,11,  ,  ,23,43,2,4,  ,B03,24.131846,120.655192,3
2018,12,18,9,0,臺中市,北屯區,0,1,0,8,1,5,50,4,1,1,5,4,5,7,1,1,10,5,5,2,15,25,3,10,1,1,C03,7,9,1,10,2,11,  ,25,25,1,22,8,C03,24.190681,120.686018,2
2018,12,18,9,0,臺中市,大甲區,0,1,0,8,1,5,40,3,1,1,5,4,5,7,4,4,10,5,5,2,16,6,3,10,1,1,C04,7,9,1,10,2,11,  ,6,6,1,4,8,C04,24.348092,120.616851,2
2018,12,18,9,5,臺中市,龍井區,0,1,0,8,1,5,70,14,7,1,5,4,5,7,4,4,1,4,1,2,13,23,3,10,1,1,B12,7,9,1,7,2,1,  ,23,23,1,22,8,B12,24.185604,120.587068,2
2018,12,18,9,9,臺中市,西區,0,0,0,8,,,60,,,,,,,,,,,,,,,23,3,  ,  ,  ,B03,  ,  ,1,  ,2,  ,  ,23,23,1,21,  ,B03,24.153579,120.665939,3
2018,12,18,9,9,臺中市,北屯區,0,0,0,8,,,50,,,,,,,,,,,,,,,19,  ,  ,  ,  ,B03,  ,  ,1,  ,2,  ,  ,19,19,1,5,  ,B03,24.193565,120.693506,3
2018,12,18,9,10,臺中市,太平區,0,0,,8,,,50,,,,,,,,,,,,,,,,,,,,B03,,,1,,2,,,42,,1,6,,B03,24.112258,120.730768,3
2018,12,18,9,20,臺中市,西屯區,0,0,,8,,,50,,,,,,,,,,,,,,,,,,,,B12,,,1,,1,,,23,,1,22,,B12,24.173731,120.633366,3
2018,12,18,9,24,臺中市,西屯區,0,0,,8,,,40,,,,,,,,,,,,,,,,,,,,A12,,,1,,2,,,12,,1,10,,A12,24.178683,120.619008,3
2018,12,18,9,33,臺中市,大里區,0,1,0,8,1,5,60,14,7,1,5,4,5,7,1,1,1,2,4,1,13,26,2,9,1,1,C03,7,7,4,7,2,14,  ,26,26,1,21,9,C03,24.109121,120.661695,2
2018,12,18,9,33,臺中市,太平區,0,1,0,8,1,5,50,4,1,1,5,4,5,7,2,1,5,4,5,1,15,25,3,10,1,1,B03,7,9,1,8,2,4,  ,25,25,1,21,1,B03,24.148882,120.715969,2
2018,12,18,9,36,臺中市,梧棲區,0,0,,8,,,70,,,,,,,,,,,,,,,,,,,,B03,,,1,,2,,,23,,1,19,,B03,24.244201,120.552183,4
2018,12,18,9,37,臺中市,南屯區,0,0,,8,,,50,,,,,,,,,,,,,,,,,,,,B03,,,1,,2,,,23,,1,22,,B03,24.150837,120.646015,3
2018,12,18,9,40,臺中市,北屯區,0,1,0,8,1,5,40,5,1,1,5,4,5,7,1,1,10,5,5,2,18,23,2,9,3,4,C03,7,9,1,10,2,11,  ,23,23,1,21,8,C03,24.18332,120.6905,2
2018,12,18,9,43,臺中市,北屯區,0,0,0,8,,,40,,,,,,,,,,,,,,,23,  ,  ,  ,  ,B03,  ,  ,1,  ,2,  ,  ,23,23,1,  ,  ,B03,24.173083,120.72104,3
2018,12,18,9,50,臺中市,北屯區,0,1,0,8,1,5,40,3,1,1,5,4,5,7,1,1,10,5,5,2,17,14,2,9,3,4,C03,7,9,1,10,2,11,  ,14,14,1,5,8,C03,24.169152,120.696952,2
2018,12,18,9,52,臺中市,西區,0,0,1,8,1,5,40,5,1,1,5,4,5,7,1,1,10,5,5,2,15,25,5,9,1,1,C04,7,9,1,10,2,11,  ,25,25,1,21,8,C04,24.129378,120.667015,2
2018,12,18,9,55,臺中市,大甲區,0,1,0,8,1,5,50,14,9,1,5,4,5,7,4,4,5,5,5,1,13,23,3,10,3,1,B12,7,13,1,8,2,7,  ,38,23,1,4,8,B12,24.344401,120.626995,2
2018,12,18,9,57,臺中市,南區,0,2,0,8,1,5,40,4,1,1,5,4,5,7,4,4,10,5,5,2,15,6,2,9,1,1,C03,7,9,1,10,2,11,  ,6,6,1,21,8,C03,24.13468,120.682572,2
2018,12,18,10,9,臺中市,北屯區,0,2,0,8,1,5,50,14,7,1,5,4,5,7,4,4,3,4,4,2,12,43,2,9,1,1,C03,7,9,1,10,2,12,  ,43,43,1,22,8,C03,24.162103,120.693231,2
2018,12,18,10,19,臺中市,西區,0,0,0,8,,,50,,,,,,,,,,,,,,,7,3,  ,  ,  ,B03,  ,  ,1,  ,2,  ,  ,23,7,1,21,  ,B03,24.153601,120.653032,3
2018,12,18,10,19,臺中市,西屯區,0,0,,8,,,50,,,,,,,,,,,,,,,,,,,,B03,,,1,,2,,,7,,1,22,,B03,24.187115,120.610274,3
2018,12,18,10,20,臺中市,太平區,0,0,,8,,,50,,,,,,,,,,,,,,,,,,,,B03,,,1,,2,,,6,,1,5,,B03,24.112334,120.706591,3
2018,12,18,10,20,臺中市,龍井區,0,1,0,8,1,5,50,14,7,1,5,4,5,7,4,4,5,5,4,2,29,66,  ,  ,  ,  ,   ,  ,  ,  ,  ,  ,  ,  ,66,66,1,  ,  ,   ,24.181277,120.59151,2
2018,12,18,10,30,臺中市,西屯區,0,0,,8,,,50,,,,,,,,,,,,,,,,,,,,B03,,,1,,2,,,6,,1,22,,B03,24.185399,120.646235,3
2018,12,18,10,30,臺中市,大里區,0,0,,8,,,50,,,,,,,,,,,,,,,,,,,,B03,,,1,,2,,,23,,1,21,,B03,24.104478,120.699206,3
2018,12,18,10,34,臺中市,西屯區,0,0,,8,,,40,,,,,,,,,,,,,,,,,,,,A12,,,1,,2,,,6,,1,10,,A12,24.196479,120.619774,3
2018,12,18,10,38,臺中市,大甲區,0,1,0,8,1,5,50,4,1,1,5,4,5,7,1,1,10,5,5,2,16,42,2,8,1,1,C03,7,9,1,10,2,11,  ,42,42,1,5,8,C03,24.346858,120.624631,2
2018,12,18,10,40,臺中市,大雅區,0,1,0,8,1,5,40,3,2,1,5,4,5,7,3,1,5,5,5,1,13,16,2,9,1,1,C03,7,9,1,10,2,14,  ,16,16,1,22,8,C03,24.212309,120.646586,2
2018,12,18,10,41,臺中市,太平區,0,1,0,8,1,5,50,14,9,1,5,4,5,7,4,4,5,5,5,1,13,23,3,10,1,1,B12,7,9,1,8,2,1,  ,23,23,1,6,8,B12,24.120406,120.720868,2
2018,12,18,10,45,臺中市,西區,0,0,,8,,,50,,,,,,,,,,,,,,,,,,,,B01,,,1,,2,,,23,,1,22,,B01,24.137508,120.66926,3
2018,12,18,10,47,臺中市,南區,0,1,0,8,1,5,40,14,8,1,5,4,5,7,4,4,1,4,4,2,16,19,3,10,1,1,C03,7,1,1,10,2,14,  ,19,19,1,21,3,C03,24.1264,120.670966,2
2018,12,18,10,47,臺中市,西屯區,0,0,0,8,1,8,1,15,20,1,5,4,5,7,4,4,10,5,5,2,17,18,3,10,3,4,C03,7,3,1,10,2,12,  ,18,18,2,22,9,C03,24.159885,120.649158,3
2018,12,18,11,0,臺中市,沙鹿區,0,0,,8,,,50,,,,,,,,,,,,,,,,,,,,B03,,,1,,2,,,7,,1,4,,B03,24.240633,120.560593,3
2018,12,18,11,0,臺中市,大甲區,0,3,0,8,1,5,40,14,9,1,5,4,5,7,4,4,5,5,5,1,16,19,2,9,1,4,C03,7,1,1,10,2,14,  ,19,19,1,20,8,C03,24.344183,120.622643,2
2018,12,18,11,0,臺中市,后里區,0,0,,8,,,50,,,,,,,,,,,,,,,,,,,,B12,,,1,,2,,,23,,1,22,,B12,24.300621,120.71061,3
2018,12,18,11,13,臺中市,豐原區,0,0,,8,,,50,,,,,,,,,,,,,,,,,,,,B03,,,1,,2,,,17,,  ,  ,,B03,24.241851,120.713123,3
2018,12,18,11,15,臺中市,南區,0,1,0,8,1,5,50,4,1,1,5,4,1,7,1,1,10,5,5,2,16,25,2,9,1,1,C03,7,6,1,10,2,14,  ,25,25,1,6,5,C03,24.117173,120.658773,2
2018,12,18,11,16,臺中市,南區,0,1,0,8,1,5,50,4,1,1,5,4,5,7,1,1,10,5,5,2,16,26,3,10,1,1,B03,7,6,1,10,2,6,  ,26,26,1,21,8,B03,24.130158,120.662208,2
2018,12,18,11,16,臺中市,太平區,0,1,0,8,1,5,50,14,12,1,5,4,5,7,2,1,5,4,4,1,12,6,3,10,1,1,B03,7,6,1,8,2,6,  ,6,6,1,5,5,B03,24.149911,120.711432,2
2018,12,18,11,30,臺中市,霧峰區,0,0,,8,,,70,,,,,,,,,,,,,,,,,,,,   ,,,7,,11,,,67,,1,  ,,   ,24.050293,120.694435,3
2018,12,18,11,30,臺中市,大里區,0,0,,8,,,50,,,,,,,,,,,,,,,,,,,,B03,,,1,,2,,,23,,1,21,,B03,24.103166,120.675278,3
2018,12,18,11,30,臺中市,大肚區,0,0,,8,,,50,,,,,,,,,,,,,,,,,,,,B03,,,1,,2,,,19,,1,5,,B03,24.123063,120.564965,3
2018,12,18,11,34,臺中市,霧峰區,0,0,,8,,,40,,,,,,,,,,,,,,,,,,,,C03,,,1,,11,,,43,,2,  ,,C03,24.07842,120.721198,3
2018,12,18,11,37,臺中市,南屯區,0,0,0,8,1,5,50,4,1,1,5,4,5,7,2,1,10,5,5,2,17,25,3,10,1,1,C03,7,11,1,10,4,11,  ,25,25,1,22,8,C03,24.149546,120.623716,3
2018,12,18,11,45,臺中市,西區,0,0,,8,,,40,,,,,,,,,,,,,,,,,,,,B03,,,1,,2,,,17,,1,22,,B03,24.143426,120.669563,3
2018,12,18,11,45,臺中市,龍井區,0,1,0,8,1,5,50,4,1,1,5,4,5,7,4,4,10,5,5,2,16,6,3,10,1,1,B03,7,5,1,8,2,5,  ,6,6,1,22,8,B03,24.180693,120.583692,2
2018,12,18,11,53,臺中市,大里區,0,1,0,8,1,5,50,14,9,1,5,4,5,7,4,4,5,5,5,2,17,26,3,10,1,1,B03,7,5,1,8,2,1,  ,26,26,1,20,9,B03,24.105932,120.704355,2
2018,12,18,11,58,臺中市,梧棲區,0,0,,8,,,40,,,,,,,,,,,,,,,,,,,,B11,,,1,,2,,,12,,1,9,,B11,24.222267,120.527074,3
2018,12,18,12,5,臺中市,大甲區,0,0,,,,,,,,,,,,,,,,,,,,,,,,,B03,,,1,,2,,,19,,  ,  ,,B03,24.3469,120.6204,3
2018,12,18,12,8,臺中市,梧棲區,0,0,,8,,,50,,,,,,,,,,,,,,,,,,,,B03,,,1,,2,,,16,,1,9,,B03,24.222421,120.527065,3
2018,12,18,12,10,臺中市,太平區,0,1,0,8,1,5,50,4,9,1,5,4,5,7,2,1,5,4,5,1,16,10,3,10,1,1,B03,7,11,1,8,2,8,  ,10,10,1,21,1,B03,24.133923,120.723711,2
2018,12,18,12,10,臺中市,潭子區,0,0,0,8,1,5,50,3,2,1,5,4,5,7,1,1,1,4,4,1,13,23,  ,  ,  ,  ,B02,  ,  ,1,  ,2,  ,  ,23,23,1,22,  ,B02,24.187234,120.702497,3
2018,12,18,12,16,臺中市,霧峰區,0,0,,8,,,50,,,,,,,,,,,,,,,,,,,,B03,,,1,,2,,,16,,1,4,,B03,24.075712,120.700031,3
2018,12,18,12,17,臺中市,西區,0,2,0,8,1,5,40,4,2,1,5,4,5,7,1,1,5,5,4,2,13,23,2,8,1,1,C03,7,9,1,10,2,11,  ,23,23,1,21,8,C03,24.136536,120.664141,2
2018,12,18,12,18,臺中市,梧棲區,0,0,,8,,,50,,,,,,,,,,,,,,,,,,,,B03,,,1,,2,,,6,,1,19,,B03,24.257538,120.537605,3
2018,12,18,12,20,臺中市,北區,0,1,0,8,1,5,40,3,1,1,5,4,5,7,4,4,10,5,5,2,16,6,3,10,1,1,B03,7,6,3,18,9,6,  ,6,6,2,22,8,B03,24.163175,120.674355,2
2018,12,18,12,20,臺中市,東勢區,0,0,0,8,,,50,,,,,,,,,,,,,,,26,  ,  ,  ,  ,B03,  ,  ,1,  ,2,  ,  ,26,26,1,  ,  ,B03,24.250797,120.830267,3
2018,12,18,12,29,臺中市,神岡區,0,0,,8,,,50,,,,,,,,,,,,,,,,,,,,B12,,,1,,2,,,16,,1,9,,B12,24.280806,120.652521,3
2018,12,18,12,30,臺中市,豐原區,0,2,0,8,1,5,40,14,9,1,5,4,5,7,4,4,10,5,5,2,16,23,2,7,1,1,C03,7,6,1,10,2,12,  ,23,23,1,4,8,C03,24.270885,120.721111,2
2018,12,18,12,36,臺中市,南屯區,0,2,0,8,1,5,50,14,9,1,5,4,5,7,4,4,5,5,5,2,16,26,2,8,1,1,C03,7,9,1,10,2,12,  ,26,26,1,22,8,C03,24.151922,120.651379,2
2018,12,18,12,37,臺中市,西區,0,2,0,8,1,5,50,4,1,1,5,4,5,7,4,4,10,5,5,2,15,6,2,9,1,1,C03,7,9,1,10,2,11,  ,6,6,1,21,8,C03,24.149698,120.660856,2
2018,12,18,12,49,臺中市,西屯區,0,1,0,8,1,5,50,14,9,1,5,4,5,7,4,4,5,4,5,2,16,19,2,9,3,4,C03,7,1,1,10,2,11,  ,19,19,1,22,9,C03,24.165897,120.660005,2
2018,12,18,12,54,臺中市,北屯區,0,1,0,8,1,5,50,3,1,4,5,2,1,7,1,1,10,5,5,2,18,42,2,9,1,1,C03,7,9,1,10,2,12,  ,42,42,1,5,8,C03,24.169025,120.69708,2
2018,12,18,12,55,臺中市,大里區,0,0,0,,,,,,,,,,,,,,,,,,,43,3,10,1,1,B03,7,7,1,4,2,8,  ,43,43,1,5,9,B03,24.112897,120.681082,3
2018,12,18,12,58,臺中市,梧棲區,0,0,,8,,,40,,,,,,,,,,,,,,,,,,,,B03,,,1,,2,,,6,,1,19,,B03,24.234465,120.539989,3
2018,12,18,13,8,臺中市,霧峰區,0,0,,,,,,,,,,,,,,,,,,,,,,,,,C03,,,1,,2,,,23,,1,18,,C03,24.054179,120.686986,3
2018,12,18,13,13,臺中市,潭子區,0,0,,8,,,60,,,,,,,,,,,,,,,44,,,,,B12,,,1,,2,,,23,44,1,22,,B12,24.195052,120.701786,3
2018,12,18,13,20,臺中市,西區,0,1,0,8,1,5,50,4,1,1,5,4,5,7,1,1,10,5,5,2,15,25,3,10,1,1,B03,7,9,1,8,11,7,  ,25,25,1,19,7,B03,24.134459,120.669506,2
2018,12,18,13,24,臺中市,東區,0,1,0,8,1,5,50,3,1,1,5,4,5,5,4,4,9,5,5,2,16,6,3,10,1,1,B03,7,5,1,8,2,8,  ,6,6,1,21,8,B03,24.139608,120.698048,2
2018,12,18,13,25,臺中市,南屯區,0,0,,8,,,50,,,,,,,,,,,,,,,,,,,,B12,,,1,,2,,,12,,1,22,,B12,24.145021,120.646637,3
2018,12,18,13,25,臺中市,西屯區,0,0,0,8,,,50,,,,,,,,,,,,,,,42,  ,  ,  ,  ,B12,  ,  ,1,  ,2,  ,  ,42,42,1,10,  ,B12,24.20114,120.627438,3
2018,12,18,13,30,臺中市,后里區,0,1,0,8,1,5,50,3,2,1,5,4,5,7,3,1,4,5,4,1,17,19,3,10,1,1,B03,7,1,1,5,2,8,  ,19,19,1,21,8,B03,24.309345,120.719958,2
2018,12,18,13,31,臺中市,西屯區,0,0,0,8,,,50,,,,,,,,,,,,,,14,12,  ,  ,  ,  ,B03,  ,  ,1,  ,2,6,  ,12,12,1,22,  ,B03,24.176265,120.622621,3
2018,12,18,13,46,臺中市,豐原區,0,2,0,8,1,5,50,3,1,1,5,4,5,7,1,1,1,4,4,2,15,25,2,9,1,1,C03,7,9,1,10,2,11,  ,44,25,1,21,8,C03,24.249436,120.714108,2
2018,12,18,13,55,臺中市,南屯區,0,1,0,8,1,5,50,14,9,1,5,4,5,7,4,4,5,5,5,2,3,51,3,10,4,5,H01,8,16,8,20,10,16,  ,51,51,1,22,9,H01,24.134885,120.610336,2
2018,12,18,13,57,臺中市,南屯區,0,0,,8,,,50,,,,,,,,,,,,,,,,,,,,B03,,,1,,2,,,12,,1,5,,B03,24.155288,120.649732,3
2018,12,18,14,0,臺中市,西屯區,0,1,0,8,1,5,50,4,2,1,5,4,5,7,1,1,5,4,4,2,13,16,2,9,3,4,C03,7,9,1,10,2,12,  ,16,16,1,22,9,C03,24.1762,120.652074,2
2018,12,18,14,3,臺中市,大里區,0,1,0,8,1,5,50,14,9,1,5,4,5,7,4,4,5,2,5,1,18,21,2,9,1,1,C03,7,9,1,10,5,12,  ,21,21,1,21,8,C03,24.106634,120.668725,2
2018,12,18,14,8,臺中市,北屯區,0,2,0,8,1,5,50,4,1,1,5,4,5,7,2,1,10,5,5,2,16,26,2,9,3,4,C03,7,5,1,10,2,13,  ,26,26,1,5,8,C03,24.166963,120.685713,2
2018,12,18,14,27,臺中市,大里區,0,0,,8,,,50,,,,,,,,,,,,,,,,,,,,B03,,,1,,2,,,23,,1,21,,B03,24.09918,120.693769,3