年,月,日,時,分,縣市,區,死,受傷,2-30,天候,光線,道路類別,速限,道路型態,事故位置,路面鋪裝,路面狀態,路面缺陷,障礙物,視距,號誌種類,號誌動作,分向設施,快車道或一般車道間,快慢車道間,路面邊線,事故類型及型態,主要肇因,受傷程度,主要傷處,保護裝備,行動電話,當事者區分_類別,車輛用途,當事者行動狀態,駕駛資格情形,駕駛執照種類,飲酒情形,車輛撞擊部位最初,車輛撞擊部位其他,肇事因素個別,肇事因素主要,肇事逃逸,職業,旅次目的,車種,GPS座標X,GPS座標Y,事故類別
2018,12,18,14,28,臺中市,潭子區,0,0,0,8,1,5,40,14,9,1,5,4,5,7,4,4,8,5,5,1,10,23,3,10,1,1,B03,7,9,1,8,2,8,  ,23,23,1,22,9,B03,24.203848,120.6949,3
2018,12,18,14,29,臺中市,神岡區,0,1,0,8,1,5,50,3,1,1,5,4,5,7,2,1,1,4,5,1,16,25,2,9,1,1,C03,7,5,1,10,2,11,12,25,25,1,9,1,C03,24.280938,120.652475,2
2018,12,18,14,33,臺中市,龍井區,0,2,0,8,1,5,50,3,1,1,5,4,5,7,4,4,10,5,5,2,16,43,3,10,1,1,B12,7,6,1,8,2,6,  ,43,43,1,21,5,B12,24.125478,120.512487,2
2018,12,18,14,35,臺中市,西屯區,0,0,,8,,,50,,,,,,,,,,,,,,,,,,,,B03,,,1,,2,,,19,,1,22,,B03,24.200856,120.630246,3
2018,12,18,14,37,臺中市,太平區,0,1,0,8,1,5,50,14,7,1,5,4,5,7,4,4,9,5,4,2,16,16,2,9,1,1,C03,7,9,1,10,2,11,  ,16,16,1,18,8,C03,24.156118,120.703329,2
2018,12,18,14,38,臺中市,大雅區,0,0,,8,,,40,,,,,,,,,,,,,,,,,,,,B12,,,1,,11,,,23,,1,21,,B12,24.219542,120.638816,3
2018,12,18,14,40,臺中市,南區,0,2,0,8,1,5,40,4,1,1,5,4,5,7,4,4,10,5,5,2,15,6,2,8,1,1,C03,7,9,1,10,2,11,  ,6,6,1,20,5,C03,24.130884,120.682718,2
2018,12,18,14,40,臺中市,西屯區,0,0,,8,,,60,,,,,,,,,,,,,,,,,,,,B03,,,1,,2,,,23,,1,22,,B03,24.167765,120.6407,3
2018,12,18,14,40,臺中市,潭子區,0,1,0,8,1,5,50,14,9,1,5,4,5,7,4,4,1,4,4,1,12,43,4,11,3,4,   ,7,21,7,19,11,15,  ,43,43,2,22,9,   ,24.203039,120.704081,2
2018,12,18,14,43,臺中市,太平區,0,1,0,8,1,5,50,5,1,1,5,4,5,7,2,1,5,4,5,1,15,42,3,10,1,1,B12,7,9,1,8,2,5,  ,42,42,1,21,1,B12,24.133725,120.720967,2
2018,12,18,14,58,臺中市,西屯區,0,1,0,8,1,5,50,4,1,1,5,4,5,7,1,1,9,4,4,2,16,25,3,10,1,1,B03,7,9,1,8,2,2,  ,25,25,1,21,8,B03,24.172287,120.632958,2
2018,12,18,15,0,臺中市,南屯區,0,0,,8,,,50,,,,,,,,,,,,,,,,,,,,B12,,,1,,2,,,42,,1,21,,B12,24.14881,120.632728,4
2018,12,18,15,2,臺中市,西屯區,0,0,,8,,,50,,,,,,,,,,,,,,,,,,,,A02,,,1,,2,,,4,,1,10,,A02,24.162865,120.65714,3
2018,12,18,15,8,臺中市,太平區,0,0,,8,,,50,,,,,,,,,,,,,,,,,,,,B12,,,1,,2,,,7,,1,4,,B12,24.133988,120.72525,3
2018,12,18,15,10,臺中市,大甲區,0,0,,8,,,50,,,,,,,,,,,,,,,,,,,,B03,,,1,,2,,,18,,1,22,,B03,24.402957,120.660856,3
2018,12,18,15,14,臺中市,潭子區,0,1,0,8,1,5,50,11,9,1,5,4,3,7,4,4,5,5,5,2,16,26,2,8,1,1,C03,7,9,1,10,2,14,  ,26,26,1,22,8,C03,24.216091,120.703627,2
2018,12,18,15,15,臺中市,太平區,0,0,,8,,,50,,,,,,,,,,,,,,,,,,,,B03,,,1,,2,,,9,,1,3,,B03,24.149461,120.723376,3
2018,12,18,15,17,臺中市,西屯區,0,1,0,8,1,5,50,3,2,1,5,4,5,7,4,4,8,3,4,1,12,7,3,10,1,1,B03,7,8,1,8,9,15,  ,7,7,1,22,8,B03,24.19837,120.642771,2
2018,12,18,15,22,臺中市,北區,0,0,,8,1,5,50,,,,,,,,,,,,,,,,,,,,B03,,,1,,2,,,23,,1,5,,B03,24.155644,120.675335,3
2018,12,18,15,22,臺中市,沙鹿區,0,1,0,8,1,5,70,3,7,1,5,4,5,7,1,1,1,4,1,1,13,42,2,1,3,4,B03,7,9,3,18,2,1,  ,42,42,1,22,8,B03,24.248573,120.603613,2
2018,12,18,15,25,臺中市,梧棲區,0,0,,8,,,60,,,,,,,,,,,,,,,,,,,,B03,,,1,,2,,,16,,1,3,,B03,24.253519,120.537576,3
2018,12,18,15,30,臺中市,南屯區,0,0,,8,,,50,,,,,,,,,,,,,,,,,,,,A11,,,1,,2,,,23,,1,10,,A11,24.154312,120.613437,3
2018,12,18,15,41,臺中市,西區,0,0,,8,1,5,40,14,8,1,5,4,5,7,4,4,5,4,4,2,14,,,,,,B03,,,1,,2,,,12,,1,22,,B03,24.134531,120.6744,3
2018,12,18,15,42,臺中市,南區,0,0,,,,,,,,,,,,,,,,,,,,,,,,,B02,,,1,,2,,,43,,1,  ,,B02,24.110727,120.646788,3
2018,12,18,15,45,臺中市,沙鹿區,0,1,0,8,1,5,40,14,8,1,5,4,5,7,4,4,1,4,4,2,18,43,2,9,1,1,C03,7,9,1,10,2,14,  ,43,43,1,5,5,C03,24.230574,120.566184,2
2018,12,18,15,49,臺中市,西屯區,0,1,0,8,1,5,40,14,9,1,5,4,5,7,4,4,9,4,5,2,13,16,2,8,1,1,C03,7,9,1,10,2,11,  ,16,16,1,21,8,C03,24.167337,120.653239,2
2018,12,18,15,52,臺中市,北屯區,0,0,0,8,,,50,,,,,,,,,,,,,,,16,  ,  ,  ,  ,C03,  ,  ,1,  ,2,  ,  ,16,16,1,5,  ,C03,24.182006,120.701773,3
2018,12,18,15,52,臺中市,大肚區,0,0,,8,,,40,,,,,,,,,,,,,,,,,,,,F02,,,8,,2,,,4,,1,20,,F02,24.1534,120.545099,3
2018,12,18,16,1,臺中市,南區,0,1,0,8,1,5,50,14,7,1,5,4,5,7,4,4,5,4,4,2,16,10,3,10,1,1,B03,7,11,6,18,2,15,  ,10,10,1,22,9,B03,24.133193,120.680853,2
2018,12,18,16,2,臺中市,中區,0,2,0,8,1,5,50,4,1,1,5,4,5,7,4,4,10,5,5,2,15,6,2,9,1,1,C03,7,9,1,10,2,11,  ,6,6,1,21,8,C03,24.140134,120.678231,2
2018,12,18,16,2,臺中市,南區,0,1,0,8,1,5,50,4,1,1,5,4,5,7,1,1,10,5,5,2,16,9,3,10,1,1,B03,7,6,1,8,2,5,  ,9,9,1,21,8,B03,24.121715,120.661778,2
2018,12,18,16,4,臺中市,南屯區,0,0,0,8,,,50,,,,,,,,,,,,,,,17,  ,  ,  ,  ,B12,  ,  ,1,  ,2,  ,  ,17,17,1,22,  ,B12,24.148647,120.626031,3
2018,12,18,16,4,臺中市,太平區,0,1,0,8,2,5,50,3,2,1,5,4,5,7,4,4,5,5,5,1,12,19,2,9,1,1,C03,7,1,1,10,2,12,  ,19,19,1,20,5,C03,24.111708,120.707667,2
2018,12,18,16,5,臺中市,北屯區,0,1,0,8,1,5,40,14,8,1,5,4,5,7,4,4,1,4,4,2,13,7,3,10,1,1,C03,7,8,1,10,2,12,  ,7,7,1,21,8,C03,24.182233,120.665921,2
2018,12,18,16,5,臺中市,大里區,0,0,,8,,,50,,,,,,,,,,,,,,,,,,,,B03,,,1,,2,,,6,,1,22,,B03,24.09534,120.686323,3
2018,12,18,16,6,臺中市,后里區,0,0,,8,,,40,,,,,,,,,,,,,,,,,,,,C03,,,1,,2,,,23,,1,22,,C03,24.306118,120.716368,3
2018,12,18,16,13,臺中市,大里區,0,0,0,8,1,5,40,3,1,1,5,4,5,7,3,1,10,5,5,1,14,12,3,10,1,1,B12,7,2,1,4,2,3,  ,12,12,1,9,8,B12,24.114649,120.699603,3
2018,12,18,16,15,臺中市,龍井區,0,1,0,8,1,5,40,4,1,1,5,4,5,7,2,1,10,5,5,2,16,4,3,10,1,1,B12,7,5,1,8,2,1,  ,23,4,1,21,4,B12,24.205271,120.517023,2
2018,12,18,16,19,臺中市,中區,0,1,0,8,1,5,50,4,1,1,5,4,5,7,1,1,10,5,5,2,17,6,3,10,1,1,B03,7,6,1,8,2,8,  ,6,6,1,22,9,B03,24.146729,120.678369,2
2018,12,18,16,22,臺中市,南區,0,0,,8,,,50,,,,,,,,,,,,,,,,,,,,A12,,,1,,2,,,12,,1,22,,A12,24.109484,120.652812,3
2018,12,18,16,24,臺中市,西屯區,0,1,0,8,1,5,50,3,1,1,5,4,5,7,1,1,10,5,5,2,16,42,3,10,3,4,B03,7,6,1,8,2,2,  ,42,42,1,22,9,B03,24.198283,120.653195,2
2018,12,18,16,29,臺中市,北屯區,0,0,0,8,,,50,,,,,,,,,,,,,,,23,  ,  ,  ,  ,B03,  ,  ,1,  ,2,  ,  ,23,23,1,22,  ,B03,24.18266,120.699355,3
2018,12,18,16,29,臺中市,清水區,0,2,0,8,1,5,50,3,9,1,5,4,5,7,4,4,9,4,5,1,13,23,2,9,1,1,C03,7,9,1,10,2,11,  ,23,23,1,21,8,C03,24.269533,120.572198,2
2018,12,18,16,30,臺中市,東區,0,0,,8,,,50,,,,,,,,,,,,,,,,,,,,B03,,,1,,2,,,23,,1,22,,B03,24.138922,120.697632,3
2018,12,18,16,30,臺中市,潭子區,0,0,,8,1,5,50,14,7,1,5,4,5,7,4,4,5,4,5,1,12,,,,,,A12,,,1,,2,,,7,,1,22,,A12,24.194671,120.716729,3
2018,12,18,16,31,臺中市,西屯區,0,1,0,8,1,5,40,14,9,1,5,4,5,7,4,4,8,4,5,2,2,23,3,10,3,4,B12,7,9,1,8,9,5,  ,23,23,2,22,9,B12,24.175312,120.648587,2
2018,12,18,16,40,臺中市,外埔區,0,1,0,8,3,5,50,3,1,1,5,4,5,7,1,1,5,5,5,1,1,23,3,10,1,4,B03,7,5,1,8,2,1,  ,23,23,1,22,8,B03,24.342506,120.641228,2
2018,12,18,16,50,臺中市,清水區,0,1,0,8,1,5,40,14,7,1,5,4,5,7,4,4,1,4,4,2,16,10,3,10,1,1,B12,7,11,1,8,2,4,  ,10,10,1,21,8,B12,24.274598,120.577011,2
2018,12,18,16,50,臺中市,梧棲區,0,1,0,8,1,5,40,4,1,1,5,4,5,7,4,4,10,5,5,2,15,6,2,9,1,1,C03,7,9,1,10,2,11,  ,6,6,1,21,1,C03,24.225873,120.542218,2
2018,12,18,16,55,臺中市,梧棲區,0,1,0,8,2,5,40,4,1,1,5,4,5,7,2,1,10,5,5,2,15,43,3,10,1,1,B03,7,9,1,8,2,4,  ,43,43,1,9,1,B03,24.240724,120.52644,2
2018,12,18,16,59,臺中市,北屯區,0,1,0,8,1,5,50,14,9,1,5,4,5,7,4,4,5,4,5,2,16,7,3,10,1,1,B03,7,8,1,8,2,5,  ,7,7,1,21,8,B03,24.199472,120.683451,2
2018,12,18,17,2,臺中市,西屯區,0,0,,8,,,50,,,,,,,,,,,,,,,,,,,,B01,,,1,,2,,,19,,1,22,,B01,24.165299,120.642248,3
2018,12,18,17,5,臺中市,北區,0,0,,8,,,50,,,,,,,,,,,,,,,,,,,,C03,,,1,,2,,,23,,1,22,,C03,24.1569,120.6916,3
2018,12,18,17,7,臺中市,龍井區,0,1,0,8,2,5,40,4,1,1,5,4,5,3,4,4,10,5,5,2,15,6,2,9,1,1,C03,7,9,1,10,2,11,  ,6,6,1,7,8,C03,24.198476,120.506556,2
2018,12,18,17,9,臺中市,西區,0,1,0,8,2,5,50,4,2,1,5,4,5,7,1,1,10,5,5,2,12,23,3,10,1,1,B03,7,9,1,8,2,5,  ,23,23,1,21,8,B03,24.154524,120.655611,2
2018,12,18,17,10,臺中市,沙鹿區,0,1,0,8,2,5,40,14,8,1,5,4,5,7,4,4,1,4,4,1,13,23,2,9,1,1,C03,7,9,1,10,2,11,  ,23,23,1,18,8,C03,24.2376,120.569658,2
2018,12,18,17,10,臺中市,潭子區,0,1,0,8,2,5,60,14,7,1,5,4,5,5,4,4,3,3,4,1,16,19,3,10,1,1,B03,7,1,1,8,2,8,  ,19,19,1,22,8,B03,24.219534,120.706125,2
2018,12,18,17,11,臺中市,西屯區,0,0,,8,1,5,50,4,9,1,5,4,5,7,2,1,1,4,4,1,17,,,,,,C03,,,1,,2,,,43,,1,22,,C03,24.166304,120.652083,3
2018,12,18,17,13,臺中市,南屯區,0,0,0,8,3,5,40,,8,1,5,4,5,7,4,4,1,4,4,2,17,23,3,10,1,1,B03,7,8,1,8,2,5,  ,23,23,1,22,8,B03,24.151648,120.633186,3
2018,12,18,17,13,臺中市,龍井區,0,1,0,8,3,5,40,3,1,1,5,4,5,3,4,4,10,5,5,1,17,6,3,10,1,1,B03,7,6,1,8,2,8,  ,6,6,1,5,8,B03,24.195733,120.528855,2
2018,12,18,17,18,臺中市,潭子區,0,1,0,8,1,5,50,14,9,1,5,4,5,7,4,4,5,4,5,1,13,23,2,9,1,1,C03,7,9,1,10,2,11,  ,23,23,1,22,9,C03,24.215162,120.700606,2
2018,12,18,17,20,臺中市,北屯區,0,0,,8,,,50,,,,,,,,,,,,,,,,,,,,B03,,,1,,2,,,26,,1,22,,B03,24.175881,120.719868,3
2018,12,18,17,21,臺中市,西區,0,1,0,8,3,5,50,3,2,1,5,4,5,7,4,4,1,4,4,1,17,9,3,10,1,1,B03,7,6,1,8,2,15,  ,9,9,1,21,8,B03,24.136573,120.662934,2
2018,12,18,17,25,臺中市,西屯區,0,1,0,8,1,5,50,3,1,1,5,4,5,7,1,1,9,4,5,2,16,26,3,10,1,1,B03,7,5,1,8,2,1,  ,26,26,1,21,8,B03,24.191521,120.597431,2
2018,12,18,17,30,臺中市,烏日區,0,0,,8,,,40,,,,,,,,,,,,,,,,,,,,C03,,,1,,2,,,6,,1,22,,C03,24.052861,120.652127,3
2018,12,18,17,31,臺中市,龍井區,,,,8,,,50,,,,,,,,,,,,,,,,,,,,B03,,,1,,2,,,10,,1,5,,B03,24.203591,120.54829,3
2018,12,18,17,35,臺中市,北屯區,0,0,,8,,,40,,,,,,,,,,,,,,,,,,,,B03,,,1,,2,,,23,,1,5,,B03,24.178082,120.681725,3
2018,12,18,17,35,臺中市,西屯區,0,0,,8,,,50,,,,,,,,,,,,,,,,,,,,B03,,,1,,2,,,17,,1,22,,B03,24.169156,120.655441,3
2018,12,18,17,35,臺中市,西屯區,0,2,0,8,3,5,50,14,9,1,5,4,5,7,4,4,8,3,4,1,17,8,2,8,1,1,C03,7,5,1,10,2,14,  ,8,8,1,22,8,C03,24.163938,120.655925,2
2018,12,18,17,35,臺中市,沙鹿區,0,0,,8,,,60,,,,,,,,,,,,,,,,,,,,B03,,,1,,2,,,23,,1,4,,B03,24.219,120.550591,3
2018,12,18,17,35,臺中市,沙鹿區,0,2,0,8,2,5,40,4,2,1,5,4,5,7,1,1,1,4,3,1,13,23,2,7,1,1,C03,7,9,1,4,2,11,  ,23,23,1,5,5,C03,24.252012,120.575777,2
2018,12,18,17,36,臺中市,北屯區,0,0,,8,,,40,,,,,,,,,,,,,,,,,,,,B03,,,1,,2,,,12,,1,5,,B03,24.166196,120.700798,3
2018,12,18,17,39,臺中市,南屯區,0,1,0,8,3,5,40,3,1,1,5,4,5,7,1,1,10,5,5,2,16,25,3,10,1,1,B03,7,8,1,8,2,2,  ,44,25,1,22,9,B03,24.155323,120.597824,2
2018,12,18,17,40,臺中市,南屯區,0,0,,8,,,50,,,,,,,,,,,,,,,,,,,,B03,,,1,,2,,,7,,1,22,,B03,24.153688,120.616653,3
2018,12,18,17,40,臺中市,龍井區,0,0,,8,,,40,,,,,,,,,,,,,,,,,,,,A12,,,1,,2,,,18,,1,10,,A12,24.17827,120.588436,3
2018,12,18,17,40,臺中市,沙鹿區,0,2,0,8,3,5,70,3,1,1,5,4,5,7,1,1,10,5,5,2,16,26,3,10,1,1,B03,7,11,1,8,2,5,  ,26,26,1,3,5,B03,24.248456,120.603516,2
2018,12,18,17,42,臺中市,西屯區,0,0,,8,,,50,,,,,,,,,,,,,,,,,,,,B03,,,1,,2,,,7,,1,21,,B03,24.182702,120.633167,3
2018,12,18,17,45,臺中市,中區,0,0,,8,3,5,50,4,1,1,5,4,5,7,1,1,10,5,5,2,16,,,,,,B03,,,1,,2,,,6,,1,22,,B03,24.141009,120.677995,3
2018,12,18,17,46,臺中市,南屯區,0,0,0,8,,,50,,,,,,,,,,,,,,,23,  ,  ,  ,  ,B03,  ,  ,1,  ,2,  ,  ,23,23,1,22,  ,B03,24.127366,120.646173,3
2018,12,18,17,47,臺中市,北屯區,0,0,,8,,,40,,,,,,,,,,,,,,,,,,,,B03,,,1,,2,,,12,,1,22,,B03,24.1738,120.686353,3
2018,12,18,17,47,臺中市,西屯區,0,1,0,8,3,5,40,14,8,1,5,4,5,7,4,4,1,5,1,2,13,16,2,9,3,4,C03,7,9,3,18,2,11,  ,16,16,1,22,9,C03,24.184035,120.610864,2
2018,12,18,17,48,臺中市,西區,0,1,0,8,3,5,50,14,9,1,5,4,5,7,4,4,10,5,5,2,17,40,3,10,1,1,B03,7,13,1,8,2,4,  ,40,40,1,21,5,B03,24.150852,120.657812,2
2018,12,18,17,49,臺中市,梧棲區,0,0,,8,,,50,,,,,,,,,,,,,,,,,,,,C03,,,1,,2,,,23,,1,2,,C03,24.241348,120.550505,3
2018,12,18,17,50,臺中市,豐原區,0,0,,7,,,50,,,,,,,,,,,,,,,,,,,,B03,,,1,,2,,,23,,  ,  ,,B03,24.263274,120.715263,3
2018,12,18,17,52,臺中市,北屯區,0,1,0,8,3,5,50,14,9,1,5,4,5,7,4,4,1,4,5,2,16,23,3,10,1,1,B03,7,9,1,8,2,2,  ,23,23,1,21,8,B03,24.172513,120.68167,2
2018,12,18,17,55,臺中市,龍井區,0,3,0,8,3,5,40,3,1,1,5,4,5,7,4,4,10,5,5,2,12,43,2,9,1,1,C03,7,5,1,10,2,15,  ,43,43,1,3,8,C03,24.204356,120.520823,2
2018,12,18,17,55,臺中市,潭子區,0,0,0,8,,,50,,,,,,,,,,,,,,,7,  ,  ,  ,  ,B03,  ,  ,1,  ,2,  ,  ,7,7,1,22,  ,B03,24.203467,120.704107,3
2018,12,18,17,58,臺中市,潭子區,0,0,,8,3,5,40,14,9,1,5,4,5,7,4,4,10,5,5,1,13,,,,,,B03,,,1,,2,,,23,,1,22,,B03,24.205996,120.715285,3
2018,12,18,17,58,臺中市,潭子區,0,0,,8,,,40,,,,,,,,,,,,,,,,,,,,B12,,,1,,9,,,42,,2,22,,B12,24.207426,120.703234,3
2018,12,18,18,0,臺中市,北屯區,0,1,0,8,3,5,50,3,1,1,5,4,5,7,4,4,10,5,5,2,16,6,2,9,1,1,C03,7,5,1,10,2,11,  ,6,6,1,21,8,C03,24.167586,120.69208,2
2018,12,18,18,8,臺中市,西屯區,0,1,0,8,3,5,50,4,2,1,5,4,5,7,1,1,9,4,4,2,11,43,2,9,1,1,C03,7,5,1,10,2,12,  ,43,43,1,21,8,C03,24.161945,120.654596,2
2018,12,18,18,10,臺中市,沙鹿區,0,0,,8,,,60,,,,,,,,,,,,,,,,,,,,B03,,,1,,2,,,23,,1,5,,B03,24.250129,120.597399,3
2018,12,18,18,10,臺中市,沙鹿區,0,0,0,8,,,50,,,,,,,,,,,,,,,8,  ,  ,  ,  ,B01,  ,  ,1,  ,2,  ,  ,8,8,  ,  ,  ,B01,24.241079,120.560684,3
2018,12,18,18,16,臺中市,北區,0,0,,8,3,5,50,,,,,,,,,,,,,,,,,,,,C03,,,1,,2,,,26,,1,5,,C03,24.148893,120.681691,3
2018,12,18,18,16,臺中市,烏日區,0,1,0,8,3,5,50,4,1,1,5,4,5,7,1,1,10,5,5,2,17,23,2,9,1,1,C03,7,9,1,10,2,12,  ,23,23,1,21,8,C03,24.10676,120.617515,2
2018,12,18,18,19,臺中市,南區,0,1,0,8,3,5,50,4,1,1,5,4,5,7,1,1,10,5,5,2,2,23,3,10,1,1,B03,7,5,1,8,2,8,  ,23,23,1,21,8,B03,24.131585,120.675528,2
2018,12,18,18,19,臺中市,南屯區,0,1,0,8,3,5,50,14,7,1,5,4,5,7,4,4,1,4,4,2,12,7,2,9,1,1,C03,7,7,1,10,2,14,  ,7,7,1,22,8,C03,24.150949,120.644853,2
2018,12,18,18,19,臺中市,西屯區,0,0,,8,,,50,,,,,,,,,,,,,,,,,,,,B03,,,1,,2,,,42,,1,22,,B03,24.17899,120.624623,3
2018,12,18,18,22,臺中市,東區,0,0,0,7,3,5,50,14,7,1,5,4,5,7,1,1,9,4,4,2,13,23,  ,  ,  ,  ,B03,  ,14,1,8,2,1,  ,23,23,1,5,  ,B03,24.147813,120.693685,3
2018,12,18,18,22,臺中市,東區,0,0,,,,,,,,,,,,,,,,,,,,,,,,,B03,,,1,,2,,,6,,1,5,,B03,24.144879,120.706054,3
2018,12,18,18,30,臺中市,北屯區,0,0,,8,,,40,,,,,,,,,,,,,,,,,,,,C03,,,1,,2,,,23,,1,5,,C03,24.175967,120.698981,3
2018,12,18,18,30,臺中市,烏日區,0,0,,8,,,80,,,,,,,,,,,,,,,,,,,,B03,,,1,,2,,,16,,1,21,,B03,24.117446,120.618247,3
2018,12,18,18,30,臺中市,潭子區,0,3,0,8,3,5,40,14,8,1,5,4,5,7,4,4,1,4,4,1,17,1,3,10,4,5,F01,7,4,8,20,2,16,  ,1,1,1,22,9,F01,24.216296,120.696217,2
2018,12,18,18,31,臺中市,西屯區,0,1,0,8,3,5,40,14,8,1,5,4,5,7,4,4,1,5,1,2,17,42,2,9,3,4,C03,7,9,1,10,2,12,  ,42,42,1,22,9,C03,24.206556,120.625043,2
2018,12,18,18,36,臺中市,北屯區,0,0,0,8,,,50,,,,,,,,,,,,,,,6,  ,  ,  ,  ,B03,  ,  ,1,  ,2,  ,  ,6,6,1,22,  ,B03,24.190508,120.686973,3
2018,12,18,18,40,臺中市,北屯區,0,0,0,8,3,5,50,14,7,1,5,4,5,7,4,4,5,5,4,2,13,23,3,10,1,1,B03,7,9,1,8,2,1,  ,23,23,1,21,8,B03,24.17284,120.705828,3
2018,12,18,18,40,臺中市,西屯區,0,0,,8,3,5,80,14,7,1,5,4,5,7,4,4,1,3,5,1,13,,,,,,B03,,,1,,2,,,16,,1,22,,B03,24.169588,120.631954,3
2018,12,18,18,40,臺中市,神岡區,0,0,,8,,,50,,,,,,,,,,,,,,,,,,,,B03,,,1,,2,,,23,,1,21,,B03,24.247602,120.689484,3
2018,12,18,18,43,臺中市,西區,0,0,0,8,3,5,50,4,2,1,5,4,5,7,1,1,5,2,5,2,13,23,3,10,1,1,B03,7,9,1,8,6,1,  ,23,23,1,21,8,B03,24.146781,120.661793,3
2018,12,18,18,48,臺中市,西屯區,0,0,,8,,,50,,,,,,,,,,,,,,,,,,,,B03,,,1,,2,,,16,,1,22,,B03,24.17194,120.644958,3
2018,12,18,18,52,臺中市,神岡區,0,0,,8,,,50,,,,,,,,,,,,,,,,,,,,B03,,,1,,2,,,23,,1,21,,B03,24.247608,120.68952,3
2018,12,18,18,54,臺中市,西屯區,0,1,0,8,3,5,50,3,2,1,5,4,5,7,4,4,8,3,5,1,3,23,3,10,1,1,B03,7,5,1,8,2,8,  ,23,23,1,22,8,B03,24.180335,120.61621,2
2018,12,18,19,0,臺中市,北區,0,0,,8,,,50,,,,,,,,,,,,,,,,,,,,   ,,,7,,11,,,43,,1,  ,,   ,24.1577,120.6874,3
2018,12,18,19,0,臺中市,南屯區,0,0,,8,,,50,,,,,,,,,,,,,,,44,,,,,B03,,,4,,2,,,23,44,1,22,,B03,24.14949,120.61089,3
2018,12,18,19,0,臺中市,大甲區,0,2,0,8,3,5,50,3,1,1,5,4,5,7,4,4,5,5,5,1,13,8,2,9,1,1,C03,7,5,1,10,2,13,  ,8,8,1,20,8,C03,24.344215,120.62244,2
2018,12,18,19,1,臺中市,南屯區,0,2,0,8,3,5,50,4,1,1,5,4,5,7,1,1,10,5,5,2,16,25,2,9,1,1,C03,7,5,1,10,2,11,  ,25,25,1,22,8,C03,24.140322,120.642021,2
2018,12,18,19,5,臺中市,龍井區,0,0,,8,,,70,,,,,,,,,,,,,,,,,,,,B03,,,1,,2,,,16,,1,21,,B03,24.185604,120.587068,3
2018,12,18,19,22,臺中市,東區,0,1,0,8,3,5,50,5,1,1,5,4,5,7,1,1,10,5,5,2,13,16,3,10,1,1,B03,7,9,1,8,4,4,  ,16,16,1,5,8,B03,24.14016,120.696553,2
2018,12,18,19,25,臺中市,北屯區,0,1,0,8,3,5,50,14,9,1,5,4,4,7,4,4,5,4,5,2,29,23,  ,  ,  ,  ,   ,  ,  ,  ,  ,  ,  ,  ,67,23,1,  ,  ,   ,24.186352,120.744133,2
2018,12,18,19,25,臺中市,北屯區,0,0,0,8,,,50,,,,,,,,,,,,,,,23,  ,  ,  ,  ,B03,  ,  ,1,  ,2,  ,  ,23,23,1,5,  ,B03,24.197498,120.770353,3
2018,12,18,19,28,臺中市,沙鹿區,0,1,0,8,3,5,50,14,7,1,5,4,5,7,4,4,9,5,4,2,18,42,2,9,1,1,C03,7,9,1,10,2,14,  ,42,42,1,18,8,C03,24.22612,120.575791,2
2018,12,18,19,30,臺中市,南屯區,0,0,,8,,,50,,,,,,,,,,,,,,,,,,,,B03,,,1,,2,,,16,,1,22,,B03,24.139447,120.599536,3
2018,12,18,19,33,臺中市,沙鹿區,0,0,0,8,,,60,,,,,,,,,,,,,,,26,  ,  ,  ,  ,B03,  ,  ,1,  ,2,  ,  ,26,26,  ,  ,  ,B03,24.238868,120.56946,3
2018,12,18,19,35,臺中市,北區,0,1,0,8,3,5,50,14,9,1,5,4,5,7,4,4,1,3,5,2,13,23,2,9,3,4,C03,7,9,1,10,2,11,  ,23,23,1,5,8,C03,24.165001,120.685348,2
2018,12,18,19,40,臺中市,東區,0,1,0,7,3,5,40,14,8,1,5,4,5,7,4,4,9,4,4,2,16,23,2,1,1,1,C03,7,9,1,10,2,11,  ,23,23,1,5,8,C03,24.1339,120.694955,2
2018,12,18,19,45,臺中市,大里區,0,2,0,8,3,5,50,14,13,1,5,4,5,6,4,4,5,5,5,1,16,26,2,9,1,1,C03,7,11,1,10,2,11,  ,26,26,1,18,8,C03,24.096124,120.703137,2
2018,12,18,19,45,臺中市,太平區,0,0,,8,,,50,,,,,,,,,,,,,,,,,,,,B01,,,1,,2,,,23,,1,21,,B01,24.156307,120.719953,3
2018,12,18,20,2,臺中市,北屯區,0,0,0,8,,,50,,,,,,,,,,,,,,,13,  ,  ,  ,  ,C03,  ,  ,1,  ,2,  ,  ,13,13,1,  ,  ,C03,24.185662,120.664,3
2018,12,18,20,3,臺中市,南屯區,0,1,0,8,3,5,50,3,9,1,5,4,5,7,4,4,5,4,5,2,16,7,3,10,1,1,B03,7,8,1,8,2,1,  ,7,7,1,22,8,B03,24.139605,120.64433,2
2018,12,18,20,8,臺中市,西屯區,0,1,0,8,3,5,50,14,9,1,5,4,5,7,4,4,8,3,4,1,17,19,2,7,1,1,C03,7,1,1,10,2,11,  ,19,19,1,22,8,C03,24.198088,120.642478,2