年,月,日,時,分,縣市,區,死,受傷,2-30,天候,光線,道路類別,速限,道路型態,事故位置,路面鋪裝,路面狀態,路面缺陷,障礙物,視距,號誌種類,號誌動作,分向設施,快車道或一般車道間,快慢車道間,路面邊線,事故類型及型態,主要肇因,受傷程度,主要傷處,保護裝備,行動電話,當事者區分_類別,車輛用途,當事者行動狀態,駕駛資格情形,駕駛執照種類,飲酒情形,車輛撞擊部位最初,車輛撞擊部位其他,肇事因素個別,肇事因素主要,肇事逃逸,職業,旅次目的,車種,GPS座標X,GPS座標Y,事故類別
2018,12,18,20,8,臺中市,大里區,0,0,,8,,,50,,,,,,,,,,,,,,,,,,,,B03,,,1,,2,,,6,,1,12,,B03,24.111225,120.695708,4
2018,12,18,20,13,臺中市,西屯區,0,2,0,8,3,5,60,4,1,1,5,4,5,7,1,1,9,4,4,2,11,43,3,10,1,1,B03,7,5,1,8,2,1,  ,43,43,1,21,8,B03,24.157604,120.641801,2
2018,12,18,20,28,臺中市,潭子區,0,2,0,8,4,5,50,4,1,1,5,4,5,7,3,1,5,5,4,2,15,6,2,7,1,1,C03,7,9,1,10,2,12,  ,6,6,1,21,9,C03,24.197308,120.701306,2
2018,12,18,20,49,臺中市,西屯區,0,1,0,8,3,5,40,14,9,1,5,4,5,7,4,4,10,5,5,2,2,17,3,10,3,4,B03,7,9,1,8,2,5,  ,17,17,2,9,8,B03,24.175403,120.644909,2
2018,12,18,20,51,臺中市,大雅區,0,0,,8,,,50,,,,,,,,,,,,,,,,,,,,C03,,,2,,2,,,6,,1,  ,,C03,24.233257,120.665839,3
2018,12,18,20,54,臺中市,潭子區,0,1,0,8,3,5,50,14,9,1,5,4,1,7,4,4,1,4,5,2,16,7,3,10,1,1,B03,7,8,1,8,2,6,  ,7,7,1,22,8,B03,24.199856,120.71515,2
2018,12,18,21,4,臺中市,大里區,0,0,,8,,,50,,,,,,,,,,,,,,,,,,,,B03,,,1,,2,,,43,,1,21,,B03,24.09409,120.687421,3
2018,12,18,21,30,臺中市,南區,0,1,0,8,3,5,50,3,1,1,5,4,5,7,4,4,10,5,5,2,29,44,2,9,4,5,F01,7,9,8,20,2,16,  ,44,44,1,22,8,F01,24.115303,120.65114,2
2018,12,18,21,30,臺中市,大甲區,0,0,,8,,,60,,,,,,,,,,,,,,,,,,,,B03,,,1,,10,,,44,,1,21,,B03,24.34528,120.617268,3
2018,12,18,21,32,臺中市,南區,0,1,0,8,3,5,50,14,7,1,5,4,5,7,4,4,5,5,4,2,17,26,3,10,1,1,C03,7,11,1,10,2,11,  ,26,26,1,22,8,C03,24.130311,120.683553,2
2018,12,18,21,40,臺中市,外埔區,0,0,,6,,,40,,,,,,,,,,,,,,,,,,,,B03,,,1,,9,,,23,,2,4,,B03,24.341803,120.637136,3
2018,12,18,21,42,臺中市,南屯區,0,1,0,8,3,5,50,4,8,1,5,4,5,7,4,4,5,4,4,2,12,6,3,10,1,1,B03,7,6,1,8,2,6,  ,6,6,1,22,8,B03,24.153699,120.640681,2
2018,12,18,21,43,臺中市,梧棲區,0,0,,,,,,,,,,,,,,,,,,,,,,,,,,,,,,,,,,,,,,,,,3
2018,12,18,21,59,臺中市,大里區,0,2,0,8,3,5,40,3,2,1,5,4,5,7,4,4,5,5,5,1,16,6,2,9,1,1,C03,7,5,1,10,2,14,  ,6,6,1,20,8,C03,24.114742,120.686146,2
2018,12,18,22,10,臺中市,龍井區,0,1,0,8,3,5,40,4,1,1,5,4,5,7,4,4,10,5,5,2,17,42,2,9,1,4,C03,7,9,1,10,2,11,  ,42,42,1,22,8,C03,24.188064,120.59266,2
2018,12,18,22,19,臺中市,北屯區,0,2,0,8,3,5,50,4,1,1,5,4,5,7,1,1,10,5,5,2,16,6,2,9,1,1,C03,7,5,1,10,2,11,  ,6,6,1,22,8,C03,24.171013,120.683414,2
2018,12,18,22,24,臺中市,太平區,0,1,0,8,3,5,50,3,2,1,5,4,5,7,3,1,5,5,5,1,17,23,2,8,1,1,C03,7,9,2,18,2,11,  ,23,23,1,16,2,C03,24.138788,120.73231,2
2018,12,18,22,30,臺中市,太平區,0,1,0,8,3,5,50,14,13,1,5,4,5,7,4,4,5,4,5,1,13,43,2,9,1,1,C03,7,9,1,10,2,11,  ,43,43,1,21,8,C03,24.138771,120.71507,2
2018,12,18,22,34,臺中市,西屯區,0,1,0,8,3,5,50,14,7,1,5,4,5,7,4,4,5,5,4,2,18,42,2,9,3,4,C03,7,9,1,10,2,14,  ,42,42,1,22,9,C03,24.180926,120.637878,2
2018,12,18,22,34,臺中市,烏日區,0,1,0,8,3,5,50,14,7,1,5,4,5,7,4,4,1,4,1,2,13,16,3,10,1,1,B03,7,9,1,8,2,1,  ,16,16,1,21,8,B03,24.115165,120.618815,2
2018,12,18,22,50,臺中市,南區,0,0,0,8,3,5,50,14,7,1,5,4,5,7,1,1,5,4,4,2,13,23,3,10,1,1,B03,7,15,1,8,2,1,  ,23,23,1,22,8,B03,24.125416,120.657991,3
2018,12,18,23,30,臺中市,潭子區,0,0,,8,,,50,,,,,,,,,,,,,,,,,,,,B03,,,1,,2,,,42,,1,22,,B03,24.201148,120.703858,3
2018,12,18,23,34,臺中市,西屯區,0,1,0,8,3,5,40,4,2,1,5,4,5,7,4,4,10,5,5,2,16,42,2,9,1,1,C03,7,9,1,10,2,14,  ,42,42,1,22,8,C03,24.170116,120.650216,2
2018,12,18,23,48,臺中市,南區,0,1,0,8,3,5,50,4,1,1,5,4,5,7,4,4,10,5,5,2,15,6,2,9,1,1,C03,7,9,1,10,2,11,  ,6,6,1,22,8,C03,24.12564,120.676063,2
2018,12,19,0,9,臺中市,后里區,0,0,,8,,,50,,,,,,,,,,,,,,,,,,,,B03,,,1,,2,,,23,,1,21,,B03,24.30977,120.715948,3
2018,12,19,0,36,臺中市,大里區,0,1,0,8,3,5,60,14,8,1,5,4,5,7,4,4,1,4,4,1,17,7,2,9,1,1,C03,7,8,1,10,2,15,  ,7,7,1,21,8,C03,24.101313,120.68898,2
2018,12,19,1,0,臺中市,大雅區,0,0,,8,,,50,,,,,,,,,,,,,,,,,,,,B03,,,1,,2,,,7,,1,22,,B03,24.2202,120.6477,3
2018,12,19,1,25,臺中市,西屯區,0,0,,8,,,50,,,,,,,,,,,,,,,,,,,,C03,,,1,,2,,,8,,2,22,,C03,24.17139,120.636841,3
2018,12,19,2,2,臺中市,南區,0,2,0,8,3,5,50,4,1,1,5,4,5,7,1,1,10,5,5,2,15,25,3,10,1,1,B03,7,9,1,8,2,1,  ,44,25,1,22,8,B03,24.130291,120.662023,2
2018,12,19,3,20,臺中市,大甲區,0,1,0,8,3,5,50,3,1,1,5,4,5,7,4,4,10,5,5,2,16,19,2,8,1,1,B12,7,1,3,18,2,8,  ,19,19,1,4,8,B12,24.335131,120.599347,2
2018,12,19,3,42,臺中市,北屯區,0,1,0,8,3,5,50,4,1,1,5,4,5,7,1,1,10,5,5,2,15,25,3,10,1,1,B03,7,9,1,10,2,5,  ,25,25,1,21,8,B03,24.1707,120.6875,2
2018,12,19,4,58,臺中市,西區,0,1,0,8,3,5,50,14,7,1,5,4,5,7,2,1,3,4,4,2,13,21,2,9,1,1,C03,7,9,1,10,7,11,  ,21,21,1,5,8,C03,24.141256,120.666811,2
2018,12,19,6,40,臺中市,西屯區,0,1,0,8,1,5,40,3,2,1,5,4,5,7,4,4,5,5,4,2,16,9,3,10,1,1,B03,7,6,1,8,2,2,  ,9,9,1,22,8,B03,24.198995,120.653416,2
2018,12,19,6,55,臺中市,神岡區,0,0,0,8,1,5,40,3,1,1,5,4,5,7,4,4,10,5,5,1,16,5,3,10,1,1,C03,7,9,3,18,2,11,  ,44,5,1,21,8,C03,24.271411,120.682099,4
2018,12,19,7,5,臺中市,沙鹿區,0,1,0,8,2,5,50,3,1,1,5,4,5,7,4,4,10,5,5,2,16,6,3,10,1,1,B12,7,6,1,6,2,4,  ,6,6,1,5,8,B12,24.243273,120.613513,2
2018,12,19,7,6,臺中市,西屯區,0,1,0,8,1,5,40,3,1,1,5,4,5,7,1,1,10,5,5,2,29,67,  ,  ,  ,  ,   ,  ,  ,  ,  ,  ,  ,  ,67,67,1,  ,  ,   ,24.182374,120.616404,2
2018,12,19,7,15,臺中市,新社區,0,0,0,8,,,50,,,,,,,,,,,,,,,6,  ,  ,  ,  ,B03,  ,  ,1,  ,2,  ,  ,6,6,1,  ,  ,B03,24.219344,120.804933,3
2018,12,19,7,17,臺中市,北屯區,0,2,0,8,1,5,50,3,1,1,5,4,5,7,1,1,10,5,5,2,16,26,2,9,1,1,C03,7,5,1,10,2,14,  ,26,26,1,4,8,C03,24.170151,120.708105,2
2018,12,19,7,20,臺中市,沙鹿區,0,1,0,8,1,5,40,3,1,1,5,4,5,7,1,1,10,5,5,2,16,43,2,9,1,1,C03,7,15,3,18,2,14,  ,43,43,1,19,5,C03,24.220368,120.569382,2
2018,12,19,7,20,臺中市,大甲區,0,0,0,8,1,5,40,14,9,1,5,4,5,7,4,4,10,5,5,1,12,18,3,10,1,1,B03,7,3,1,8,2,2,  ,18,18,1,2,3,B03,24.344097,120.621863,3
2018,12,19,7,22,臺中市,北屯區,0,2,0,8,1,5,50,14,7,1,5,4,5,7,4,4,5,5,4,2,17,40,3,10,1,1,B03,7,13,1,8,11,4,  ,40,40,1,5,8,B03,24.190118,120.665585,2
2018,12,19,7,23,臺中市,沙鹿區,0,0,,8,,,40,,,,,,,,,,,,,,,,,,,,B03,,,1,,2,,,9,,  ,4,,B03,24.201318,120.56987,3
2018,12,19,7,26,臺中市,清水區,0,0,,8,,,40,,,,,,,,,,,,,,,,,,,,C03,,,1,,2,,,23,,1,21,,C03,24.306241,120.59678,3
2018,12,19,7,30,臺中市,東區,0,0,0,8,1,5,50,14,9,1,5,4,5,7,4,4,5,5,5,2,16,23,3,10,1,1,C03,7,5,4,11,2,11,  ,23,23,1,21,8,C03,24.122164,120.685248,3
2018,12,19,7,30,臺中市,大甲區,0,1,0,8,1,5,50,3,1,1,5,4,5,7,4,4,10,5,5,2,16,6,3,10,1,1,B03,7,5,1,8,2,4,  ,6,6,1,9,8,B03,24.351437,120.614399,2
2018,12,19,7,32,臺中市,清水區,0,0,,8,,,70,,,,,,,,,,,,,,,,,,,,B03,,,1,,2,,,23,,1,  ,,B03,24.30618,120.596769,3
2018,12,19,7,34,臺中市,大里區,0,0,,8,,,40,,,,,,,,,,,,,,,,,,,,B03,,,1,,2,,,42,,1,3,,B03,24.102124,120.691263,3
2018,12,19,7,37,臺中市,大甲區,0,1,0,8,1,5,50,14,9,1,5,4,5,7,4,4,5,4,5,1,13,42,2,9,1,1,C03,7,9,1,10,2,14,  ,42,42,1,3,8,C03,24.36149,120.638151,2
2018,12,19,7,40,臺中市,清水區,0,0,0,8,,,40,,,,,,,,,,,,,,,23,  ,  ,  ,  ,B03,  ,  ,1,  ,2,  ,  ,23,23,1,9,  ,B03,24.290513,120.541585,3
2018,12,19,7,40,臺中市,清水區,0,1,0,8,1,5,70,4,1,1,5,4,5,7,1,1,1,4,1,1,12,7,3,10,1,1,B03,7,8,1,8,2,2,  ,7,7,1,3,1,B03,24.30064,120.57777,2
2018,12,19,7,40,臺中市,大甲區,0,2,0,8,1,5,70,8,12,1,5,4,5,7,4,4,1,4,4,1,13,16,2,9,1,1,C03,7,9,1,10,2,11,  ,16,16,1,9,8,C03,24.316273,120.605028,2
2018,12,19,7,43,臺中市,北屯區,0,1,0,8,1,5,50,8,7,1,5,4,5,7,4,4,5,4,5,2,18,23,2,8,1,1,C03,7,9,1,10,2,12,  ,23,23,1,21,5,C03,24.160531,120.733459,2
2018,12,19,7,45,臺中市,東區,0,0,,8,,,50,,,,,,,,,,,,,,,,,,,,B03,,,1,,2,,,23,,1,22,,B03,24.12515,120.70041,3
2018,12,19,7,45,臺中市,沙鹿區,0,0,,8,,,50,,,,,,,,,,,,,,,,,,,,B12,,,1,,2,,,12,,1,9,,B12,24.205621,120.563098,3
2018,12,19,7,46,臺中市,北屯區,0,2,0,8,1,5,50,4,1,1,5,4,5,7,4,4,10,5,5,2,15,6,2,9,3,4,C03,7,9,1,10,2,11,  ,6,6,1,21,8,C03,24.190885,120.679988,2
2018,12,19,7,47,臺中市,沙鹿區,0,0,,8,,,60,,,,,,,,,,,,,,,,,,,,B03,,,1,,2,,,23,,1,  ,,B03,24.203637,120.567175,3
2018,12,19,7,48,臺中市,西屯區,0,0,,8,,,50,,,,,,,,,,,,,,,,,,,,A06,,,1,,2,,,12,,1,22,,A06,24.19132,120.61311,3
2018,12,19,7,50,臺中市,大里區,0,0,,8,,,50,,,,,,,,,,,,,,,,,,,,B03,,,1,,2,,,26,,1,20,,B03,24.109216,120.68067,3
2018,12,19,7,50,臺中市,后里區,0,2,0,8,1,5,60,14,7,1,5,4,5,7,1,1,1,4,4,1,16,23,2,9,3,4,C03,7,9,1,10,2,11,  ,23,23,1,21,8,C03,24.284145,120.722736,2
2018,12,19,7,51,臺中市,梧棲區,0,1,0,8,1,5,70,4,1,1,5,4,5,7,1,1,10,5,5,2,16,6,3,10,1,1,B03,7,5,1,8,2,2,  ,6,6,1,12,1,B03,24.232487,120.546719,2
2018,12,19,7,55,臺中市,烏日區,0,0,,8,,,50,,,,,,,,,,,,,,,,,,,,B03,,,1,,2,,,43,,1,  ,,B03,24.113648,120.589644,3
2018,12,19,7,58,臺中市,西區,0,0,0,8,,,50,,,,,,,,,,,,,,,,3,  ,  ,  ,B03,  ,  ,1,  ,2,  ,  ,6,  ,  ,21,  ,B03,24.139278,120.658818,3
2018,12,19,7,59,臺中市,西屯區,0,0,,8,,,50,,,,,,,,,,,,,,,,,,,,B03,,,1,,2,,,6,,1,21,,B03,24.201213,120.659783,3
2018,12,19,8,3,臺中市,西屯區,0,0,,8,,,40,,,,,,,,,,,,,,,,,,,,C03,,,1,,2,,,17,,1,  ,,C03,24.180851,120.619505,3
2018,12,19,8,5,臺中市,潭子區,0,1,0,8,1,5,50,4,1,1,5,4,5,7,2,1,1,4,4,1,12,6,3,10,1,1,B03,7,6,1,8,2,2,  ,6,6,1,22,9,B03,24.215055,120.690063,2
2018,12,19,8,6,臺中市,南區,0,0,0,8,,,50,,,,,,,,,,,,,,,,3,  ,  ,  ,A12,  ,  ,1,  ,2,  ,  ,23,  ,1,21,  ,A12,24.120061,120.650964,3
2018,12,19,8,6,臺中市,烏日區,0,1,0,8,1,5,40,3,2,1,5,4,5,7,1,1,1,4,4,2,16,23,3,10,1,1,C03,7,6,1,10,2,11,  ,23,23,1,18,8,C03,24.106093,120.622896,2
2018,12,19,8,8,臺中市,北區,0,1,0,8,1,5,50,3,1,1,5,4,5,7,1,1,10,5,5,2,18,23,2,9,1,1,C03,7,9,1,10,2,12,  ,23,23,1,5,8,C03,24.14331,120.673756,2
2018,12,19,8,18,臺中市,西屯區,0,1,0,8,1,5,50,14,7,1,5,4,5,7,1,1,5,4,4,2,12,17,3,10,1,1,B03,7,9,1,8,2,2,  ,17,17,1,22,8,B03,24.172203,120.645191,2
2018,12,19,8,19,臺中市,中區,0,1,0,8,1,5,50,3,1,1,5,4,5,7,4,4,5,4,5,2,15,26,3,10,1,1,C03,7,9,6,18,2,14,  ,26,26,1,21,8,C03,24.145019,120.681305,2
2018,12,19,8,19,臺中市,北區,0,2,0,8,1,5,50,4,1,1,5,4,5,7,4,4,10,5,5,2,15,6,2,9,1,1,C03,7,9,1,10,2,11,  ,6,6,1,21,8,C03,24.160318,120.686139,2
2018,12,19,8,19,臺中市,大里區,0,0,,8,,,40,,,,,,,,,,,,,,,,,,,,B12,,,1,,2,,,16,,1,21,,B12,24.09281,120.686195,3
2018,12,19,8,19,臺中市,沙鹿區,0,0,,8,,,60,,,,,,,,,,,,,,,,,,,,B03,,,1,,2,,,16,,  ,4,,B03,24.237094,120.569623,4
2018,12,19,8,23,臺中市,石岡區,0,0,0,8,,,50,,,,,,,,,,,,,,,6,  ,  ,  ,  ,B03,  ,  ,1,  ,2,  ,  ,6,6,1,  ,  ,B03,24.273789,120.799756,3
2018,12,19,8,25,臺中市,西區,0,1,0,8,1,5,50,4,1,1,5,4,5,7,3,1,10,5,5,2,15,6,2,9,1,1,C03,7,9,1,10,2,14,  ,6,6,1,22,9,C03,24.14904,120.666577,2
2018,12,19,8,28,臺中市,潭子區,0,0,,8,1,5,60,14,7,1,5,4,5,7,4,4,3,3,4,1,12,,,,,,C03,,,1,,2,,,16,,1,22,,C03,24.19541,120.702567,3
2018,12,19,8,30,臺中市,北屯區,0,1,0,8,1,5,50,14,7,1,5,4,5,7,4,4,1,4,4,2,13,16,3,10,1,1,C03,7,9,1,10,2,11,  ,16,16,1,5,8,C03,24.182483,120.690205,2
2018,12,19,8,50,臺中市,南屯區,0,1,0,8,1,5,50,14,9,1,5,4,5,7,4,4,5,5,5,2,17,26,3,10,1,1,C03,7,1,1,10,2,11,  ,26,26,1,21,8,C03,24.153812,120.648658,2
2018,12,19,8,50,臺中市,西屯區,0,0,,8,,,60,,,,,,,,,,,,,,,,,,,,B03,,,1,,2,,,23,,1,22,,B03,24.157474,120.64165,3
2018,12,19,8,57,臺中市,梧棲區,0,0,,8,,,50,,,,,,,,,,,,,,,,,,,,B03,,,1,,2,,,16,,1,  ,,B03,24.223252,120.524999,4
2018,12,19,9,4,臺中市,北區,0,0,,8,,,50,,,,,,,,,,,,,,,,,,,,B03,,,1,,2,,,23,,1,5,,B03,24.161476,120.690751,3
2018,12,19,9,5,臺中市,北屯區,0,0,,8,,,50,,,,,,,,,,,,,,,,,,,,B03,,,1,,2,,,16,,1,4,,B03,24.164798,120.706821,3
2018,12,19,9,10,臺中市,西屯區,0,1,0,8,1,5,50,3,1,1,5,4,5,7,4,4,3,4,4,2,12,8,3,10,1,1,B03,7,5,1,8,2,4,  ,8,8,1,21,8,B03,24.159694,120.641426,2
2018,12,19,9,11,臺中市,龍井區,0,3,0,8,1,5,40,4,1,1,5,4,5,7,1,1,10,5,5,2,15,43,2,9,1,1,C03,7,9,1,10,2,11,  ,43,43,1,21,8,C03,24.210626,120.540163,2
2018,12,19,9,16,臺中市,清水區,0,1,0,8,1,5,50,5,1,1,5,4,5,7,2,1,9,4,5,1,3,15,3,10,1,1,B03,7,6,1,8,2,1,  ,15,15,1,21,8,B03,24.269291,120.575543,2
2018,12,19,9,25,臺中市,西屯區,0,2,0,8,1,8,50,4,1,1,5,4,5,7,2,1,10,5,5,2,16,8,2,9,1,1,C03,7,5,1,10,2,14,  ,8,8,1,21,8,C03,24.165842,120.639668,2
2018,12,19,9,30,臺中市,龍井區,0,0,,,,,,,,,,,,,,,,,,,,,,,,,,,,,,,,,,,,,,,,,3
2018,12,19,9,32,臺中市,北區,0,1,0,8,1,5,50,14,7,1,5,4,5,7,4,4,5,5,4,2,16,19,3,10,1,1,C03,7,1,4,8,2,14,  ,19,19,1,21,8,C03,24.16986,120.678836,2
2018,12,19,9,35,臺中市,西區,0,1,0,8,1,5,50,4,1,1,5,4,5,7,1,1,10,5,5,2,16,6,3,10,1,1,B03,7,5,1,8,2,6,  ,6,6,1,21,8,B03,24.134921,120.673858,2
2018,12,19,9,40,臺中市,南屯區,0,0,,8,,,50,,,,,,,,,,,,,,,,,,,,C03,,,1,,2,,,23,,1,22,,C03,24.138505,120.609307,3
2018,12,19,9,48,臺中市,北屯區,0,1,0,8,1,5,40,4,1,1,5,4,5,7,4,4,10,5,5,2,15,6,2,9,1,1,C03,7,9,1,10,2,11,  ,6,6,1,19,8,C03,24.19172,120.662153,2
2018,12,19,9,51,臺中市,北屯區,0,1,0,8,1,5,50,4,7,1,5,4,5,7,1,1,5,4,5,2,16,6,3,10,1,1,B03,7,5,1,8,2,6,  ,6,6,1,21,5,B03,24.160723,120.699275,2
2018,12,19,9,58,臺中市,南屯區,0,0,,8,,,50,,,,,,,,,,,,,,,,,,,,A11,,,1,,2,,,43,,1,22,,A11,24.155144,120.610022,3
2018,12,19,9,58,臺中市,東勢區,0,1,0,8,1,5,50,4,1,1,5,4,5,7,1,1,10,5,5,2,16,6,3,10,1,1,B03,7,5,1,8,2,1,  ,6,6,1,21,8,B03,24.273566,120.799363,2
2018,12,19,10,3,臺中市,大里區,0,0,,8,,,50,,,,,,,,,,,,,,,,,,,,B03,,,1,,2,,,12,,1,3,,B03,24.105831,120.680695,3
2018,12,19,10,5,臺中市,西區,0,2,0,8,1,5,50,4,2,1,5,4,5,7,4,4,5,5,5,2,9,23,2,9,1,1,C03,7,9,1,10,2,14,  ,23,23,1,22,9,C03,24.146691,120.659447,2
2018,12,19,10,5,臺中市,太平區,0,0,,8,,,40,,,,,,,,,,,,,,,,,,,,B03,,,1,,2,,,23,,1,4,,B03,24.148333,120.724551,3
2018,12,19,10,10,臺中市,太平區,0,0,0,8,,,50,,,,,,,,,,,,,,,7,  ,  ,  ,  ,B03,  ,  ,1,  ,2,  ,  ,7,7,1,19,  ,B03,24.153032,120.711492,3
2018,12,19,10,14,臺中市,西區,0,1,0,8,1,5,50,4,2,1,5,4,5,7,1,1,5,5,4,2,17,23,2,9,1,1,C03,7,9,1,10,2,12,  ,23,23,1,21,8,C03,24.13511,120.661674,2
2018,12,19,10,15,臺中市,北屯區,0,0,0,8,1,5,,4,1,1,5,4,5,7,4,4,10,5,5,1,17,23,3,10,3,4,B03,7,5,1,7,6,1,  ,23,23,1,21,8,B03,24.19149,120.662058,3
2018,12,19,10,15,臺中市,大甲區,0,0,,8,,,50,,,,,,,,,,,,,,,,,,,,B03,,,1,,2,,,12,,1,21,,B03,24.349123,120.617978,3
2018,12,19,10,29,臺中市,大雅區,0,1,0,8,1,5,40,5,1,1,5,4,5,7,4,4,10,5,5,2,17,6,3,10,1,1,A12,7,5,1,7,2,1,  ,6,6,1,21,8,A12,24.231218,120.646805,2
2018,12,19,10,30,臺中市,南區,0,1,0,8,1,5,50,14,9,1,5,4,5,7,4,4,9,5,5,2,16,10,3,10,1,1,B03,7,11,1,8,2,5,  ,10,10,1,4,8,B03,24.11768,120.664145,2
2018,12,19,10,30,臺中市,大雅區,0,1,0,8,1,8,40,3,1,1,5,4,5,7,4,4,5,5,5,1,16,6,3,10,1,1,C03,7,5,1,10,2,11,  ,6,6,1,22,9,C03,24.22759,120.643655,2
2018,12,19,10,44,臺中市,北區,0,0,0,8,,,50,,,,,,,,,,,,,,,43,  ,  ,  ,  ,   ,  ,  ,7,  ,11,  ,  ,43,43,1,  ,  ,   ,24.159181,120.680704,3
2018,12,19,10,48,臺中市,北屯區,0,1,0,8,1,5,50,4,18,1,5,4,5,7,1,1,10,5,5,2,3,15,3,10,3,4,B03,7,5,1,8,2,8,  ,15,15,1,21,8,B03,24.173953,120.690511,2
2018,12,19,10,49,臺中市,中區,0,1,0,8,1,5,50,14,9,1,5,4,5,7,4,4,5,4,5,2,17,6,2,9,1,1,B03,7,3,1,10,2,6,  ,6,6,1,20,9,B03,24.139545,120.681573,2
2018,12,19,10,55,臺中市,后里區,0,1,0,8,1,5,50,4,1,1,5,4,5,7,4,4,5,5,5,1,15,6,2,9,1,1,C03,7,9,1,10,2,12,  ,6,6,1,21,8,C03,24.30818,120.706261,2
2018,12,19,11,4,臺中市,西屯區,0,0,,8,,,50,,,,,,,,,,,,,,,,,,,,B03,,,1,,2,,,23,,2,22,,B03,24.172401,120.647991,3
2018,12,19,11,26,臺中市,豐原區,0,0,1,8,1,5,50,4,1,1,5,4,5,7,1,1,5,4,5,1,17,2,5,1,1,1,C03,7,21,1,10,2,14,  ,2,2,1,12,8,C03,24.262858,120.72022,2
2018,12,19,11,30,臺中市,大甲區,0,1,0,8,1,5,50,14,9,1,5,4,5,7,4,4,4,5,5,1,17,19,2,8,1,1,C03,7,1,1,10,2,14,  ,19,19,1,20,8,C03,24.334689,120.596152,2
2018,12,19,11,38,臺中市,太平區,0,1,0,8,1,5,50,4,1,1,5,4,5,7,1,1,5,5,4,1,16,19,2,9,1,1,C03,7,1,1,10,2,11,  ,19,19,1,23,1,C03,24.14923,120.72188,2
2018,12,19,11,41,臺中市,西屯區,0,2,0,8,1,5,50,3,2,1,5,4,5,7,1,1,5,4,4,2,16,25,2,9,1,1,C03,7,9,1,10,2,11,  ,25,25,1,21,8,C03,24.162607,120.657246,2
2018,12,19,11,43,臺中市,大雅區,0,0,,8,,,60,,,,,,,,,,,,,,,,,,,,B11,,,1,,2,,,23,,1,21,,B11,24.230699,120.658026,3
2018,12,19,11,49,臺中市,沙鹿區,0,1,0,8,1,5,50,4,1,1,5,4,5,7,4,4,10,5,5,2,15,6,2,8,1,1,C03,7,9,1,10,2,11,  ,6,6,1,5,5,C03,24.242922,120.56381,2
2018,12,19,11,55,臺中市,西屯區,0,0,,8,,,50,,,,,,,,,,,,,,,23,,,,,C03,,,1,,2,,,23,23,1,  ,,C03,24.165278,120.653238,3
2018,12,19,11,56,臺中市,大里區,0,0,,8,,,60,,,,,,,,,,,,,,,,,,,,B12,,,1,,2,,,12,,1,  ,,B12,24.077601,120.687219,3
2018,12,19,11,57,臺中市,清水區,0,0,,8,,,70,,,,,,,,,,,,,,,,,,,,B12,,,1,,2,,,23,,1,10,,B12,24.278888,120.563678,3
2018,12,19,11,57,臺中市,大甲區,0,0,0,8,1,4,70,14,9,1,5,4,5,7,4,4,5,5,5,2,13,23,3,10,1,1,B03,7,9,1,8,2,1,  ,23,23,1,22,8,B03,24.365601,120.648478,3
2018,12,19,12,4,臺中市,西區,0,1,0,8,1,5,50,4,1,1,5,4,5,7,1,1,10,5,5,2,16,26,3,10,1,1,B12,7,6,1,8,2,5,  ,26,26,1,21,8,B12,24.133553,120.675448,2
2018,12,19,12,9,臺中市,北區,0,0,,8,,,50,,,,,,,,,,,,,,,,,,,,B03,,,1,,2,,,19,,  ,22,,B03,24.169281,120.668291,3
2018,12,19,12,20,臺中市,潭子區,0,1,0,8,1,5,50,4,1,1,5,4,5,7,1,1,1,4,4,1,11,4,2,9,1,1,C03,7,6,1,10,2,11,  ,4,4,1,22,9,C03,24.194421,120.702394,2
2018,12,19,12,28,臺中市,北區,0,1,0,8,1,5,50,14,9,1,5,4,5,7,4,4,5,5,5,2,13,23,2,9,1,1,C03,7,9,1,10,2,11,  ,23,23,1,5,8,C03,24.172424,120.674687,2
2018,12,19,12,30,臺中市,潭子區,0,0,,8,,,50,,,,,,,,,,,,,,,,,,,,A41,,,1,,1,,,8,,1,21,,A41,24.204635,120.716388,3
2018,12,19,12,43,臺中市,西區,0,1,0,8,1,5,50,4,1,1,5,4,5,7,1,1,10,5,5,2,16,9,3,10,1,1,B03,7,6,1,8,2,5,  ,9,9,1,21,8,B03,24.14673,120.657384,2
2018,12,19,12,44,臺中市,沙鹿區,0,0,,,,,,,,,,,,,,,,,,,,,,,,,B03,,,1,,2,,,6,,  ,19,,B03,24.236548,120.56423,3
2018,12,19,12,49,臺中市,西區,0,2,0,8,1,5,50,4,1,1,5,4,5,7,1,1,10,5,5,2,17,6,2,9,1,1,C03,7,5,4,11,2,14,  ,6,6,1,22,9,C03,24.147744,120.655098,2
2018,12,19,12,54,臺中市,西區,0,1,0,8,1,5,50,4,1,1,5,4,5,7,4,4,10,5,5,2,15,6,3,10,1,1,B03,7,9,1,8,2,5,  ,6,6,1,21,8,B03,24.141181,120.669839,2
2018,12,19,12,54,臺中市,北屯區,0,1,0,8,1,5,50,3,1,1,5,4,5,7,3,1,10,5,5,2,16,10,3,10,1,1,B03,7,11,1,8,2,8,  ,10,10,1,5,8,B03,24.1989,120.778015,2