年,月,日,時,分,縣市,區,死,受傷,2-30,天候,光線,道路類別,速限,道路型態,事故位置,路面鋪裝,路面狀態,路面缺陷,障礙物,視距,號誌種類,號誌動作,分向設施,快車道或一般車道間,快慢車道間,路面邊線,事故類型及型態,主要肇因,受傷程度,主要傷處,保護裝備,行動電話,當事者區分_類別,車輛用途,當事者行動狀態,駕駛資格情形,駕駛執照種類,飲酒情形,車輛撞擊部位最初,車輛撞擊部位其他,肇事因素個別,肇事因素主要,肇事逃逸,職業,旅次目的,車種,GPS座標X,GPS座標Y,事故類別
2018,12,19,12,54,臺中市,北屯區,0,0,0,8,,,40,,,,,,,,,,,,,,,43,  ,  ,  ,  ,B03,  ,  ,1,  ,2,  ,  ,43,43,1,19,  ,B03,24.169351,120.759853,3
2018,12,19,13,6,臺中市,南屯區,0,1,0,8,1,5,50,3,1,1,5,4,5,7,1,1,10,5,5,2,16,9,3,10,1,1,B03,7,6,1,8,2,5,  ,9,9,1,22,8,B03,24.12598,120.646428,2
2018,12,19,13,7,臺中市,西區,0,2,0,8,1,5,50,4,1,1,5,4,5,7,1,1,10,5,5,2,16,42,2,8,1,1,C03,7,5,1,10,2,14,  ,42,42,1,21,8,C03,24.14143,120.657525,2
2018,12,19,13,7,臺中市,東區,0,2,0,8,1,5,50,4,7,1,5,4,5,7,1,1,5,5,4,2,16,8,2,9,1,1,C03,7,5,1,10,2,14,  ,8,8,1,21,8,C03,24.14793,120.699372,2
2018,12,19,13,7,臺中市,北屯區,0,0,0,8,,,50,,,,,,,,,,,,,,,23,  ,  ,  ,  ,B03,  ,  ,1,  ,2,  ,  ,23,23,1,20,  ,B03,24.160373,120.699995,3
2018,12,19,13,10,臺中市,南區,0,1,0,8,1,5,40,14,8,1,5,4,5,7,4,4,1,4,4,2,13,22,2,9,1,1,C04,7,9,1,10,2,11,  ,22,22,1,21,8,C04,24.131154,120.656866,2
2018,12,19,13,14,臺中市,新社區,0,1,0,8,1,5,50,4,2,1,5,4,5,7,3,1,9,3,5,1,14,12,3,10,1,1,B03,7,2,1,8,2,4,  ,12,12,1,22,9,B03,24.20677,120.801966,2
2018,12,19,13,18,臺中市,西屯區,0,1,0,8,1,8,1,15,20,1,5,4,5,7,4,4,10,5,5,2,16,7,3,10,1,1,C03,7,7,1,10,2,13,  ,7,7,1,22,8,C03,24.182115,120.594853,2
2018,12,19,13,18,臺中市,大里區,0,0,,8,,,50,,,,,,,,,,,,,,,,,,,,A12,,,1,,2,,,23,,1,  ,,A12,24.087679,120.673525,3
2018,12,19,13,18,臺中市,沙鹿區,0,0,,8,,,50,,,,,,,,,,,,,,,,,,,,B03,,,1,,2,,,6,,1,4,,B03,24.23567,120.565332,3
2018,12,19,13,19,臺中市,西區,0,2,0,8,1,5,50,14,9,1,5,4,5,7,4,4,5,4,5,2,13,23,2,9,1,1,C04,7,9,3,18,2,11,  ,23,23,1,21,8,C04,24.136975,120.673985,2
2018,12,19,13,30,臺中市,西區,0,0,,8,,,40,,,,,,,,,,,,,,,,,,,,B03,,,1,,2,,,19,,1,21,,B03,24.152875,120.664617,3
2018,12,19,13,30,臺中市,南區,0,0,,8,,,50,,,,,,,,,,,,,,,,,,,,B03,,,1,,2,,,42,,1,4,,B03,24.114183,120.656168,3
2018,12,19,13,36,臺中市,大里區,0,0,,8,,,40,,,,,,,,,,,,,,,,,,,,B12,,,1,,2,,,7,,1,3,,B12,24.092739,120.690002,3
2018,12,19,13,42,臺中市,東區,0,0,,8,,,40,,,,,,,,,,,,,,,,,,,,B03,,,1,,2,,,23,,1,22,,B03,24.144418,120.706404,3
2018,12,19,13,45,臺中市,北屯區,0,1,0,8,1,5,50,4,1,1,5,4,5,7,2,1,10,5,5,2,16,6,3,10,3,4,B03,7,6,1,8,2,2,  ,6,6,1,21,8,B03,24.174443,120.709706,2
2018,12,19,13,56,臺中市,沙鹿區,0,1,0,8,1,5,50,3,2,1,5,4,5,7,1,1,1,4,4,2,14,12,3,10,1,1,B03,7,2,1,8,2,6,  ,12,12,1,5,5,B03,24.220951,120.555899,2
2018,12,19,14,0,臺中市,東區,0,0,0,8,,,50,,,,,,,,,,,,,,,26,3,  ,  ,  ,B02,  ,  ,1,  ,2,  ,  ,26,26,1,5,  ,B02,24.133436,120.692951,3
2018,12,19,14,5,臺中市,北屯區,0,0,,8,,,50,,,,,,,,,,,,,,,,,,,,B03,,,1,,2,,,1,,1,22,,B03,24.164818,120.704613,3
2018,12,19,14,8,臺中市,太平區,,,,8,,,50,,,,,,,,,,,,,,,,,,,,B12,,,1,,2,,,12,,1,9,,B12,24.141013,120.71476,3
2018,12,19,14,20,臺中市,北屯區,0,2,0,8,1,5,50,3,1,1,5,4,5,7,4,4,10,5,5,2,16,6,2,8,1,1,C03,7,5,1,10,2,11,12,6,6,1,5,8,C03,24.181157,120.68914,2
2018,12,19,14,21,臺中市,大雅區,0,1,0,8,1,5,50,4,1,1,5,4,5,7,1,1,1,5,5,1,17,6,3,10,1,1,B03,7,5,1,8,2,6,  ,6,6,1,21,8,B03,24.233811,120.664497,2
2018,12,19,14,31,臺中市,西屯區,0,0,,8,,,50,,,,,,,,,,,,,,,,,,,,C03,,,1,,2,,,6,,1,22,,C03,24.181946,120.646301,3
2018,12,19,14,37,臺中市,西屯區,0,1,0,8,1,5,50,4,1,1,5,4,5,7,1,1,10,5,5,2,16,6,3,10,1,1,B03,7,5,1,8,2,5,  ,6,6,1,21,8,B03,24.164156,120.660595,2
2018,12,19,14,42,臺中市,南區,0,1,0,8,1,5,50,4,1,1,5,4,5,7,1,1,10,5,5,2,18,23,2,8,1,1,C03,7,9,1,3,2,12,  ,23,23,1,4,8,C03,24.123735,120.682531,2
2018,12,19,14,42,臺中市,潭子區,0,0,,8,1,5,50,14,2,1,5,4,4,7,1,1,5,4,4,2,13,,,,,,B03,,,1,,2,,,23,,1,22,,B03,24.207169,120.704637,3
2018,12,19,14,45,臺中市,西屯區,0,1,0,8,1,5,50,3,1,1,5,4,5,7,1,1,10,5,5,2,16,6,3,10,1,1,B12,7,5,1,8,2,2,  ,6,6,1,22,8,B12,24.187825,120.604835,2
2018,12,19,14,52,臺中市,東勢區,0,0,,8,,,40,,,,,,,,,,,,,,,,,,,,B02,,,1,,2,,,12,,1,21,,B02,24.284001,120.754105,3
2018,12,19,14,53,臺中市,南屯區,0,0,0,8,1,5,50,,2,1,5,4,5,7,1,1,1,2,5,2,13,26,3,10,1,1,B03,7,9,1,8,2,1,  ,23,26,1,22,8,B03,24.153604,120.646865,3
2018,12,19,15,0,臺中市,太平區,0,0,,8,1,5,40,14,9,1,5,4,5,7,4,4,10,5,5,2,17,,,,,,B02,,,1,,2,,,42,,1,21,,B02,24.133202,120.719802,3
2018,12,19,15,0,臺中市,豐原區,0,0,,,,,60,,,,,,,,,,,,,,,,,,,,B03,,,1,,2,,,23,,  ,  ,,B03,24.248917,120.703213,3
2018,12,19,15,1,臺中市,西屯區,0,1,0,8,1,5,50,5,1,1,5,4,5,7,2,1,10,5,5,2,17,19,2,9,3,4,C03,7,1,1,10,2,15,  ,19,19,1,22,8,C03,24.166785,120.665343,2
2018,12,19,15,4,臺中市,龍井區,0,1,0,8,1,5,40,3,1,1,5,4,5,3,4,4,10,5,5,2,16,6,3,10,1,1,B12,7,6,1,8,2,8,  ,6,6,1,21,8,B12,24.1,120.6,2
2018,12,19,15,6,臺中市,西屯區,0,0,,8,,,40,,,,,,,,,,,,,,,,,,,,B03,,,1,,2,,,42,,1,22,,B03,24.162808,120.650081,3
2018,12,19,15,10,臺中市,西屯區,0,0,,8,,,40,,,,,,,,,,,,,,,,,,,,B12,,,1,,2,,,23,,1,22,,B12,24.179847,120.637357,3
2018,12,19,15,10,臺中市,西屯區,0,3,0,8,1,5,50,3,2,1,5,4,5,7,4,4,8,3,4,1,16,26,2,9,1,1,C03,7,5,1,10,2,11,  ,26,26,1,22,8,C03,24.186428,120.646063,2
2018,12,19,15,12,臺中市,西區,0,1,0,8,1,5,50,3,2,1,5,4,5,7,4,4,5,4,5,2,17,40,3,10,1,1,B03,7,13,1,3,2,4,  ,40,40,1,21,8,B03,24.146411,120.661668,2
2018,12,19,15,15,臺中市,霧峰區,0,0,,8,,,40,,,,,,,,,,,,,,,,,,,,C03,,,1,,2,,,16,,1,22,,C03,24.066141,120.700363,3
2018,12,19,15,15,臺中市,大肚區,0,0,,8,,,50,,,,,,,,,,,,,,,,,,,,B03,,,1,,2,,,25,,1,20,,B03,24.156914,120.531754,3
2018,12,19,15,17,臺中市,烏日區,0,0,,8,,,50,,,,,,,,,,,,,,,,,,,,B03,,,1,,2,,,16,,1,21,,B03,24.05833,120.65855,3
2018,12,19,15,18,臺中市,神岡區,0,1,0,8,1,5,50,5,1,1,5,4,5,7,1,1,4,3,5,1,2,51,2,3,4,1,H01,8,20,8,20,2,16,  ,51,51,1,20,8,H01,24.232802,120.694623,2
2018,12,19,15,23,臺中市,西屯區,0,1,0,8,1,5,50,4,2,1,5,4,5,7,1,1,5,5,5,2,16,6,3,10,3,4,C03,7,5,1,10,2,14,  ,6,6,1,22,9,C03,24.172377,120.647961,2
2018,12,19,15,25,臺中市,西屯區,0,1,0,8,1,5,50,3,1,1,5,4,5,7,1,1,10,5,5,2,16,9,3,10,3,4,B03,7,6,1,8,2,5,  ,9,9,1,22,9,B03,24.185369,120.642489,2
2018,12,19,15,31,臺中市,西區,0,0,0,8,,,50,,,,,,,,,,,,,,,6,3,  ,  ,  ,C03,  ,  ,1,  ,1,  ,  ,6,6,1,21,  ,C03,24.142033,120.668841,3
2018,12,19,15,32,臺中市,東區,0,1,0,8,1,5,50,4,1,1,5,4,5,7,4,4,5,5,5,2,15,6,2,9,1,1,C03,7,9,6,10,2,11,  ,6,6,1,21,8,C03,24.143327,120.704485,2
2018,12,19,15,33,臺中市,西區,0,1,0,8,1,5,50,4,1,1,5,4,5,7,4,4,10,5,5,2,17,10,3,10,1,1,B01,7,11,1,4,2,8,  ,10,10,1,10,9,B01,24.13797,120.660906,2
2018,12,19,15,34,臺中市,烏日區,0,0,,8,,,50,,,,,,,,,,,,,,,,,,,,B03,,,1,,2,,,7,,1,  ,,B03,24.113401,120.586315,3
2018,12,19,15,40,臺中市,北區,0,0,,8,,,50,,,,,,,,,,,,,,,,,,,,C03,,,1,,2,,,13,,1,  ,,C03,24.165047,120.682927,3
2018,12,19,15,46,臺中市,龍井區,0,2,0,8,1,5,40,4,2,1,5,4,5,7,1,1,1,4,1,2,13,16,2,9,1,1,C03,7,9,1,10,2,11,  ,16,16,1,17,8,C03,24.175916,120.581422,2
2018,12,19,15,50,臺中市,北屯區,0,0,0,8,,,40,,,,,,,,,,,,,,,23,3,  ,  ,  ,A12,  ,  ,1,  ,2,  ,  ,23,23,  ,10,  ,A12,24.157439,120.72349,3
2018,12,19,15,50,臺中市,石岡區,0,2,0,8,1,5,50,3,2,1,5,4,5,7,4,4,9,3,5,1,16,6,2,9,1,1,C03,7,5,1,10,2,12,  ,6,6,1,22,9,C03,24.252505,120.792825,2
2018,12,19,15,58,臺中市,大里區,0,2,0,8,2,5,40,4,1,1,5,4,5,7,3,1,10,5,5,2,16,6,2,8,1,1,C03,7,9,1,10,2,11,  ,6,6,1,20,8,C03,24.085739,120.671658,2
2018,12,19,15,59,臺中市,北屯區,0,1,0,8,1,5,50,5,1,1,5,4,5,7,2,1,10,5,5,2,12,23,3,10,1,1,B12,7,9,1,8,2,2,  ,23,23,1,21,8,B12,24.170435,120.697821,2
2018,12,19,16,0,臺中市,西屯區,0,1,0,8,1,5,50,3,1,1,5,4,5,7,4,4,10,5,5,2,18,42,2,9,3,4,C03,7,9,1,10,2,15,  ,42,42,1,22,8,C03,24.191288,120.613116,2
2018,12,19,16,0,臺中市,神岡區,0,0,,8,,,50,,,,,,,,,,,,,,,,,,,,B03,,,1,,2,,,23,,1,21,,B03,24.260024,120.704902,4
2018,12,19,16,11,臺中市,西屯區,0,0,,8,,,40,,,,,,,,,,,,,,,,,,,,B03,,,1,,2,,,12,,1,22,,B03,24.160995,120.656676,3
2018,12,19,16,16,臺中市,南區,0,1,0,8,1,5,50,14,8,1,5,4,5,7,4,4,5,5,4,2,17,19,3,10,1,1,B03,7,1,1,8,2,8,  ,19,19,1,22,8,B03,24.13072,120.684559,2
2018,12,19,16,35,臺中市,西區,0,1,0,8,1,5,50,4,1,1,5,4,5,7,2,1,10,5,5,2,17,23,2,9,1,1,C03,7,9,1,10,2,11,  ,23,23,1,5,7,C03,24.140098,120.661673,2
2018,12,19,16,37,臺中市,南屯區,0,0,,8,,,50,,,,,,,,,,,,,,,,,,,,B03,,,1,,2,,,12,,1,22,,B03,24.151763,120.616133,3
2018,12,19,16,37,臺中市,大里區,0,0,,8,,,40,,,,,,,,,,,,,,,,,,,,B12,,,1,,2,,,42,,1,9,,B12,24.07669,120.68332,3
2018,12,19,16,38,臺中市,太平區,,,,8,,,50,,,,,,,,,,,,,,,,,,,,C03,,,1,,2,,,23,,1,21,,C03,24.149642,120.710532,3
2018,12,19,16,45,臺中市,大里區,0,0,,8,,,50,,,,,,,,,,,,,,,,,,,,C03,,,1,,2,,,8,,1,22,,C03,24.0916,120.700321,3
2018,12,19,16,50,臺中市,西區,0,2,0,8,1,5,50,4,1,1,5,4,5,7,1,1,10,5,5,2,17,42,2,9,1,1,C03,7,9,1,10,2,11,  ,42,42,1,21,8,C03,24.152136,120.653026,2
2018,12,19,16,50,臺中市,沙鹿區,0,2,0,8,1,5,40,3,1,1,5,4,5,7,1,1,10,5,5,2,13,23,2,9,1,1,C03,7,9,1,10,2,11,  ,23,23,1,18,8,C03,24.232427,120.565548,2
2018,12,19,16,55,臺中市,北屯區,0,0,0,8,,,50,,,,,,,,,,,,,,,23,  ,  ,  ,  ,B03,  ,  ,1,  ,2,  ,  ,23,23,1,5,  ,B03,24.177458,120.672143,3
2018,12,19,16,56,臺中市,北屯區,0,0,,8,,,40,,,,,,,,,,,,,,,,,,,,B12,,,1,,2,,,12,,1,5,,B12,24.169339,120.679283,3
2018,12,19,16,58,臺中市,大甲區,0,0,0,8,,,70,,,,,,,,,,,,,,,18,  ,  ,  ,  ,B03,  ,  ,1,  ,2,  ,  ,18,18,1,22,  ,B03,24.357636,120.625167,3
2018,12,19,17,3,臺中市,北區,0,0,,8,,,50,,,,,,,,,,,,,,,,,,,,C03,,,1,,2,,,6,,1,22,,C03,24.1733,120.6761,3
2018,12,19,17,6,臺中市,大雅區,0,1,0,8,1,5,40,4,9,1,5,4,5,7,4,4,10,5,5,2,17,6,3,10,1,1,B03,7,9,1,8,2,2,  ,6,6,1,22,9,B03,24.21192,120.6551,2
2018,12,19,17,9,臺中市,大里區,0,3,0,8,1,5,50,4,1,1,5,4,5,7,1,1,10,5,5,2,16,6,2,9,1,1,C03,7,5,1,10,2,12,  ,6,6,1,22,8,C03,24.103663,120.674627,2
2018,12,19,17,9,臺中市,清水區,0,1,0,8,2,5,50,14,9,1,5,4,5,7,4,4,5,5,5,1,13,16,2,9,1,1,C03,7,9,1,10,2,11,  ,16,16,1,21,8,C03,24.282549,120.57492,2
2018,12,19,17,10,臺中市,大里區,0,1,0,8,2,5,50,4,1,1,5,4,5,7,2,1,10,5,5,2,12,26,2,7,4,5,F01,7,5,8,20,2,16,  ,26,26,1,15,2,F01,24.110017,120.689975,2
2018,12,19,17,10,臺中市,梧棲區,0,0,,8,,,40,,,,,,,,,,,,,,,,,,,,B03,,,1,,2,,,6,,  ,  ,,B03,24.254186,120.55432,4
2018,12,19,17,14,臺中市,西區,0,0,,8,,,50,,,,,,,,,,,,,,,,,,,,B02,,,1,,2,,,17,,1,21,,B02,24.137944,120.6657,3
2018,12,19,17,23,臺中市,大雅區,0,0,,8,,,50,,,,,,,,,,,,,,,,,,,,B12,,,1,,2,,,12,,1,  ,,B12,24.22006,120.648004,3
2018,12,19,17,25,臺中市,沙鹿區,0,1,0,8,3,5,40,14,9,1,5,4,5,7,4,4,10,5,5,1,14,42,3,10,1,1,B12,7,2,1,8,2,7,  ,42,42,1,10,8,B12,24.255283,120.572595,2
2018,12,19,17,27,臺中市,太平區,0,0,0,8,,,50,,,,,,,,,,,,,,,7,  ,  ,  ,  ,B03,  ,  ,1,  ,2,  ,  ,7,7,1,21,  ,B03,24.134397,120.711102,3
2018,12,19,17,30,臺中市,北屯區,0,0,,8,,,40,,,,,,,,,,,,,,,,,,,,B03,,,1,,2,,,19,,1,19,,B03,24.186316,120.676653,3
2018,12,19,17,30,臺中市,沙鹿區,0,0,0,8,,,60,,,,,,,,,,,,,,,23,  ,  ,  ,  ,B03,  ,  ,1,  ,2,  ,  ,23,23,  ,  ,  ,B03,24.239943,120.563409,3
2018,12,19,17,34,臺中市,太平區,0,1,0,8,3,5,40,4,1,1,5,4,5,7,4,4,5,4,5,2,16,6,3,10,1,1,B03,7,5,1,8,2,1,  ,6,6,1,21,1,B03,24.123822,120.714048,2
2018,12,19,17,35,臺中市,南屯區,0,0,0,8,,,40,,,,,,,,,,,,,,,43,  ,  ,  ,  ,   ,  ,  ,7,  ,11,  ,  ,43,43,1,  ,  ,   ,24.153727,120.641762,3
2018,12,19,17,36,臺中市,沙鹿區,0,0,,8,,,50,,,,,,,,,,,,,,,,,,,,B03,,,1,,2,,,12,,1,22,,B03,24.240592,120.561263,3
2018,12,19,17,37,臺中市,梧棲區,0,0,,8,,,40,,,,,,,,,,,,,,,,,,,,B03,,,1,,2,,,12,,  ,  ,,B03,24.244528,120.551638,4
2018,12,19,17,38,臺中市,南屯區,0,0,,8,,,60,,,,,,,,,,,,,,,,,,,,B03,,,1,,2,,,7,,1,22,,B03,24.145326,120.618806,3
2018,12,19,17,43,臺中市,北屯區,0,1,0,8,3,5,50,4,1,1,5,4,5,6,2,1,4,1,5,2,13,23,2,9,1,1,C03,7,9,1,10,2,11,  ,23,23,1,21,8,C03,24.176093,120.719173,2
2018,12,19,17,45,臺中市,北屯區,0,0,0,8,,,50,,,,,,,,,,,,,,,12,3,  ,  ,  ,B03,  ,  ,1,  ,2,  ,  ,12,12,  ,21,  ,B03,24.167345,120.706976,3
2018,12,19,17,45,臺中市,北屯區,0,1,0,8,3,5,40,3,1,1,5,4,5,7,4,4,10,5,5,2,16,19,3,10,3,4,B03,7,1,1,8,2,8,  ,19,19,1,19,8,B03,24.174503,120.715246,2
2018,12,19,17,45,臺中市,大肚區,0,0,,8,,,50,,,,,,,,,,,,,,,,,,,,B03,,,1,,2,,,23,,1,5,,B03,24.120701,120.57199,3
2018,12,19,17,47,臺中市,南屯區,0,0,,8,,,50,,,,,,,,,,,,,,,,,,,,B03,,,1,,2,,,16,,1,4,,B03,24.133358,120.646867,4
2018,12,19,17,47,臺中市,西屯區,0,0,0,8,3,5,50,,,,,,,,,,,,,,,16,  ,  ,  ,  ,B03,  ,  ,1,  ,2,5,  ,16,16,1,22,  ,B03,24.179444,120.634541,3
2018,12,19,17,52,臺中市,西屯區,0,1,0,8,3,5,40,11,9,1,5,4,5,5,4,4,10,5,5,2,16,19,3,10,1,1,B03,7,1,1,8,2,1,  ,19,19,1,22,8,B03,24.19527,120.634004,2
2018,12,19,17,53,臺中市,西屯區,0,0,,8,,,40,,,,,,,,,,,,,,,,,,,,B02,,,1,,2,,,42,,1,22,,B02,24.160973,120.656831,3
2018,12,19,17,55,臺中市,霧峰區,0,0,,8,,,50,,,,,,,,,,,,,,,,,,,,B03,,,1,,2,,,25,,1,22,,B03,24.064415,120.69841,3
2018,12,19,17,55,臺中市,太平區,0,1,0,8,3,5,50,5,1,2,5,4,5,7,1,1,5,4,4,2,16,17,2,9,1,1,C03,7,9,1,10,2,11,  ,17,17,1,21,1,C03,24.143169,120.71307,2
2018,12,19,17,57,臺中市,南屯區,0,0,0,8,3,5,80,14,9,1,5,4,5,7,4,4,1,4,5,1,13,16,3,10,1,1,B03,7,9,1,8,2,1,  ,16,16,1,22,8,B03,24.123528,120.619793,3
2018,12,19,17,57,臺中市,烏日區,0,1,0,8,2,5,60,4,1,1,5,4,5,7,1,1,10,5,5,2,17,43,3,10,3,4,B03,7,11,1,8,2,2,  ,43,43,1,21,8,B03,24.07907,120.647615,2
2018,12,19,18,0,臺中市,東區,0,0,,8,,,50,,,,,,,,,,,,,,,,,,,,B03,,,3,,2,,,6,,1,22,,B03,24.12545,120.70289,3
2018,12,19,18,9,臺中市,南屯區,0,0,,8,,,50,,,,,,,,,,,,,,,,,,,,B03,,,1,,10,,,43,,1,21,,B03,24.150938,120.64268,3
2018,12,19,18,9,臺中市,北屯區,0,1,0,8,3,5,50,3,1,1,5,4,5,7,1,1,10,5,5,2,16,25,3,10,1,1,B03,7,5,1,8,2,5,  ,25,25,1,21,8,B03,24.188294,120.682402,2
2018,12,19,18,10,臺中市,北屯區,0,0,,8,,,50,,,,,,,,,,,,,,,,,,,,A05,,,1,,2,,,43,,1,  ,,A05,24.17374,120.671456,3
2018,12,19,18,10,臺中市,大甲區,0,1,0,8,3,5,50,3,2,1,5,4,5,7,4,4,9,5,5,1,17,40,3,10,1,1,B03,7,13,1,8,2,4,  ,40,40,1,4,8,B03,24.347916,120.623098,2
2018,12,19,18,14,臺中市,北屯區,0,1,0,8,3,5,40,14,8,1,5,4,5,7,4,4,1,4,4,2,13,23,2,8,1,1,C03,7,9,6,10,2,11,  ,23,23,1,21,8,C03,24.178709,120.685841,2
2018,12,19,18,15,臺中市,西區,0,1,0,8,3,5,50,4,1,1,5,4,5,7,1,1,10,5,5,2,17,25,3,10,1,1,B12,7,9,1,8,2,4,  ,25,25,1,5,1,B12,24.150691,120.658884,2
2018,12,19,18,15,臺中市,霧峰區,0,0,,8,,,40,,,,,,,,,,,,,,,,,,,,C03,,,1,,2,,,23,,1,22,,C03,24.072016,120.704685,3
2018,12,19,18,15,臺中市,沙鹿區,0,0,,8,,,40,,,,,,,,,,,,,,,,,,,,B03,,,1,,2,,,7,,1,4,,B03,24.236173,120.569841,3
2018,12,19,18,16,臺中市,清水區,0,0,,8,,,50,,,,,,,,,,,,,,,,,,,,C03,,,1,,2,,,6,,1,21,,C03,24.270955,120.578626,3
2018,12,19,18,19,臺中市,西屯區,0,1,0,8,3,5,50,3,2,1,5,4,5,7,4,4,1,4,5,2,13,23,3,10,3,4,B03,7,9,1,8,2,1,  ,23,23,1,22,9,B03,24.192662,120.641732,2
2018,12,19,18,20,臺中市,大里區,0,0,,8,,,50,,,,,,,,,,,,,,,,,,,,B12,,,1,,2,,,12,,1,21,,B12,24.111589,120.676269,3
2018,12,19,18,22,臺中市,南屯區,0,2,0,7,3,5,50,4,1,1,5,4,5,7,1,1,10,5,5,2,15,25,2,9,1,4,C03,7,9,1,10,2,14,  ,25,25,1,22,8,C03,24.132445,120.63781,2
2018,12,19,18,23,臺中市,南屯區,0,1,0,8,3,5,50,4,2,1,5,4,5,7,2,1,1,2,5,2,12,17,2,9,1,1,C03,7,9,1,10,2,12,  ,17,17,1,22,9,C03,24.139969,120.644446,2
2018,12,19,18,23,臺中市,沙鹿區,0,2,0,8,3,5,50,4,1,1,5,4,5,7,2,1,1,4,4,1,16,6,3,10,1,1,B03,7,5,1,8,2,8,  ,6,6,1,5,8,B03,24.248853,120.564839,2
2018,12,19,18,24,臺中市,北屯區,0,1,0,8,3,5,50,3,1,1,5,4,5,7,1,1,10,5,5,2,16,25,3,10,1,1,B03,7,9,1,8,2,8,  ,25,25,1,21,8,B03,24.182413,120.714726,2
2018,12,19,18,28,臺中市,南區,0,0,0,8,,,50,,,,,,,,,,,,,,,23,3,  ,  ,  ,C03,  ,  ,3,  ,2,  ,  ,23,23,  ,3,  ,C03,24.12548,120.662971,3
2018,12,19,18,30,臺中市,東區,0,1,0,8,3,5,50,14,7,1,5,4,5,7,4,4,5,5,4,2,16,23,2,9,1,1,C03,7,9,1,10,2,11,  ,23,23,1,18,8,C03,24.135563,120.699532,2
2018,12,19,18,30,臺中市,北屯區,0,1,0,8,3,5,50,14,9,1,5,4,5,7,4,4,5,5,5,1,13,16,2,9,1,1,C03,7,9,1,10,2,11,  ,16,16,1,21,8,C03,24.19973,120.790851,2
2018,12,19,18,30,臺中市,西屯區,0,1,0,8,3,5,50,14,7,1,5,4,5,7,4,4,5,5,4,2,13,16,2,9,3,4,C04,7,9,1,10,2,11,  ,16,16,1,22,9,C04,24.201145,120.659576,2
2018,12,19,18,30,臺中市,大里區,0,0,,8,,,40,,,,,,,,,,,,,,,,,,,,B02,,,1,,2,,,23,,1,22,,B02,24.08336,120.706698,3
2018,12,19,18,31,臺中市,南屯區,0,1,0,8,3,5,40,14,8,1,5,4,5,7,4,4,1,4,1,2,12,6,3,10,1,1,B03,7,6,1,8,2,2,  ,6,6,1,22,8,B03,24.143377,120.623399,2
2018,12,19,18,32,臺中市,大里區,0,0,,8,,,50,,,,,,,,,,,,,,,,,,,,B03,,,1,,2,,,6,,1,4,,B03,24.102288,120.697541,3
2018,12,19,18,35,臺中市,東區,0,1,0,7,3,5,50,3,1,1,5,4,5,7,1,1,9,4,5,2,13,23,3,10,1,1,B03,7,14,1,8,2,3,  ,44,23,1,5,8,B03,24.136086,120.6868,2
2018,12,19,18,36,臺中市,大雅區,0,1,0,8,3,5,50,3,1,1,5,4,5,7,4,4,5,4,4,1,17,6,3,10,1,1,B03,7,5,1,8,3,8,  ,6,6,1,21,8,B03,24.20506,120.64454,2
2018,12,19,18,40,臺中市,東區,0,0,,8,,,80,,,,,,,,,,,,,,,,,,,,B01,,,1,,2,,,7,,1,22,,B01,24.13191,120.707348,3
2018,12,19,18,42,臺中市,西屯區,0,1,0,8,3,5,40,4,1,1,5,4,5,7,2,1,10,5,5,2,12,16,3,10,3,4,C03,7,9,1,10,2,11,  ,16,16,1,22,8,C03,24.173198,120.637286,2
2018,12,19,18,47,臺中市,北區,0,0,,8,,,50,,,,,,,,,,,,,,,,,,,,B03,,,1,,11,,,18,,  ,22,,B03,24.167802,120.66825,3
2018,12,19,18,48,臺中市,中區,0,1,0,8,3,5,50,14,9,1,5,4,5,7,4,4,5,4,5,2,12,26,3,10,1,1,B03,7,8,1,8,2,5,  ,26,26,1,20,9,B03,24.143859,120.678834,2
2018,12,19,18,50,臺中市,大里區,0,0,0,8,3,5,40,5,2,1,5,4,5,7,2,1,10,5,5,2,13,23,3,10,1,1,B03,7,9,1,8,2,1,  ,23,23,1,21,8,B03,24.1143,120.679432,3
2018,12,19,18,51,臺中市,西屯區,0,0,,8,3,5,50,3,2,1,5,4,5,7,4,4,8,3,4,1,12,,,,,,B03,,,1,,2,,,7,,  ,22,,B03,24.166468,120.664303,3
2018,12,19,18,51,臺中市,沙鹿區,0,1,0,7,3,5,40,14,8,1,5,4,5,7,4,4,1,4,3,1,13,23,2,9,1,1,C03,7,6,1,10,2,11,  ,23,23,1,18,9,C03,24.197697,120.580275,2
2018,12,19,18,53,臺中市,西屯區,0,0,,8,,,50,,,,,,,,,,,,,,,,,,,,B03,,,1,,2,,,12,,1,22,,B03,24.158835,120.634257,3
2018,12,19,18,59,臺中市,霧峰區,0,0,0,8,3,6,10,13,9,1,5,4,5,7,4,4,10,5,5,,16,17,3,  ,  ,1,B03,7,12,1,  ,2,4,  ,17,17,1,22,8,B03,24.079164,120.710714,3
2018,12,19,19,0,臺中市,西區,0,1,0,8,3,5,50,4,1,1,5,4,5,7,4,4,10,5,5,2,17,14,2,9,1,1,C03,7,9,1,10,2,11,  ,6,14,1,5,7,C03,24.157514,120.661373,2