年,月,日,時,分,縣市,區,死,受傷,2-30,天候,光線,道路類別,速限,道路型態,事故位置,路面鋪裝,路面狀態,路面缺陷,障礙物,視距,號誌種類,號誌動作,分向設施,快車道或一般車道間,快慢車道間,路面邊線,事故類型及型態,主要肇因,受傷程度,主要傷處,保護裝備,行動電話,當事者區分_類別,車輛用途,當事者行動狀態,駕駛資格情形,駕駛執照種類,飲酒情形,車輛撞擊部位最初,車輛撞擊部位其他,肇事因素個別,肇事因素主要,肇事逃逸,職業,旅次目的,車種,GPS座標X,GPS座標Y,事故類別
2018,12,19,19,0,臺中市,太平區,0,0,,8,,,50,,,,,,,,,,,,,,,,,,,,B03,,,1,,2,,,16,,1,21,,B03,24.149521,120.713621,3
2018,12,19,19,0,臺中市,大雅區,0,1,0,8,3,5,50,5,1,1,5,4,5,7,1,1,9,4,5,1,17,25,3,10,1,1,B03,7,9,1,8,2,2,  ,25,25,1,22,9,B03,24.21812,120.64886,2
2018,12,19,19,1,臺中市,西屯區,0,0,,8,,,60,,,,,,,,,,,,,,,,,,,,B03,,,1,,2,,,23,,1,22,,B03,24.158276,120.657278,3
2018,12,19,19,10,臺中市,大肚區,0,2,0,7,3,5,50,3,2,1,5,4,5,7,4,4,9,5,5,1,18,23,2,8,1,1,C03,7,9,1,10,2,11,  ,23,23,1,21,1,C03,24.170543,120.574563,2
2018,12,19,19,12,臺中市,西區,0,1,0,8,3,5,40,5,1,1,5,4,5,7,1,1,10,5,5,2,23,23,2,8,1,1,C03,7,9,1,10,2,11,  ,23,23,1,21,8,C03,24.153904,120.664996,2
2018,12,19,19,12,臺中市,北屯區,0,1,0,8,3,5,50,4,2,1,5,4,5,7,2,1,5,5,4,2,3,52,3,10,1,1,B12,7,9,1,8,2,1,  ,23,52,1,21,8,B12,24.180443,120.689661,2
2018,12,19,19,12,臺中市,沙鹿區,0,2,0,8,3,5,50,3,1,1,5,4,5,7,4,4,9,5,4,2,17,8,2,9,1,1,C03,7,5,1,10,2,13,  ,8,8,1,4,8,C03,24.224945,120.576161,2
2018,12,19,19,17,臺中市,西屯區,0,0,,8,,,60,,,,,,,,,,,,,,,,,,,,B12,,,1,,2,,,7,,1,22,,B12,24.196148,120.647903,3
2018,12,19,19,18,臺中市,東區,0,1,0,8,3,5,50,14,7,1,5,4,5,7,4,4,9,5,4,2,13,23,2,8,1,1,C03,7,9,1,10,2,11,  ,23,23,1,22,8,C03,24.148817,120.707494,2
2018,12,19,19,18,臺中市,西屯區,0,0,,8,,,40,,,,,,,,,,,,,,,,,,,,B03,,,1,,2,,,23,,1,22,,B03,24.170994,120.635254,3
2018,12,19,19,18,臺中市,西屯區,0,3,0,8,3,5,40,4,2,1,5,4,5,7,2,1,10,5,5,2,12,23,2,9,3,4,C03,7,6,1,10,2,13,  ,44,23,1,22,9,C03,24.162748,120.649156,2
2018,12,19,19,19,臺中市,南屯區,0,0,,8,,,1,,,,,,,,,,,,,,,,,,,,B03,,,1,,2,,,12,,1,22,,B03,24.151114,120.643205,3
2018,12,19,19,32,臺中市,南屯區,0,0,0,8,3,5,50,4,1,1,5,4,5,7,1,1,10,2,5,2,11,26,3,10,1,1,B03,7,9,3,18,2,8,  ,26,26,2,22,8,B03,24.142375,120.637736,3
2018,12,19,19,34,臺中市,西區,0,0,,8,,,40,,,,,,,,,,,,,,,,,,,,B02,,,1,,2,,,12,,1,21,,B02,24.149837,120.665594,3
2018,12,19,19,35,臺中市,南屯區,0,3,0,8,3,5,50,4,1,1,5,4,5,7,1,1,10,5,5,2,13,23,2,9,1,1,C03,7,9,1,10,2,11,  ,23,23,1,22,9,C03,24.150953,120.648453,2
2018,12,19,19,40,臺中市,北區,0,1,0,8,3,5,50,14,12,1,5,4,5,7,4,4,5,5,4,2,17,7,3,10,1,1,B03,7,8,1,8,2,3,  ,7,7,1,22,8,B03,24.1554,120.6693,2
2018,12,19,19,43,臺中市,南區,0,1,0,8,3,5,50,4,1,1,5,4,5,7,1,1,10,5,5,2,13,16,2,9,1,1,C03,7,9,1,10,2,11,  ,16,16,1,21,8,C03,24.119597,120.663016,2
2018,12,19,19,43,臺中市,大雅區,0,0,,8,,,50,,,,,,,,,,,,,,,10,,,,,C03,,,3,,2,,,16,10,1,  ,,C03,24.219701,120.642134,3
2018,12,19,19,47,臺中市,西屯區,0,0,,8,,,60,,,,,,,,,,,,,,,,,,,,B03,,,1,,2,,,23,,1,22,,B03,24.196148,120.647903,3
2018,12,19,19,49,臺中市,北區,0,2,0,8,3,5,50,3,1,1,5,4,5,7,4,4,10,5,5,2,17,10,3,10,1,1,B03,7,11,1,8,2,4,  ,10,10,1,22,9,B03,24.159174,120.679189,2
2018,12,19,20,6,臺中市,沙鹿區,0,1,0,8,3,5,50,3,1,1,5,4,5,7,1,1,10,5,5,2,16,6,3,10,1,1,C03,7,6,1,10,2,12,  ,6,6,1,5,5,C03,24.232586,120.565418,2
2018,12,19,20,10,臺中市,清水區,,,,8,,,50,,,,,,,,,,,,,,,,,,,,B03,,,1,,2,,,12,,1,21,,B03,24.285896,120.548927,4
2018,12,19,20,12,臺中市,霧峰區,0,0,0,8,3,5,70,4,1,1,5,4,5,7,1,1,10,5,5,2,23,21,3,10,3,4,B03,7,6,1,8,8,1,  ,21,21,1,22,8,B03,24.05949,120.693698,3
2018,12,19,20,24,臺中市,西屯區,0,3,0,8,3,5,50,4,1,1,5,4,5,7,2,1,10,5,5,2,16,25,2,9,3,4,C03,7,5,1,10,2,14,  ,25,25,1,22,9,C03,24.174868,120.646828,2
2018,12,19,20,26,臺中市,西屯區,0,1,0,8,3,5,50,3,1,1,5,4,5,7,2,1,10,5,5,2,16,43,2,9,1,1,C03,7,9,4,8,2,11,  ,43,43,1,22,8,C03,24.167933,120.653009,2
2018,12,19,20,33,臺中市,南屯區,0,0,0,8,3,5,40,14,8,1,5,4,5,7,4,4,1,4,4,2,14,12,3,10,1,1,B03,7,2,1,8,2,4,  ,12,12,1,22,8,B03,24.149463,120.640758,3
2018,12,19,20,38,臺中市,北屯區,0,1,0,8,3,5,50,14,9,1,5,4,5,7,4,4,4,3,5,2,16,10,3,10,1,1,B03,7,11,1,7,2,5,  ,10,10,1,21,8,B03,24.172011,120.710386,2
2018,12,19,20,44,臺中市,西屯區,0,1,0,8,3,5,40,14,8,1,5,4,5,7,4,4,1,3,5,1,13,19,3,10,1,1,B03,7,1,1,8,2,7,  ,19,19,1,22,8,B03,24.163798,120.64793,2
2018,12,19,20,50,臺中市,西屯區,0,0,,8,,,50,,,,,,,,,,,,,,,,,,,,   ,,,7,,11,,,43,,1,  ,,   ,24.173755,120.63712,3
2018,12,19,20,54,臺中市,北區,0,1,0,8,3,5,50,4,1,1,5,4,5,7,2,1,5,5,4,2,13,23,3,10,3,4,B03,7,9,1,8,2,1,  ,23,23,1,22,9,B03,24.157391,120.670418,2
2018,12,19,21,5,臺中市,中區,0,1,0,8,3,5,50,4,1,1,5,4,5,7,1,1,10,5,5,2,16,26,3,10,1,1,C03,7,5,1,10,2,14,  ,26,26,1,21,8,C03,24.143633,120.681298,2
2018,12,19,21,21,臺中市,潭子區,0,0,,8,,,50,,,,,,,,,,,,,,,,,,,,B03,,,1,,2,,,23,,1,22,,B03,24.210268,120.700927,3
2018,12,19,21,23,臺中市,沙鹿區,0,0,,8,,,50,,,,,,,,,,,,,,,,,,,,B03,,,1,,2,,,23,,1,2,,B03,24.237022,120.569057,3
2018,12,19,21,39,臺中市,北區,0,0,,8,,,50,,,,,,,,,,,,,,,,,,,,B03,,,1,,2,,,18,,1,22,,B03,24.157582,120.680898,3
2018,12,19,21,39,臺中市,西屯區,0,0,0,8,,,40,,,,,,,,,,,,,,,23,  ,  ,  ,  ,B03,  ,  ,1,  ,2,  ,  ,23,23,1,22,  ,B03,24.166051,120.643141,3
2018,12,19,21,40,臺中市,沙鹿區,0,0,,8,,,50,,,,,,,,,,,,,,,,,,,,C03,,,1,,2,,,42,,1,21,,C03,24.211852,120.567766,3
2018,12,19,21,44,臺中市,西屯區,0,0,,8,,,50,,,,,,,,,,,,,,,,,,,,B03,,,1,,2,,,42,,1,22,,B03,24.180871,120.619086,3
2018,12,19,21,46,臺中市,霧峰區,0,2,0,8,3,5,40,4,1,1,5,4,5,7,4,4,10,5,5,1,15,6,2,8,4,1,F02,7,9,8,20,2,16,  ,6,6,1,4,8,F02,24.063788,120.681861,2
2018,12,19,21,48,臺中市,西屯區,0,1,0,8,3,5,40,14,8,1,5,4,5,7,4,4,1,3,1,1,12,43,3,10,1,1,B03,7,6,1,8,2,2,  ,43,43,1,22,8,B03,24.179183,120.623581,2
2018,12,19,21,48,臺中市,霧峰區,0,0,,8,,,40,,,,,,,,,,,,,,,,,,,,B03,,,1,,2,,,42,,1,21,,B03,24.066381,120.696691,3
2018,12,19,21,50,臺中市,大里區,0,0,0,8,3,5,50,14,13,1,5,4,5,7,4,4,5,5,4,1,16,19,3,10,1,1,A12,7,1,1,7,2,1,  ,19,19,1,10,3,A12,24.115239,120.686875,3
2018,12,19,22,6,臺中市,西屯區,0,0,,8,,,50,,,,,,,,,,,,,,,,,,,,C03,,,1,,2,,,23,,1,  ,,C03,24.169437,120.64799,3
2018,12,19,22,9,臺中市,太平區,0,0,,8,,,50,,,,,,,,,,,,,,,,,,,,B03,,,1,,2,,,23,,1,20,,B03,24.125763,120.712851,3
2018,12,19,22,18,臺中市,西屯區,0,1,0,8,3,5,50,4,1,1,5,4,5,7,2,1,10,5,5,2,17,10,3,10,3,4,B01,7,11,1,4,2,15,  ,10,10,1,22,8,B01,24.172398,120.642667,2
2018,12,19,22,30,臺中市,大雅區,0,3,0,8,4,5,50,14,9,1,5,4,5,7,4,4,9,5,5,1,16,19,2,9,1,1,C03,7,1,1,10,2,14,  ,19,19,1,22,9,C03,24.21456,120.60096,2
2018,12,19,22,37,臺中市,北屯區,0,1,0,8,3,5,50,4,1,1,5,4,5,7,1,1,10,5,5,2,17,9,3,10,1,1,B03,7,6,1,8,2,6,  ,9,9,1,7,8,B03,24.1648,120.6943,2
2018,12,19,23,40,臺中市,西屯區,0,1,0,8,1,5,40,4,7,1,5,4,5,7,1,1,5,4,4,2,16,6,3,10,1,1,B03,7,5,1,8,2,2,  ,6,6,1,22,8,B03,24.173361,120.641335,2
2018,12,19,23,48,臺中市,中區,0,0,,8,,,50,,,,,,,,,,,,,,,,,,,,B03,,,1,,2,,,42,,1,5,,B03,24.144527,120.677118,3
2018,12,19,23,58,臺中市,霧峰區,0,0,,8,,,50,,,,,,,,,,,,,,,,,,,,B03,,,1,,2,,,23,,1,5,,B03,24.062825,120.703368,3
2018,12,20,0,38,臺中市,東區,0,1,0,8,3,5,50,14,9,1,5,4,5,7,4,4,7,4,4,2,29,66,  ,  ,  ,  ,   ,  ,  ,  ,  ,  ,  ,  ,66,66,1,  ,  ,   ,24.140062,120.697188,2
2018,12,20,0,45,臺中市,西屯區,0,1,0,8,1,5,50,4,7,1,5,4,5,7,1,1,5,4,4,2,16,8,2,9,1,1,C03,7,5,2,18,2,11,  ,8,8,1,22,8,C03,24.159393,120.626984,2
2018,12,20,1,1,臺中市,北屯區,0,1,0,8,3,5,50,14,9,1,5,4,5,7,4,4,4,3,5,2,12,41,2,8,1,2,C03,7,9,1,10,2,12,  ,41,41,1,21,8,C03,24.188351,120.681215,2
2018,12,20,1,58,臺中市,中區,0,0,,8,,,50,,,,,,,,,,,,,,,14,,,,,C03,,,1,,2,,,14,14,1,5,,C03,24.142925,120.682124,3
2018,12,20,3,13,臺中市,中區,0,0,,8,,,50,,,,,,,,,,,,,,,,,,,,C03,,,1,,2,,,23,,1,5,,C03,24.143597,120.675096,3
2018,12,20,5,28,臺中市,東區,0,1,0,8,3,5,50,14,20,1,5,4,5,7,4,4,3,4,5,2,17,22,2,8,1,1,B03,7,9,1,8,2,1,  ,22,22,1,22,8,B03,24.137533,120.689452,2
2018,12,20,6,50,臺中市,大里區,0,2,0,8,1,5,50,14,9,1,5,4,5,7,4,4,9,4,5,1,16,6,2,9,1,1,C03,7,5,1,10,2,11,  ,6,6,1,12,8,C03,24.110968,120.702281,2
2018,12,20,6,52,臺中市,北屯區,0,1,0,8,1,5,50,14,9,1,5,4,5,7,4,4,9,4,5,2,3,23,3,10,1,1,C03,7,7,1,10,11,15,  ,23,23,2,21,8,C03,24.164003,120.699118,2
2018,12,20,7,0,臺中市,大里區,0,0,,8,,,50,,,,,,,,,,,,,,,,,,,,B03,,,1,,6,,,43,,1,20,,B03,24.095832,120.716641,3
2018,12,20,7,6,臺中市,北區,0,0,,8,,,50,,,,,,,,,,,,,,,,,,,,B03,,,1,,2,,,26,,1,22,,B03,24.155569,120.687595,3
2018,12,20,7,7,臺中市,大雅區,0,0,,8,,,40,,,,,,,,,,,,,,,,,,,,   ,,,7,,11,,,43,,2,  ,,   ,24.22803,120.653787,3
2018,12,20,7,8,臺中市,北屯區,0,1,0,8,1,5,50,4,1,1,5,4,5,7,4,4,10,5,5,2,15,6,3,10,3,4,B03,7,9,1,8,2,2,  ,6,6,1,21,8,B03,24.175597,120.682819,2
2018,12,20,7,15,臺中市,大雅區,0,2,0,8,1,5,40,3,1,1,5,4,5,7,4,4,10,5,5,2,17,6,3,10,1,1,B03,7,6,1,8,2,1,  ,6,6,1,21,8,B03,24.22222,120.652878,2
2018,12,20,7,15,臺中市,神岡區,0,0,0,8,,,40,,,,,,,,,,,,,,,5,  ,  ,  ,  ,C03,  ,  ,1,  ,2,  ,  ,5,5,1,21,  ,C03,24.243416,120.641483,3
2018,12,20,7,17,臺中市,霧峰區,0,0,,8,,,40,,,,,,,,,,,,,,,,,,,,B03,,,1,,2,,,1,,1,3,,B03,24.03903,120.67194,3
2018,12,20,7,20,臺中市,北屯區,0,0,,8,,,80,,,,,,,,,,,,,,,,,,,,B03,,,1,,2,,,16,,1,4,,B03,24.173196,120.720926,3
2018,12,20,7,20,臺中市,石岡區,0,1,0,8,1,5,50,3,1,1,5,4,5,7,3,1,5,5,5,1,2,23,3,10,1,1,B03,7,9,1,8,2,8,  ,23,23,1,22,8,B03,24.275327,120.779515,2
2018,12,20,7,24,臺中市,龍井區,0,1,0,8,1,5,40,14,9,1,5,4,5,7,4,4,9,4,5,1,3,51,2,9,4,5,H01,8,16,8,20,10,16,  ,51,51,1,5,8,H01,24.210304,120.505121,2
2018,12,20,7,30,臺中市,大肚區,0,1,0,8,1,5,40,5,1,1,5,4,5,7,4,4,10,5,5,2,16,23,3,10,1,1,C03,7,15,1,10,2,12,  ,23,23,1,21,8,C03,24.13317,120.547795,2
2018,12,20,7,32,臺中市,南屯區,0,0,,8,,,50,,,,,,,,,,,,,,,,,,,,B03,,,1,,2,,,23,,1,22,,B03,24.150982,120.635323,3
2018,12,20,7,32,臺中市,北屯區,0,0,0,8,,,40,,,,,,,,,,,,,,,16,  ,  ,  ,  ,B03,  ,  ,1,  ,2,  ,  ,16,16,1,5,  ,B03,24.193088,120.671418,3
2018,12,20,7,33,臺中市,北區,0,0,,8,,,50,,,,,,,,,,,,,,,,,,,,B03,,,1,,2,,,19,,1,5,,B03,24.155774,120.679244,3
2018,12,20,7,33,臺中市,霧峰區,0,0,,8,,,40,,,,,,,,,,,,,,,,,,,,B03,,,1,,2,,,6,,1,  ,,B03,24.049011,120.690216,3
2018,12,20,7,34,臺中市,后里區,0,0,,8,2,5,50,3,1,1,5,4,5,7,2,1,5,4,4,1,18,,,,,,C03,,,1,,2,,,16,,1,  ,,C03,24.315583,120.682473,3
2018,12,20,7,35,臺中市,梧棲區,0,1,0,8,1,5,50,4,1,1,5,4,5,7,4,4,10,5,5,2,16,6,3,10,1,1,C03,7,5,1,10,2,11,  ,6,6,1,2,9,C03,24.242741,120.537709,2
2018,12,20,7,36,臺中市,北屯區,0,1,0,8,1,5,40,13,9,1,5,4,5,7,4,4,10,5,5,2,16,17,2,8,1,1,C03,7,6,1,10,2,11,  ,17,17,1,20,5,C03,24.18126,120.67077,2
2018,12,20,7,40,臺中市,西屯區,0,1,0,8,1,5,50,14,9,1,5,4,5,7,4,4,5,5,5,2,17,40,3,10,1,1,B03,7,14,1,8,2,2,  ,40,40,1,22,8,B03,24.183981,120.624279,2
2018,12,20,7,44,臺中市,北屯區,0,0,0,8,,,50,,,,,,,,,,,,,,,23,  ,  ,  ,  ,B03,  ,  ,1,8,2,  ,  ,23,23,1,21,  ,B03,24.174531,120.709784,3
2018,12,20,7,45,臺中市,南屯區,0,2,0,8,1,5,50,4,1,1,5,4,5,7,1,1,10,5,5,2,16,8,3,10,1,1,C03,7,5,1,10,2,14,  ,8,8,1,21,8,C03,24.146743,120.646803,2
2018,12,20,7,45,臺中市,大甲區,0,0,,8,,,50,,,,,,,,,,,,,,,,,,,,C03,,,1,,2,,,7,,1,20,,C03,24.354391,120.630967,3
2018,12,20,7,47,臺中市,南屯區,0,0,,8,,,50,,,,,,,,,,,,,,,,,,,,B03,,,1,,2,,,23,,1,22,,B03,24.155005,120.610533,3
2018,12,20,7,48,臺中市,太平區,0,0,,8,,,50,,,,,,,,,,,,,,,,,,,,C03,,,1,,2,,,23,,1,  ,,C03,24.133938,120.723713,3
2018,12,20,7,49,臺中市,潭子區,0,1,0,8,1,5,40,14,8,1,5,4,5,7,4,4,1,4,4,1,12,23,3,10,1,1,C03,7,9,1,10,2,13,  ,44,23,1,22,8,C03,24.216037,120.681481,2
2018,12,20,7,52,臺中市,太平區,,,,8,,,50,,,,,,,,,,,,,,,,,,,,B03,,,1,,2,,,18,,1,21,,B03,24.104054,120.71836,3
2018,12,20,7,53,臺中市,北屯區,0,1,0,8,1,5,50,14,7,1,5,4,5,7,1,1,5,3,4,2,16,7,3,10,3,4,B03,7,8,1,8,2,2,  ,7,7,1,21,8,B03,24.187525,120.718583,2
2018,12,20,7,54,臺中市,太平區,0,1,0,8,1,5,50,14,9,1,5,4,5,7,4,4,5,5,5,1,12,2,2,9,1,1,C03,7,9,1,10,2,12,  ,2,2,1,4,1,C03,24.151251,120.733226,2
2018,12,20,7,55,臺中市,南區,0,2,0,8,1,5,50,14,9,1,5,4,5,7,4,4,5,4,5,2,13,23,2,9,1,1,C03,7,4,1,10,2,11,  ,23,23,1,21,8,C03,24.118224,120.666868,2
2018,12,20,7,56,臺中市,北區,0,2,0,8,1,5,50,4,1,1,5,4,5,7,4,4,10,5,5,2,15,6,2,8,1,1,C03,7,9,1,10,2,12,  ,6,6,1,21,8,C03,24.152364,120.69566,2
2018,12,20,8,1,臺中市,南屯區,0,0,,8,,,40,,,,,,,,,,,,,,,,,,,,B03,,,1,,2,,,42,,1,9,,B03,24.144846,120.623476,3
2018,12,20,8,4,臺中市,潭子區,0,1,0,8,1,5,50,11,9,1,5,4,5,7,4,4,5,5,4,1,13,23,3,10,1,1,B03,7,9,1,8,2,5,  ,23,23,1,22,9,B03,24.214036,120.706928,2
2018,12,20,8,9,臺中市,大雅區,0,1,0,8,1,5,50,3,1,1,5,4,5,7,1,1,5,5,5,1,16,6,3,10,1,1,C03,7,5,1,10,2,13,  ,6,6,1,22,9,C03,24.246381,120.638073,2
2018,12,20,8,10,臺中市,清水區,0,1,0,8,1,5,70,4,1,1,5,4,5,7,1,1,10,5,5,2,16,26,3,10,1,1,B12,7,6,1,8,2,5,  ,26,26,1,21,8,B12,24.267201,120.561001,2
2018,12,20,8,12,臺中市,西區,0,1,0,8,1,5,50,4,1,1,5,4,5,7,1,1,10,5,5,2,13,16,3,10,1,1,C03,7,9,1,10,2,12,  ,16,16,1,5,5,C03,24.136501,120.679353,2
2018,12,20,8,12,臺中市,北屯區,0,1,0,8,1,5,50,4,18,1,5,4,5,7,2,1,10,5,5,2,3,15,3,10,1,1,B03,7,5,1,8,2,2,  ,15,15,1,5,8,B03,24.182831,120.698201,2
2018,12,20,8,12,臺中市,神岡區,0,0,,8,,,50,,,,,,,,,,,,,,,,,,,,B03,,,1,,2,,,16,,1,22,,B03,24.247842,120.695754,3
2018,12,20,8,15,臺中市,南屯區,0,0,0,8,,,50,,,,,,,,1,,,,,,,10,3,  ,  ,  ,B12,  ,  ,1,  ,2,  ,  ,10,10,1,21,  ,B12,24.116941,120.640117,3
2018,12,20,8,16,臺中市,大雅區,0,0,,8,,,60,,,,,,,,,,,,,,,23,,,,,C03,,,1,,2,,,23,23,1,  ,,C03,24.225209,120.645362,3
2018,12,20,8,18,臺中市,東區,0,1,0,8,1,5,50,4,1,1,5,4,5,7,4,4,5,5,4,2,13,16,2,8,1,1,C03,7,12,1,10,2,11,  ,16,16,1,21,8,C03,24.147443,120.710004,2
2018,12,20,8,18,臺中市,北屯區,0,1,0,8,1,5,40,3,1,1,5,4,5,7,4,4,10,5,5,2,16,10,3,10,3,4,B03,7,11,1,8,2,8,  ,10,10,1,21,8,B03,24.180581,120.672208,2
2018,12,20,8,18,臺中市,西屯區,0,1,0,8,1,5,50,4,1,1,5,4,5,7,1,1,10,5,5,2,12,43,3,10,1,1,B03,7,6,1,8,2,4,  ,43,43,1,22,8,B03,24.16881,120.647356,2
2018,12,20,8,18,臺中市,新社區,0,1,0,8,1,5,50,3,1,1,5,4,5,7,4,4,5,5,5,1,11,6,3,10,1,1,B12,7,5,1,8,2,2,6,6,6,1,22,8,B12,24.256332,120.806724,2
2018,12,20,8,18,臺中市,大雅區,0,1,0,8,1,5,50,4,1,1,5,4,5,7,1,1,1,4,4,2,17,23,3,10,1,1,B03,7,9,1,8,2,1,  ,23,23,1,21,8,B03,24.229932,120.631829,2
2018,12,20,8,20,臺中市,南區,0,0,,8,,,50,,,,,,,,,,,,,,,,,,,,C03,,,1,,2,,,6,,1,22,,C03,24.13451,120.680342,3
2018,12,20,8,20,臺中市,大雅區,0,0,,8,,,40,,,,,,,,,,,,,,,,,,,,C03,,,1,,2,,,16,,1,21,,C03,24.2162,120.649079,3
2018,12,20,8,22,臺中市,西區,0,2,0,8,1,5,50,4,2,1,5,4,1,7,4,4,5,5,4,2,13,23,2,9,1,1,C03,7,9,1,10,2,11,  ,23,23,1,21,8,C03,24.133051,120.669827,2
2018,12,20,8,23,臺中市,南區,0,0,,8,,,50,,,,,,,,,,,,,,,,,,,,B12,,,1,,2,,,23,,1,4,,B12,24.113169,120.665864,3
2018,12,20,8,28,臺中市,南屯區,0,0,,8,,,50,,,,,,,,,,,,,,,,,,,,B01,,,1,,2,,,23,,1,10,,B01,24.145459,120.63259,3
2018,12,20,8,29,臺中市,西屯區,0,1,0,8,1,5,40,3,2,1,5,4,5,7,4,4,10,5,5,2,3,15,3,10,1,1,B03,7,1,1,8,2,1,  ,15,15,1,2,8,B03,24.183471,120.615063,2
2018,12,20,8,30,臺中市,潭子區,0,1,0,8,1,5,50,4,1,1,5,4,5,7,1,1,8,4,5,1,12,6,2,9,1,1,C03,7,5,1,10,2,11,  ,6,6,1,22,8,C03,24.216299,120.698548,2
2018,12,20,8,33,臺中市,北區,0,0,,8,,,50,,,,,,,,,,,,,,,,,,,,B03,,,1,,2,,,23,,1,5,,B03,24.166796,120.666521,3
2018,12,20,8,35,臺中市,清水區,0,1,0,8,3,5,60,4,1,1,5,4,5,7,3,1,1,4,1,1,16,6,3,10,1,1,B03,7,5,1,8,2,1,  ,6,6,1,5,1,B03,24.274165,120.556166,2
2018,12,20,8,36,臺中市,西屯區,0,0,,8,,,40,,,,,,,,,,,,,,,,,,,,B12,,,1,,2,,,23,,1,22,,B12,24.188001,120.618166,3
2018,12,20,8,38,臺中市,北屯區,0,0,0,8,,,50,,,,,,,,,,,,,,,2,  ,  ,  ,  ,B03,  ,  ,1,8,2,  ,  ,2,2,1,21,  ,B03,24.176918,120.669558,3
2018,12,20,8,39,臺中市,大肚區,0,2,0,8,1,5,60,4,1,1,5,4,5,7,1,1,10,5,5,2,16,26,2,9,1,1,C03,7,1,1,10,2,14,  ,26,26,1,19,8,C03,24.155618,120.547516,2
2018,12,20,8,40,臺中市,龍井區,0,1,0,8,1,5,40,14,9,2,5,4,5,7,4,4,10,5,5,2,16,23,2,8,1,1,C03,7,9,1,10,2,12,  ,23,23,1,22,8,C03,24.18092,120.598865,2
2018,12,20,8,40,臺中市,沙鹿區,0,0,,8,,,60,,,,,,,,,,,,,,,,,,,,B03,,,1,,2,,,23,,1,21,,B03,24.234065,120.571341,4
2018,12,20,8,43,臺中市,北區,0,2,0,8,1,5,50,3,1,1,5,4,5,7,1,1,10,5,5,2,16,42,2,7,1,1,C03,7,5,1,10,2,14,  ,42,42,1,21,8,C03,24.166841,120.669241,2
2018,12,20,8,45,臺中市,南屯區,0,0,,8,,,50,,,,,,,,,,,,,,,,,,,,A12,,,1,,2,,,10,,1,22,,A12,24.155573,120.610126,3
2018,12,20,8,46,臺中市,南屯區,0,0,,8,,,40,,,,,,,,,,,,,,,,,,,,B12,,,1,,2,,,7,,1,22,,B12,24.150297,120.623185,3
2018,12,20,8,47,臺中市,北區,0,0,,8,,,50,,,,,,,,,,,,,,,,,,,,B02,,,1,,2,,,7,,1,5,,B02,24.164919,120.667569,3
2018,12,20,8,50,臺中市,神岡區,0,0,,8,,,50,,,,,,,,,,,,,,,,,,,,B03,,,1,,2,,,16,,1,22,,B03,24.247075,120.68526,3
2018,12,20,8,53,臺中市,大里區,0,0,,8,,,80,,,,,,,,,,,,,,,16,,,,,B03,,,1,,2,,,23,16,1,3,,B03,24.080291,120.682292,3
2018,12,20,8,57,臺中市,大里區,0,0,,8,,,50,,,,,,,,,,,,,,,,,,,,C03,,,3,,2,,,23,,1,20,,C03,24.114883,120.678373,3
2018,12,20,8,58,臺中市,南區,0,2,0,8,1,5,40,14,7,1,5,4,5,7,4,4,9,4,4,2,16,19,2,9,1,1,C03,7,1,1,10,2,11,  ,19,19,1,18,8,C03,24.113378,120.662498,2
2018,12,20,9,0,臺中市,南屯區,0,0,0,8,,,40,,,,,,,,4,,,,,,,1,3,  ,  ,  ,B12,  ,  ,1,  ,2,  ,  ,1,1,1,21,  ,B12,24.122795,120.629954,3
2018,12,20,9,5,臺中市,大肚區,0,1,0,8,1,5,40,5,1,1,5,4,5,7,4,4,10,5,5,2,16,5,3,10,1,1,B03,7,5,1,8,2,8,  ,5,5,1,21,8,B03,24.133255,120.54783,2
2018,12,20,9,7,臺中市,后里區,0,1,0,8,1,5,50,4,1,1,5,4,5,7,1,1,5,5,4,1,16,9,3,10,1,1,B12,7,6,1,8,2,7,  ,9,9,1,5,8,B12,24.31147,120.706648,2
2018,12,20,9,10,臺中市,北屯區,0,1,0,8,1,5,50,14,7,1,5,4,5,7,4,4,5,5,4,2,13,23,3,10,1,1,B02,7,9,1,2,2,1,  ,23,23,1,4,8,B02,24.16482,120.699621,2
2018,12,20,9,11,臺中市,北屯區,0,0,,8,,,50,,,,,,,,,,,,,,,,,,,,B12,,,1,,2,,,7,,1,21,,B12,24.186175,120.744166,3
2018,12,20,9,12,臺中市,烏日區,0,1,0,8,1,5,50,4,9,1,5,4,5,5,4,4,1,5,5,2,16,6,3,10,1,1,B12,7,9,1,8,2,2,  ,6,6,1,22,8,B12,24.10867,120.612551,2
2018,12,20,9,17,臺中市,西區,0,1,0,8,1,5,50,14,7,1,5,4,5,7,4,4,1,4,4,2,12,42,2,9,1,1,C03,7,9,1,10,2,12,  ,42,42,1,21,8,C03,24.145701,120.657367,2
2018,12,20,9,20,臺中市,烏日區,0,1,0,8,1,5,50,3,2,1,5,4,5,7,1,1,5,5,4,2,13,23,2,8,1,1,C03,7,9,1,10,2,11,  ,23,23,1,21,8,C03,24.108803,120.650861,2