年,月,日,時,分,縣市,區,死,受傷,2-30,天候,光線,道路類別,速限,道路型態,事故位置,路面鋪裝,路面狀態,路面缺陷,障礙物,視距,號誌種類,號誌動作,分向設施,快車道或一般車道間,快慢車道間,路面邊線,事故類型及型態,主要肇因,受傷程度,主要傷處,保護裝備,行動電話,當事者區分_類別,車輛用途,當事者行動狀態,駕駛資格情形,駕駛執照種類,飲酒情形,車輛撞擊部位最初,車輛撞擊部位其他,肇事因素個別,肇事因素主要,肇事逃逸,職業,旅次目的,車種,GPS座標X,GPS座標Y,事故類別
2018,12,20,9,21,臺中市,北屯區,0,0,0,8,,,50,,,,,,,,,,,,,,,9,  ,  ,  ,  ,B03,  ,  ,1,  ,2,  ,  ,9,9,1,19,  ,B03,24.162756,120.71909,3
2018,12,20,9,22,臺中市,太平區,0,1,0,8,1,5,50,14,8,1,5,4,5,7,4,4,5,4,4,1,16,26,3,10,1,1,B03,7,11,1,8,2,1,  ,26,26,1,20,7,B03,24.149676,120.725457,2
2018,12,20,9,25,臺中市,梧棲區,0,0,,8,,,50,,,,,,,,,,,,,,,,,,,,B03,,,1,,2,,,12,,1,18,,B03,24.245993,120.54775,3
2018,12,20,9,26,臺中市,北屯區,0,1,0,8,1,5,50,14,7,1,5,4,5,7,4,4,5,4,4,2,12,23,2,8,1,1,C03,7,9,1,10,2,14,  ,23,23,1,20,5,C03,24.177448,120.669616,2
2018,12,20,9,28,臺中市,北區,0,3,0,8,1,5,50,4,2,1,5,4,5,7,2,1,1,2,5,2,13,16,2,8,3,4,C03,7,9,1,10,2,11,  ,16,16,1,22,9,C03,24.146365,120.686475,2
2018,12,20,9,30,臺中市,太平區,0,1,0,8,1,5,50,4,1,1,5,4,5,7,4,4,10,5,5,2,16,42,3,10,1,1,B12,7,5,1,2,2,8,  ,6,42,1,21,8,B12,24.128163,120.712396,2
2018,12,20,9,30,臺中市,梧棲區,0,0,,8,,,50,,,,,,,,,,,,,,,,,,,,B12,,,1,,2,,,17,,1,2,,B12,24.246918,120.533402,3
2018,12,20,9,31,臺中市,大雅區,0,2,0,8,1,5,50,14,9,1,5,4,5,7,4,4,5,5,5,1,16,19,2,8,1,1,C03,7,1,1,10,2,11,  ,19,19,1,22,9,C03,24.21646,120.648054,2
2018,12,20,9,31,臺中市,大雅區,0,1,0,8,1,5,40,3,1,1,5,4,5,7,4,4,10,5,5,1,17,6,3,10,1,1,C03,7,5,1,10,2,11,  ,6,6,1,21,8,C03,24.212558,120.65513,2
2018,12,20,9,35,臺中市,大肚區,0,0,,8,,,40,,,,,,,,,,,,,,,,,,,,   ,,,7,,11,,,43,,1,  ,,   ,24.171105,120.582201,3
2018,12,20,9,36,臺中市,神岡區,0,0,0,8,,,50,,,,,,,,,,,,,,,23,  ,  ,  ,  ,B12,  ,  ,1,  ,2,  ,  ,23,23,1,  ,  ,B12,24.246783,120.685266,3
2018,12,20,9,50,臺中市,北屯區,0,2,0,8,1,5,50,14,9,1,5,4,5,7,4,4,1,4,5,2,13,16,2,9,3,4,C03,7,9,1,10,2,11,  ,16,16,1,21,8,C03,24.173872,120.668469,2
2018,12,20,9,50,臺中市,沙鹿區,0,1,0,8,1,5,40,11,9,1,5,4,5,7,4,4,10,5,5,2,11,43,3,10,1,1,C03,7,9,1,10,2,14,  ,43,43,1,18,8,C03,24.222058,120.595235,2
2018,12,20,10,0,臺中市,大里區,0,1,0,8,1,5,40,14,8,1,5,4,5,7,4,4,1,4,4,1,12,17,3,10,1,1,B12,7,9,1,8,2,5,  ,17,17,1,12,8,B12,24.094871,120.688065,2
2018,12,20,10,0,臺中市,太平區,0,0,,8,,,40,,,,,,,,,,,,,,,,,,,,B03,,,1,,2,,,23,,1,6,,B03,24.127081,120.727097,3
2018,12,20,10,1,臺中市,西屯區,0,0,,8,,,50,,,,,,,,,,,,,,,,,,,,B03,,,1,,2,,,43,,1,22,,B03,24.200763,120.657864,3
2018,12,20,10,10,臺中市,西區,0,0,0,8,,,50,,,,,,,,,,,,,,,43,3,  ,  ,  ,B02,  ,  ,2,  ,2,  ,  ,43,43,1,21,  ,B02,24.160857,120.661537,3
2018,12,20,10,12,臺中市,北區,0,0,,8,,,50,,,,,,,,,,,,,,,,,,,,B12,,,1,,2,,,23,,1,5,,B12,24.14204,120.668107,3
2018,12,20,10,15,臺中市,西屯區,0,0,0,8,,,40,,,,,,,,,,,,,,,23,  ,  ,  ,  ,A42,  ,  ,1,  ,2,  ,  ,23,23,1,  ,  ,A42,24.200801,120.658128,3
2018,12,20,10,17,臺中市,東區,0,1,0,8,1,5,50,4,1,1,5,4,5,7,1,1,9,4,5,2,17,6,3,10,1,1,B12,7,6,1,8,2,7,  ,6,6,1,5,8,B12,24.12522,120.701585,2
2018,12,20,10,25,臺中市,西區,0,0,,,,,,,,,,,,,,,,,,,,,,,,,F01,,,8,,2,,,11,,1,22,,F01,24.15976,120.664172,3
2018,12,20,10,27,臺中市,北區,0,0,0,8,1,5,50,3,1,1,5,4,5,7,1,1,10,5,5,2,17,44,  ,  ,  ,  ,   ,  ,  ,7,  ,11,  ,  ,43,44,1,  ,  ,   ,24.157609,120.685119,3
2018,12,20,10,27,臺中市,太平區,0,1,0,8,1,5,50,4,1,1,5,4,5,7,3,1,10,5,5,2,15,6,3,10,1,1,B03,7,9,1,8,2,1,  ,6,6,1,21,8,B03,24.155915,120.722068,2
2018,12,20,10,37,臺中市,神岡區,0,1,0,8,1,5,50,14,9,1,5,4,5,7,1,1,3,4,5,1,17,42,2,9,1,1,C03,7,21,6,10,2,14,  ,42,42,1,22,9,C03,24.24672,120.683521,2
2018,12,20,10,48,臺中市,大肚區,0,1,0,8,1,5,60,14,7,1,5,4,5,7,4,4,1,4,1,2,13,23,2,9,1,1,B03,7,9,1,8,2,1,  ,23,23,1,22,8,B03,24.173795,120.582686,2
2018,12,20,10,49,臺中市,東區,0,0,0,8,1,5,50,3,1,1,5,4,5,7,4,4,5,2,4,2,16,7,3,10,1,1,B03,7,7,1,8,2,7,  ,7,7,1,21,8,B03,24.130057,120.705679,3
2018,12,20,10,50,臺中市,潭子區,0,0,,8,,,0,,,,,,,,,,,,,,,,,,,,C03,,,1,,2,,,42,,1,22,,C03,24.203931,120.722672,3
2018,12,20,10,51,臺中市,烏日區,0,0,,8,,,40,,,,,,,,,,,,,,,,,,,,B11,,,1,,2,,,6,,1,21,,B11,24.09214,120.657265,3
2018,12,20,10,54,臺中市,西區,0,2,0,8,1,5,50,4,1,1,5,4,5,7,1,1,10,5,5,2,17,19,2,9,1,1,C03,7,1,1,10,2,14,  ,19,19,1,5,5,C03,24.146722,120.666004,2
2018,12,20,11,0,臺中市,西屯區,0,1,0,8,1,5,50,4,1,1,5,4,5,7,1,1,10,5,5,2,16,6,3,10,1,1,B03,7,5,1,8,2,6,  ,6,6,1,22,8,B03,24.187328,120.640548,2
2018,12,20,11,3,臺中市,西區,0,0,,8,,,50,,,,,,,,,,,,,,,,,,,,B03,,,1,,2,,,7,,1,22,,B03,24.156987,120.659479,3
2018,12,20,11,10,臺中市,大雅區,0,0,,,,,,,,,,,,,,,,,,,,,,,,,B03,,,1,,2,,,18,,1,  ,,B03,24.232533,120.66504,3
2018,12,20,11,15,臺中市,東勢區,0,0,0,8,,,40,,,,,,,,,,,,,,,19,  ,  ,  ,  ,B03,  ,  ,1,  ,2,  ,  ,19,19,1,22,  ,B03,24.283901,120.759177,3
2018,12,20,11,18,臺中市,太平區,0,1,0,8,1,5,40,4,1,1,5,4,5,7,4,4,10,5,5,2,15,6,3,10,1,1,B03,7,9,1,8,2,5,  ,6,6,1,21,1,B03,24.115476,120.720569,2
2018,12,20,11,20,臺中市,豐原區,0,1,0,8,1,5,50,7,11,1,5,4,5,7,4,4,2,5,5,1,18,21,2,9,1,1,C03,7,9,3,18,7,15,  ,21,21,1,21,8,C03,24.264429,120.733256,2
2018,12,20,11,21,臺中市,西屯區,0,1,0,8,1,5,50,4,1,1,5,4,5,7,1,1,9,4,4,2,16,43,3,10,1,1,B03,7,5,1,8,2,1,  ,43,43,1,21,8,B03,24.185413,120.617575,2
2018,12,20,11,25,臺中市,烏日區,0,0,0,8,1,6,40,13,2,1,5,4,5,7,4,4,10,5,5,1,12,9,3,10,1,1,B03,7,6,1,8,2,2,6,9,9,1,21,1,B03,24.1107,120.638938,3
2018,12,20,11,33,臺中市,西區,0,0,0,8,,,50,,,,,,,,,,,,,,,23,3,  ,  ,  ,C03,  ,  ,1,  ,2,  ,  ,23,23,1,21,  ,C03,24.131925,120.670864,3
2018,12,20,11,40,臺中市,大雅區,0,1,0,8,1,5,50,14,9,1,5,4,5,7,4,4,9,5,5,1,17,6,3,10,1,1,B03,7,5,1,8,2,6,  ,6,6,1,21,8,B03,24.215664,120.647829,2
2018,12,20,11,45,臺中市,南區,0,1,0,8,1,5,50,4,1,1,5,4,5,7,4,4,10,5,5,2,15,6,2,9,1,1,C03,7,9,1,10,2,11,  ,6,6,1,22,8,C03,24.115201,120.665326,2
2018,12,20,11,50,臺中市,大雅區,0,0,,8,,,50,,,,,,,,,,,,,,,,,,,,B12,,,1,,2,,,23,,1,22,,B12,24.21993,120.66257,3
2018,12,20,11,51,臺中市,北屯區,0,0,0,8,,,50,,,,,,,,,,,,,,,12,  ,  ,  ,  ,B01,  ,  ,1,4,2,  ,  ,12,12,1,21,  ,B01,24.177016,120.669476,3
2018,12,20,12,2,臺中市,梧棲區,0,1,0,8,1,5,40,14,9,1,5,4,3,7,4,4,10,5,5,2,16,19,2,8,1,1,C03,7,1,1,10,2,14,  ,19,19,1,20,8,C03,24.270824,120.532907,2
2018,12,20,12,4,臺中市,南區,0,0,,8,,,50,,,,,,,,,,,,,,,,,,,,B03,,,1,,2,,,23,,1,22,,B03,24.130123,120.657628,3
2018,12,20,12,4,臺中市,大雅區,0,2,0,8,1,5,40,3,1,1,5,4,5,7,4,4,10,5,5,1,16,1,2,8,1,1,C03,7,4,1,10,2,12,  ,1,1,1,22,9,C03,24.224096,120.63586,2
2018,12,20,12,9,臺中市,南區,0,1,0,8,1,5,50,4,1,1,5,4,5,7,1,1,10,5,5,2,15,25,3,10,1,1,B03,7,9,1,10,2,5,  ,25,25,1,4,8,B03,24.123427,120.665796,2
2018,12,20,12,10,臺中市,大里區,0,0,,8,,,50,,,,,,,,,,,,,,,,,,,,B03,,,1,,2,,,12,,1,21,,B03,24.079193,120.693978,3
2018,12,20,12,11,臺中市,沙鹿區,0,0,,8,,,50,,,,,,,,,,,,,,,,,,,,C03,,,1,,2,,,43,,1,4,,C03,24.21677,120.570773,3
2018,12,20,12,12,臺中市,潭子區,0,0,,8,,,60,,,,,,,,,,,,,,,,,,,,B03,,,1,,2,,,42,,1,22,,B03,24.215677,120.704675,3
2018,12,20,12,15,臺中市,北區,0,1,0,8,1,5,50,4,1,1,5,4,5,7,4,4,5,5,5,2,18,23,2,9,1,1,C03,7,5,1,10,2,14,  ,23,23,1,5,8,C03,24.161188,120.682324,2
2018,12,20,12,16,臺中市,西屯區,0,1,0,8,1,5,50,4,2,1,5,4,5,7,1,1,5,4,4,2,13,16,3,10,1,1,B01,7,9,1,8,2,1,  ,16,16,1,22,8,B01,24.175607,120.659467,2
2018,12,20,12,20,臺中市,東區,0,2,0,8,1,5,50,4,1,1,5,4,5,7,4,4,10,5,5,2,16,6,2,9,1,1,C03,7,5,1,10,2,14,  ,6,6,1,22,8,C03,24.14546,120.691023,2
2018,12,20,12,23,臺中市,沙鹿區,0,0,0,8,,,50,,,,,,,,,,,,,,,12,  ,  ,  ,  ,B11,  ,  ,1,  ,2,  ,  ,12,12,  ,  ,  ,B11,24.242081,120.561138,3
2018,12,20,12,24,臺中市,北區,0,0,,,,,,,,,,,,,,,,,,,,,,,,,B03,,,1,,2,,,19,,1,  ,,B03,24.157256,120.692947,3
2018,12,20,12,28,臺中市,北屯區,0,0,,8,,,50,,,,,,,,,,,,,,,,,,,,B03,,,6,,2,,,23,,1,  ,,B03,24.163329,120.720021,3
2018,12,20,12,35,臺中市,烏日區,0,1,0,8,1,5,40,5,9,1,5,4,5,6,1,1,10,5,5,1,16,25,2,9,1,1,C04,7,9,3,18,2,11,  ,25,25,1,22,8,C04,24.078,120.6319,2
2018,12,20,12,37,臺中市,西區,0,0,0,8,,,50,,,,,,,,,,,,,,,23,3,  ,  ,  ,B03,  ,  ,1,  ,2,  ,  ,23,23,  ,5,  ,B03,24.154556,120.659936,3
2018,12,20,12,40,臺中市,潭子區,0,1,0,8,1,5,50,14,7,1,5,4,5,7,1,1,5,5,4,2,16,10,2,8,1,1,C03,7,11,1,10,2,12,  ,10,10,1,22,9,C03,24.21229,120.710661,2
2018,12,20,12,41,臺中市,西區,0,1,0,8,1,5,50,4,1,1,5,4,5,7,1,1,10,5,5,2,13,23,2,9,1,1,C03,7,9,1,10,2,11,  ,23,23,1,21,8,C03,24.150848,120.660176,2
2018,12,20,13,10,臺中市,北屯區,0,0,,8,,,50,,,,,,,,,,,,,,,,,,,,B03,,,1,,2,,,16,,1,21,,B03,24.188416,120.686469,3
2018,12,20,13,17,臺中市,西區,0,1,0,8,1,5,50,4,1,1,5,4,5,7,2,1,10,5,5,2,17,43,2,9,1,1,C03,7,9,1,10,2,14,  ,43,43,1,5,7,C03,24.136551,120.661704,2
2018,12,20,13,21,臺中市,霧峰區,0,0,,8,,,50,,,,,,,,,,,,,,,,,,,,C03,,,1,,2,,,23,,1,  ,,C03,24.078595,120.70911,3
2018,12,20,13,24,臺中市,西區,0,1,0,8,1,5,40,4,1,1,5,4,5,7,1,1,10,5,5,2,16,42,3,10,1,1,B02,7,6,1,8,1,2,  ,42,42,1,21,8,B02,24.155584,120.661926,2
2018,12,20,13,28,臺中市,西屯區,0,0,,8,,,40,,,,,,,,,,,,,,,,,,,,B03,,,1,,2,,,23,,1,  ,,B03,24.200778,120.657993,3
2018,12,20,13,33,臺中市,北區,0,1,0,8,1,5,50,4,1,1,5,4,5,7,4,4,10,5,5,2,15,6,2,9,1,1,C03,7,9,1,10,2,12,  ,6,6,1,5,8,C03,24.161636,120.679946,2
2018,12,20,13,38,臺中市,北屯區,0,0,,8,,,50,,,,,,,,,,,,,,,,,,,,B12,,,1,,2,,,16,,1,4,,B12,24.17467,120.694425,3
2018,12,20,13,40,臺中市,西屯區,0,1,0,8,1,5,50,3,1,1,5,4,5,7,1,1,10,5,5,2,16,10,3,10,1,1,B03,7,11,1,8,2,4,  ,10,10,1,21,8,B03,24.178497,120.643458,2
2018,12,20,13,43,臺中市,西屯區,0,0,0,,,,60,,,,,,,,,,,,,,12,7,  ,  ,  ,  ,B03,  ,  ,1,  ,2,5,  ,7,7,1,22,  ,B03,24.162899,120.649046,3
2018,12,20,13,49,臺中市,新社區,0,0,0,8,,,50,,,,,,,,,,,,,,,23,  ,  ,  ,  ,B12,  ,  ,1,  ,2,  ,  ,23,23,1,7,  ,B12,24.2557,120.806895,3
2018,12,20,13,50,臺中市,大甲區,0,0,,8,,,50,,,,,,,,,,,,,,,,,,,,B03,,,1,,2,,,18,,1,5,,B03,24.347511,120.618721,3
2018,12,20,13,53,臺中市,西屯區,0,2,0,8,1,5,40,4,1,1,5,4,5,7,1,1,9,4,4,2,12,43,2,7,1,1,C03,7,6,1,10,2,12,  ,43,43,1,21,8,C03,24.18198,120.635263,2
2018,12,20,13,53,臺中市,大甲區,0,0,0,,,,,,,,,,,,,,,,,,,23,  ,  ,  ,  ,B03,  ,  ,1,  ,2,  ,  ,23,23,1,19,  ,B03,24.346872,120.636772,3
2018,12,20,13,59,臺中市,南屯區,0,0,,8,,,50,,,,,,,,,,,,,,,,,,,,B03,,,1,,2,,,6,,1,22,,B03,24.136334,120.627076,3
2018,12,20,14,2,臺中市,東區,0,0,,8,,,50,,,,,,,,,,,,,,,,,,,,B03,,,1,,2,,,23,,1,22,,B03,24.132438,120.688725,3
2018,12,20,14,6,臺中市,梧棲區,0,0,,8,,,50,,,,,,,,,,,,,,,,,,,,B03,,,1,,2,,,12,,  ,  ,,B03,24.253636,120.535828,4
2018,12,20,14,10,臺中市,西屯區,0,1,0,8,1,5,40,14,8,1,5,4,5,7,4,4,1,5,1,2,17,19,3,10,1,1,B03,7,1,1,8,2,4,  ,19,19,1,22,9,B03,24.183591,120.606488,2
2018,12,20,14,12,臺中市,太平區,0,0,,8,,,50,,,,,,,,,,,,,,,,,,,,B03,,,1,,2,,,23,,1,5,,B03,24.159094,120.712511,3
2018,12,20,14,15,臺中市,北屯區,0,1,0,8,1,5,40,4,1,1,5,4,5,7,3,1,10,5,5,2,16,6,3,10,3,4,B03,7,5,1,8,2,1,  ,6,6,1,21,8,B03,24.177363,120.727533,2
2018,12,20,14,27,臺中市,北屯區,0,1,0,8,1,5,50,4,2,1,5,4,5,7,1,1,10,5,5,2,16,7,3,10,1,1,B01,7,8,1,4,2,5,  ,7,7,1,5,8,B01,24.167671,120.70052,2
2018,12,20,14,30,臺中市,北區,0,2,0,8,1,5,50,4,1,1,5,4,5,7,2,1,10,5,5,2,16,19,2,9,1,1,C03,7,1,1,10,2,14,  ,19,19,1,22,8,C03,24.1464,120.686,2
2018,12,20,14,30,臺中市,北屯區,0,0,,8,,,50,,,,,,,,,,,,,,,,,,,,B03,,,1,,2,,,23,,1,  ,,B03,24.171515,120.685667,3
2018,12,20,14,33,臺中市,中區,0,0,0,8,,,50,,,,,,,,,,,,,,,6,3,  ,  ,  ,B03,  ,  ,1,  ,2,  ,  ,6,6,  ,5,  ,B03,24.141529,120.679946,3
2018,12,20,14,40,臺中市,大安區,0,1,0,8,1,5,50,4,1,1,5,4,5,7,1,1,10,5,5,2,17,25,2,9,1,1,C03,7,9,3,18,2,12,  ,25,25,1,22,9,C03,24.345994,120.586658,2
2018,12,20,14,40,臺中市,新社區,0,0,0,8,,,50,,,,,,,,,,,,,,,23,  ,  ,  ,  ,C03,  ,  ,1,  ,2,  ,  ,23,23,1,18,  ,C03,24.196786,120.803296,3
2018,12,20,14,45,臺中市,南屯區,0,0,0,8,,,50,,,,,,,,4,,,,,,,12,3,  ,  ,  ,B02,  ,  ,1,  ,2,  ,  ,12,12,1,21,  ,B02,24.149912,120.652739,3
2018,12,20,14,45,臺中市,西屯區,0,1,0,8,1,5,40,14,8,1,5,4,5,7,2,1,1,4,4,2,17,13,2,9,1,1,C03,7,8,1,10,2,11,14,13,13,1,22,8,C03,24.180832,120.619604,2
2018,12,20,14,55,臺中市,大里區,0,0,,8,,,50,,,,,,,,,,,,,,,,,,,,B03,,,1,,2,,,16,,1,21,,B03,24.100645,120.689608,3
2018,12,20,14,58,臺中市,西區,0,1,0,8,1,5,50,3,1,1,5,4,5,7,4,4,10,5,5,2,13,16,3,10,1,1,B03,7,9,1,10,2,5,  ,16,16,1,21,8,B03,24.144333,120.66315,2
2018,12,20,14,59,臺中市,太平區,0,1,0,8,1,5,50,5,1,1,5,4,5,7,4,4,5,5,5,1,17,44,2,9,1,1,C03,7,5,1,9,2,12,  ,23,44,1,21,1,C03,24.144858,120.714331,2
2018,12,20,15,30,臺中市,南區,0,0,,8,,,50,,,,,,,,,,,,,,,,,,,,A11,,,1,,2,,,23,,1,10,,A11,24.112441,120.664976,3
2018,12,20,15,31,臺中市,西屯區,0,1,0,8,1,5,50,5,1,1,5,4,5,7,2,1,10,5,5,2,12,26,3,10,3,4,B03,7,6,1,8,2,2,  ,26,26,1,22,8,B03,24.176127,120.659119,2
2018,12,20,15,32,臺中市,北屯區,0,1,0,8,1,5,50,4,1,1,5,4,5,7,1,1,10,5,5,2,18,23,2,7,1,1,C03,7,9,1,10,2,12,  ,23,23,1,5,8,C03,24.161014,120.697388,2
2018,12,20,15,34,臺中市,霧峰區,0,0,,8,,,50,,,,,,,,,,,,,,,,,,,,B03,,,1,,2,,,6,,1,22,,B03,24.062086,120.696965,3
2018,12,20,15,35,臺中市,梧棲區,0,0,,8,,,40,,,,,,,,,,,,,,,,,,,,A12,,,1,,2,,,6,,  ,  ,,A12,24.226813,120.52657,4
2018,12,20,15,38,臺中市,龍井區,0,1,0,8,1,5,40,4,1,1,5,4,5,7,2,1,10,5,5,2,16,23,2,8,1,1,C03,7,9,1,10,2,15,  ,23,23,1,22,8,C03,24.18706,120.583295,2
2018,12,20,15,38,臺中市,大雅區,0,1,0,8,1,5,50,14,8,1,5,4,5,7,4,4,1,4,4,1,13,16,2,8,1,1,C03,7,9,1,10,2,11,  ,16,16,1,22,8,C03,24.220211,120.659323,2
2018,12,20,15,43,臺中市,西屯區,0,1,0,8,1,5,40,14,8,1,5,4,5,7,4,4,1,5,1,2,13,16,2,9,3,4,C03,7,9,1,10,2,11,  ,16,16,1,22,9,C03,24.166365,120.659234,2
2018,12,20,15,54,臺中市,太平區,,,,8,,,50,,,,,,,,,,,,,,,,,,,,B03,,,1,,2,,,23,,1,5,,B03,24.125806,120.72828,3
2018,12,20,16,0,臺中市,大雅區,0,1,0,8,1,5,40,14,9,1,5,4,5,7,4,4,10,5,5,2,12,41,2,9,1,2,C03,7,9,3,18,3,14,  ,41,41,1,22,9,C03,24.20847,120.641332,2
2018,12,20,16,5,臺中市,霧峰區,0,0,0,8,1,5,50,14,8,1,5,4,5,7,4,1,1,4,1,1,13,23,3,10,1,1,B12,7,9,1,8,2,1,  ,23,23,1,10,8,B12,24.085994,120.658054,3
2018,12,20,16,7,臺中市,西區,0,2,0,8,1,5,50,4,2,1,5,4,5,7,1,1,5,5,5,2,16,4,2,9,1,1,C03,7,9,3,18,2,11,  ,4,4,1,21,8,C03,24.154204,120.660628,2
2018,12,20,16,10,臺中市,龍井區,0,1,0,8,1,5,50,14,9,1,5,4,5,7,4,4,9,5,5,2,18,23,2,9,3,4,F03,7,9,8,20,8,15,  ,23,23,1,9,9,F03,24.211721,120.521311,2
2018,12,20,16,12,臺中市,西屯區,0,1,0,8,1,5,50,4,1,1,5,4,5,7,1,1,10,5,5,2,17,25,3,10,1,1,B03,7,6,1,8,2,2,  ,44,25,1,21,8,B03,24.181735,120.635731,2
2018,12,20,16,14,臺中市,西屯區,0,2,0,8,1,5,50,4,1,1,5,4,5,7,2,1,10,5,5,2,16,43,2,9,1,1,C03,7,9,1,10,2,11,  ,43,43,1,22,8,C03,24.175036,120.665802,2
2018,12,20,16,14,臺中市,沙鹿區,0,0,,8,,,50,,,,,,,,,,,,,,,,,,,,B03,,,1,,2,,,23,,1,6,,B03,24.226541,120.567832,3
2018,12,20,16,15,臺中市,大雅區,0,1,0,8,1,5,50,4,1,1,5,4,5,7,4,4,9,4,5,1,17,10,3,10,1,1,B03,7,11,1,8,2,15,  ,10,10,1,22,9,B03,24.22199,120.64815,2
2018,12,20,16,20,臺中市,北區,0,1,0,8,1,5,50,3,1,1,5,4,5,7,4,4,10,5,5,2,16,6,3,10,1,1,C03,7,5,1,10,2,12,  ,6,6,1,5,8,C03,24.171705,120.67052,2
2018,12,20,16,27,臺中市,南屯區,0,0,,8,,,50,,,,,,,,,,,,,,,,,,,,B12,,,1,,2,,,7,,1,  ,,B12,24.149281,120.623086,3
2018,12,20,16,27,臺中市,太平區,0,1,0,8,2,5,50,14,7,1,5,4,5,7,4,4,5,5,4,1,12,23,2,7,1,1,C03,7,9,1,10,2,11,  ,23,23,1,21,1,C03,24.130326,120.720035,2
2018,12,20,16,28,臺中市,北屯區,0,0,,8,,,40,,,,,,,,,,,,,,,,,,,,B03,,,1,,2,,,12,,1,5,,B03,24.170493,120.70988,3
2018,12,20,16,43,臺中市,烏日區,0,1,0,8,1,5,50,3,7,1,5,4,5,7,1,1,5,4,4,1,11,8,3,10,1,1,B03,7,5,1,8,2,3,  ,8,8,1,22,8,B03,24.106363,120.62348,2
2018,12,20,16,45,臺中市,北屯區,0,0,,8,,,50,,,,,,,,,,,,,,,,,,,,B03,,,1,,2,,,16,,1,  ,,B03,24.171442,120.690992,3
2018,12,20,16,51,臺中市,清水區,0,0,,8,,,40,,,,,,,,,,,,,,,,,,,,A11,,,1,,2,,,6,,1,10,,A11,24.263198,120.559339,3
2018,12,20,17,5,臺中市,大肚區,0,0,,8,,,40,,,,,,,,,,,,,,,,,,,,B03,,,1,,2,,,23,,1,21,,B03,24.125096,120.568469,3
2018,12,20,17,5,臺中市,大甲區,0,1,0,8,2,5,40,14,9,1,5,4,5,7,4,4,10,5,5,2,16,23,2,8,1,1,C03,7,9,3,18,2,11,  ,23,23,1,4,8,C03,24.346874,120.633041,2
2018,12,20,17,5,臺中市,潭子區,0,0,,8,,,50,,,,,,,,,,,,,,,,,,,,B03,,,1,,2,,,7,,1,22,,B03,24.200968,120.702789,3
2018,12,20,17,6,臺中市,北屯區,0,0,,8,,,50,,,,,,,,,,,,,,,,,,,,B03,,,1,,9,,,19,,2,  ,,B03,24.172655,120.685562,3
2018,12,20,17,7,臺中市,北屯區,0,1,0,8,2,5,50,4,1,1,5,4,5,7,4,4,10,5,5,2,17,23,2,3,1,1,B12,7,9,1,8,2,5,1,23,23,1,21,8,B12,24.193493,120.747458,2
2018,12,20,17,7,臺中市,潭子區,0,0,,8,,,60,,,,,,,,,,,,,,,,,,,,C03,,,1,,2,,,7,,1,  ,,C03,24.217113,120.688388,3
2018,12,20,17,9,臺中市,大里區,0,0,,8,,,50,,,,,,,,,,,,,,,,,,,,B12,,,1,,2,,,37,,1,22,,B12,24.090811,120.691956,3
2018,12,20,17,10,臺中市,西屯區,0,0,,8,,,60,,,,,,,,,,,,,,,,,,,,B02,,,1,,2,,,23,,1,22,,B02,24.186083,120.637355,3
2018,12,20,17,13,臺中市,西區,0,1,0,8,1,5,50,14,9,1,5,4,5,7,4,4,10,5,5,2,17,19,3,10,1,1,B03,7,1,1,8,2,8,  ,19,19,1,4,9,B03,24.139608,120.658556,2
2018,12,20,17,14,臺中市,北屯區,0,1,0,8,3,5,50,14,9,1,5,4,5,7,4,4,5,4,5,2,14,12,3,10,1,1,B03,7,2,1,8,2,7,  ,12,12,1,22,8,B03,24.170293,120.698211,2
2018,12,20,17,18,臺中市,后里區,0,0,,8,,,50,,,,,,,,,,,,,,,,,,,,B03,,,1,,2,,,16,,1,4,,B03,24.287703,120.73013,3
2018,12,20,17,21,臺中市,南屯區,0,0,,8,,,50,,,,,,,,,,,,,,,,,,,,B03,,,1,,2,,,23,,1,22,,B03,24.154268,120.634868,3
2018,12,20,17,25,臺中市,南屯區,0,1,0,8,3,5,50,14,9,1,5,4,5,7,4,4,1,4,5,2,13,23,2,9,1,1,C03,7,9,1,10,2,12,  ,23,23,1,22,9,C03,24.144093,120.644761,2
2018,12,20,17,28,臺中市,龍井區,0,1,0,8,3,5,40,14,9,1,5,4,5,7,4,4,9,4,5,1,12,23,2,8,1,1,C03,7,9,2,18,2,12,  ,23,23,1,16,8,C03,24.212668,120.527626,2
2018,12,20,17,30,臺中市,大雅區,0,0,,8,,,50,,,,,,,,,,,,,,,,,,,,B03,,,1,,9,,,12,,2,22,,B03,24.223355,120.646323,3
2018,12,20,17,33,臺中市,龍井區,0,0,,8,,,50,,,,,,,,,,,,,,,,,,,,B12,,,1,,2,,,6,,1,22,,B12,24.182791,120.57939,3
2018,12,20,17,35,臺中市,南屯區,0,0,,8,,,50,,,,,,,,,,,,,,,,,,,,F01,,,8,,2,,,42,,1,15,,F01,24.146854,120.643826,3
2018,12,20,17,35,臺中市,豐原區,0,0,,8,,,60,,,,,,,,,,,,,,,17,,,,,B03,,,1,,2,,,44,17,1,4,,B03,,,3