年,月,日,時,分,縣市,區,死,受傷,2-30,天候,光線,道路類別,速限,道路型態,事故位置,路面鋪裝,路面狀態,路面缺陷,障礙物,視距,號誌種類,號誌動作,分向設施,快車道或一般車道間,快慢車道間,路面邊線,事故類型及型態,主要肇因,受傷程度,主要傷處,保護裝備,行動電話,當事者區分_類別,車輛用途,當事者行動狀態,駕駛資格情形,駕駛執照種類,飲酒情形,車輛撞擊部位最初,車輛撞擊部位其他,肇事因素個別,肇事因素主要,肇事逃逸,職業,旅次目的,車種,GPS座標X,GPS座標Y,事故類別
2018,12,20,17,39,臺中市,北屯區,0,0,0,8,3,5,50,15,9,1,5,4,5,7,4,4,10,5,5,2,14,12,3,10,1,1,B03,7,2,1,8,2,7,  ,12,12,1,21,8,B03,24.172674,120.682872,3
2018,12,20,17,40,臺中市,西區,0,2,0,8,2,5,50,4,1,1,5,4,5,7,1,1,10,5,5,2,16,42,3,10,1,1,B03,7,6,1,8,2,2,  ,42,42,1,21,8,B03,24.142728,120.679923,2
2018,12,20,17,43,臺中市,南屯區,0,0,,8,,,50,,,,,,,,,,,,,,,,,,,,B03,,,1,,2,,,16,,1,  ,,B03,24.140145,120.644766,3
2018,12,20,17,43,臺中市,龍井區,0,0,,8,,,60,,,,,,,,,,,,,,,,,,,,B03,,,1,,2,,,7,,1,22,,B03,24.186405,120.585015,3
2018,12,20,17,44,臺中市,潭子區,0,2,0,8,3,5,50,4,1,1,5,4,5,7,1,1,10,5,5,2,16,6,2,9,1,1,C03,7,5,1,10,2,11,  ,6,6,1,22,8,C03,24.207087,120.70683,2
2018,12,20,17,45,臺中市,霧峰區,0,0,0,8,3,6,50,14,9,1,5,4,5,7,4,4,10,5,5,1,11,17,3,10,1,1,B03,7,9,1,8,2,4,  ,17,17,1,21,8,B03,24.067896,120.656899,3
2018,12,20,17,50,臺中市,北屯區,0,2,0,8,3,5,40,14,7,1,5,4,5,7,4,4,5,5,4,2,3,51,2,9,4,5,H01,8,16,8,20,10,16,  ,51,51,1,21,8,H01,24.174824,120.696982,2
2018,12,20,17,52,臺中市,太平區,0,2,0,8,3,5,50,14,7,1,5,4,5,7,4,4,5,5,4,1,13,23,2,9,1,1,C03,7,9,1,10,2,11,  ,23,23,1,5,8,C03,24.159071,120.712235,2
2018,12,20,17,54,臺中市,西屯區,0,1,0,8,3,5,50,5,1,1,5,4,5,7,4,4,10,5,5,2,17,23,3,10,3,4,C03,7,9,1,10,2,11,  ,23,23,1,22,8,C03,24.177345,120.618266,2
2018,12,20,17,54,臺中市,太平區,0,0,,8,,,80,,,,,,,,,,,,,,,,,,,,B03,,,1,,2,,,16,,1,21,,B03,24.150616,120.71513,3
2018,12,20,17,55,臺中市,清水區,,,,8,,,40,,,,,,,,,,,,,,,,,,,,B03,,,1,,2,,,16,,1,21,,B03,24.273678,120.546549,4
2018,12,20,17,57,臺中市,南區,0,0,0,8,,,50,,,,,,,,,,,,,,,7,3,  ,  ,  ,B03,  ,  ,1,  ,2,  ,  ,7,7,  ,5,  ,B03,24.13414,120.657223,3
2018,12,20,17,57,臺中市,烏日區,0,0,0,8,,,50,,,,,,,,,,,,,,,6,  ,  ,  ,  ,B03,  ,  ,1,  ,2,  ,  ,6,6,1,21,  ,B03,24.110136,120.647363,3
2018,12,20,17,58,臺中市,霧峰區,0,0,,8,,,70,,,,,,,,,,,,,,,,,,,,B03,,,1,,2,,,23,,1,21,,B03,24.050781,120.694737,3
2018,12,20,18,1,臺中市,潭子區,0,1,0,8,2,5,60,4,1,1,5,4,5,7,1,1,10,5,5,2,12,17,3,10,1,1,B03,7,9,1,8,2,2,  ,17,17,1,21,8,B03,24.215661,120.705116,2
2018,12,20,18,2,臺中市,大甲區,0,0,0,8,3,5,,4,9,1,5,4,5,7,1,1,4,3,5,1,13,23,3,10,1,1,B12,7,9,1,8,2,1,  ,23,23,1,21,1,B12,24.375944,120.64943,3
2018,12,20,18,5,臺中市,南屯區,0,0,,8,,,50,,,,,,,,,,,,,,,,,,,,B03,,,1,,2,,,23,,1,  ,,B03,24.142151,120.638766,4
2018,12,20,18,9,臺中市,東區,0,2,0,8,1,5,50,5,1,1,5,4,5,7,2,1,10,5,5,2,13,23,2,9,1,1,C03,7,9,1,10,2,11,  ,23,23,1,22,8,C03,24.136968,120.689099,2
2018,12,20,18,10,臺中市,大肚區,0,1,0,8,3,5,50,14,7,1,5,4,5,7,4,4,1,4,4,1,13,23,2,9,1,1,C03,7,9,1,10,2,11,  ,23,23,1,21,8,C03,24.121995,120.567936,2
2018,12,20,18,13,臺中市,北屯區,0,0,0,8,3,5,50,4,2,1,5,4,5,7,1,1,5,2,4,2,13,23,3,10,1,1,B03,7,9,1,7,8,1,  ,23,23,1,21,8,B03,24.176804,120.719298,3
2018,12,20,18,14,臺中市,西屯區,0,0,,8,,,50,,,,,,,,,,,,,,,,,,,,C03,,,1,,2,,,43,,1,22,,C03,24.180695,120.618538,3
2018,12,20,18,15,臺中市,潭子區,0,0,,8,,,60,,,,,,,,,,,,,,,,,,,,B03,,,1,,2,,,9,,1,22,,B03,24.203814,120.70439,3
2018,12,20,18,17,臺中市,南屯區,0,0,,8,,,50,,,,,,,,,,,,,,,,,,,,B03,,,1,,2,,,23,,1,22,,B03,24.150959,120.646928,3
2018,12,20,18,18,臺中市,西屯區,0,0,0,8,,,50,,,,,,,,,,,,,,,7,  ,  ,  ,  ,B03,  ,  ,1,  ,2,  ,  ,7,7,1,21,  ,B03,24.183345,120.614328,3
2018,12,20,18,22,臺中市,南區,0,0,,,,,,,,,,,,,,,,,,,,,,,,,B03,,,1,,2,,,6,,1,21,,B03,24.11418,120.670076,3
2018,12,20,18,28,臺中市,北屯區,0,0,,8,,,50,,,,,,,,,,,,,,,43,,,,,B11,,,1,,2,,,23,43,1,  ,,B11,24.164382,120.694007,3
2018,12,20,18,30,臺中市,沙鹿區,0,1,0,8,3,5,40,14,8,1,5,2,5,7,4,4,1,4,4,1,18,43,2,9,4,5,F01,7,9,8,20,2,16,  ,43,43,1,4,8,F01,24.250166,120.59685,2
2018,12,20,18,32,臺中市,南屯區,0,1,0,8,3,5,50,4,1,1,5,4,5,7,2,1,10,5,5,2,16,26,3,10,1,1,B03,7,6,1,8,2,5,  ,26,26,1,22,9,B03,24.149645,120.621298,2
2018,12,20,18,37,臺中市,西區,0,0,0,8,,,0,,,,,,,,,,,,,,,,  ,  ,  ,  ,   ,  ,  ,  ,  ,  ,  ,  ,  ,  ,  ,  ,  ,   ,24.147903,120.666021,3
2018,12,20,18,41,臺中市,南屯區,0,0,,8,,,40,,,,,,,,,,,,,,,,,,,,C03,,,1,,2,,,26,,1,  ,,C03,24.150949,120.647456,3
2018,12,20,18,41,臺中市,烏日區,0,1,0,7,3,5,40,4,2,1,5,4,5,7,1,1,1,4,5,2,11,9,3,10,1,1,B03,7,6,1,8,2,4,  ,9,9,1,21,8,B03,24.11199,120.607881,2
2018,12,20,18,45,臺中市,北區,0,1,0,8,3,5,50,4,2,1,5,4,5,7,2,1,1,2,4,2,17,19,3,10,1,1,B03,7,1,4,10,2,8,  ,19,19,1,22,8,B03,24.1538,120.6773,2
2018,12,20,18,50,臺中市,東區,0,1,0,7,3,5,50,4,1,1,5,4,5,7,1,1,10,5,5,2,16,6,3,10,1,1,B03,7,5,1,8,2,8,  ,6,6,1,22,8,B03,24.142715,120.701222,2
2018,12,20,18,50,臺中市,北屯區,0,1,0,8,3,5,50,4,1,1,5,4,5,7,4,4,1,1,5,2,12,26,3,10,1,1,B03,7,6,1,8,2,7,  ,26,26,1,21,8,B03,24.182151,120.701863,2
2018,12,20,18,57,臺中市,南區,0,0,,8,2,5,50,14,7,1,5,4,5,7,1,1,1,4,4,2,13,,,,,,B03,,,1,,2,,,42,,1,5,,B03,24.127882,120.667536,3
2018,12,20,18,59,臺中市,北區,0,1,0,8,3,5,50,14,7,1,5,4,5,7,4,4,5,4,5,2,13,23,3,10,1,1,B03,7,9,1,8,2,1,  ,23,23,1,21,8,B03,24.147253,120.690474,2
2018,12,20,18,59,臺中市,后里區,0,1,0,8,3,5,50,3,1,1,5,4,5,7,4,4,9,5,4,2,16,10,3,10,3,4,B03,7,11,1,8,2,7,  ,10,10,1,22,9,B03,24.302728,120.715723,2
2018,12,20,19,15,臺中市,大里區,0,2,0,8,3,5,50,14,9,1,5,4,5,7,4,4,9,4,5,1,13,6,2,9,1,1,C03,7,9,1,10,2,11,  ,23,6,1,5,8,C03,24.093498,120.681993,2
2018,12,20,19,18,臺中市,南區,0,0,,,,,,,,,,,,,,,,,,,,,,,,,B03,,,1,,2,,,23,,1,21,,B03,24.115692,120.650124,3
2018,12,20,19,18,臺中市,南屯區,0,1,0,8,3,5,50,14,9,1,5,4,5,7,4,4,5,5,5,2,14,12,2,1,1,1,C03,7,2,1,10,2,12,  ,12,12,1,22,9,C03,24.148775,120.645468,2
2018,12,20,19,22,臺中市,大里區,0,0,0,8,3,5,50,14,9,1,5,4,5,7,4,4,10,5,5,2,17,17,3,10,1,1,B12,7,15,1,8,2,2,  ,17,17,1,5,8,B12,24.108845,120.705303,3
2018,12,20,19,27,臺中市,南屯區,0,2,0,8,3,5,50,4,1,1,5,4,5,7,4,4,10,5,5,2,16,6,2,9,3,4,C03,7,5,1,10,2,12,  ,6,6,1,22,9,C03,24.130729,120.652468,2
2018,12,20,19,30,臺中市,西區,0,0,,8,,,50,,,,,,,,,,,,,,,,,,,,B03,,,1,,2,,,7,,1,21,,B03,24.146764,120.649818,3
2018,12,20,19,32,臺中市,北區,0,0,0,8,,,50,,,,,,,,,,,,,,,23,3,  ,  ,  ,B03,  ,  ,1,  ,2,  ,  ,23,23,1,5,  ,B03,24.152034,120.67952,3
2018,12,20,19,38,臺中市,南區,0,1,0,8,3,5,50,3,1,1,5,4,5,7,4,4,10,4,5,2,16,6,3,10,1,1,B03,7,6,1,8,2,1,  ,6,6,1,4,5,B03,24.121284,120.660904,2
2018,12,20,19,40,臺中市,中區,0,1,0,8,3,5,50,14,9,1,5,4,5,7,4,4,10,4,5,2,12,23,2,7,1,1,C03,7,9,1,10,2,11,  ,23,23,1,5,9,C03,24.142575,120.676041,2
2018,12,20,19,43,臺中市,沙鹿區,0,1,0,7,3,5,50,4,2,1,5,4,5,7,3,1,10,5,5,2,17,10,3,10,1,1,B12,7,11,1,8,2,15,  ,10,10,1,22,9,B12,24.253591,120.567737,2
2018,12,20,19,44,臺中市,北區,0,0,,8,,,50,,,,,,,,,,,,,,,,,,,,B03,,,1,,2,,,6,,1,22,,B03,24.162537,120.679972,3
2018,12,20,19,45,臺中市,潭子區,0,1,0,8,3,5,50,3,2,1,5,4,5,7,3,1,1,2,5,1,13,7,2,9,1,1,C03,7,7,1,10,2,13,  ,7,7,1,22,8,C03,24.21596,120.693798,2
2018,12,20,19,55,臺中市,大里區,0,3,0,8,3,5,50,3,2,1,5,4,5,7,1,1,10,5,5,1,16,6,2,9,1,1,C03,7,5,1,10,2,11,  ,6,6,1,22,9,C03,24.087536,120.705483,2
2018,12,20,19,57,臺中市,北屯區,0,1,0,8,3,5,50,4,1,1,5,4,5,7,3,1,10,5,5,2,15,6,2,9,1,1,C03,7,9,1,10,2,14,  ,6,6,1,21,8,C03,24.190473,120.687556,2
2018,12,20,19,57,臺中市,西屯區,0,0,0,8,,,50,,,,,,,,,,,,,,,16,  ,  ,  ,  ,B03,  ,  ,1,  ,2,  ,  ,16,16,1,21,  ,B03,24.172576,120.663776,3
2018,12,20,20,0,臺中市,北區,0,0,0,8,,,50,,,,,,,,,,,,,,,23,  ,  ,  ,  ,B02,  ,  ,1,  ,2,  ,  ,23,23,1,22,  ,B02,24.1654,120.6765,3
2018,12,20,20,3,臺中市,西屯區,0,0,,8,,,40,,,,,,,,,,,,,,,,,,,,B03,,,1,,2,,,26,,1,22,,B03,24.196053,120.647757,3
2018,12,20,20,12,臺中市,南屯區,0,0,,8,,,50,,,,,,,,,,,,,,,,,,,,B03,,,1,,2,,,23,,1,  ,,B03,24.145196,120.622063,4
2018,12,20,20,13,臺中市,潭子區,0,3,0,8,3,5,60,4,1,1,5,4,5,7,1,1,10,5,5,2,13,23,2,9,1,1,C03,7,9,1,10,2,11,  ,23,23,1,21,8,C03,24.215815,120.705273,2
2018,12,20,20,15,臺中市,大雅區,0,0,,8,,,40,,,,,,,,,,,,,,,,,,,,B03,,,1,,9,,,43,,2,22,,B03,24.233528,120.669437,3
2018,12,20,20,18,臺中市,太平區,0,1,0,8,3,5,50,3,1,1,5,4,5,7,4,4,5,5,5,1,16,8,3,10,1,1,B03,7,5,1,8,2,6,  ,8,8,1,21,8,B03,24.140052,120.715906,2
2018,12,20,20,19,臺中市,西區,0,0,0,8,,,0,,,,,,,,,,,,,,,,3,  ,  ,  ,C03,  ,  ,1,  ,2,  ,  ,1,  ,  ,21,  ,C03,24.154988,120.66368,3
2018,12,20,20,19,臺中市,南屯區,0,0,,8,,,50,,,,,,,,,,,,,,,,,,,,B03,,,1,,2,,,6,,1,22,,B03,24.14033,120.625854,3
2018,12,20,20,30,臺中市,北屯區,0,0,,8,,,50,,,,,,,,,,,,,,,,,,,,C03,,,1,,2,,,42,,1,  ,,C03,24.177841,120.693189,3
2018,12,20,20,46,臺中市,大雅區,0,1,0,8,3,5,50,4,2,1,5,4,5,7,1,1,9,4,4,1,12,23,2,8,1,1,C03,7,9,1,10,2,11,  ,23,23,1,22,9,C03,24.23258,120.6621,2
2018,12,20,20,50,臺中市,太平區,0,0,,8,,,40,,,,,,,,,,,,,,,,,,,,B03,,,1,,2,,,17,,1,18,,B03,24.127003,120.719621,3
2018,12,20,20,50,臺中市,大肚區,0,2,0,8,3,5,70,14,7,1,5,4,5,7,4,4,10,4,4,1,16,6,2,9,1,1,C03,7,5,1,10,2,13,  ,6,6,1,21,8,C03,24.139206,120.55009,2
2018,12,20,20,51,臺中市,北屯區,0,2,0,8,3,5,50,14,9,1,5,4,5,7,1,1,4,3,5,2,10,26,2,8,1,1,C03,7,4,1,10,2,11,  ,26,26,1,21,8,C03,24.175491,120.690301,2
2018,12,20,21,15,臺中市,西屯區,0,2,0,8,3,5,50,3,7,1,5,4,5,7,4,4,1,4,5,2,16,23,3,10,1,1,C03,7,9,1,10,2,11,  ,23,23,1,21,7,C03,24.165415,120.65146,2
2018,12,20,21,23,臺中市,北區,0,0,0,8,,,50,,,,,,,,,,,,,,,23,3,  ,  ,  ,B03,  ,  ,1,  ,2,  ,  ,23,23,1,5,  ,B03,24.149929,120.684096,3
2018,12,20,21,27,臺中市,南區,0,0,,8,3,5,50,14,9,1,5,4,5,7,4,4,5,5,5,2,17,,,,,,B03,,,1,,9,,,18,,1,5,,B03,24.127373,120.676051,3
2018,12,20,21,28,臺中市,西區,0,1,0,8,3,5,50,3,1,1,5,4,5,7,4,4,10,5,5,2,17,42,3,10,1,1,F03,7,6,8,20,2,15,  ,42,42,1,5,5,F03,24.142226,120.660236,2
2018,12,20,21,29,臺中市,西屯區,0,0,0,8,,,50,,,,,,,,,,,,,,,23,  ,  ,  ,  ,B03,  ,  ,1,  ,2,  ,  ,23,23,1,22,  ,B03,24.166836,120.587469,3
2018,12,20,21,44,臺中市,北屯區,0,0,,8,,,50,,,,,,,,,,,,,,,,,,,,B03,,,1,,2,,,9,,1,  ,,B03,24.163131,120.719557,3
2018,12,20,21,55,臺中市,西區,0,1,0,8,3,5,50,14,9,1,5,4,5,7,4,4,5,5,5,2,18,42,2,8,1,1,C03,7,9,1,10,2,14,  ,42,42,1,5,9,C03,24.136381,120.671861,2
2018,12,20,22,23,臺中市,北區,0,1,0,7,3,5,50,14,7,1,5,4,5,7,4,4,4,4,4,2,17,7,3,10,1,4,B03,7,7,1,8,2,4,  ,7,7,1,21,8,B03,24.158345,120.664395,2
2018,12,20,22,23,臺中市,南區,0,0,0,8,3,5,40,3,1,1,5,4,5,7,4,4,10,5,5,2,16,26,3,10,1,1,C03,7,5,1,10,2,14,  ,26,26,1,21,8,C03,24.113527,120.654952,3
2018,12,20,22,35,臺中市,西屯區,0,0,,8,,,60,,,,,,,,,,,,,,,,,,,,B03,,,1,,2,,,16,,1,22,,B03,24.157563,120.641648,3
2018,12,20,22,40,臺中市,后里區,0,1,0,8,3,5,60,3,9,1,5,4,5,7,4,4,5,4,5,1,27,23,2,9,3,4,C03,7,9,1,10,2,11,  ,23,23,1,21,8,C03,24.330098,120.729463,2
2018,12,20,22,46,臺中市,南屯區,0,0,,8,,,50,,,,,,,,,,,,,,,,,,,,B03,,,1,,2,,,12,,1,22,,B03,24.151477,120.63435,3
2018,12,20,23,11,臺中市,潭子區,0,1,0,8,3,5,50,4,1,1,5,4,5,7,1,1,10,5,5,2,17,6,3,10,1,1,B03,7,5,1,8,2,5,  ,6,6,1,21,8,B03,24.215715,120.705335,2
2018,12,20,23,30,臺中市,西區,0,2,0,8,3,5,40,14,8,1,5,4,5,7,4,4,1,4,4,2,13,16,2,9,1,1,C03,7,9,1,10,2,11,  ,16,16,1,18,9,C03,24.134574,120.657315,2
2018,12,20,23,31,臺中市,北屯區,0,1,0,8,3,5,50,14,9,1,5,4,5,7,4,4,4,3,5,2,16,10,3,10,1,1,B03,7,11,1,8,2,4,  ,10,10,1,21,8,B03,24.180625,120.741741,2
2018,12,20,23,34,臺中市,神岡區,0,2,0,8,3,5,40,11,9,1,5,4,5,7,3,1,9,5,5,1,18,21,2,1,1,4,C03,7,9,1,10,8,12,  ,21,21,1,21,9,C03,24.268877,120.673402,2
2018,12,21,0,13,臺中市,西屯區,0,2,0,8,3,5,40,14,8,1,5,4,5,7,4,4,1,5,1,2,17,42,2,9,1,1,C03,7,8,1,10,2,12,  ,42,42,1,21,8,C03,24.18246,120.6017,2
2018,12,21,2,38,臺中市,西屯區,0,0,,8,,,50,,,,,,,,,,,,,,,,,,,,B12,,,1,,11,,,12,,1,  ,,B12,24.158221,120.651488,3
2018,12,21,3,16,臺中市,西屯區,0,0,0,8,3,5,50,14,8,1,5,4,5,7,4,4,5,4,4,2,16,21,3,10,1,1,B03,7,11,1,8,8,5,  ,21,21,2,5,8,B03,24.17095,120.655877,3
2018,12,21,3,17,臺中市,西屯區,0,0,0,8,3,5,50,14,8,1,5,4,5,7,4,4,5,5,4,2,17,21,3,10,1,1,B03,7,9,1,8,8,8,  ,4,21,1,21,8,B03,24.174197,120.65774,3
2018,12,21,3,55,臺中市,大里區,0,0,0,8,3,5,40,4,2,1,5,4,5,7,1,1,1,4,5,2,17,21,3,10,1,1,B03,7,9,1,8,6,5,  ,23,21,1,21,8,B03,24.092601,120.690475,3
2018,12,21,4,57,臺中市,南區,0,1,0,8,3,5,50,4,1,1,5,4,5,7,1,1,10,5,5,2,23,23,2,9,1,1,B03,7,9,1,8,2,1,  ,23,23,1,22,9,B03,24.123933,120.679281,2
2018,12,21,5,42,臺中市,東區,0,0,0,,,,,,,,,,,,,,,,,,,,3,  ,  ,  ,B03,  ,  ,  ,  ,9,  ,  ,  ,  ,  ,21,  ,B03,,,3
2018,12,21,6,50,臺中市,北屯區,0,1,0,8,1,5,40,4,1,1,5,4,1,6,4,4,10,5,5,2,16,6,3,10,1,1,B12,7,5,1,8,2,5,  ,6,6,1,21,8,B12,24.166361,120.698664,2
2018,12,21,6,50,臺中市,霧峰區,0,1,0,8,1,5,60,4,1,1,5,4,5,7,1,1,10,5,5,2,15,25,3,10,1,1,B12,7,9,1,7,2,2,  ,25,25,1,5,8,B12,24.05972,120.662569,2
2018,12,21,7,0,臺中市,北屯區,0,2,0,8,1,5,40,3,1,1,5,4,5,7,4,4,10,5,5,2,16,6,2,9,1,4,C03,7,5,1,10,2,11,  ,6,6,1,19,8,C03,24.17803,120.698113,2
2018,12,21,7,0,臺中市,太平區,0,2,0,8,1,5,50,4,1,1,5,4,5,7,1,1,10,5,5,2,16,8,2,8,1,1,C03,7,5,1,10,2,12,  ,8,8,1,21,1,C03,24.138352,120.715123,2
2018,12,21,7,0,臺中市,烏日區,0,1,0,8,1,5,50,14,7,1,5,4,5,7,2,1,1,4,4,1,17,19,2,9,1,1,C03,7,1,1,10,2,14,  ,19,19,1,21,8,C03,24.108941,120.641756,2
2018,12,21,7,5,臺中市,南區,0,2,0,8,1,5,50,14,7,1,5,4,5,7,4,4,5,4,4,2,17,19,2,9,1,1,C03,7,1,1,10,2,14,  ,19,19,1,21,8,C03,24.121183,120.684148,2
2018,12,21,7,19,臺中市,大雅區,0,0,,8,,,40,,,,,,,,,,,,,,,,,,,,C03,,,1,,2,,,23,,1,  ,,C03,24.210206,120.654393,3
2018,12,21,7,20,臺中市,沙鹿區,0,1,0,8,1,5,40,4,1,1,5,4,5,7,4,4,10,5,5,2,15,6,3,10,1,1,B03,7,9,1,8,2,1,  ,6,6,1,21,8,B03,24.25555,120.564796,2
2018,12,21,7,22,臺中市,潭子區,0,1,0,8,1,5,50,4,1,1,5,4,5,7,1,1,9,3,5,2,12,17,3,10,1,1,B03,7,9,1,8,2,5,  ,17,17,1,22,8,B03,24.2155932,120.703542,2
2018,12,21,7,25,臺中市,西屯區,0,1,0,8,1,5,40,3,1,1,5,4,5,7,1,1,10,5,5,2,16,6,3,10,1,1,B03,7,6,1,8,2,5,  ,6,6,1,5,8,B03,24.183281,120.615349,2
2018,12,21,7,35,臺中市,南屯區,0,0,,8,,,50,,,,,,,,,,,,,,,,,,,,B03,,,1,,2,,,23,,1,22,,B03,24.140781,120.626182,3
2018,12,21,7,35,臺中市,北屯區,0,2,0,8,1,5,50,3,1,1,5,4,5,7,2,1,10,5,5,2,16,23,2,9,3,4,C03,7,9,1,10,2,14,  ,23,23,1,21,8,C03,24.182158,120.707938,2
2018,12,21,7,35,臺中市,潭子區,0,0,0,8,,,50,,,,,,,,,,,,,,,8,  ,  ,  ,  ,B03,  ,  ,1,  ,2,  ,  ,8,8,1,22,  ,B03,24.200339,120.709441,3
2018,12,21,7,35,臺中市,潭子區,0,1,0,8,1,5,50,14,8,1,5,4,5,7,4,4,1,4,4,1,13,23,2,8,1,1,C03,7,9,1,10,2,11,  ,23,23,1,22,8,C03,24.2161983,120.692154,2
2018,12,21,7,38,臺中市,南屯區,0,1,0,8,1,5,50,4,1,1,5,4,5,7,1,1,10,5,5,2,16,9,3,10,3,4,B03,7,6,1,8,2,2,  ,9,9,1,22,9,B03,24.14004,120.613102,2
2018,12,21,7,40,臺中市,南屯區,0,0,,8,,,40,,,,,,,,,,,,,,,,,,,,C03,,,1,,2,,,16,,1,  ,,C03,24.155449,120.597348,3
2018,12,21,7,40,臺中市,北屯區,0,2,0,8,1,5,50,4,1,1,5,4,5,7,1,1,10,5,5,2,15,25,2,9,1,1,C03,7,9,3,18,2,11,  ,25,25,1,4,8,C03,24.173963,120.690441,2
2018,12,21,7,48,臺中市,太平區,0,1,0,8,1,5,50,14,9,1,5,4,5,7,4,4,5,5,5,1,12,42,2,7,1,1,C03,7,9,2,18,2,11,  ,42,42,1,16,2,C03,24.137008,120.732445,2
2018,12,21,7,48,臺中市,太平區,0,0,0,8,,,40,,,,,,,,,,,,,,,43,  ,  ,  ,  ,C03,  ,  ,1,  ,2,  ,  ,43,43,1,  ,  ,C03,24.14104,120.711689,3
2018,12,21,7,53,臺中市,西區,0,1,0,8,1,5,50,5,2,1,5,4,5,7,1,1,10,5,5,2,13,23,3,10,1,1,B02,7,9,1,8,2,8,  ,23,23,1,21,8,B02,24.140706,120.672015,2
2018,12,21,7,54,臺中市,龍井區,0,0,,8,,,60,,,,,,,,,,,,,,,,,,,,C03,,,1,,2,,,23,,1,9,,C03,24.218586,120.542138,3
2018,12,21,7,56,臺中市,太平區,0,1,0,8,1,5,50,14,9,1,5,4,5,7,4,4,4,5,5,1,11,26,3,10,1,1,B12,7,11,1,8,2,2,  ,26,26,1,21,8,B12,24.153207,120.733449,2
2018,12,21,8,0,臺中市,南區,0,2,0,8,1,5,40,14,8,1,5,4,5,7,4,4,1,4,4,2,13,16,2,9,1,1,C03,7,9,1,10,2,11,  ,16,16,1,17,8,C03,24.133505,120.689111,2
2018,12,21,8,1,臺中市,潭子區,0,1,0,8,1,5,40,14,7,1,5,4,5,7,4,4,5,4,4,2,18,4,2,9,1,1,C03,7,9,1,10,2,12,  ,4,4,1,22,8,C03,24.225914,120.706271,2
2018,12,21,8,3,臺中市,西屯區,0,2,0,8,1,5,50,4,1,1,5,4,5,7,3,1,4,3,4,2,16,6,2,9,1,1,C03,7,5,1,10,2,12,  ,6,6,1,21,8,C03,24.181598,120.63843,2
2018,12,21,8,7,臺中市,南區,0,0,,,,,,,,,,,,,,,,,,,,,,,,,C03,,,1,,1,,,23,,1,21,,C03,24.132382,120.661159,3
2018,12,21,8,15,臺中市,西區,0,0,0,8,1,5,40,14,8,1,5,4,5,7,4,4,1,4,4,2,13,23,3,10,3,4,C03,7,9,2,18,5,12,  ,23,23,1,21,8,C03,24.130678,120.670215,3
2018,12,21,8,16,臺中市,潭子區,0,0,,8,,,40,,,,,,,,,,,,,,,,,,,,C03,,,1,,2,,,23,,1,22,,C03,24.203988,120.695229,3
2018,12,21,8,18,臺中市,龍井區,0,1,0,8,1,5,50,4,1,1,5,4,5,7,4,4,10,5,5,2,16,23,2,9,1,1,C03,7,5,1,10,2,11,  ,23,23,1,22,8,C03,24.186471,120.585138,2
2018,12,21,8,18,臺中市,后里區,0,0,,8,,,50,,,,,,,,,,,,,,,,,,,,B03,,,1,,2,,,8,,1,21,,B03,24.307186,120.719628,3
2018,12,21,8,18,臺中市,東勢區,0,0,0,8,,,40,,,,,,,,,,,,,,,42,  ,  ,  ,  ,B03,  ,  ,1,  ,2,  ,  ,42,42,1,9,  ,B03,24.207468,120.839328,3
2018,12,21,8,21,臺中市,東區,0,1,0,8,1,5,50,3,1,1,5,4,5,7,1,1,10,5,5,2,27,66,2,9,1,1,C03,7,9,1,10,2,14,  ,44,66,1,3,1,C03,24.140367,120.704355,2
2018,12,21,8,22,臺中市,清水區,0,1,0,8,1,5,50,14,9,1,5,4,5,7,4,4,5,5,5,1,13,16,2,9,1,1,C03,7,9,1,10,2,11,  ,16,16,1,12,8,C03,24.268741,120.568425,2
2018,12,21,8,24,臺中市,中區,0,2,0,8,1,5,50,4,1,1,5,4,5,7,1,1,10,5,5,2,17,27,2,9,1,1,C03,7,5,1,10,2,14,  ,27,27,1,5,5,C03,24.141518,120.681484,2
2018,12,21,8,24,臺中市,南屯區,0,0,,8,,,50,,,,,,,,,,,,,,,,,,,,B12,,,1,,2,,,42,,1,22,,B12,24.14053,120.622438,3
2018,12,21,8,25,臺中市,太平區,0,1,0,8,1,5,50,3,1,1,5,4,5,7,3,1,10,5,5,2,13,23,2,8,1,1,C03,7,9,1,10,2,11,  ,23,23,1,5,1,C03,24.110053,120.730044,2
2018,12,21,8,26,臺中市,烏日區,0,1,0,8,1,5,40,3,1,1,5,4,3,5,4,4,10,5,5,2,16,23,2,7,4,5,F03,7,5,8,20,2,16,  ,23,23,1,20,8,F03,24.109431,120.636951,2
2018,12,21,8,30,臺中市,太平區,,,,8,,,50,,,,,,,,,,,,,,,,,,,,B03,,,1,,1,,,38,,1,21,,B03,24.119309,120.714904,3
2018,12,21,8,33,臺中市,北區,0,2,0,8,1,5,50,4,1,1,5,4,5,7,1,1,10,5,5,2,16,6,2,9,1,1,C03,7,5,1,10,2,12,  ,6,6,1,5,8,C03,24.159197,120.669177,2