年,月,日,時,分,縣市,區,死,受傷,2-30,天候,光線,道路類別,速限,道路型態,事故位置,路面鋪裝,路面狀態,路面缺陷,障礙物,視距,號誌種類,號誌動作,分向設施,快車道或一般車道間,快慢車道間,路面邊線,事故類型及型態,主要肇因,受傷程度,主要傷處,保護裝備,行動電話,當事者區分_類別,車輛用途,當事者行動狀態,駕駛資格情形,駕駛執照種類,飲酒情形,車輛撞擊部位最初,車輛撞擊部位其他,肇事因素個別,肇事因素主要,肇事逃逸,職業,旅次目的,車種,GPS座標X,GPS座標Y,事故類別
2018,12,21,8,34,臺中市,南屯區,0,1,0,8,1,5,40,14,9,1,5,4,5,7,4,4,1,4,5,2,16,6,2,9,3,4,C03,7,9,1,10,2,14,  ,13,6,1,22,9,C03,24.143891,120.60063,2
2018,12,21,8,35,臺中市,大甲區,0,1,0,8,1,5,50,4,1,1,5,4,5,7,4,4,10,5,5,2,15,6,2,7,1,1,C03,7,9,1,10,2,11,  ,6,6,1,20,8,C03,24.346616,120.621093,2
2018,12,21,8,37,臺中市,梧棲區,0,1,0,8,1,5,40,11,9,1,5,4,5,7,4,4,10,5,5,2,17,43,3,10,3,4,B03,7,5,1,8,2,4,  ,43,43,1,21,8,B03,24.247593,120.52405,2
2018,12,21,8,50,臺中市,北屯區,0,1,0,8,1,5,50,4,4,1,5,4,5,7,4,4,5,4,4,2,13,16,2,9,3,4,C03,7,9,1,10,2,11,  ,16,16,1,5,8,C03,24.171366,120.694455,2
2018,12,21,9,0,臺中市,大里區,0,1,0,8,1,5,50,3,1,1,5,4,5,7,3,1,10,5,5,2,16,6,2,9,1,1,C03,7,5,1,10,2,12,  ,6,6,1,12,8,C03,24.117001,120.68435,2
2018,12,21,9,5,臺中市,北屯區,0,1,0,8,1,5,50,14,9,1,5,4,5,7,4,4,1,4,5,2,12,23,3,10,1,1,B03,7,9,1,8,2,2,  ,23,23,1,4,8,B03,24.17097,120.695391,2
2018,12,21,9,10,臺中市,沙鹿區,0,0,,8,,,40,,,,,,,,,,,,,,,,,,,,A12,,,1,,2,,,12,,1,21,,A12,24.244018,120.606727,3
2018,12,21,9,13,臺中市,梧棲區,0,2,0,8,1,5,40,4,1,1,5,4,5,7,4,4,10,5,5,1,15,6,2,9,3,4,C03,7,9,1,10,2,11,  ,6,6,1,21,8,C03,24.230411,120.541191,2
2018,12,21,9,15,臺中市,西屯區,0,1,0,8,1,5,50,14,9,1,5,4,5,7,4,4,1,4,5,2,11,16,3,10,1,1,C03,7,9,1,10,2,11,  ,16,16,1,22,8,C03,24.200172,120.657762,2
2018,12,21,9,17,臺中市,西屯區,0,1,0,8,1,8,50,14,8,1,5,4,5,7,4,4,5,4,5,2,16,23,3,10,1,1,B03,7,9,1,8,2,5,  ,23,23,1,22,9,B03,24.185067,120.625093,2
2018,12,21,9,20,臺中市,西屯區,0,0,0,8,,,50,,,,,,,,,,,,,,,43,  ,  ,  ,  ,C03,  ,  ,1,  ,2,  ,  ,43,43,1,4,  ,C03,24.176118,120.651608,3
2018,12,21,9,20,臺中市,西屯區,0,0,,8,,,40,,,,,,,,,,,,,,,,,,,,B03,,,1,,2,,,17,,1,  ,,B03,24.170937,120.642147,3
2018,12,21,9,20,臺中市,龍井區,0,0,,8,,,40,,,,,,,,,,,,,,,,,,,,C03,,,1,,2,,,42,,1,21,,C03,24.181805,120.584657,3
2018,12,21,9,21,臺中市,大雅區,0,2,0,8,1,5,50,14,9,1,5,4,5,7,4,4,5,2,5,1,16,19,2,7,1,1,C03,7,1,1,10,1,11,  ,19,19,1,22,9,C03,24.226692,120.670514,2
2018,12,21,9,23,臺中市,霧峰區,0,0,,8,,,40,,,,,,,,,,,,,,,,,,,,B03,,,1,,2,,,6,,1,5,,B03,24.064928,120.6973,3
2018,12,21,9,46,臺中市,西屯區,0,1,0,8,1,5,80,14,7,1,5,4,5,7,4,4,1,3,5,1,13,23,2,8,1,1,B03,7,9,1,8,2,1,  ,23,23,1,21,8,B03,24.156206,120.625168,2
2018,12,21,9,50,臺中市,西區,0,2,0,8,1,5,40,4,1,1,5,4,5,7,4,4,10,5,5,2,15,6,2,9,1,1,C03,7,9,1,10,2,12,  ,6,6,1,22,9,C03,24.151964,120.659512,2
2018,12,21,9,50,臺中市,大雅區,0,1,0,8,1,5,50,11,8,1,5,4,5,7,4,4,9,4,4,1,12,44,3,10,1,1,B03,7,9,1,8,2,2,  ,1,44,1,22,9,B03,24.215757,120.672779,2
2018,12,21,9,50,臺中市,潭子區,0,0,,8,,,50,,,,,,,,,,,,,,,,,,,,B03,,,1,,2,,,12,,1,21,,B03,24.204584,120.705514,3
2018,12,21,9,59,臺中市,南屯區,0,1,0,8,1,5,40,4,1,1,5,4,5,7,2,1,10,5,5,2,18,23,2,9,3,4,C03,7,9,1,10,2,12,  ,23,23,1,22,9,C03,24.147725,120.615243,2
2018,12,21,10,0,臺中市,西屯區,0,0,,8,,,50,,,,,,,,,,,,,,,,,,,,B03,,,1,,2,,,12,,1,22,,B03,24.16082,120.659172,3
2018,12,21,10,0,臺中市,大安區,0,1,0,8,1,5,50,14,9,1,5,4,5,7,4,4,9,5,5,1,18,50,2,9,4,5,F02,7,9,8,20,2,16,  ,50,50,1,4,8,F02,24.371388,120.599245,2
2018,12,21,10,6,臺中市,北區,0,1,0,8,1,5,50,14,7,1,5,4,5,7,1,1,5,4,4,2,12,7,2,9,1,1,C03,7,7,1,10,2,14,  ,7,7,1,21,8,C03,24.155345,120.669151,2
2018,12,21,10,14,臺中市,西區,0,1,0,8,1,5,50,5,1,1,5,4,5,7,1,1,10,5,5,2,16,6,3,10,1,1,B03,7,6,1,10,2,5,  ,6,6,1,21,8,B03,24.154648,120.663775,2
2018,12,21,10,14,臺中市,西區,0,1,0,8,1,5,50,14,9,1,5,4,5,7,4,4,5,4,5,2,18,23,2,9,1,1,C03,7,9,1,10,2,12,  ,23,23,1,21,8,C03,24.146731,120.6586,2
2018,12,21,10,15,臺中市,西屯區,0,1,0,8,1,5,40,14,9,1,5,4,5,7,4,4,10,5,5,2,16,42,3,10,1,1,C03,7,5,1,10,2,11,  ,42,42,1,21,8,C03,24.176583,120.648237,2
2018,12,21,10,17,臺中市,沙鹿區,0,1,0,8,1,5,50,14,8,1,5,4,5,7,4,4,9,5,4,2,17,23,2,1,1,1,B03,7,9,1,8,2,1,  ,23,23,1,5,5,B03,24.201832,120.565518,2
2018,12,21,10,18,臺中市,烏日區,0,1,0,8,1,5,40,3,9,1,5,4,4,6,3,1,10,5,5,2,16,6,2,9,1,1,C03,7,9,1,10,2,14,  ,6,6,1,22,8,C03,24.112682,120.644317,2
2018,12,21,10,22,臺中市,北屯區,0,1,0,8,1,5,50,3,1,1,5,4,5,7,4,4,10,5,5,2,16,23,2,9,1,1,C03,7,9,3,18,2,12,  ,23,23,1,5,8,C03,24.176111,120.68295,2
2018,12,21,10,25,臺中市,西屯區,0,1,0,8,1,5,50,3,1,1,5,4,5,7,1,1,5,5,5,2,16,42,3,10,1,1,B03,7,1,1,8,2,1,  ,44,42,1,22,8,B03,24.162655,120.657205,2
2018,12,21,10,26,臺中市,沙鹿區,0,1,0,8,1,5,60,4,1,1,5,4,5,7,1,1,10,5,5,2,16,26,3,10,1,1,B02,7,6,1,3,2,6,  ,26,26,1,21,8,B02,24.206335,120.563818,2
2018,12,21,10,30,臺中市,東區,0,0,0,8,1,5,40,3,1,1,5,4,5,7,4,4,10,5,5,2,16,23,  ,  ,  ,  ,B03,  ,6,1,8,2,2,  ,23,23,1,5,  ,B03,24.147151,120.695148,3
2018,12,21,10,38,臺中市,太平區,0,1,0,8,1,5,50,14,7,1,5,4,5,7,4,4,5,5,4,1,17,26,3,10,1,1,B12,7,1,1,8,2,4,  ,26,26,1,18,8,B12,24.107001,120.729254,2
2018,12,21,10,40,臺中市,北屯區,0,1,0,8,1,5,50,3,1,1,5,4,5,7,4,4,10,5,5,2,18,23,2,8,1,1,C03,7,9,1,10,2,14,  ,23,23,1,18,8,C03,24.160828,120.697311,2
2018,12,21,10,47,臺中市,西屯區,0,1,0,8,1,7,40,14,16,1,5,4,5,7,4,4,10,5,5,2,13,23,2,1,1,1,B03,7,9,1,8,2,1,  ,23,23,1,5,8,B03,24.196285,120.64655,2
2018,12,21,10,50,臺中市,大肚區,0,0,,8,,,40,,,,,,,,,,,,,,,,,,,,A41,,,1,,2,,,12,,1,  ,,A41,24.1224,120.57949,3
2018,12,21,11,0,臺中市,后里區,0,1,0,8,1,5,50,3,2,1,5,4,5,7,4,4,5,4,5,1,12,1,3,10,1,4,C03,7,9,1,10,2,14,  ,1,1,1,22,8,C03,24.307774,120.720788,2
2018,12,21,11,4,臺中市,南屯區,0,1,0,8,1,5,50,4,1,1,5,4,5,7,4,4,10,5,5,2,16,6,3,10,3,4,B12,7,5,1,8,2,5,  ,6,6,1,22,9,B12,24.137905,120.612355,2
2018,12,21,11,5,臺中市,大里區,0,0,,8,,,50,,,,,,,,,,,,,,,,,,,,B03,,,1,,2,,,12,,1,21,,B03,24.106203,120.674874,3
2018,12,21,11,7,臺中市,北屯區,0,2,0,8,1,5,50,14,7,1,5,4,5,7,4,4,5,5,4,2,16,10,2,9,1,1,C03,7,11,1,10,2,14,  ,10,10,1,21,8,C03,24.178584,120.74116,2
2018,12,21,11,15,臺中市,太平區,0,0,,8,,,50,,,,,,,,,,,,,,,,,,,,B12,,,1,,2,,,17,,1,6,,B12,24.138211,120.716582,3
2018,12,21,11,26,臺中市,龍井區,0,1,0,8,1,5,40,4,1,1,5,4,5,7,4,4,10,5,5,2,16,6,3,10,1,1,C03,7,5,1,10,2,11,  ,6,6,1,22,8,C03,24.178726,120.583019,2
2018,12,21,11,30,臺中市,大里區,0,0,,8,,,50,,,,,,,,,,,,,,,,,,,,B11,,,1,,2,,,23,,1,21,,B11,24.10298,120.71373,3
2018,12,21,11,30,臺中市,清水區,,,,8,,,50,,,,,,,,,,,,,,,12,,,,,B03,,,1,,2,,,12,12,1,21,,B03,24.260242,120.568645,3
2018,12,21,11,36,臺中市,南屯區,0,0,0,8,,,50,,,,,,,,4,,,,,,,23,3,  ,  ,  ,B03,  ,  ,1,  ,2,  ,  ,23,23,1,21,  ,B03,24.145378,120.632355,3
2018,12,21,11,40,臺中市,沙鹿區,0,0,,8,,,50,,,,,,,,,,,,,,,,,,,,C03,,,1,,2,,,23,,1,4,,C03,24.25286,120.598626,3
2018,12,21,11,41,臺中市,南屯區,0,0,,8,,,50,,,,,,,,,,,,,,,,,,,,B03,,,1,,2,,,25,,1,22,,B03,24.147445,120.626118,3
2018,12,21,11,45,臺中市,北屯區,0,1,0,8,1,5,50,4,1,1,5,4,5,7,2,1,10,5,5,2,16,10,3,10,3,4,B03,7,11,1,8,2,1,  ,10,10,1,22,8,B03,24.176676,120.727481,2
2018,12,21,11,50,臺中市,南區,0,1,0,8,1,5,50,14,9,1,5,4,5,7,4,4,5,4,5,2,17,10,3,10,1,1,B03,7,11,1,8,2,8,  ,10,10,1,20,8,B03,24.115663,120.667702,2
2018,12,21,11,53,臺中市,新社區,0,1,0,8,1,5,50,4,2,1,5,4,5,7,1,1,4,5,5,1,13,23,2,9,1,1,B03,7,9,1,14,2,1,  ,23,23,1,22,9,B03,24.243975,120.810875,2
2018,12,21,11,55,臺中市,南屯區,0,0,,8,,,50,,,,,,,,,,,,,,,,,,,,B03,,,1,,2,,,23,,1,22,,B03,24.158036,120.634115,3
2018,12,21,11,55,臺中市,沙鹿區,0,0,,8,,,40,,,,,,,,,,,,,,,,,,,,B03,,,1,,2,,,12,,1,  ,,B03,24.234011,120.558881,3
2018,12,21,11,57,臺中市,西屯區,0,1,0,8,1,5,50,14,9,1,5,4,5,7,4,4,4,3,5,2,16,19,3,10,1,1,B03,7,1,1,8,2,8,  ,19,19,1,21,8,B03,24.163839,120.65618,2
2018,12,21,11,59,臺中市,西區,0,0,,8,,,40,,,,,,,,,,,,,,,,,,,,B03,,,1,,2,,,12,,1,  ,,B03,24.132592,120.666886,3
2018,12,21,12,0,臺中市,大里區,0,1,0,8,1,5,50,4,1,1,5,4,5,7,1,1,10,5,5,2,16,25,3,10,1,1,A12,7,5,1,7,2,2,  ,25,25,1,12,8,A12,24.092811,120.690206,2
2018,12,21,12,2,臺中市,南區,0,1,0,8,1,5,50,14,7,1,5,4,5,7,4,4,5,5,4,2,9,42,3,10,1,1,A02,7,9,1,2,9,15,  ,42,42,1,10,8,A02,24.114378,120.668039,2
2018,12,21,12,6,臺中市,大雅區,0,1,0,8,1,5,40,4,1,1,5,4,5,7,4,4,10,5,5,1,16,6,2,9,1,1,C03,7,9,1,10,2,11,  ,6,6,1,22,8,C03,24.226281,120.662615,2
2018,12,21,12,8,臺中市,潭子區,,,,8,,,50,,,,,,,,,,,,,,,,,,,,B12,,,1,,2,,,26,,1,22,,B12,24.2103553,120.685088,3
2018,12,21,12,10,臺中市,南區,0,2,0,8,1,5,50,5,1,1,5,4,5,7,1,1,10,5,5,2,16,6,2,9,1,1,C03,7,5,1,10,2,12,  ,6,6,1,21,8,C03,24.128008,120.674548,2
2018,12,21,12,11,臺中市,大肚區,0,0,,8,,,50,,,,,,,,,,,,,,,,,,,,B03,,,1,,2,,,23,,1,22,,B03,24.170176,120.579816,3
2018,12,21,12,13,臺中市,大雅區,0,0,,8,,,50,,,,,,,,,,,,,,,,,,,,   ,,,7,,11,,,43,,  ,  ,,   ,24.22355,120.64789,3
2018,12,21,12,17,臺中市,大里區,0,0,,8,,,50,,,,,,,,,,,,,,,,,,,,B03,,,1,,2,,,23,,1,3,,B03,24.093037,120.714807,3
2018,12,21,12,18,臺中市,烏日區,0,1,0,8,1,5,60,14,9,1,5,4,5,7,4,4,1,4,5,1,17,23,2,9,1,1,C03,7,9,1,10,2,11,  ,23,23,1,21,8,C03,24.105541,120.632303,2
2018,12,21,12,26,臺中市,西區,0,0,0,8,,,50,,,,,,,,,,,,,,,16,3,  ,  ,  ,B03,  ,  ,1,  ,2,  ,  ,16,16,  ,5,  ,B03,24.14129,120.666816,3
2018,12,21,12,26,臺中市,西屯區,0,0,,8,,,50,,,,,,,,,,,,,,,,,,,,B03,,,1,,2,,,43,,1,22,,B03,24.183352,120.618545,3
2018,12,21,12,36,臺中市,西屯區,0,1,0,8,1,5,50,3,2,1,5,4,5,7,4,4,5,4,5,2,12,42,2,9,1,1,C03,7,7,1,10,2,11,  ,42,42,1,22,9,C03,24.176361,120.645307,2
2018,12,21,12,37,臺中市,龍井區,0,1,0,8,1,5,50,14,9,1,5,4,5,7,4,4,5,5,5,1,17,42,2,8,1,1,C03,7,9,1,10,2,11,  ,42,42,1,21,8,C03,24.179168,120.583093,2
2018,12,21,12,43,臺中市,西區,0,0,0,8,1,5,50,3,2,1,5,4,5,7,4,4,10,5,5,2,18,42,3,10,1,1,C03,7,14,1,10,8,12,  ,42,42,1,21,8,C03,24.138064,120.679533,3
2018,12,21,12,45,臺中市,東勢區,0,1,0,8,1,5,25,11,9,1,5,4,5,7,4,4,10,3,5,1,18,23,2,9,1,1,C03,7,6,1,10,2,15,  ,23,23,1,22,9,C03,24.22769,120.877445,2
2018,12,21,12,45,臺中市,潭子區,0,2,0,8,1,5,50,4,1,1,5,4,5,7,4,4,10,5,5,2,15,6,2,9,1,1,C03,7,9,1,10,2,11,  ,6,6,1,22,8,C03,24.188343,120.701782,2
2018,12,21,12,47,臺中市,東區,0,0,0,8,1,5,40,3,8,1,5,4,5,6,4,4,5,5,4,2,14,12,3,10,1,1,B03,7,2,1,8,2,6,  ,12,12,1,21,8,B03,24.140015,120.690329,3
2018,12,21,12,48,臺中市,烏日區,0,0,,8,,,40,,,,,,,,,,,,,,,,,,,,B03,,,1,,2,,,19,,1,22,,B03,24.108001,120.626202,3
2018,12,21,12,57,臺中市,西區,0,1,0,8,1,5,50,3,1,1,5,4,5,7,4,4,10,5,5,2,17,19,3,10,1,1,B03,7,1,1,8,2,8,  ,19,19,1,21,8,B03,24.153433,120.667989,2
2018,12,21,13,0,臺中市,西屯區,0,0,,8,,,50,,,,,,,,,,,,,,,,,,,,B12,,,1,,2,,,12,,1,5,,B12,24.19418,120.623929,3
2018,12,21,13,10,臺中市,沙鹿區,0,0,,8,,,50,,,,,,,,,,,,,,,,,,,,B03,,,1,,2,,,42,,1,19,,B03,24.241056,120.564887,3
2018,12,21,13,11,臺中市,清水區,0,0,0,8,,,40,,,,,,,,,,,,,,,23,  ,  ,  ,  ,B03,  ,  ,1,  ,2,  ,  ,23,23,1,18,  ,B03,24.269059,120.5734,3
2018,12,21,13,19,臺中市,南區,0,0,,,,,,,,,,,,,,,,,,,,,,,,,B03,,,1,,2,,,23,,1,21,,B03,24.121982,120.66161,3
2018,12,21,13,19,臺中市,大雅區,0,0,,8,,,40,,,,,,,,,,,,,,,,,,,,B03,,,1,,2,,,12,,1,  ,,B03,24.232796,120.638619,3
2018,12,21,13,24,臺中市,西屯區,0,0,,8,,,50,,,,,,,,,,,,,,,,,,,,B03,,,1,,2,,,26,,1,  ,,B03,24.18202,120.635255,3
2018,12,21,13,25,臺中市,北區,0,0,,8,,,50,,,,,,,,,,,,,,,,,,,,B03,,,1,,2,,,23,,1,22,,B03,24.163021,120.674293,3
2018,12,21,13,25,臺中市,北屯區,0,0,0,8,,,50,,,,,,,,,,,,,,,23,  ,  ,  ,  ,B03,  ,  ,1,  ,2,  ,  ,23,23,1,19,  ,B03,24.193225,120.688206,3
2018,12,21,13,28,臺中市,西區,0,0,,8,,,50,,,,,,,,,,,,,,,,,,,,B02,,,1,,2,,,23,,1,20,,B02,24.140091,120.661607,3
2018,12,21,13,29,臺中市,北屯區,0,0,,8,,,50,,,,,,,,,,,,,,,,,,,,B03,,,1,,2,,,16,,1,5,,B03,24.1732,120.667728,3
2018,12,21,13,30,臺中市,南區,0,0,,8,,,50,,,,,,,,,,,,,,,,,,,,C03,,,1,,2,,,42,,1,22,,C03,24.122511,120.671385,3
2018,12,21,13,35,臺中市,北屯區,0,0,,8,,,50,,,,,,,,,,,,,,,,,,,,B03,,,1,,2,,,1,,1,5,,B03,24.160503,120.7336,3
2018,12,21,13,40,臺中市,北屯區,0,2,0,8,1,5,50,5,1,1,5,4,5,7,1,1,10,5,5,2,17,23,2,9,1,1,C03,7,9,1,10,2,12,  ,23,23,1,22,8,C03,24.193035,120.659775,2
2018,12,21,13,40,臺中市,大甲區,0,0,,8,,,50,,,,,,,,,,,,,,,,,,,,B03,,,1,,2,,,18,,1,22,,B03,24.347166,120.625707,3
2018,12,21,13,45,臺中市,烏日區,0,0,,8,,,60,,,,,,,,,,,,,,,,,,,,B03,,,1,,2,,,18,,1,  ,,B03,24.077638,120.647351,3
2018,12,21,13,48,臺中市,西屯區,0,1,0,8,1,5,50,14,9,1,5,4,5,7,1,1,5,5,5,2,16,6,3,10,1,1,B03,7,9,1,8,1,5,  ,44,6,1,22,8,B03,24.172441,120.66089,2
2018,12,21,13,50,臺中市,北屯區,0,0,,8,,,40,,,,,,,,,,,,,,,,,,,,B03,,,1,,2,,,23,,1,21,,B03,24.188158,120.685711,3
2018,12,21,13,50,臺中市,北屯區,0,1,0,8,1,5,50,4,1,1,5,4,5,7,2,1,10,5,5,2,16,25,3,10,3,4,B03,7,5,1,8,2,6,  ,25,25,1,19,8,B03,24.171665,120.687625,2
2018,12,21,13,55,臺中市,石岡區,0,0,0,8,1,5,70,14,9,1,5,4,5,7,2,1,1,5,5,1,13,23,3,10,1,1,B03,7,10,1,8,2,1,  ,23,23,1,9,8,B03,24.273813,120.789013,3
2018,12,21,13,56,臺中市,沙鹿區,0,1,0,8,1,5,70,14,8,1,5,4,5,7,4,4,1,3,4,1,16,10,3,10,1,1,B03,7,11,1,8,2,5,  ,10,10,1,20,9,B03,24.246032,120.609562,2
2018,12,21,14,0,臺中市,南區,0,2,0,8,1,5,50,4,1,1,5,4,5,7,4,4,10,5,5,2,15,6,2,9,1,1,C03,7,9,1,10,2,12,  ,6,6,1,21,8,C03,24.119446,120.663226,2
2018,12,21,14,0,臺中市,太平區,0,1,0,8,1,5,50,14,9,1,5,4,5,7,4,4,5,5,5,1,13,23,3,10,1,1,C03,7,9,1,10,2,11,  ,23,23,1,9,5,C03,24.133414,120.722546,2
2018,12,21,14,4,臺中市,南區,0,0,,,,,,,,,,,,,,,,,,,,,,,,,B03,,,1,,2,,,23,,1,21,,B03,24.111163,120.650352,3
2018,12,21,14,6,臺中市,西屯區,0,1,0,8,1,5,50,14,8,1,5,4,5,7,4,4,5,5,4,2,12,42,3,10,1,1,B03,7,6,1,8,2,5,  ,42,42,1,22,9,B03,24.117104,120.649082,2
2018,12,21,14,8,臺中市,北區,0,0,,8,1,5,50,14,9,1,5,4,5,7,2,1,5,4,5,2,13,,,,,,B03,,,1,,2,,,23,,  ,22,,B03,24.166987,120.685004,3
2018,12,21,14,10,臺中市,北屯區,0,1,0,8,1,5,50,14,7,1,5,4,5,7,4,4,1,4,4,2,13,23,3,10,1,1,B03,7,9,1,8,2,1,  ,23,23,1,4,8,B03,24.1982,120.686533,2
2018,12,21,14,18,臺中市,東區,0,0,,8,,,50,,,,,,,,,,,,,,,,,,,,B03,,,1,,2,,,7,,1,22,,B03,24.149256,120.709379,3
2018,12,21,14,18,臺中市,北屯區,0,2,0,8,1,5,50,4,1,1,5,4,5,7,1,1,10,5,5,2,16,25,3,10,1,1,B03,7,5,1,8,2,5,  ,25,25,1,5,8,B03,24.164576,120.704205,2
2018,12,21,14,19,臺中市,龍井區,0,0,,8,,,70,,,,,,,,,,,,,,,,,,,,B12,,,1,,2,,,23,,1,  ,,B12,24.185107,120.587125,3
2018,12,21,14,19,臺中市,外埔區,0,0,,8,,,50,,,,,,,,,,,,,,,,,,,,A12,,,1,,2,,,16,,1,21,,A12,24.32411,120.63647,3
2018,12,21,14,20,臺中市,南屯區,0,0,0,8,,,40,,,,,,,,4,,,,,,,40,3,  ,  ,  ,B03,  ,  ,1,  ,2,  ,  ,40,40,1,21,  ,B03,24.154498,120.640594,3
2018,12,21,14,20,臺中市,南屯區,0,0,0,8,,,50,,,,,,,,,,,,,,,,3,  ,  ,  ,B03,  ,  ,1,  ,2,  ,  ,23,  ,1,22,  ,B03,24.152163,120.647024,3
2018,12,21,14,22,臺中市,潭子區,0,1,0,8,1,5,60,4,1,1,5,4,5,7,1,1,1,3,4,1,16,6,3,10,1,1,B03,7,6,1,8,2,6,  ,6,6,1,21,9,B03,24.196981,120.702631,2
2018,12,21,14,30,臺中市,北屯區,0,0,0,8,,,40,,,,,,,,,,,,,,,12,  ,  ,  ,  ,B12,  ,  ,1,  ,2,  ,  ,12,12,1,10,  ,B12,24.19297,120.659841,3
2018,12,21,14,33,臺中市,東區,0,0,0,8,1,5,50,4,1,1,5,4,5,7,1,1,9,4,4,2,16,19,  ,  ,  ,  ,B03,  ,5,1,8,2,3,  ,19,19,1,5,  ,B03,24.136644,120.706436,3
2018,12,21,14,34,臺中市,西屯區,0,3,0,8,1,5,50,14,7,1,5,4,5,7,4,4,1,3,4,2,13,23,2,9,1,1,C03,7,9,1,10,2,11,  ,23,23,1,21,8,C03,24.170535,120.645243,2
2018,12,21,14,50,臺中市,沙鹿區,0,1,0,8,1,5,60,3,1,1,5,4,5,7,1,1,10,5,5,2,16,26,3,10,1,1,B02,7,6,1,8,2,2,  ,26,26,1,5,5,B02,24.225692,120.577006,2
2018,12,21,14,55,臺中市,西區,0,0,,8,,,50,,,,,,,,,,,,,,,,,,,,B03,,,1,,2,,,42,,1,  ,,B03,24.15592,120.656343,3
2018,12,21,14,56,臺中市,西屯區,0,0,0,8,,,60,,,,,,,,,,,,,,,19,  ,  ,  ,  ,B03,  ,  ,1,  ,2,  ,  ,19,19,1,  ,  ,B03,24.161601,120.633787,3
2018,12,21,14,59,臺中市,中區,0,0,0,8,,,50,,,,,,,,,,,,,,,23,3,  ,  ,  ,B03,  ,  ,1,  ,2,  ,  ,23,23,  ,5,  ,B03,24.143515,120.678213,3
2018,12,21,15,0,臺中市,南屯區,0,0,,8,,,50,,,,,,,,,,,,,,,,,,,,B03,,,1,,2,,,23,,1,21,,B03,24.156026,120.650234,4
2018,12,21,15,3,臺中市,西區,0,0,,8,,,40,,,,,,,,,,,,,,,,,,,,B12,,,1,,2,,,23,,1,22,,B12,24.154057,120.661054,3
2018,12,21,15,6,臺中市,北區,0,1,0,8,1,5,50,4,1,1,5,4,5,7,1,1,10,5,5,2,16,26,3,10,3,4,B12,7,6,1,8,2,2,6,26,26,1,22,9,B12,24.165477,120.677027,2
2018,12,21,15,6,臺中市,北屯區,0,0,,8,,,40,,,,,,,,,,,,,,,,,,,,A11,,,1,,2,,,23,,1,  ,,A11,24.179295,120.783137,3
2018,12,21,15,14,臺中市,烏日區,0,1,0,8,1,5,40,3,1,1,5,4,5,7,4,4,10,5,5,2,16,8,3,10,1,1,B12,7,5,1,8,2,1,  ,8,8,1,21,8,B12,24.103518,120.627682,2
2018,12,21,15,20,臺中市,大里區,0,2,0,8,1,5,50,3,1,1,5,4,5,7,4,4,10,5,5,2,16,6,2,9,1,1,C03,7,5,4,8,2,12,  ,6,6,1,5,8,C03,24.090848,120.691622,2
2018,12,21,15,25,臺中市,北屯區,0,0,,8,,,50,,,,,,,,,,,,,,,,,,,,B03,,,1,,2,,,23,,1,19,,B03,24.180381,120.685841,3
2018,12,21,15,30,臺中市,烏日區,0,1,0,8,1,5,40,14,8,1,5,4,5,7,4,4,1,5,1,2,26,43,2,9,1,1,C03,7,9,1,10,2,11,  ,43,43,1,22,8,C03,24.09292,120.644383,2
2018,12,21,15,35,臺中市,龍井區,0,1,0,7,1,5,50,3,1,1,5,4,5,7,4,4,10,5,5,2,16,6,3,10,1,1,B12,7,5,1,8,2,8,  ,6,6,1,21,8,B12,24.184579,120.585422,2
2018,12,21,15,38,臺中市,南屯區,0,1,0,8,1,5,40,3,1,1,5,4,5,7,4,4,10,5,5,2,16,6,2,9,1,1,B03,7,5,1,8,2,8,  ,6,6,1,21,8,B03,24.144941,120.608235,2
2018,12,21,15,46,臺中市,清水區,0,1,0,8,1,5,50,4,1,1,5,4,5,7,4,4,5,2,5,2,15,6,2,8,1,1,A12,7,9,1,6,2,1,  ,6,6,1,10,8,A12,24.269344,120.537763,2
2018,12,21,15,53,臺中市,南區,0,1,0,8,1,5,40,15,8,1,5,4,5,7,4,4,9,5,4,2,13,23,2,9,1,1,C03,7,9,1,10,2,11,  ,23,23,1,21,8,C03,24.122308,120.681751,2
2018,12,21,15,55,臺中市,西屯區,0,0,0,8,1,5,50,,,,,,,,,,,,,,,12,  ,  ,  ,  ,B12,  ,  ,1,  ,2,3,  ,12,12,1,21,  ,B12,24.172068,120.662468,3
2018,12,21,15,56,臺中市,西區,0,3,0,8,1,5,50,14,7,1,5,4,5,7,4,4,10,5,4,2,13,23,2,7,1,1,C03,7,9,1,10,2,11,  ,23,23,1,21,8,C03,24.144856,120.669048,2
2018,12,21,16,0,臺中市,北屯區,0,1,0,8,1,5,50,3,1,1,5,4,5,7,4,4,10,5,5,2,18,23,2,9,1,1,C03,7,9,1,10,2,12,  ,23,23,1,4,8,C03,24.173645,120.682658,2
2018,12,21,16,1,臺中市,西屯區,0,1,0,8,1,5,50,4,1,1,5,4,5,7,4,4,10,5,5,2,16,6,3,10,3,4,B03,7,5,1,8,2,1,  ,6,6,1,22,9,B03,24.155828,120.647938,2