年,月,日,時,分,縣市,區,死,受傷,2-30,天候,光線,道路類別,速限,道路型態,事故位置,路面鋪裝,路面狀態,路面缺陷,障礙物,視距,號誌種類,號誌動作,分向設施,快車道或一般車道間,快慢車道間,路面邊線,事故類型及型態,主要肇因,受傷程度,主要傷處,保護裝備,行動電話,當事者區分_類別,車輛用途,當事者行動狀態,駕駛資格情形,駕駛執照種類,飲酒情形,車輛撞擊部位最初,車輛撞擊部位其他,肇事因素個別,肇事因素主要,肇事逃逸,職業,旅次目的,車種,GPS座標X,GPS座標Y,事故類別
2018,12,21,16,1,臺中市,西屯區,0,1,0,8,1,5,50,14,7,1,5,4,5,7,4,4,5,4,4,2,17,10,3,10,3,4,B03,7,11,1,8,2,2,  ,10,10,1,22,8,B03,24.170814,120.663736,2
2018,12,21,16,7,臺中市,霧峰區,0,2,0,8,1,5,50,3,2,1,5,4,5,7,4,4,5,2,5,1,16,6,2,8,1,1,C03,7,5,1,10,2,11,  ,6,6,1,10,9,C03,24.049922,120.68568,2
2018,12,21,16,10,臺中市,沙鹿區,0,2,0,7,1,5,50,4,1,1,5,4,5,7,4,4,10,5,5,2,16,26,2,7,1,1,C03,7,4,1,10,2,12,  ,26,26,1,21,8,C03,24.236226,120.566641,2
2018,12,21,16,24,臺中市,西區,0,0,,8,,,40,,,,,,,,,,,,,,,,,,,,B03,,,1,,2,,,19,,1,22,,B03,24.152068,120.668751,3
2018,12,21,16,30,臺中市,北屯區,0,0,0,8,,,50,,,,,,,,,,,,,,,25,  ,  ,  ,  ,B12,  ,  ,1,  ,2,  ,  ,25,25,1,22,  ,B12,24.180036,120.715416,3
2018,12,21,16,34,臺中市,太平區,0,0,,8,,,40,,,,,,,,,,,,,,,,,,,,C02,,,2,,2,,,42,,1,16,,C02,24.103825,120.774857,3
2018,12,21,16,35,臺中市,北屯區,0,1,0,8,1,5,50,14,7,1,5,4,5,7,4,4,1,4,4,2,18,42,2,8,1,1,C03,7,9,1,10,2,14,  ,42,42,1,21,8,C03,24.175931,120.670497,2
2018,12,21,16,35,臺中市,大雅區,0,1,0,8,1,5,50,4,1,1,5,4,5,7,3,1,5,5,5,1,15,6,3,10,1,1,B03,7,9,1,8,2,2,  ,6,6,1,22,9,B03,24.206851,120.629086,2
2018,12,21,16,37,臺中市,西區,0,0,,8,,,60,,,,,,,,,,,,,,,,,,,,B03,,,1,,2,,,7,,1,22,,B03,24.157725,120.658506,3
2018,12,21,16,40,臺中市,北屯區,0,0,0,8,,,50,,,,,,,,,,,,,,,16,3,  ,  ,  ,B03,  ,  ,1,  ,2,  ,  ,16,16,  ,21,  ,B03,24.196033,120.662135,3
2018,12,21,16,43,臺中市,烏日區,0,0,,8,,,40,,,,,,,,,,,,,,,,,,,,B12,,,1,,2,,,17,,1,  ,,B12,24.110811,120.638569,3
2018,12,21,16,47,臺中市,梧棲區,0,1,0,8,1,5,70,4,1,1,5,4,5,7,1,1,10,5,5,2,16,26,3,10,1,1,B03,7,6,1,8,2,5,  ,26,26,1,5,8,B03,24.244101,120.551758,2
2018,12,21,16,51,臺中市,北屯區,0,0,,8,,,50,,,,,,,,,,,,,,,,,,,,B03,,,1,,2,,,8,,1,  ,,B03,24.164772,120.700189,3
2018,12,21,16,53,臺中市,西屯區,0,1,0,8,1,5,50,3,1,1,5,4,5,7,4,4,10,5,5,2,12,9,3,10,1,1,B03,7,6,1,8,2,5,  ,9,9,1,22,8,B03,24.170675,120.646395,2
2018,12,21,16,54,臺中市,潭子區,0,0,,,,,,,,,,,,,,,,,,,,,,,,,B03,,,1,,2,,,5,,1,  ,,B03,24.192923,120.716511,3
2018,12,21,16,55,臺中市,霧峰區,0,0,,8,,,40,,,,,,,,,,,,,,,,,,,,B03,,,1,,2,,,16,,1,6,,B03,24.070598,120.662495,3
2018,12,21,16,57,臺中市,南屯區,0,1,0,8,1,5,50,14,7,1,5,4,5,7,4,4,7,4,4,2,16,42,2,9,1,1,C03,7,9,1,10,2,14,  ,42,42,1,21,8,C03,24.145171,120.608408,2
2018,12,21,16,58,臺中市,北區,0,0,0,8,,,50,,,,,,,,,,,,,,,16,  ,  ,  ,  ,B12,  ,  ,1,8,2,  ,  ,16,16,1,  ,  ,B12,24.163137,120.676766,3
2018,12,21,17,2,臺中市,中區,0,2,0,8,1,5,50,3,1,1,5,4,5,7,4,4,10,5,5,2,17,6,2,9,1,1,C03,7,5,6,10,2,14,  ,14,6,1,5,7,C03,24.143371,120.680057,2
2018,12,21,17,5,臺中市,大甲區,0,1,0,8,3,5,50,14,9,1,5,4,5,7,4,4,5,5,5,1,16,19,3,10,1,1,C03,7,1,1,10,2,14,  ,19,19,1,16,8,C03,24.344179,120.622502,2
2018,12,21,17,11,臺中市,北區,0,0,0,8,,,50,,,,,,,,,,,,,,,23,3,  ,  ,  ,B03,  ,  ,1,  ,2,  ,  ,23,23,1,5,  ,B03,24.159204,120.674633,3
2018,12,21,17,12,臺中市,北區,0,1,0,8,3,5,50,15,9,1,5,4,5,7,4,4,5,5,5,2,17,10,3,10,1,1,B03,7,11,1,8,2,5,  ,10,10,1,22,8,B03,24.158993,120.687335,2
2018,12,21,17,12,臺中市,西屯區,0,0,,8,,,50,,,,,,,,,,,,,,,,,,,,C03,,,1,,2,,,16,,1,22,,C03,24.168755,120.648804,3
2018,12,21,17,16,臺中市,龍井區,0,0,,8,,,50,,,,,,,,,,,,,,,,,,,,B03,,,1,,2,,,6,,1,12,,B03,24.19356,120.547853,3
2018,12,21,17,17,臺中市,西屯區,0,1,0,8,3,5,40,14,8,1,5,4,5,7,4,4,1,5,1,2,12,19,3,10,3,4,C03,7,1,1,10,2,13,  ,19,19,1,22,9,C03,24.182231,120.601411,2
2018,12,21,17,18,臺中市,西屯區,0,1,0,8,2,5,50,3,9,1,5,4,5,7,1,1,1,4,4,2,13,16,2,8,1,1,C03,7,9,1,10,2,11,  ,16,16,1,22,8,C03,24.171079,120.659072,2
2018,12,21,17,20,臺中市,東區,0,0,0,8,1,5,50,14,7,1,5,4,5,7,4,4,5,5,4,2,12,19,3,10,1,1,B03,7,1,1,8,2,7,  ,19,19,1,5,8,B03,24.149155,120.710485,3
2018,12,21,17,20,臺中市,南屯區,0,0,0,8,3,5,50,14,7,1,5,4,5,7,4,4,1,4,5,2,13,16,3,10,1,1,B02,7,9,1,8,8,1,  ,16,16,1,21,8,B02,24.14941,120.62442,3
2018,12,21,17,24,臺中市,后里區,0,0,,8,,,50,,,,,,,,,,,,,,,,,,,,B03,,,1,,2,,,23,,1,22,,B03,24.309536,120.717056,3
2018,12,21,17,27,臺中市,西區,0,1,0,8,2,5,50,4,2,1,5,4,5,7,1,1,10,5,5,2,17,16,3,10,1,1,B02,7,9,1,8,2,1,  ,16,16,1,21,8,B02,24.157678,120.663646,2
2018,12,21,17,33,臺中市,西屯區,0,1,0,8,3,5,40,14,7,1,5,4,5,7,4,4,1,4,4,2,17,42,2,9,1,1,C03,7,15,1,10,2,11,  ,42,42,1,22,8,C03,24.172806,120.641973,2
2018,12,21,17,34,臺中市,梧棲區,0,0,,8,,,60,,,,,,,,,,,,,,,,,,,,B03,,,1,,2,,,16,,1,  ,,B03,24.223319,120.52484,4
2018,12,21,17,35,臺中市,北屯區,0,1,0,8,1,5,50,14,7,1,5,4,5,7,4,4,5,5,4,2,17,40,3,10,1,1,B12,7,14,1,8,2,2,  ,40,40,1,5,8,B12,24.176743,120.691513,2
2018,12,21,17,35,臺中市,西屯區,0,0,,8,,,50,,,,,,,,,,,,,,,,,,,,B03,,,1,,2,,,19,,1,  ,,B03,24.159463,120.638689,3
2018,12,21,17,35,臺中市,西屯區,0,0,0,8,1,5,50,,,,,,,,,,,,,,,42,  ,  ,  ,  ,C03,  ,  ,1,  ,2,15,  ,42,42,1,21,  ,C03,24.160921,120.659448,3
2018,12,21,17,36,臺中市,大雅區,0,2,0,8,2,5,50,3,1,1,5,4,5,7,4,4,5,4,4,1,16,19,2,9,1,1,C03,7,1,1,10,2,14,  ,19,19,1,22,9,C03,24.226954,120.649289,2
2018,12,21,17,37,臺中市,西屯區,0,0,,8,,,50,,,,,,,,,,,,,,,,,,,,B03,,,1,,2,,,16,,1,22,,B03,24.184496,120.610979,3
2018,12,21,17,37,臺中市,大甲區,0,1,0,8,3,5,70,4,1,1,5,4,5,7,1,1,10,5,5,2,16,25,3,10,1,1,B03,7,5,1,8,2,2,  ,25,25,1,4,1,B03,24.426187,120.644219,2
2018,12,21,17,40,臺中市,南屯區,0,0,,8,,,40,,,,,,,,,,,,,,,,,,,,B03,,,1,,2,,,12,,1,5,,B03,24.145143,120.649718,3
2018,12,21,17,40,臺中市,大肚區,0,1,0,8,3,5,50,3,1,1,5,4,5,7,4,4,1,4,5,2,16,26,3,10,1,1,B12,6,5,1,5,2,6,  ,26,26,1,10,4,B12,24.118819,120.576605,2
2018,12,21,17,42,臺中市,霧峰區,0,0,,8,,,80,,,,,,,,,,,,,,,,,,,,B12,,,1,,2,,,23,,1,22,,B12,24.05702,120.684927,3
2018,12,21,17,46,臺中市,北屯區,0,0,,8,,,50,,,,,,,,,,,,,,,,,,,,B03,,,1,,2,,,26,,1,  ,,B03,24.185525,120.701185,3
2018,12,21,17,46,臺中市,西屯區,0,1,0,8,2,5,50,4,1,1,5,4,5,7,1,1,5,5,5,2,16,6,2,9,1,1,C03,7,5,1,10,2,11,14,6,6,1,22,8,C03,24.186411,120.621923,2
2018,12,21,17,47,臺中市,北屯區,0,0,0,8,,,40,,,,,,,,,,,,,,,16,  ,  ,  ,  ,B03,  ,  ,1,  ,2,  ,  ,16,16,1,22,  ,B03,24.200666,120.684426,3
2018,12,21,17,47,臺中市,龍井區,0,1,0,8,3,5,40,14,8,1,5,4,5,7,4,4,1,4,1,2,27,43,2,9,1,1,C03,7,9,1,10,2,11,  ,43,43,1,12,1,C03,24.224486,120.51176,2
2018,12,21,17,50,臺中市,南區,0,1,0,8,2,5,50,4,1,1,5,4,5,7,4,4,10,5,5,2,15,6,2,9,1,1,C03,7,9,3,18,2,12,  ,6,6,1,5,8,C03,24.124249,120.658668,2
2018,12,21,17,54,臺中市,北屯區,0,1,0,8,3,7,40,10,16,1,5,4,5,7,4,4,10,5,5,2,13,16,3,10,1,1,B03,7,8,1,8,2,1,  ,16,16,1,21,8,B03,24.167038,120.720571,2
2018,12,21,18,2,臺中市,太平區,0,0,,8,,,50,,,,,,,,,,,,,,,,,,,,B03,,,1,,2,,,17,,1,  ,,B03,24.142368,120.722359,3
2018,12,21,18,3,臺中市,北屯區,0,1,0,8,3,5,50,3,1,1,5,4,5,7,4,4,5,5,4,2,16,6,3,10,1,1,B12,7,5,1,7,2,8,  ,6,6,1,22,8,B12,24.191661,120.68783,2
2018,12,21,18,10,臺中市,南屯區,0,2,0,8,3,5,50,5,1,1,5,4,5,7,1,1,10,5,5,2,16,6,3,10,1,1,B12,7,5,1,8,2,6,  ,6,6,1,21,8,B12,24.142781,120.646794,2
2018,12,21,18,10,臺中市,南屯區,0,1,0,8,3,5,50,5,1,1,5,4,5,7,2,1,10,5,5,2,13,23,2,8,1,1,C03,7,9,1,10,2,11,  ,23,23,1,22,9,C03,24.142504,120.646386,2
2018,12,21,18,11,臺中市,北屯區,0,0,0,8,,,50,,,,,,,,,,,,,,,16,  ,  ,  ,  ,C03,  ,  ,1,  ,2,  ,  ,16,16,1,20,  ,C03,24.176628,120.690378,3
2018,12,21,18,13,臺中市,西屯區,0,0,,8,,,50,,,,,,,,,,,,,,,,,,,,C03,,,1,,2,,,16,,1,22,,C03,24.200777,120.657941,3
2018,12,21,18,14,臺中市,西區,0,0,,8,,,50,,,,,,,,,,,,,,,,,,,,B02,,,1,,2,,,26,,1,22,,B02,24.149583,120.669804,3
2018,12,21,18,14,臺中市,西屯區,0,1,0,8,1,5,50,3,2,1,5,4,5,7,4,4,10,5,5,2,13,23,2,8,1,1,C03,7,9,1,10,2,11,  ,23,23,1,22,8,C03,24.168431,120.649278,2
2018,12,21,18,16,臺中市,中區,0,1,0,8,3,5,50,4,1,1,5,4,5,7,1,1,10,5,5,2,16,9,3,10,1,1,B03,7,6,1,8,2,5,  ,9,9,1,4,9,B03,24.14411,120.675788,2
2018,12,21,18,17,臺中市,西區,0,0,,8,,,50,,,,,,,,,,,,,,,,,,,,B03,,,1,,2,,,12,,1,5,,B03,24.149142,120.663043,3
2018,12,21,18,20,臺中市,東勢區,0,0,,8,,,50,,,,,,,,,,,,,,,,,,,,B12,,,1,,2,,,12,,1,  ,,B12,24.258363,120.828365,3
2018,12,21,18,21,臺中市,龍井區,0,1,0,7,4,5,50,14,9,1,5,4,5,7,4,4,9,5,5,1,18,42,2,8,1,1,C03,7,9,1,10,2,14,  ,42,42,1,21,8,C03,24.1942,120.57783,2
2018,12,21,18,25,臺中市,北區,0,0,0,8,,,50,,,,,,,,,,,,,,,23,  ,  ,  ,  ,B03,  ,  ,1,8,2,  ,  ,23,23,1,  ,  ,B03,24.166369,120.673367,3
2018,12,21,18,32,臺中市,西屯區,0,2,0,8,3,5,50,14,9,1,5,4,5,7,4,4,10,5,5,2,13,23,3,10,1,1,B03,7,9,1,8,2,1,  ,23,23,1,21,8,B03,24.19935,120.654764,2
2018,12,21,18,34,臺中市,西屯區,0,0,0,8,3,5,50,,,,,,,,,,,,,,,23,  ,  ,  ,  ,B03,  ,  ,1,  ,2,1,  ,23,23,1,21,  ,B03,24.159888,120.654248,3
2018,12,21,18,35,臺中市,大里區,0,2,0,8,3,5,50,14,9,1,5,4,5,7,4,4,5,4,5,1,13,23,2,9,1,1,C03,7,9,1,10,2,11,  ,23,23,1,18,8,C03,24.094549,120.693933,2
2018,12,21,18,36,臺中市,西屯區,0,0,,8,,,50,,,,,,,,,,,,,,,,,,,,B03,,,1,,2,,,12,,1,22,,B03,24.166538,120.634022,3
2018,12,21,18,42,臺中市,西屯區,0,1,0,8,3,5,50,3,1,1,5,4,5,7,4,4,10,5,5,2,16,6,3,10,3,4,B03,7,5,1,10,2,1,  ,6,6,1,22,9,B03,24.173031,120.645856,2
2018,12,21,18,43,臺中市,清水區,0,0,,8,,,70,,,,,,,,,,,,,,,,,,,,A41,,,1,,2,,,23,,1,10,,A41,24.302918,120.585548,3
2018,12,21,18,44,臺中市,北區,0,0,0,8,,,50,,,,,,,,,,,,,,,23,3,  ,  ,  ,B03,  ,  ,1,  ,2,  ,  ,23,23,1,5,  ,B03,24.170735,120.666993,3
2018,12,21,18,45,臺中市,西屯區,0,2,0,8,3,5,40,14,8,1,5,4,5,7,4,4,5,4,4,2,3,23,2,9,1,1,C03,7,9,1,10,2,11,14,23,23,1,22,8,C03,24.165546,120.662353,2
2018,12,21,18,48,臺中市,北區,0,0,,8,,,50,,,,,,,,,,,,,,,,,,,,B03,,,1,,2,,,23,,  ,22,,B03,24.163697,120.685107,3
2018,12,21,18,49,臺中市,南區,0,0,0,8,,,50,,,,,,,,,,,,,,,23,3,  ,  ,  ,B03,  ,  ,1,8,2,  ,  ,23,23,  ,21,  ,B03,24.127261,120.662225,3
2018,12,21,18,56,臺中市,西屯區,0,0,0,,,,50,,,,,,,,,,,,,,,10,  ,  ,  ,  ,B03,  ,  ,1,  ,2,  ,  ,10,10,1,22,  ,B03,24.190663,120.605903,3
2018,12,21,18,58,臺中市,潭子區,0,1,0,8,3,5,50,3,1,1,5,3,5,7,4,4,10,5,5,1,12,10,3,10,1,1,B03,7,11,1,8,2,4,  ,10,10,1,21,8,B03,24.193,120.716626,2
2018,12,21,19,0,臺中市,西區,0,0,,8,,,50,,,,,,,,,,,,,,,,,,,,B03,,,1,,2,,,42,,1,5,,B03,24.158168,120.660404,3
2018,12,21,19,0,臺中市,北屯區,0,0,0,8,,,50,,,,,,,,,,,,,,,16,  ,  ,  ,  ,B03,  ,  ,1,  ,2,  ,  ,16,16,1,22,  ,B03,24.183941,120.678255,3
2018,12,21,19,0,臺中市,西屯區,0,0,,8,,,50,,,,,,,,,,,,,,,,,,,,B03,,,1,,2,,,23,,1,22,,B03,24.163326,120.629484,3
2018,12,21,19,1,臺中市,北屯區,0,0,,8,,,50,,,,,,,,,,,,,,,,,,,,B03,,,1,,2,,,7,,1,  ,,B03,24.174999,120.670968,3
2018,12,21,19,8,臺中市,北區,0,0,0,8,,,50,,,,,,,,,,,,,,,7,3,  ,  ,  ,B03,  ,  ,1,  ,2,  ,  ,7,7,1,5,  ,B03,24.149677,120.675529,3
2018,12,21,19,8,臺中市,西屯區,0,1,0,8,3,5,50,14,7,1,5,4,5,7,4,4,5,4,4,2,13,23,2,9,3,4,C03,7,9,1,10,2,11,  ,23,23,1,22,8,C03,24.18205,120.638766,2
2018,12,21,19,15,臺中市,北區,0,1,0,8,3,5,50,4,1,1,5,4,5,7,1,1,5,5,5,2,16,26,3,10,3,4,C03,7,5,4,8,11,12,12,26,26,2,22,9,C03,24.14882,120.67814,2
2018,12,21,19,18,臺中市,北屯區,0,0,,8,,,80,,,,,,,,,,,,,,,,,,,,B03,,,1,,2,,,23,,1,  ,,B03,24.200873,120.696128,3
2018,12,21,19,19,臺中市,潭子區,0,1,0,8,3,5,50,3,2,1,5,4,5,7,2,1,1,2,4,1,13,23,3,10,1,1,C03,7,9,1,10,2,15,  ,23,23,1,22,8,C03,24.200594,120.706282,2
2018,12,21,19,25,臺中市,霧峰區,0,0,0,8,3,5,50,14,7,1,5,4,5,7,4,4,5,4,4,2,12,1,3,10,1,1,A02,7,1,1,2,2,8,  ,19,1,1,10,8,A02,24.043828,120.68865,3
2018,12,21,19,26,臺中市,北屯區,0,1,0,8,1,5,50,11,9,1,5,4,5,7,4,4,5,5,5,2,18,42,2,9,1,1,C03,7,9,1,10,2,12,  ,42,42,1,21,8,C03,24.173996,120.70937,2
2018,12,21,19,27,臺中市,沙鹿區,0,1,0,8,3,5,50,4,1,1,5,4,5,7,3,1,10,5,5,2,15,6,3,10,1,1,B03,7,9,1,8,2,4,  ,6,6,1,21,8,B03,24.237538,120.563102,2
2018,12,21,19,30,臺中市,大甲區,0,1,0,8,1,5,50,14,9,1,5,4,5,7,4,4,5,5,5,1,3,19,3,10,1,1,B03,7,1,1,2,2,8,  ,19,19,1,5,1,B03,24.350872,120.61795,2
2018,12,21,19,39,臺中市,北區,0,1,0,8,3,5,50,14,12,1,5,4,5,7,4,4,5,4,5,2,17,40,3,10,3,1,B03,7,13,1,8,2,4,  ,40,40,1,22,8,B03,24.159082,120.684851,2
2018,12,21,19,42,臺中市,南屯區,0,0,,8,,,50,,,,,,,,,,,,,,,,,,,,B03,,,1,,2,,,12,,1,5,,B03,24.150464,120.648645,3
2018,12,21,19,45,臺中市,潭子區,0,0,,8,3,5,60,14,4,1,5,4,5,7,2,1,1,4,4,1,13,,,,,,C03,,,1,,2,,,23,,1,22,,C03,24.215961,120.688303,3
2018,12,21,19,50,臺中市,西屯區,0,0,0,8,3,5,50,,,,,,,,,,,,,,,16,  ,  ,  ,  ,B12,  ,  ,1,  ,2,1,  ,16,16,1,22,  ,B12,24.174134,120.622104,3
2018,12,21,20,0,臺中市,清水區,0,1,0,8,3,5,50,14,7,1,5,4,5,7,4,4,5,4,4,2,16,26,2,9,1,1,F03,7,1,8,20,8,16,  ,26,26,1,22,5,F03,24.268691,120.565881,2
2018,12,21,20,9,臺中市,太平區,0,0,,8,,,50,,,,,,,,,,,,,,,,,,,,C03,,,6,,2,,,16,,1,5,,C03,24.158903,120.715329,3
2018,12,21,20,20,臺中市,潭子區,0,1,0,8,3,5,60,3,1,1,5,4,3,7,1,1,10,5,5,2,18,23,2,9,1,1,C03,7,9,2,18,2,14,  ,23,23,1,21,8,C03,24.20249,120.70391,2
2018,12,21,20,35,臺中市,神岡區,0,0,,8,,,50,,,,,,,,,,,,,,,,,,,,B03,,,1,,2,,,16,,1,22,,B03,24.249496,120.678331,3
2018,12,21,20,40,臺中市,烏日區,0,1,0,8,3,5,50,3,1,1,5,4,5,7,2,1,5,4,4,2,16,6,2,9,1,1,C03,7,5,1,10,2,14,  ,6,6,1,21,8,C03,24.101899,120.648035,2
2018,12,21,20,40,臺中市,沙鹿區,0,1,0,8,4,5,50,14,9,1,5,4,5,7,4,4,10,5,5,2,18,43,2,9,1,1,C03,7,9,1,10,2,14,  ,43,43,1,3,1,C03,24.221834,120.593835,2
2018,12,21,20,43,臺中市,龍井區,0,2,0,7,3,5,50,4,1,1,5,4,5,7,2,1,10,5,5,2,13,16,3,10,1,1,C03,7,1,1,10,2,12,  ,16,16,1,21,8,C03,24.187361,120.582729,2
2018,12,21,20,58,臺中市,梧棲區,0,1,0,8,3,5,40,4,2,1,5,4,5,7,4,4,10,5,5,2,16,9,3,10,1,1,B01,7,6,1,8,2,2,  ,9,9,1,10,8,B01,24.229742,120.543556,2
2018,12,21,20,59,臺中市,大甲區,0,1,0,8,3,5,50,4,1,1,5,4,5,7,4,4,10,5,5,2,15,6,3,10,1,1,C03,7,9,1,10,2,11,  ,6,6,1,21,8,C03,24.341271,120.619807,2
2018,12,21,21,3,臺中市,南區,0,0,,8,,,50,,,,,,,,,,,,,,,,,,,,C03,,,1,,2,,,26,,1,4,,C03,24.129417,120.681525,3
2018,12,21,21,3,臺中市,東區,0,0,0,8,,,50,,,,,,,,,,,,,,,43,  ,  ,  ,  ,G06,  ,  ,7,19,9,  ,  ,43,43,1,  ,  ,G06,24.141557,120.701829,3
2018,12,21,21,3,臺中市,神岡區,0,0,,8,,,50,,,,,,,,,,,,,,,,,,,,B03,,,1,,2,,,12,,1,22,,B03,24.247105,120.699071,3
2018,12,21,21,12,臺中市,北區,0,1,0,8,3,5,50,4,1,1,5,4,5,7,1,1,10,5,5,2,15,25,2,5,1,1,C03,7,9,1,10,2,12,14,44,25,2,22,9,C03,24.150583,120.677573,2
2018,12,21,21,17,臺中市,太平區,0,0,,8,,,50,,,,,,,,,,,,,,,,,,,,C03,,,3,,2,,,26,,1,20,,C03,24.126684,120.711234,3
2018,12,21,21,22,臺中市,潭子區,0,1,0,8,3,5,50,14,9,1,5,4,5,7,4,4,5,2,5,1,17,8,3,10,1,1,B03,7,5,1,8,2,8,  ,8,8,1,21,8,B03,24.208279,120.70434,2
2018,12,21,21,23,臺中市,北區,0,3,0,7,3,5,50,4,1,1,5,4,5,7,2,1,10,5,5,2,16,7,2,9,1,1,C03,7,10,1,10,2,12,  ,7,7,1,5,8,C03,24.152832,120.685277,2
2018,12,21,21,25,臺中市,大甲區,0,0,0,,,,,,,,,,,,,,,,,,,10,  ,  ,  ,  ,B03,  ,  ,1,  ,2,  ,  ,12,10,1,4,  ,B03,24.340899,120.624645,3
2018,12,21,21,29,臺中市,西屯區,0,1,0,8,3,5,50,4,1,1,5,4,5,7,1,1,10,5,5,2,16,6,3,10,1,1,B03,7,6,1,8,2,2,  ,6,6,1,21,8,B03,24.174038,120.647988,2
2018,12,21,21,30,臺中市,西屯區,0,0,,8,,,50,,,,,,,,,,,,,,,,,,,,B03,,,1,,1,,,12,,1,22,,B03,24.178892,120.614629,3
2018,12,21,21,35,臺中市,西屯區,0,1,0,8,3,5,50,3,7,1,5,2,5,7,4,4,5,4,4,2,18,42,2,9,3,4,C03,7,9,1,10,2,15,  ,42,42,1,22,8,C03,24.188286,120.610378,2
2018,12,21,21,45,臺中市,西屯區,0,0,0,8,3,5,50,,,,,,,,,,,,,,,7,  ,  ,  ,  ,B03,  ,  ,1,  ,2,5,  ,7,7,1,22,  ,B03,24.176077,120.659146,3
2018,12,21,21,45,臺中市,沙鹿區,0,2,0,8,3,5,40,3,1,1,5,4,5,7,1,1,10,5,5,2,17,6,2,1,1,1,B03,7,5,1,8,2,2,  ,6,6,1,21,8,B03,24.21985,120.58037,2
2018,12,21,21,50,臺中市,潭子區,0,0,,8,,,50,,,,,,,,,,,,,,,,,,,,B03,,,1,,2,,,19,,1,  ,,B03,24.202736,120.704018,3
2018,12,21,21,54,臺中市,潭子區,0,1,0,8,3,5,50,14,8,1,5,4,5,7,4,4,1,4,4,1,29,23,2,9,1,1,C03,7,9,1,10,2,11,  ,23,23,1,22,8,C03,24.20807,120.686781,2
2018,12,21,21,58,臺中市,西區,0,1,0,8,3,5,40,4,1,1,5,4,5,7,1,1,10,5,5,2,18,42,2,9,1,1,C03,7,9,1,10,2,12,  ,42,42,1,5,8,C03,24.136686,120.671791,2
2018,12,21,22,10,臺中市,西屯區,0,0,,8,,,50,,,,,,,,,,,,,,,,,,,,B03,,,1,,2,,,23,,1,22,,B03,24.159537,120.636256,3
2018,12,21,22,20,臺中市,大里區,0,0,,8,,,40,,,,,,,,,,,,,,,,,,,,   ,,,7,,11,,,43,,  ,  ,,   ,24.094126,120.729076,3
2018,12,21,22,25,臺中市,南區,0,0,,8,,,50,,,,,,,,,,,,,,,,,,,,C03,,,2,,2,,,6,,1,4,,C03,24.113871,120.666736,3
2018,12,21,22,29,臺中市,中區,0,2,0,8,3,5,50,4,2,1,5,4,5,7,4,4,5,5,4,2,15,6,3,10,4,1,F01,7,9,8,20,2,16,  ,6,6,1,22,8,F01,24.146025,120.677652,2
2018,12,21,22,40,臺中市,太平區,0,1,0,8,3,5,40,14,13,1,5,4,5,7,4,4,5,4,4,1,17,23,2,9,1,1,F03,7,9,8,20,2,16,  ,23,23,1,17,8,F03,24.142236,120.712366,2
2018,12,21,23,0,臺中市,北屯區,0,1,0,8,1,5,50,4,1,1,5,4,5,7,3,1,10,5,5,2,16,23,2,8,1,1,C03,7,9,1,10,2,11,  ,26,23,1,20,8,C03,24.180106,120.69303,2
2018,12,21,23,1,臺中市,東區,0,2,0,8,3,5,50,5,1,1,5,4,5,7,1,1,10,5,5,2,17,25,2,9,1,1,C03,7,9,1,10,2,11,  ,25,25,1,21,8,C03,24.14476,120.700956,2
2018,12,21,23,10,臺中市,太平區,0,0,,8,,,40,,,,,,,,,,,,,,,,,,,,B12,,,1,,2,,,12,,1,9,,B12,24.145298,120.725474,3
2018,12,21,23,38,臺中市,北區,0,1,0,7,3,5,50,5,1,1,5,4,5,7,1,1,10,5,5,2,15,25,2,8,1,4,C03,7,1,3,18,2,14,  ,25,25,1,21,8,C03,24.154737,120.686341,2
2018,12,22,0,16,臺中市,北屯區,0,1,0,8,3,5,50,4,1,1,5,4,5,7,3,1,10,5,5,2,16,6,2,9,1,1,F01,7,5,8,20,2,16,  ,6,6,1,21,8,F01,24.18224,120.704435,2
2018,12,22,0,30,臺中市,烏日區,0,1,0,8,1,5,40,11,9,1,5,4,5,7,4,4,10,4,5,1,18,43,2,9,1,1,C03,7,9,2,18,2,12,  ,43,43,1,21,8,C03,24.123867,120.589879,2
2018,12,22,0,35,臺中市,太平區,0,1,0,8,3,5,40,14,9,1,5,4,4,7,4,4,10,5,5,2,16,6,3,10,1,1,B03,7,9,1,8,2,8,  ,6,6,1,6,8,B03,24.15157,120.713658,2
2018,12,22,1,0,臺中市,太平區,0,1,0,8,3,5,50,5,1,1,5,4,5,7,2,1,10,5,5,2,16,25,3,10,3,4,B03,7,5,1,8,2,4,  ,25,25,1,19,8,B03,24.148167,120.703392,2
2018,12,22,1,34,臺中市,沙鹿區,0,1,0,8,3,5,50,4,1,1,5,4,5,7,3,1,10,5,5,2,23,23,2,9,1,1,B12,7,9,1,8,8,1,  ,23,23,1,21,8,B12,24.23727,120.559687,2