年,月,日,時,分,縣市,區,死,受傷,2-30,天候,光線,道路類別,速限,道路型態,事故位置,路面鋪裝,路面狀態,路面缺陷,障礙物,視距,號誌種類,號誌動作,分向設施,快車道或一般車道間,快慢車道間,路面邊線,事故類型及型態,主要肇因,受傷程度,主要傷處,保護裝備,行動電話,當事者區分_類別,車輛用途,當事者行動狀態,駕駛資格情形,駕駛執照種類,飲酒情形,車輛撞擊部位最初,車輛撞擊部位其他,肇事因素個別,肇事因素主要,肇事逃逸,職業,旅次目的,車種,GPS座標X,GPS座標Y,事故類別
2018,12,22,1,45,臺中市,南區,0,1,0,8,3,5,50,3,1,1,5,4,5,7,1,1,10,5,5,2,13,23,2,7,1,1,C03,7,9,1,10,2,11,  ,23,23,1,18,5,C03,24.114015,120.665951,2
2018,12,22,2,33,臺中市,北屯區,0,1,0,7,3,5,50,4,1,1,5,4,5,7,1,1,10,5,5,2,15,25,2,3,1,1,C03,7,9,1,10,6,11,  ,25,25,1,21,8,C03,24.175435,120.690168,2
2018,12,22,3,40,臺中市,沙鹿區,0,0,,8,,,50,,,,,,,,,,,,,,,,,,,,C03,,,1,,9,,,42,,1,20,,C03,24.235018,120.560427,3
2018,12,22,4,23,臺中市,北屯區,0,1,0,8,3,5,50,4,1,1,5,4,5,7,1,1,10,5,5,2,26,13,2,7,1,1,B03,7,6,3,18,2,1,  ,13,13,1,5,8,B03,24.1852,120.6635,2
2018,12,22,5,51,臺中市,潭子區,0,0,,8,,,40,,,,,,,,,,,,,,,,,,,,B03,,,1,,2,,,22,,1,22,,B03,24.206326,120.679191,3
2018,12,22,6,15,臺中市,西區,0,1,0,8,3,5,50,4,19,1,5,4,5,7,1,1,10,5,5,2,3,52,3,10,1,1,B03,7,9,1,8,2,5,  ,44,52,1,5,8,B03,24.146717,120.661689,2
2018,12,22,6,55,臺中市,神岡區,0,0,0,8,,,50,,,,,,,,,,,,,,,7,  ,  ,  ,  ,B03,  ,  ,1,  ,2,  ,  ,7,7,1,  ,  ,B03,24.248488,120.695171,3
2018,12,22,6,56,臺中市,南屯區,0,0,,8,,,50,,,,,,,,,,,,,,,,,,,,C03,,,1,,2,,,23,,1,22,,C03,24.146818,120.630731,3
2018,12,22,7,0,臺中市,北區,0,0,,8,,,50,,,,,,,,,,,,,,,,,,,,A05,,,1,,11,,,12,,1,10,,A05,24.166934,120.686199,3
2018,12,22,7,12,臺中市,后里區,0,0,,8,,,40,,,,,,,,,,,,,,,,,,,,B03,,,1,,2,,,60,,1,22,,B03,24.314388,120.69023,3
2018,12,22,7,17,臺中市,北區,0,2,0,8,1,5,40,4,2,1,5,4,5,7,1,1,1,2,4,2,12,6,3,10,3,4,B03,7,6,1,8,11,2,  ,6,6,2,22,9,B03,24.155848,120.687015,2
2018,12,22,7,17,臺中市,西屯區,0,0,0,8,,,60,,,,,,,,,,,,,,,23,  ,  ,  ,  ,B03,  ,  ,1,  ,2,  ,  ,23,23,1,22,  ,B03,24.184513,120.612408,3
2018,12,22,7,17,臺中市,大里區,0,0,,8,,,50,,,,,,,,,,,,,,,,,,,,B03,,,1,,2,,,23,,1,22,,B03,24.10036,120.692863,3
2018,12,22,7,22,臺中市,太平區,0,1,0,8,1,5,50,3,1,1,5,4,5,7,3,1,10,5,5,2,13,23,3,10,1,1,C03,7,9,1,10,2,11,  ,23,23,1,21,8,C03,24.125478,120.717593,2
2018,12,22,7,22,臺中市,梧棲區,0,2,0,8,1,5,40,14,8,1,5,4,5,7,4,4,10,5,3,1,13,23,2,8,1,1,C03,7,9,1,10,2,11,  ,23,23,1,2,9,C03,24.24784,120.541611,2
2018,12,22,7,25,臺中市,龍井區,0,0,,8,,,70,,,,,,,,,,,,,,,,,,,,B12,,,1,,2,,,23,,1,9,,B12,24.219,120.542578,3
2018,12,22,7,27,臺中市,北區,0,1,0,8,1,5,50,15,22,1,5,4,5,7,1,1,10,5,5,2,17,19,3,10,3,4,B03,7,1,1,8,2,4,  ,19,19,1,19,8,B03,24.168038,120.673,2
2018,12,22,7,27,臺中市,潭子區,0,0,,8,,,50,,,,,,,,,,,,,,,,,,,,C03,,,1,,2,,,8,,1,22,,C03,24.214397,120.700654,3
2018,12,22,7,30,臺中市,南屯區,0,1,0,8,1,5,50,14,9,1,5,4,5,7,4,4,5,5,5,2,17,40,3,10,3,4,B03,7,14,1,8,2,6,  ,40,40,1,22,9,B03,24.153897,120.651349,2
2018,12,22,7,30,臺中市,大里區,0,0,,8,,,50,,,,,,,,,,,,,,,,,,,,C03,,,1,,2,,,44,,1,19,,C03,24.099576,120.701128,3
2018,12,22,7,30,臺中市,沙鹿區,0,1,0,8,1,5,50,14,9,1,5,4,5,7,4,4,1,4,5,1,16,6,3,10,1,1,B12,7,6,1,8,2,2,  ,6,6,1,21,1,B12,24.257153,120.600702,2
2018,12,22,7,30,臺中市,大雅區,0,2,0,8,1,5,50,14,7,1,5,4,5,7,4,4,5,5,4,2,17,19,2,9,1,1,C03,7,1,1,10,2,13,  ,19,19,1,21,8,C03,24.217499,120.65318,2
2018,12,22,7,33,臺中市,潭子區,0,1,0,8,1,5,50,3,1,1,5,4,5,7,1,1,10,5,5,2,17,23,3,10,1,1,B03,7,5,1,8,2,1,  ,23,23,1,21,8,B03,24.198085,120.721955,2
2018,12,22,7,34,臺中市,北區,0,0,,8,,,50,,,,,,,,,,,,,,,,,,,,B12,,,1,,2,,,23,,1,  ,,B12,24.148048,120.678465,3
2018,12,22,7,36,臺中市,大里區,0,0,,8,,,50,,,,,,,,,,,,,,,,,,,,B03,,,1,,2,,,23,,1,12,,B03,24.104806,120.673136,3
2018,12,22,7,38,臺中市,大雅區,0,1,0,8,1,5,50,4,1,1,5,4,5,7,1,1,5,5,4,1,12,16,3,10,1,1,B12,7,9,1,8,2,5,  ,16,16,1,22,8,B12,24.222723,120.645051,2
2018,12,22,7,40,臺中市,大肚區,0,0,,8,,,50,,,,,,,,,,,,,,,,,,,,B12,,,1,,2,,,23,,1,9,,B12,24.172761,120.53088,3
2018,12,22,7,43,臺中市,東區,0,0,,8,,,40,,,,,,,,,,,,,,,,,,,,B03,,,1,,2,,,12,,1,  ,,B03,24.13197,120.70011,3
2018,12,22,7,43,臺中市,沙鹿區,0,2,0,8,2,5,50,4,1,1,5,4,5,7,4,4,10,5,5,2,15,6,2,9,1,1,C03,7,9,4,8,2,12,  ,6,6,1,19,2,C03,24.235975,120.571917,2
2018,12,22,7,46,臺中市,后里區,0,0,,8,,,40,,,,,,,,,,,,,,,,,,,,B03,,,1,,2,,,42,,1,  ,,B03,24.309003,120.724326,3
2018,12,22,7,47,臺中市,大甲區,0,1,0,8,1,5,50,4,1,1,5,4,5,7,1,1,10,5,5,2,17,8,2,9,1,1,C03,7,5,1,10,2,11,  ,8,8,1,9,9,C03,24.35411,120.617758,2
2018,12,22,7,49,臺中市,沙鹿區,0,1,0,8,1,5,50,4,1,1,5,4,5,7,3,1,10,5,5,2,16,6,3,10,1,1,B03,7,5,1,8,2,4,  ,6,6,1,10,9,B03,24.21545,120.574033,2
2018,12,22,7,50,臺中市,東區,0,0,,8,,,50,,,,,,,,,,,,,,,,,,,,   ,,,7,,11,,,43,,1,  ,,   ,24.14003,120.691025,3
2018,12,22,7,51,臺中市,西屯區,0,0,,8,,,50,,,,,,,,,,,,,,,,,,,,B03,,,1,,2,,,12,,1,22,,B03,24.156855,120.605911,3
2018,12,22,7,57,臺中市,梧棲區,0,2,0,8,1,5,50,4,1,1,5,4,5,7,2,1,10,5,5,2,15,25,2,9,1,1,C03,7,9,1,10,6,12,  ,25,25,1,2,1,C03,24.242849,120.532982,2
2018,12,22,8,1,臺中市,北區,0,1,0,8,1,5,50,14,9,1,5,4,5,7,1,1,5,5,5,2,17,23,3,10,3,4,B12,7,9,1,8,2,8,  ,23,23,1,5,8,B12,24.162975,120.669196,2
2018,12,22,8,4,臺中市,后里區,0,0,,8,,,40,,,,,,,,,,,,,,,,,,,,A12,,,1,,2,,,12,,1,  ,,A12,24.314233,120.730498,3
2018,12,22,8,5,臺中市,西區,0,1,0,8,1,5,40,3,1,1,5,4,5,7,4,4,10,5,5,2,17,42,3,10,1,1,B03,7,6,1,8,2,2,  ,42,42,1,5,5,B03,24.154958,120.65598,2
2018,12,22,8,8,臺中市,太平區,0,2,0,8,1,5,50,14,7,1,5,4,5,7,4,4,5,4,4,1,11,26,2,9,1,1,C03,7,5,1,10,2,12,  ,26,26,1,21,8,C03,24.157358,120.720192,2
2018,12,22,8,9,臺中市,西區,0,0,,8,1,5,40,4,1,1,5,4,3,7,4,4,10,5,,2,15,,,,,,B03,,,1,,2,,,6,,1,21,,B03,24.148201,120.669039,3
2018,12,22,8,9,臺中市,北屯區,0,1,0,8,1,5,50,5,1,1,5,4,5,7,4,4,10,5,5,2,15,6,2,7,1,1,C04,7,9,1,10,2,11,  ,6,6,1,20,8,C04,24.17439,120.695496,2
2018,12,22,8,18,臺中市,大雅區,0,1,0,8,1,5,50,4,2,1,5,4,5,7,1,1,5,5,5,1,12,21,3,10,1,1,B03,7,9,3,18,8,2,  ,21,21,1,22,8,B03,24.22552,120.647952,2
2018,12,22,8,20,臺中市,南屯區,0,1,0,8,1,5,50,5,18,1,5,4,5,7,2,1,10,5,5,2,1,15,3,10,3,4,B03,7,5,1,8,2,8,  ,15,15,1,22,9,B03,24.142479,120.646634,2
2018,12,22,8,28,臺中市,外埔區,0,1,0,8,1,5,40,3,1,1,5,4,5,7,4,4,10,5,5,2,11,23,3,10,3,4,C03,7,9,1,10,2,15,  ,23,23,1,22,8,C03,24.348617,120.66228,2
2018,12,22,8,30,臺中市,霧峰區,0,0,,8,,,50,,,,,,,,,,,,,,,,,,,,B12,,,1,,2,,,12,,1,12,,B12,24.040986,120.693191,3
2018,12,22,8,35,臺中市,大雅區,0,1,0,8,1,5,50,4,1,1,5,4,5,7,1,1,5,5,4,2,13,1,2,7,1,1,C02,7,4,1,9,2,13,  ,1,1,1,21,8,C02,24.229394,120.654322,2
2018,12,22,8,36,臺中市,中區,0,1,0,8,1,5,50,4,1,1,5,4,5,7,1,1,10,5,5,2,16,6,3,10,1,1,B03,7,5,1,8,2,8,  ,6,6,1,2,9,B03,24.143143,120.674922,2
2018,12,22,8,37,臺中市,西屯區,0,0,0,8,,,50,,,,,,,,,,,,,,,23,  ,  ,  ,  ,B03,  ,  ,1,  ,2,  ,  ,23,23,1,  ,  ,B03,24.168,120.647883,3
2018,12,22,8,38,臺中市,南屯區,0,1,0,8,1,5,50,14,8,1,5,4,5,7,4,4,5,5,4,2,16,10,3,10,1,1,B03,7,11,1,8,2,2,  ,10,10,1,22,8,B03,24.151118,120.638478,2
2018,12,22,8,50,臺中市,后里區,0,1,0,8,1,5,50,14,9,1,5,4,5,7,4,4,5,5,5,1,16,6,3,10,1,4,B12,7,6,1,8,2,2,  ,6,6,1,22,8,B12,24.314715,120.687785,2
2018,12,22,8,50,臺中市,豐原區,0,1,0,8,1,5,50,3,1,1,5,4,5,7,4,4,5,4,4,2,17,6,3,10,1,1,B03,7,6,1,8,2,2,  ,6,6,1,21,8,B03,24.262503,120.745751,2
2018,12,22,8,52,臺中市,西屯區,0,0,0,8,,,50,,,,,,,,,,,,,,,23,  ,  ,  ,  ,B03,  ,  ,1,  ,2,  ,  ,23,23,1,22,  ,B03,24.17614,120.65489,3
2018,12,22,8,54,臺中市,西區,0,2,0,8,1,5,50,4,1,1,5,4,5,7,1,1,10,5,5,2,15,25,2,9,1,1,C03,7,9,1,10,2,11,  ,25,25,1,5,5,C03,24.144334,120.663085,2
2018,12,22,8,54,臺中市,西區,0,2,0,8,1,5,50,4,1,1,5,4,5,7,1,1,10,5,5,2,15,25,2,7,1,1,C03,7,9,1,10,2,11,  ,25,25,1,21,8,C03,24.147906,120.669815,2
2018,12,22,9,9,臺中市,西區,0,1,0,8,1,5,40,4,1,1,5,4,1,7,4,4,10,5,5,2,15,6,2,9,1,1,F01,7,9,8,20,2,16,  ,6,6,1,21,8,F01,24.149038,120.660903,2
2018,12,22,9,13,臺中市,太平區,0,2,0,8,1,5,50,15,7,1,5,4,5,7,3,1,4,5,4,1,16,8,2,9,1,1,C03,7,5,3,18,2,13,  ,8,8,1,5,8,C03,24.13062,120.73657,2
2018,12,22,9,14,臺中市,中區,0,1,0,8,1,5,50,3,1,1,5,4,5,7,1,1,10,5,5,2,15,25,3,10,1,1,B03,7,9,1,8,2,2,  ,25,25,1,3,9,B03,24.143654,120.680674,2
2018,12,22,9,23,臺中市,南區,0,1,0,8,1,5,50,4,1,1,5,4,5,7,4,4,10,5,5,2,15,6,2,9,1,1,C03,7,9,1,10,2,11,  ,6,6,1,21,8,C03,24.130094,120.67613,2
2018,12,22,9,29,臺中市,北區,0,1,0,8,1,5,50,14,9,1,5,4,5,7,4,4,5,4,4,2,17,16,2,9,1,1,C03,7,9,1,10,2,14,  ,16,16,1,21,8,C03,24.161568,120.686432,2
2018,12,22,9,30,臺中市,南區,0,1,0,8,1,5,50,4,1,1,5,4,5,7,1,1,10,5,5,2,16,6,3,10,1,1,B03,7,5,1,8,2,1,  ,6,6,1,21,8,B03,24.126994,120.662663,2
2018,12,22,9,30,臺中市,南屯區,0,1,0,8,1,5,50,4,1,1,5,4,5,7,2,1,10,5,5,2,16,6,3,10,3,4,B12,7,6,1,8,2,5,  ,6,6,1,10,4,B12,24.153723,120.640774,2
2018,12,22,9,30,臺中市,霧峰區,0,1,0,8,1,8,40,14,12,1,5,4,5,7,4,4,5,2,4,1,17,23,3,10,3,4,B03,7,13,1,8,2,7,  ,38,23,1,9,3,B03,24.041881,120.673656,2
2018,12,22,9,33,臺中市,北屯區,0,2,0,8,1,5,50,4,2,1,5,4,5,7,1,1,5,5,4,2,12,7,2,8,1,1,C03,7,8,1,10,2,12,  ,7,7,1,21,8,C03,24.164929,120.692168,2
2018,12,22,9,40,臺中市,沙鹿區,0,1,0,8,1,5,40,14,8,1,5,4,5,7,4,4,1,4,4,2,9,12,3,10,1,1,B03,7,2,1,8,2,3,  ,12,12,1,3,5,B03,24.254259,120.568245,2
2018,12,22,9,50,臺中市,南屯區,0,1,0,8,1,5,50,4,1,1,5,4,5,7,1,1,10,5,5,2,16,42,3,10,1,1,C03,7,15,1,10,2,13,  ,42,42,1,22,8,C03,24.125791,120.646806,2
2018,12,22,9,52,臺中市,西區,0,2,0,8,1,5,50,14,7,1,5,4,5,7,4,4,5,5,4,2,13,42,2,9,1,1,C03,7,9,1,10,2,11,  ,42,42,1,21,8,C03,24.139856,120.671378,2
2018,12,22,9,55,臺中市,北屯區,0,1,0,8,1,5,50,4,1,1,5,4,5,7,2,1,10,5,5,2,16,44,3,10,3,4,B03,7,5,1,8,2,8,  ,44,44,1,22,8,B03,24.174976,120.671111,2
2018,12,22,10,0,臺中市,南屯區,0,0,0,8,1,5,50,3,1,1,5,4,5,7,4,4,5,5,5,2,12,23,3,10,1,1,B03,7,14,1,8,2,4,  ,38,23,1,22,8,B03,24.131481,120.638578,3
2018,12,22,10,0,臺中市,北屯區,0,0,,8,,,50,,,,,,,,,,,,,,,,,,,,A11,,,1,,2,,,23,,1,21,,A11,24.170911,120.684002,3
2018,12,22,10,0,臺中市,龍井區,0,0,,8,,,60,,,,,,,,,,,,,,,,,,,,B03,,,1,,2,,,25,,1,22,,B03,24.188146,120.579116,3
2018,12,22,10,4,臺中市,大雅區,0,0,,8,,,50,,,,,,,,,,,,,,,,,,,,B03,,,1,,2,,,6,,1,  ,,B03,24.225692,120.647207,3
2018,12,22,10,6,臺中市,西屯區,0,0,0,8,,,50,,,,,,,,,,,,,,,6,  ,  ,  ,  ,B03,  ,  ,1,  ,2,  ,  ,23,6,1,22,  ,B03,24.20475,120.653546,3
2018,12,22,10,18,臺中市,豐原區,0,0,,8,,,50,,,,,,,,,,,,,,,,,,,,B03,,,1,,2,,,12,,  ,  ,,B03,24.253925,120.722815,3
2018,12,22,10,20,臺中市,西屯區,0,0,,8,,,50,,,,,,,,,,,,,,,,,,,,B03,,,1,,2,,,25,,1,  ,,B03,24.185098,120.640975,3
2018,12,22,10,22,臺中市,西區,0,0,,8,,,50,,,,,,,,,,,,,,,,,,,,B03,,,1,,2,,,42,,1,2,,B03,24.150813,120.652947,3
2018,12,22,10,25,臺中市,梧棲區,0,1,0,8,1,5,50,4,1,1,5,4,5,7,4,4,10,5,5,2,15,6,2,7,1,1,C03,7,9,1,10,2,11,  ,6,6,1,20,8,C03,24.255264,120.549611,2
2018,12,22,10,30,臺中市,北屯區,0,0,,8,,,40,,,,,,,,,,,,,,,,,,,,B12,,,1,,2,,,12,,1,5,,B12,24.197756,120.707668,3
2018,12,22,10,42,臺中市,太平區,0,1,0,8,1,5,50,3,1,1,5,4,5,7,4,4,5,4,5,1,17,26,3,10,1,1,B03,7,11,1,8,2,5,  ,26,26,1,21,8,B03,24.133724,120.721437,2
2018,12,22,10,47,臺中市,西區,0,2,0,8,1,5,50,4,2,1,5,4,5,7,2,1,10,5,5,2,12,7,2,9,1,1,C03,7,7,1,10,2,14,  ,7,7,1,21,8,C03,24.150868,120.662988,2
2018,12,22,10,47,臺中市,西屯區,0,0,0,8,,,50,,,,,,,,,,,,,,,42,  ,  ,  ,  ,C03,  ,  ,1,  ,2,  ,  ,42,42,1,22,  ,C03,24.183315,120.646311,3
2018,12,22,10,50,臺中市,沙鹿區,0,0,,8,,,60,,,,,,,,,,,,,,,,,,,,A31,,,1,,2,,,7,,1,10,,A31,24.217516,120.548517,3
2018,12,22,10,56,臺中市,東區,0,1,0,8,1,5,40,3,1,1,5,4,5,7,1,1,10,5,5,2,16,23,3,10,1,1,C03,7,15,1,10,2,12,  ,23,23,1,22,8,C03,24.135397,120.684917,2
2018,12,22,10,56,臺中市,西屯區,0,1,0,8,1,5,50,3,1,1,5,4,5,7,4,4,10,5,5,2,16,43,2,9,1,1,C03,7,9,1,10,2,12,  ,43,43,1,22,8,C03,24.178228,120.667385,2
2018,12,22,10,57,臺中市,霧峰區,0,0,,8,,,50,,,,,,,,,,,,,,,,,,,,B12,,,1,,2,,,12,,1,20,,B12,24.064995,120.700161,3
2018,12,22,10,59,臺中市,潭子區,0,1,0,8,1,5,40,11,22,1,5,4,5,7,4,4,10,5,5,2,11,5,3,10,1,1,B03,7,9,1,8,2,4,  ,5,5,1,21,8,B03,24.204256,120.706195,2
2018,12,22,11,0,臺中市,西區,0,2,0,8,1,5,50,14,7,1,5,4,5,7,4,4,9,5,4,2,17,19,2,9,1,1,C03,7,1,1,10,2,11,  ,19,19,1,5,5,C03,24.156882,120.662228,2
2018,12,22,11,1,臺中市,大里區,0,0,,8,,,50,,,,,,,,,,,,,,,,,,,,B03,,,1,,2,,,6,,1,3,,B03,24.101384,120.695382,3
2018,12,22,11,4,臺中市,潭子區,0,0,,8,,,60,,,,,,,,,,,,,,,,,,,,A12,,,1,,2,,,23,,1,22,,A12,24.206293,120.703978,3
2018,12,22,11,5,臺中市,霧峰區,0,0,,8,,,70,,,,,,,,,,,,,,,,,,,,B03,,,1,,2,,,23,,1,5,,B03,24.035033,120.693811,3
2018,12,22,11,10,臺中市,西屯區,0,0,,8,,,40,,,,,,,,,,,,,,,,,,,,B03,,,1,,2,,,6,,1,  ,,B03,24.163301,120.660455,3
2018,12,22,11,14,臺中市,大里區,0,0,,8,,,50,,,,,,,,,,,,,,,,,,,,B03,,,1,,2,,,10,,1,22,,B03,24.109548,120.679048,3
2018,12,22,11,20,臺中市,北屯區,0,1,0,8,1,5,50,4,18,1,5,4,5,7,2,1,10,5,5,2,3,15,3,10,1,1,B03,7,1,1,8,2,1,  ,15,15,1,5,8,B03,24.173915,120.690681,2
2018,12,22,11,20,臺中市,大里區,0,2,0,8,1,5,50,5,1,1,5,4,5,7,1,1,10,5,5,2,17,42,2,9,1,1,C03,7,6,1,10,2,11,  ,42,42,1,20,8,C03,24.104793,120.681306,2
2018,12,22,11,24,臺中市,北區,0,1,0,8,1,5,50,4,1,1,5,4,5,7,1,1,10,5,5,2,16,8,2,9,1,4,C03,7,5,1,10,2,14,  ,8,8,1,18,8,C03,24.164747,120.664805,2
2018,12,22,11,29,臺中市,北屯區,0,0,,8,,,50,,,,,,,,,,,,,,,,,,,,B03,,,1,,2,,,2,,1,  ,,B03,24.190012,120.661454,3
2018,12,22,11,44,臺中市,中區,0,0,0,8,,,50,,,,,,,,,,,,,,,,3,  ,  ,  ,B03,  ,  ,1,  ,2,  ,  ,10,  ,1,21,  ,B03,24.140613,120.682832,3
2018,12,22,11,45,臺中市,霧峰區,0,2,0,8,1,5,50,3,1,1,5,4,5,7,4,4,10,5,5,1,16,6,2,8,1,1,C03,7,6,1,10,2,13,  ,6,6,1,18,8,C03,24.044718,120.688255,2
2018,12,22,11,48,臺中市,南屯區,0,1,0,8,1,5,50,4,1,1,5,4,5,7,4,4,5,4,4,2,15,6,2,9,1,1,C03,7,9,1,10,2,14,  ,6,6,1,22,8,C03,24.14569,120.61205,2
2018,12,22,11,55,臺中市,北屯區,0,0,,8,,,50,,,,,,,,,,,,,,,,,,,,B01,,,1,,2,,,6,,1,10,,B01,24.178458,120.713331,3
2018,12,22,11,57,臺中市,神岡區,0,0,,8,,,40,,,,,,,,,,,,,,,,,,,,B03,,,1,,2,,,12,,1,22,,B03,24.275277,120.650462,3
2018,12,22,11,58,臺中市,太平區,0,2,0,8,1,5,40,11,9,1,5,4,5,7,4,4,5,5,5,1,17,42,2,9,1,1,C03,7,9,1,10,2,15,  ,42,42,1,18,8,C03,24.078213,120.81944,2
2018,12,22,12,0,臺中市,霧峰區,0,0,,8,,,40,,,,,,,,,,,,,,,,,,,,   ,,,7,,11,,,43,,  ,  ,,   ,24.061536,120.697668,3
2018,12,22,12,6,臺中市,后里區,0,0,,8,,,50,,,,,,,,,,,,,,,,,,,,B03,,,1,,2,,,6,,1,22,,B03,24.311696,120.718437,4
2018,12,22,12,7,臺中市,北區,0,0,,8,,,50,,,,,,,,,,,,,,,,,,,,B03,,,1,,2,,,16,,1,22,,B03,24.156638,120.676518,3
2018,12,22,12,8,臺中市,大里區,0,0,,8,,,50,,,,,,,,,,,,,,,,,,,,B03,,,1,,2,,,23,,1,5,,B03,24.102335,120.671814,3
2018,12,22,12,13,臺中市,北區,0,2,0,8,1,5,50,14,7,1,5,4,5,7,4,4,1,4,5,2,17,19,2,9,1,4,C03,7,1,1,10,2,13,  ,19,19,1,18,8,C03,24.161588,120.692478,2
2018,12,22,12,21,臺中市,大里區,0,0,,8,,,60,,,,,,,,,,,,,,,,,,,,A12,,,1,,2,,,7,,1,22,,A12,24.089399,120.682085,3
2018,12,22,12,25,臺中市,北屯區,0,0,,8,,,50,,,,,,,,,,,,,,,,,,,,B02,,,1,,2,,,16,,1,22,,B02,24.182158,120.717758,3
2018,12,22,12,25,臺中市,西屯區,0,0,0,8,1,5,50,,,,,,,,,,,,,,,7,  ,  ,  ,  ,B03,  ,  ,1,  ,2,4,  ,7,7,1,22,  ,B03,24.167452,120.648991,3
2018,12,22,12,29,臺中市,西區,0,0,,8,,,50,,,,,,,,,,,,,,,,,,,,B03,,,1,,1,,,42,,1,  ,,B03,24.150859,120.659603,3
2018,12,22,12,30,臺中市,北屯區,0,0,0,8,,,50,,,,,,,,,,,,,,,6,3,  ,  ,  ,B03,  ,  ,1,  ,2,  ,  ,6,6,  ,21,  ,B03,24.171111,120.679356,3
2018,12,22,12,35,臺中市,烏日區,0,1,0,8,1,5,40,14,8,1,5,4,5,7,4,4,1,4,1,2,13,41,2,9,1,2,C03,7,8,1,10,2,11,  ,41,41,1,17,8,C03,24.106693,120.597651,2
2018,12,22,12,36,臺中市,太平區,0,1,0,8,1,5,50,14,7,1,5,4,5,7,4,4,5,5,4,1,17,40,3,10,1,1,B03,7,13,1,7,2,4,  ,40,40,1,21,8,B03,24.148038,120.702445,2
2018,12,22,12,40,臺中市,北屯區,0,1,0,8,1,5,50,3,1,1,5,4,5,7,4,4,10,5,5,2,16,6,3,10,1,1,B03,7,6,1,8,2,2,  ,6,6,1,4,8,B03,24.181373,120.710358,2
2018,12,22,12,40,臺中市,龍井區,0,0,,8,,,50,,,,,,,,,,,,,,,,,,,,B03,,,1,,2,,,23,,1,12,,B03,24.191896,120.545765,3
2018,12,22,12,41,臺中市,北屯區,0,0,0,8,,,50,,,,,,,,,,,,,,,1,3,  ,  ,  ,B12,  ,  ,1,8,2,  ,  ,1,1,1,21,  ,B12,24.195385,120.682248,3
2018,12,22,12,45,臺中市,北屯區,0,1,0,8,1,5,50,4,1,1,5,4,5,7,2,1,10,5,5,2,16,6,3,10,3,4,B03,7,6,1,8,2,5,  ,6,6,1,22,8,B03,24.171495,120.728761,2
2018,12,22,12,48,臺中市,北區,0,0,,8,,,50,,,,,,,,,,,,,,,,,,,,B12,,,1,,2,,,23,,1,22,,B12,24.16155,120.66463,3
2018,12,22,12,52,臺中市,大雅區,0,0,,8,,,40,,,,,,,,,,,,,,,,,,,,C03,,,1,,2,,,26,,1,  ,,C03,24.225517,120.622213,3
2018,12,22,12,53,臺中市,北屯區,0,0,,8,,,50,,,,,,,,,,,,,,,,,,,,B03,,,1,,2,,,7,,1,20,,B03,24.173561,120.67018,3
2018,12,22,13,10,臺中市,北區,0,0,,8,,,50,,,,,,,,,,,,,,,,,,,,B03,,,1,,2,,,23,,1,  ,,B03,24.166821,120.667914,3
2018,12,22,13,10,臺中市,大里區,0,0,,8,,,40,,,,,,,,,,,,,,,,,,,,C03,,,1,,2,,,26,,1,18,,C03,24.094853,120.688063,3
2018,12,22,13,10,臺中市,外埔區,0,0,,8,,,50,,,,,,,,,,,,,,,,,,,,B12,,,1,,2,,,12,,1,  ,,B12,24.343103,120.636596,4
2018,12,22,13,12,臺中市,潭子區,0,0,0,8,1,5,60,14,8,1,5,4,5,7,4,4,1,1,4,1,13,23,3,10,1,1,A11,7,9,1,3,2,5,  ,23,23,1,22,9,A11,24.2010825,120.7005666,3
2018,12,22,13,25,臺中市,霧峰區,0,1,0,8,1,5,50,3,1,1,5,4,5,7,3,1,10,5,5,2,16,21,3,10,1,1,C03,7,9,1,10,4,11,  ,21,21,1,20,8,C03,24.075212,120.699724,2
2018,12,22,13,25,臺中市,龍井區,0,2,0,8,1,5,40,14,8,1,5,4,5,7,1,1,1,4,1,2,13,23,2,9,1,1,C03,7,9,1,10,2,11,  ,23,23,1,22,8,C03,24.192683,120.579663,2
2018,12,22,13,29,臺中市,后里區,0,1,0,8,1,5,40,3,1,1,5,4,5,5,4,4,10,5,5,1,16,6,3,10,1,1,B03,7,5,1,8,2,1,  ,6,6,1,21,8,B03,24.307318,120.719595,2
2018,12,22,13,30,臺中市,北屯區,0,1,0,8,1,5,40,14,9,1,5,4,5,7,4,4,5,4,5,2,16,19,3,10,1,1,B02,7,1,1,1,2,8,  ,19,19,1,4,8,B02,24.1992,120.683406,2
2018,12,22,13,30,臺中市,北屯區,0,0,0,8,,,50,,,,,,,,,,,,,,,6,3,  ,  ,  ,B01,  ,  ,1,  ,2,  ,  ,6,6,  ,21,  ,B01,24.164191,120.697873,3
2018,12,22,13,37,臺中市,西區,0,2,0,8,1,5,50,4,1,1,5,4,5,7,2,1,10,5,5,2,12,7,2,7,1,1,C03,7,8,1,8,2,11,  ,7,7,1,6,9,C03,24.146708,120.659498,2
2018,12,22,13,41,臺中市,西區,0,1,0,8,1,5,40,4,1,1,5,4,5,7,2,1,10,5,5,2,16,8,3,10,1,1,B03,7,5,1,8,2,4,  ,8,8,1,21,8,B03,24.137959,120.665649,2