年,月,日,時,分,縣市,區,死,受傷,2-30,天候,光線,道路類別,速限,道路型態,事故位置,路面鋪裝,路面狀態,路面缺陷,障礙物,視距,號誌種類,號誌動作,分向設施,快車道或一般車道間,快慢車道間,路面邊線,事故類型及型態,主要肇因,受傷程度,主要傷處,保護裝備,行動電話,當事者區分_類別,車輛用途,當事者行動狀態,駕駛資格情形,駕駛執照種類,飲酒情形,車輛撞擊部位最初,車輛撞擊部位其他,肇事因素個別,肇事因素主要,肇事逃逸,職業,旅次目的,車種,GPS座標X,GPS座標Y,事故類別
2018,12,22,13,45,臺中市,南屯區,0,1,0,8,1,5,50,4,1,1,5,4,5,7,1,1,10,5,5,2,16,6,3,10,1,1,B12,7,6,1,4,2,2,  ,6,6,1,22,8,B12,24.12994,120.63725,2
2018,12,22,13,46,臺中市,烏日區,0,1,0,8,1,5,60,14,8,1,5,4,5,7,4,4,1,4,4,1,13,23,2,9,1,1,F03,7,9,8,20,2,16,  ,23,23,1,21,8,F03,24.107103,120.612811,2
2018,12,22,13,48,臺中市,西屯區,0,1,0,8,1,5,40,14,8,1,5,4,5,7,4,4,1,4,1,2,9,60,3,10,1,1,B03,7,9,1,8,2,5,  ,23,60,1,22,8,B03,24.178476,120.669818,2
2018,12,22,13,50,臺中市,太平區,0,0,,8,,,50,,,,,,,,,,,,,,,,,,,,B11,,,1,,2,,,12,,1,21,,B11,24.095914,120.714042,3
2018,12,22,13,53,臺中市,西屯區,0,0,,8,,,40,,,,,,,,,,,,,,,,,,,,B03,,,1,,2,,,23,,1,  ,,B03,24.196655,120.64778,3
2018,12,22,13,54,臺中市,潭子區,0,0,,8,,,50,,,,,,,,,,,,,,,,,,,,B03,,,1,,2,,,6,,1,22,,B03,24.207035,120.711063,3
2018,12,22,13,55,臺中市,太平區,0,0,,8,,,50,,,,,,,,,,,,,,,,,,,,B01,,,1,,2,,,6,,1,10,,B01,24.155874,120.711233,3
2018,12,22,14,0,臺中市,大里區,0,1,0,8,1,5,50,3,1,1,5,4,5,7,1,1,10,5,5,2,16,9,3,10,3,4,B12,7,6,1,8,2,6,  ,9,9,1,3,8,B12,24.091427,120.728034,2
2018,12,22,14,3,臺中市,北屯區,0,2,0,8,1,5,50,3,1,1,5,4,5,7,4,4,10,5,5,2,16,8,2,9,1,1,C03,7,5,1,10,2,11,  ,8,8,1,5,8,C03,24.170171,120.699641,2
2018,12,22,14,7,臺中市,西區,0,0,0,8,,,50,,,,,,,,,,,,,,,,3,  ,  ,  ,C03,  ,  ,1,  ,2,  ,  ,7,  ,  ,21,  ,C03,24.135506,120.682399,3
2018,12,22,14,13,臺中市,西區,0,0,,8,,,50,,,,,,,,,,,,,,,,,,,,B03,,,1,,2,,,16,,1,22,,B03,24.132748,120.669514,3
2018,12,22,14,22,臺中市,南屯區,0,0,0,8,,,50,,,,,,,,,,,,,,,23,  ,  ,  ,  ,B12,  ,  ,1,  ,2,  ,  ,23,23,1,22,  ,B12,24.14702,120.615188,3
2018,12,22,14,25,臺中市,后里區,0,0,,8,,,50,,,,,,,,,,,,,,,,,,,,B03,,,1,,2,,,50,,1,22,,B03,24.314205,120.723956,4
2018,12,22,14,27,臺中市,梧棲區,0,2,0,8,1,5,50,14,9,1,5,4,5,7,4,4,9,4,5,1,16,6,2,1,1,1,B03,7,5,1,8,2,2,  ,6,6,1,12,1,B03,24.233452,120.525336,2
2018,12,22,14,35,臺中市,北屯區,0,0,0,8,,,50,,,,,,,,,,,,,,,12,  ,  ,  ,  ,B12,  ,  ,1,  ,2,  ,  ,12,12,1,10,  ,B12,24.172448,120.685358,3
2018,12,22,14,40,臺中市,西屯區,0,2,0,8,1,5,50,3,1,1,5,4,5,7,4,4,5,5,5,2,15,19,2,9,1,1,C03,7,1,1,10,2,14,12,19,19,1,22,8,C03,24.190421,120.612315,2
2018,12,22,14,49,臺中市,北屯區,0,0,0,8,,,40,,,,,,,,,,,,,,,23,3,  ,  ,  ,B12,  ,  ,1,8,2,  ,  ,23,23,1,21,  ,B12,24.16187,120.718991,3
2018,12,22,14,57,臺中市,南屯區,0,0,,8,,,50,,,,,,,,,,,,,,,,,,,,B03,,,1,,2,,,23,,1,22,,B03,24.140028,120.652655,3
2018,12,22,14,59,臺中市,太平區,0,1,0,8,1,5,50,4,1,1,5,4,5,7,2,1,10,5,5,2,16,6,3,10,1,1,B03,7,5,1,8,2,6,  ,6,6,1,5,8,B03,24.159458,120.705072,2
2018,12,22,15,1,臺中市,西屯區,0,0,,8,3,5,40,4,1,1,5,4,5,7,4,4,9,5,5,2,16,,,,,,B03,,,1,,2,,,6,,1,21,,B03,24.165674,120.645638,3
2018,12,22,15,5,臺中市,南屯區,0,1,0,8,1,5,50,3,1,1,5,4,5,7,2,1,10,5,5,2,16,6,3,10,3,4,B03,7,6,1,8,2,5,  ,6,6,1,22,9,B03,24.134737,120.648324,2
2018,12,22,15,6,臺中市,西區,0,1,0,8,1,5,50,4,1,1,5,4,5,7,4,4,10,5,5,2,15,6,2,8,1,1,C03,7,9,1,10,2,11,  ,6,6,1,21,5,C03,24.147695,120.671925,2
2018,12,22,15,8,臺中市,西屯區,0,1,0,8,1,5,50,14,9,1,5,4,5,7,4,4,3,4,5,2,16,42,2,9,1,1,C03,7,10,1,10,2,13,  ,42,42,1,21,8,C03,24.178573,120.625019,2
2018,12,22,15,9,臺中市,南屯區,0,1,0,8,1,5,50,4,1,1,5,4,5,7,2,1,10,5,5,2,16,26,2,9,1,4,C03,7,5,1,10,2,14,  ,26,26,1,22,9,C03,24.155599,120.646902,2
2018,12,22,15,13,臺中市,中區,0,0,,8,,,50,,,,,,,,,,,,,,,,,,,,B03,,,1,,2,,,23,,1,22,,B03,24.139769,120.679236,4
2018,12,22,15,14,臺中市,梧棲區,0,1,0,8,1,5,70,4,1,1,5,4,5,7,2,1,10,5,5,2,16,6,3,10,1,1,B03,7,5,1,8,2,5,  ,6,6,1,21,8,B03,24.229059,120.545828,2
2018,12,22,15,15,臺中市,南區,0,0,,,,,,,,,,,,,,,,,,,,,,,,,B03,,,1,,2,,,16,,1,21,,B03,24.128191,120.662229,3
2018,12,22,15,22,臺中市,東區,0,0,0,8,1,5,50,14,9,1,5,4,5,7,4,4,9,5,5,2,17,23,3,10,1,1,B03,7,3,1,8,2,1,  ,23,23,1,5,8,B03,24.143331,120.710782,3
2018,12,22,15,25,臺中市,西區,0,1,0,8,1,5,40,4,1,1,5,4,5,7,2,1,10,5,5,2,18,42,2,9,1,1,C03,7,9,1,10,2,12,  ,42,42,1,5,9,C03,24.140278,120.657096,2
2018,12,22,15,29,臺中市,西屯區,0,0,,8,,,50,,,,,,,,,,,,,,,,,,,,A11,,,1,,2,,,42,,1,22,,A11,24.200077,120.655992,3
2018,12,22,15,30,臺中市,大雅區,0,1,0,8,1,5,50,3,1,1,5,4,5,7,3,1,10,4,5,1,15,6,3,10,1,1,E03,7,9,1,8,2,8,  ,6,6,1,22,9,E03,24.209739,120.629928,2
2018,12,22,15,35,臺中市,大里區,0,1,0,8,1,5,40,3,1,1,5,4,5,7,4,4,1,4,5,1,20,42,2,9,1,1,C03,7,9,1,10,2,12,  ,42,42,1,12,8,C03,24.121351,120.700796,2
2018,12,22,15,47,臺中市,外埔區,0,2,0,8,1,5,70,4,1,1,5,4,5,3,1,1,10,5,5,2,16,43,2,9,3,4,C03,7,9,2,18,6,11,  ,43,43,1,22,9,C03,24.32441,120.648933,2
2018,12,22,15,50,臺中市,清水區,0,2,0,8,1,5,50,3,1,1,5,4,5,7,3,1,10,5,5,2,16,6,2,9,1,1,B03,7,5,1,8,2,8,  ,6,6,1,5,5,B03,24.288201,120.614528,2
2018,12,22,15,52,臺中市,南屯區,0,0,,8,,,50,,,,,,,,,,,,,,,,,,,,B03,,,1,,2,,,12,,1,21,,B03,24.15143,120.64649,4
2018,12,22,15,55,臺中市,霧峰區,0,0,0,8,1,5,50,14,9,1,5,4,5,7,4,4,5,4,5,1,13,16,3,10,1,1,B03,7,9,1,8,2,1,  ,16,16,1,5,8,B03,24.056986,120.697645,3
2018,12,22,15,58,臺中市,東區,0,1,0,8,1,5,50,3,18,1,5,4,5,7,1,1,10,5,5,2,3,23,3,10,1,1,B03,7,5,1,8,2,8,  ,23,23,1,22,8,B03,24.144666,120.694339,2
2018,12,22,16,0,臺中市,西屯區,0,0,,8,,,50,,,,,,,,,,,,,,,,,,,,B03,,,1,,2,,,12,,1,  ,,B03,24.173161,120.646497,3
2018,12,22,16,0,臺中市,大里區,0,2,0,8,1,5,50,4,1,1,5,4,5,7,1,1,10,5,5,1,15,25,2,7,1,1,C03,7,9,1,10,2,11,  ,25,25,1,4,8,C03,24.104777,120.677512,2
2018,12,22,16,2,臺中市,西區,0,0,,,,,,,,,,,,,,,,,,,,,,,,,B03,,,1,,2,,,42,,1,  ,,B03,,,3
2018,12,22,16,5,臺中市,北屯區,0,0,,8,,,50,,,,,,,,,,,,,,,,,,,,B03,,,1,,2,,,23,,1,22,,B03,24.181753,120.684718,3
2018,12,22,16,10,臺中市,北屯區,0,1,0,8,1,5,60,4,1,1,5,4,5,7,1,1,10,5,5,2,16,26,3,10,3,4,B03,7,6,1,8,2,5,  ,26,26,1,3,8,B03,24.164433,120.714902,2
2018,12,22,16,10,臺中市,西屯區,0,1,0,8,1,5,40,14,8,1,5,4,5,7,4,4,1,4,4,1,13,16,3,10,1,1,B12,7,9,1,1,2,1,  ,16,16,1,22,8,B12,24.173608,120.633395,2
2018,12,22,16,14,臺中市,西區,0,3,0,8,1,5,50,14,7,1,5,4,5,7,4,4,5,4,4,2,13,23,2,8,1,1,C03,7,9,1,10,2,11,  ,23,23,1,22,8,C03,24.142661,120.674409,2
2018,12,22,16,18,臺中市,大甲區,0,0,,8,,,50,,,,,,,,,,,,,,,,,,,,B12,,,1,,2,,,19,,1,5,,B12,24.342737,120.623797,3
2018,12,22,16,22,臺中市,東區,0,0,,,,,,,,,,,,,,,,,,,,,,,,,B12,,,1,,2,,,1,,1,  ,,B12,24.147919,120.694611,3
2018,12,22,16,24,臺中市,西屯區,0,2,0,8,1,5,50,5,2,1,5,4,5,7,1,1,3,4,4,2,12,6,2,9,1,1,C03,7,5,1,10,2,14,  ,6,6,1,21,8,C03,24.190948,120.616344,2
2018,12,22,16,27,臺中市,西區,0,1,0,8,1,5,50,14,9,1,5,4,5,7,4,4,5,2,5,2,17,19,3,10,1,1,C03,7,1,1,10,2,13,  ,19,19,1,5,1,C03,24.149831,120.653056,2
2018,12,22,16,27,臺中市,西屯區,0,0,0,8,1,5,50,,,,,,,,,,,,,,,23,  ,  ,  ,  ,B02,  ,  ,1,  ,2,5,  ,23,23,1,21,  ,B02,24.172863,120.648545,3
2018,12,22,16,30,臺中市,西屯區,0,1,0,8,1,5,50,14,7,1,5,4,5,7,4,4,5,4,4,2,13,42,3,10,3,4,B03,7,9,1,8,2,1,  ,42,42,1,22,8,B03,24.173754,120.621999,2
2018,12,22,16,30,臺中市,霧峰區,0,0,,8,,,40,,,,,,,,,,,,,,,,,,,,B12,,,1,,2,,,23,,1,  ,,B12,24.077161,120.71784,3
2018,12,22,16,38,臺中市,北區,0,1,0,8,1,5,50,4,1,1,5,4,5,7,1,1,10,5,5,2,16,25,2,8,1,1,C03,7,5,1,10,2,14,12,25,25,1,22,9,C03,24.146139,120.686052,2
2018,12,22,16,40,臺中市,霧峰區,0,0,0,8,1,5,50,14,,1,5,4,5,7,4,4,3,4,4,2,13,42,3,10,1,1,B03,7,14,1,8,2,1,  ,42,42,1,12,5,B03,24.077755,120.691546,3
2018,12,22,16,43,臺中市,豐原區,0,0,,,,,,,,,,,,,,,,,,,,,,,,,B03,,,1,,2,,,12,,  ,  ,,B03,24.22496,120.728959,3
2018,12,22,16,48,臺中市,豐原區,0,0,,8,,,50,,,,,,,,,,,,,,,,,,,,B03,,,1,,2,,,7,,  ,  ,,B03,24.263083,120.712708,3
2018,12,22,17,0,臺中市,北屯區,0,0,0,8,,,50,,,,,,,,,,,,,,,23,3,  ,  ,  ,B03,  ,  ,1,  ,2,  ,  ,23,23,  ,21,  ,B03,24.20471,120.686503,3
2018,12,22,17,0,臺中市,太平區,0,1,0,8,4,5,40,14,9,1,5,4,5,7,4,4,10,5,5,2,9,12,3,10,1,1,B03,7,2,1,8,2,3,  ,12,12,1,5,8,B03,24.154514,120.706353,2
2018,12,22,17,2,臺中市,南區,0,1,0,8,3,5,30,11,9,1,5,4,5,7,4,4,5,5,5,2,20,23,2,9,1,1,B03,7,9,6,18,2,1,  ,23,23,1,4,1,B03,24.124775,120.653431,2
2018,12,22,17,4,臺中市,大里區,0,0,0,8,3,5,50,14,13,1,5,4,5,7,4,4,5,4,4,2,17,17,3,10,1,1,B02,7,3,1,8,11,2,  ,17,17,1,5,8,B02,24.114168,120.676471,3
2018,12,22,17,10,臺中市,霧峰區,0,0,,,,,,,,,,,,,,,,,,,,,,,,,B03,,,1,,1,,,23,,1,17,,B03,,,3
2018,12,22,17,12,臺中市,大甲區,0,1,0,8,2,5,50,14,9,1,5,4,5,7,4,4,9,5,5,1,16,10,3,10,1,1,B03,7,11,1,8,2,8,  ,10,10,1,2,1,B03,24.366641,120.637812,2
2018,12,22,17,14,臺中市,烏日區,0,0,,8,,,60,,,,,,,,,,,,,,,,,,,,B03,,,1,,2,,,23,,1,21,,B03,24.093191,120.643616,3
2018,12,22,17,15,臺中市,南屯區,0,0,,8,,,40,,,,,,,,,,,,,,,,,,,,B03,,,1,,2,,,12,,1,21,,B03,24.136107,120.65389,4
2018,12,22,17,15,臺中市,西屯區,0,0,,8,,,60,,,,,,,,,,,,,,,,,,,,B03,,,1,,2,,,7,,1,21,,B03,24.159713,120.654826,3
2018,12,22,17,15,臺中市,清水區,0,1,0,8,2,5,50,14,7,1,5,4,5,7,4,4,5,5,4,2,29,23,2,9,4,1,G03,7,9,1,8,2,15,  ,23,23,1,12,8,G03,24.281743,120.538275,2
2018,12,22,17,17,臺中市,北屯區,0,0,0,8,,,50,,,,,,,,,,,,,,,7,  ,  ,  ,  ,B03,  ,  ,1,  ,2,  ,  ,7,7,1,22,  ,B03,24.199908,120.759241,3
2018,12,22,17,18,臺中市,西屯區,0,0,,8,,,50,,,,,,,,,,,,,,,,,,,,C03,,,1,,2,,,6,,1,  ,,C03,24.167903,120.635561,3
2018,12,22,17,20,臺中市,北區,0,1,0,8,3,5,50,4,1,1,5,4,5,7,4,4,10,5,5,2,15,6,3,10,3,4,B03,7,9,1,8,2,1,1,6,6,1,22,9,B03,24.154111,120.694848,2
2018,12,22,17,20,臺中市,西屯區,0,1,0,8,2,5,50,3,1,1,5,4,5,7,4,4,5,5,5,2,16,6,3,10,1,1,B03,7,5,1,8,2,6,  ,6,6,1,22,8,B03,24.185278,120.626438,2
2018,12,22,17,22,臺中市,沙鹿區,0,0,,8,,,50,,,,,,,,,,,,,,,,,,,,B03,,,1,,2,,,23,,1,21,,B03,24.222355,120.556565,3
2018,12,22,17,24,臺中市,北屯區,0,0,,8,,,50,,,,,,,,,,,,,,,,,,,,B03,,,1,,2,,,7,,1,5,,B03,24.177081,120.73217,3
2018,12,22,17,28,臺中市,東勢區,0,0,,,,,,,,,,,,,,,,,,,,,,,,,C03,,,1,,2,,,23,,1,22,,C03,,,3
2018,12,22,17,30,臺中市,神岡區,0,0,,8,,,50,,,,,,,,,,,,,,,,,,,,B03,,,1,,2,,,7,,1,22,,B03,24.24675,120.684826,3
2018,12,22,17,34,臺中市,新社區,0,0,0,8,,,50,,,,,,,,,,,,,,,6,  ,  ,  ,  ,B12,  ,  ,1,  ,2,  ,  ,6,6,1,  ,  ,B12,24.240261,120.807778,3
2018,12,22,17,35,臺中市,大甲區,0,2,0,8,3,5,50,3,1,1,5,4,5,7,4,4,10,5,5,2,16,6,2,9,1,1,C03,7,5,1,10,2,14,  ,6,6,1,19,8,C03,24.354161,120.621952,2
2018,12,22,17,36,臺中市,北屯區,0,0,,8,,,50,,,,,,,,,,,,,,,,,,,,B03,,,1,,2,,,16,,1,22,,B03,24.19194,120.668076,3
2018,12,22,17,37,臺中市,南屯區,0,0,0,8,3,5,50,4,1,1,5,4,5,7,1,1,10,5,5,2,13,26,3,10,1,1,B03,7,8,1,5,2,5,  ,23,26,1,22,8,B03,24.140466,120.622737,3
2018,12,22,17,40,臺中市,石岡區,0,0,,8,,,50,,,,,,,,,,,,,,,,,,,,B03,,,1,,2,,,23,,1,21,,B03,24.277743,120.766056,3
2018,12,22,17,43,臺中市,西屯區,0,1,0,8,3,5,50,4,2,1,5,4,5,7,1,1,5,5,5,2,17,42,2,9,1,1,C03,7,9,1,10,2,12,  ,42,42,1,21,8,C03,24.171311,120.657638,2
2018,12,22,17,45,臺中市,北屯區,0,1,0,8,3,5,50,14,9,1,5,4,5,7,4,4,1,4,5,2,12,23,2,7,1,1,C03,7,9,1,10,2,15,  ,23,23,1,21,8,C03,24.200731,120.667521,2
2018,12,22,17,51,臺中市,北屯區,0,4,0,8,3,5,50,14,8,1,5,4,5,7,4,4,1,2,4,2,12,43,3,10,1,1,B03,7,9,1,8,2,2,  ,43,43,1,5,8,B03,24.163038,120.71983,2
2018,12,22,17,53,臺中市,北屯區,0,0,,8,,,50,,,,,,,,,,,,,,,,,,,,B03,,,1,,2,,,7,,1,22,,B03,24.19792,120.686609,3
2018,12,22,17,55,臺中市,北區,0,1,0,7,3,5,50,4,1,1,5,4,5,7,2,1,10,5,5,2,16,6,3,10,1,1,B03,7,5,1,8,2,5,  ,6,6,1,5,8,B03,24.160138,120.685109,2
2018,12,22,17,58,臺中市,大雅區,0,2,0,8,3,5,40,3,2,1,5,4,5,7,1,1,5,5,5,1,16,6,2,8,1,1,C03,7,5,1,10,2,11,  ,6,6,1,22,8,C03,24.224388,120.647265,2
2018,12,22,18,0,臺中市,東區,0,2,0,8,1,5,50,4,1,1,5,4,5,7,1,1,10,5,5,2,17,6,3,10,1,1,B12,7,6,1,8,2,3,  ,6,6,1,21,8,B12,24.140055,120.686097,2
2018,12,22,18,0,臺中市,大里區,0,0,,8,,,50,,,,,,,,,,,,,,,,,,,,B03,,,1,,2,,,42,,1,21,,B03,24.099926,120.694948,3
2018,12,22,18,0,臺中市,大雅區,0,0,,8,,,50,,,,,,,,,,,,,,,,,,,,B12,,,1,,2,,,25,,1,22,,B12,24.218404,120.648765,3
2018,12,22,18,3,臺中市,龍井區,0,0,,8,,,50,,,,,,,,,,,,,,,,,,,,B03,,,1,,2,,,16,,1,  ,,B03,24.188057,120.573453,3
2018,12,22,18,4,臺中市,西區,0,3,0,7,3,5,50,4,1,1,5,4,5,7,2,1,10,5,5,2,16,6,2,8,1,1,C03,7,5,1,10,2,12,  ,6,6,1,4,9,C03,24.133993,120.661708,2
2018,12,22,18,5,臺中市,清水區,0,1,0,8,3,5,50,14,7,1,5,4,5,7,4,4,5,4,4,2,13,23,2,8,1,1,C03,7,9,1,10,2,11,  ,23,23,1,5,5,C03,24.264026,120.573931,2
2018,12,22,18,5,臺中市,大雅區,0,2,0,8,4,5,50,3,1,1,5,4,5,7,4,4,5,5,5,1,16,19,2,9,1,1,C03,7,1,6,18,2,12,  ,19,19,1,22,9,C03,24.225319,120.644721,2
2018,12,22,18,6,臺中市,南屯區,0,0,,8,,,50,,,,,,,,,,,,,,,,,,,,B03,,,1,,2,,,23,,1,6,,B03,24.150651,120.615833,4
2018,12,22,18,11,臺中市,西屯區,0,1,0,8,1,7,40,10,16,1,5,4,5,7,4,4,2,4,4,2,13,42,3,10,3,4,B03,7,9,1,8,2,1,  ,42,42,1,22,8,B03,24.176129,120.634491,2
2018,12,22,18,12,臺中市,大甲區,0,2,0,8,3,5,50,4,1,1,5,4,5,7,4,4,10,5,5,2,15,6,2,9,1,1,C03,7,9,1,10,2,11,  ,6,6,1,9,8,C03,24.402057,120.650312,2
2018,12,22,18,15,臺中市,龍井區,0,0,,8,,,50,,,,,,,,,,,,,,,,,,,,B12,,,1,,2,,,23,,1,22,,B12,24.18728,120.57359,3
2018,12,22,18,17,臺中市,北區,0,0,0,8,,,50,,,,,,,,,,,,,,,23,  ,  ,  ,  ,B12,  ,  ,1,8,2,  ,  ,23,23,1,  ,  ,B12,24.170811,120.673395,3
2018,12,22,18,20,臺中市,后里區,0,0,,8,,,50,,,,,,,,,,,,,,,,,,,,B03,,,1,,2,,,7,,1,22,,B03,24.307575,120.721747,3
2018,12,22,18,20,臺中市,豐原區,0,1,0,7,3,5,50,3,9,1,5,4,5,7,3,1,5,4,5,1,17,19,3,10,1,1,C04,7,1,3,18,9,13,  ,19,19,2,21,8,C04,24.235018,120.723894,2
2018,12,22,18,28,臺中市,沙鹿區,0,2,0,8,3,5,40,4,9,1,5,4,5,7,4,4,10,5,5,1,16,6,2,9,1,1,C03,7,9,1,10,2,11,  ,6,6,1,5,8,C03,24.255563,120.564793,2
2018,12,22,18,29,臺中市,大里區,0,2,0,8,3,5,50,4,1,1,5,4,5,7,1,1,5,5,4,1,15,25,2,9,1,1,C03,7,9,3,18,2,11,  ,25,25,1,4,8,C03,24.094266,120.713688,2
2018,12,22,18,35,臺中市,西屯區,0,1,0,8,3,5,40,14,8,1,5,4,5,7,4,4,1,5,5,2,17,17,2,7,1,1,C03,7,9,1,10,2,15,  ,17,17,1,18,8,C03,24.182838,120.603601,2
2018,12,22,18,36,臺中市,大雅區,0,0,,8,,,50,,,,,,,,,,,,,,,,,,,,B03,,,1,,2,,,16,,1,  ,,B03,24.228595,120.642804,3
2018,12,22,18,38,臺中市,北屯區,0,0,,8,,,50,,,,,,,,,,,,,,,,,,,,B03,,,1,,2,,,23,,1,5,,B03,24.162353,120.692355,3
2018,12,22,18,39,臺中市,北區,0,0,0,8,,,50,,,,,,,,,,,,,,,23,3,  ,  ,  ,B03,  ,  ,1,  ,2,  ,  ,23,23,1,5,  ,B03,24.162815,120.670668,3
2018,12,22,18,40,臺中市,北屯區,0,0,0,8,,,50,,,,,,,,,,,,,,,23,  ,  ,  ,  ,B03,  ,  ,1,  ,2,  ,  ,23,23,1,22,  ,B03,24.200048,120.75896,3
2018,12,22,18,44,臺中市,大雅區,0,2,0,8,4,5,50,3,1,1,5,4,5,7,2,1,5,5,5,1,16,6,2,8,1,1,C01,7,5,4,10,2,12,  ,6,6,1,22,9,C01,24.229284,120.647157,2
2018,12,22,18,45,臺中市,清水區,0,0,0,8,,,50,,,,,,,,,,,,,,,6,  ,  ,  ,  ,B03,  ,  ,1,  ,2,  ,  ,6,6,1,12,  ,B03,24.268952,120.576815,3
2018,12,22,18,50,臺中市,霧峰區,0,1,0,8,3,5,40,3,1,1,5,4,5,7,4,4,10,5,5,2,16,23,3,10,1,1,B03,7,6,1,8,2,4,  ,44,23,1,5,8,B03,24.071558,120.713415,2
2018,12,22,18,55,臺中市,西屯區,0,1,0,8,3,5,50,4,1,1,5,4,5,7,1,1,5,5,5,2,16,9,3,10,1,1,B03,7,6,1,8,2,2,  ,9,9,1,22,8,B03,24.195982,120.643174,2
2018,12,22,19,0,臺中市,西屯區,0,0,0,8,,,50,,,,,,,,,,,,,,,42,  ,  ,  ,  ,B03,  ,  ,1,  ,2,  ,  ,42,42,1,  ,  ,B03,24.173557,120.64084,3
2018,12,22,19,0,臺中市,西屯區,0,0,,8,,,50,,,,,,,,,,,,,,,,,,,,B03,,,1,,2,,,6,,1,21,,B03,24.1746,120.668138,3
2018,12,22,19,0,臺中市,外埔區,0,0,,8,3,5,50,3,7,1,5,4,5,7,4,4,5,4,4,1,13,,,,,,B03,,,1,,2,,,16,,1,  ,,B03,24.343264,120.636418,3
2018,12,22,19,1,臺中市,西區,0,0,0,8,,,50,,,,,,,,,,,,,,,,3,  ,  ,  ,B03,  ,  ,1,  ,2,  ,  ,7,  ,1,21,  ,B03,24.140509,120.666191,3
2018,12,22,19,2,臺中市,西屯區,0,0,0,8,3,5,50,,,,,,,,,,,,,,,42,  ,  ,  ,  ,B03,  ,  ,1,  ,2,1,  ,42,42,1,21,  ,B03,24.175251,120.588946,3
2018,12,22,19,8,臺中市,西區,0,0,,8,,,50,,,,,,,,,,,,,,,,,,,,B03,,,1,,2,,,12,,1,10,,B03,24.156548,120.6594,3
2018,12,22,19,11,臺中市,南區,0,1,0,8,3,5,50,4,1,1,5,4,5,7,4,4,10,5,5,2,16,6,2,9,1,1,C03,7,9,1,10,2,11,  ,6,6,1,21,8,C03,24.130194,120.676234,2
2018,12,22,19,11,臺中市,北屯區,0,0,,8,,,50,,,,,,,,,,,,,,,,,,,,B03,,,1,,2,,,12,,1,22,,B03,24.177653,120.687176,3
2018,12,22,19,13,臺中市,太平區,0,1,0,8,3,5,50,4,1,1,5,4,5,7,1,1,10,5,5,2,17,38,3,10,1,1,B01,7,14,1,4,2,2,  ,38,38,1,21,8,B01,24.124098,120.717028,2
2018,12,22,19,15,臺中市,北區,0,1,0,8,3,5,50,14,8,1,5,4,5,7,4,4,3,4,4,2,27,23,2,9,1,4,C03,7,9,1,10,2,11,  ,23,23,1,21,8,C03,24.156101,120.694302,2
2018,12,22,19,15,臺中市,外埔區,0,0,,8,3,5,50,3,1,1,5,4,5,7,4,4,5,4,4,1,13,,,,,,B03,,,1,,2,,,16,,1,22,,B03,24.343197,120.636523,4
2018,12,22,19,20,臺中市,北屯區,0,0,,8,,,50,,,,,,,,,,,,,,,,,,,,B12,,,1,,2,,,23,,1,22,,B12,24.20146,120.686593,3
2018,12,22,19,31,臺中市,西屯區,0,0,,8,,,50,,,,,,,,,,,,,,,,,,,,B03,,,1,,2,,,16,,1,22,,B03,24.172895,120.635782,3
2018,12,22,19,32,臺中市,南區,0,1,0,8,3,5,50,4,1,1,5,4,5,7,2,1,5,5,5,2,16,6,3,10,1,1,B03,7,5,1,8,2,1,  ,6,6,1,5,5,B03,24.120663,120.650035,2
2018,12,22,19,35,臺中市,沙鹿區,0,1,0,8,3,5,60,3,1,1,5,4,5,7,1,1,10,5,5,2,13,23,3,10,1,1,B12,7,9,1,8,2,1,  ,23,23,1,21,8,B12,24.248617,120.603564,2
2018,12,22,19,40,臺中市,西區,0,1,0,8,3,5,40,3,1,1,5,4,5,7,4,4,10,5,5,2,17,23,2,9,1,1,C03,7,9,1,10,2,11,  ,23,23,1,18,1,C03,24.14829,120.665308,2
2018,12,22,19,45,臺中市,北屯區,0,1,0,8,3,5,50,14,8,1,5,4,5,7,4,4,5,5,4,2,17,23,2,9,1,1,B03,7,15,1,8,2,1,  ,23,23,1,5,8,B03,24.187528,120.662076,2
2018,12,22,19,48,臺中市,北屯區,0,1,0,8,3,5,50,3,1,1,5,4,5,7,4,4,10,5,5,2,16,23,3,10,1,1,C03,7,9,1,10,2,11,  ,23,23,1,22,8,C03,24.17024,120.681401,2
2018,12,22,19,55,臺中市,西屯區,0,2,0,8,3,5,50,14,7,1,5,4,5,7,4,4,5,4,4,2,12,7,2,9,1,1,C03,7,9,1,10,2,14,  ,23,7,1,21,8,C03,24.185672,120.609741,2
2018,12,22,20,1,臺中市,北屯區,0,1,0,8,3,5,50,14,7,1,5,4,5,7,4,4,1,2,5,2,13,16,2,9,3,4,C03,7,9,1,10,2,11,  ,16,16,1,21,8,C03,24.171928,120.685143,2
2018,12,22,20,1,臺中市,西屯區,0,0,,8,,,50,,,,,,,,,,,,,,,,,,,,B03,,,1,,2,,,23,,1,21,,B03,24.16579,120.639689,3
2018,12,22,20,10,臺中市,南屯區,0,0,0,8,,,50,,,,,,,,,,,,,,,12,  ,  ,  ,  ,B03,  ,  ,1,8,2,  ,  ,12,12,1,12,  ,B03,24.150725,120.642947,3