年,月,日,時,分,縣市,區,死,受傷,2-30,天候,光線,道路類別,速限,道路型態,事故位置,路面鋪裝,路面狀態,路面缺陷,障礙物,視距,號誌種類,號誌動作,分向設施,快車道或一般車道間,快慢車道間,路面邊線,事故類型及型態,主要肇因,受傷程度,主要傷處,保護裝備,行動電話,當事者區分_類別,車輛用途,當事者行動狀態,駕駛資格情形,駕駛執照種類,飲酒情形,車輛撞擊部位最初,車輛撞擊部位其他,肇事因素個別,肇事因素主要,肇事逃逸,職業,旅次目的,車種,GPS座標X,GPS座標Y,事故類別
2018,12,22,20,10,臺中市,西屯區,0,0,,8,,,50,,,,,,,,,,,,,,,,,,,,B03,,,1,,2,,,23,,1,22,,B03,24.172895,120.635782,3
2018,12,22,20,10,臺中市,烏日區,0,1,0,8,4,5,40,14,9,1,5,4,5,7,4,4,10,5,5,2,2,23,3,10,1,1,C03,7,9,1,10,2,11,  ,23,23,1,21,8,C03,24.066978,120.637618,2
2018,12,22,20,14,臺中市,東區,0,0,,8,,,50,,,,,,,,,,,,,,,,,,,,B03,,,1,,2,,,23,,1,  ,,B03,24.135101,120.704012,3
2018,12,22,20,14,臺中市,北屯區,0,1,0,8,3,5,50,14,7,1,5,4,5,7,4,4,5,5,4,2,17,19,3,10,1,1,B03,7,1,1,8,2,8,  ,19,19,1,5,8,B03,24.170026,120.683111,2
2018,12,22,20,15,臺中市,沙鹿區,0,0,,8,,,50,,,,,,,,,,,,,,,,,,,,F03,,,8,,6,,,23,,1,12,,F03,24.231994,120.551198,3
2018,12,22,20,22,臺中市,西區,0,0,,8,,,50,,,,,,,,,,,,,,,,,,,,B02,,,1,,2,,,12,,1,5,,B02,24.153207,120.65515,3
2018,12,22,20,28,臺中市,北屯區,0,1,0,8,3,5,50,4,2,1,5,4,5,7,4,4,3,2,5,2,13,16,3,10,1,1,B03,7,9,1,8,2,1,  ,16,16,1,22,8,B03,24.17066,120.681366,2
2018,12,22,20,28,臺中市,西屯區,0,0,0,8,3,5,40,,,,,,,,,,,,,,,23,  ,  ,  ,  ,B03,  ,  ,1,  ,2,2,  ,23,23,1,21,  ,B03,24.174956,120.667568,3
2018,12,22,20,30,臺中市,北屯區,0,1,0,8,3,5,50,4,1,1,5,4,5,7,1,1,10,5,5,2,16,26,3,10,1,1,B03,7,6,1,9,2,5,  ,26,26,1,22,8,B03,24.200876,120.686582,2
2018,12,22,20,30,臺中市,烏日區,0,0,,8,,,40,,,,,,,,,,,,,,,,,,,,B03,,,1,,2,,,12,,1,  ,,B03,24.111356,120.637314,3
2018,12,22,20,32,臺中市,大雅區,0,0,,8,,,40,,,,,,,,,,,,,,,,,,,,B03,,,1,,2,,,16,,1,  ,,B03,24.229204,120.647454,3
2018,12,22,20,33,臺中市,大里區,0,1,0,8,1,5,50,4,4,1,5,4,5,7,1,1,5,4,5,1,12,14,2,9,1,1,C03,7,9,2,18,4,12,  ,14,14,1,20,8,C03,24.095868,120.703776,2
2018,12,22,20,44,臺中市,太平區,0,1,0,8,3,5,50,3,1,1,5,4,5,7,4,4,10,5,5,2,16,6,3,10,4,5,F01,7,5,8,20,2,16,  ,6,6,1,15,5,F01,24.127307,120.719779,2
2018,12,22,20,45,臺中市,西屯區,0,0,,8,,,50,,,,,,,,,,,,,,,,,,,,B03,,,1,,2,,,17,,1,  ,,B03,24.171407,120.644137,3
2018,12,22,20,56,臺中市,西區,0,0,0,8,,,50,,,,,,,,,,,,,,,,3,  ,  ,  ,B03,  ,  ,1,  ,2,  ,  ,23,  ,  ,21,  ,B03,24.133759,120.657808,4
2018,12,22,21,6,臺中市,西屯區,0,2,0,8,3,5,40,4,2,1,5,4,5,7,4,4,9,4,4,2,3,23,2,9,1,1,C03,7,9,1,10,2,11,  ,23,23,1,21,8,C03,24.171235,120.646581,2
2018,12,22,21,11,臺中市,西屯區,0,0,,8,,,50,,,,,,,,,,,,,,,26,,,,,B12,,,1,,2,,,1,26,1,22,,B12,24.160367,120.648021,3
2018,12,22,21,12,臺中市,北屯區,0,0,,8,,,50,,,,,,,,,,,,,,,,,,,,B03,,,1,,2,,,43,,1,22,,B03,24.179325,120.667716,3
2018,12,22,21,17,臺中市,西屯區,0,0,0,8,3,5,40,,,,,,,,,,,,,,,23,  ,  ,  ,  ,B03,  ,  ,1,  ,2,2,  ,23,23,1,21,  ,B03,24.174045,120.663055,3
2018,12,22,21,20,臺中市,大里區,0,0,,8,,,60,,,,,,,,,,,,,,,,,,,,B03,,,1,,2,,,9,,1,5,,B03,24.102365,120.686988,3
2018,12,22,21,20,臺中市,東勢區,0,0,0,8,,,60,,,,,,,,,,,,,,,10,  ,  ,  ,  ,B03,  ,  ,1,  ,2,  ,  ,10,10,1,5,  ,B03,24.24438,120.832945,3
2018,12,22,21,25,臺中市,豐原區,0,0,0,8,,,50,,,,,,,,,,,,,,,12,  ,  ,  ,  ,B03,  ,  ,1,  ,2,  ,  ,12,12,1,4,  ,B03,24.247108,120.715585,3
2018,12,22,21,35,臺中市,霧峰區,0,0,,8,,,70,,,,,,,,,,,,,,,,,,,,B03,,,1,,2,,,16,,1,4,,B03,24.013722,120.695701,3
2018,12,22,21,37,臺中市,西屯區,0,0,,8,,,50,,,,,,,,,,,,,,,,,,,,B03,,,1,,2,,,42,,1,22,,B03,24.184768,120.625654,3
2018,12,22,21,41,臺中市,沙鹿區,0,0,,8,,,50,,,,,,,,,,,,,,,6,,,,,B03,,,1,,2,,,23,6,  ,4,,B03,24.236341,120.565451,3
2018,12,22,21,44,臺中市,東區,0,0,0,8,,,40,,,,,,,,,,,,,,,23,  ,  ,  ,  ,C03,  ,  ,1,10,2,  ,  ,23,23,1,  ,  ,C03,24.134651,120.695995,3
2018,12,22,21,55,臺中市,西屯區,0,0,,8,,,50,,,,,,,,,,,,,,,,,,,,C03,,,1,,2,,,16,,1,21,,C03,24.163461,120.645828,3
2018,12,22,21,55,臺中市,大里區,0,0,,8,,,50,,,,,,,,,,,,,,,,,,,,B03,,,1,,2,,,1,,1,21,,B03,24.096535,120.695721,3
2018,12,22,21,56,臺中市,大雅區,0,3,0,8,3,5,50,4,1,1,5,4,5,7,1,1,5,5,5,1,16,25,2,9,1,1,C03,7,9,1,10,2,14,  ,25,25,1,22,9,C03,24.223174,120.649704,2
2018,12,22,22,1,臺中市,北屯區,0,0,0,8,3,5,50,4,1,1,5,4,5,7,3,1,4,3,5,2,16,6,3,10,1,1,B03,7,9,1,8,2,6,  ,6,6,1,21,8,B03,24.172336,120.723628,3
2018,12,22,22,6,臺中市,沙鹿區,0,1,0,8,3,5,50,3,2,1,5,4,5,7,4,4,4,5,4,2,13,23,2,9,1,1,C03,7,9,1,10,2,11,  ,23,23,1,18,8,C03,24.228793,120.573893,2
2018,12,22,22,11,臺中市,龍井區,0,0,,8,,,50,,,,,,,,,,,,,,,,,,,,C03,,,1,,2,,,43,,1,22,,C03,24.176726,120.582119,3
2018,12,22,22,12,臺中市,后里區,0,1,0,8,3,5,40,11,9,1,5,4,5,1,4,4,10,5,5,2,18,21,2,9,3,4,C04,7,9,1,10,8,12,  ,21,21,1,22,9,C04,24.295193,120.69704,2
2018,12,22,22,18,臺中市,北區,0,1,0,8,3,5,50,4,4,1,5,4,5,7,2,1,8,3,5,2,12,26,3,10,1,1,B03,7,6,4,10,2,6,  ,26,26,1,9,1,B03,24.164945,120.687649,2
2018,12,22,22,18,臺中市,北屯區,0,0,,8,,,40,,,,,,,,,,,,,,,,,,,,B03,,,1,,2,,,16,,1,22,,B03,24.201285,120.683168,3
2018,12,22,22,18,臺中市,北屯區,0,0,,8,,,50,,,,,,,,,,,,,,,,,,,,B03,,,1,,2,,,16,,1,22,,B03,24.201285,120.683168,3
2018,12,22,22,20,臺中市,北屯區,0,1,0,8,3,5,50,4,1,1,5,4,5,7,3,1,10,5,5,2,17,40,3,10,1,1,B03,7,14,1,8,2,4,  ,40,40,1,9,8,B03,24.193206,120.688263,2
2018,12,22,22,26,臺中市,西區,0,0,,8,,,40,,,,,,,,,,,,,,,,,,,,B03,,,2,,2,,,16,,1,22,,B03,24.142757,120.676865,3
2018,12,22,22,30,臺中市,南區,0,0,0,8,,,40,,,,,,,,,,,,,,,43,  ,  ,  ,  ,   ,  ,  ,7,  ,11,  ,  ,43,43,  ,  ,  ,   ,24.116333,120.656551,3
2018,12,22,22,42,臺中市,西屯區,0,0,0,8,3,5,50,,,,,,,,,,,,,,,23,  ,  ,  ,  ,B03,  ,  ,1,  ,2,1,  ,23,23,1,21,  ,B03,24.171445,120.661818,3
2018,12,22,22,44,臺中市,北屯區,0,0,,8,,,50,,,,,,,,,,,,,,,,,,,,B03,,,1,,2,,,26,,1,22,,B03,24.197906,120.686633,3
2018,12,22,22,49,臺中市,西屯區,0,0,,8,,,50,,,,,,,,,,,,,,,,,,,,C03,,,1,,2,,,7,,1,22,,C03,24.201005,120.658924,3
2018,12,22,23,5,臺中市,大里區,0,0,,8,,,50,,,,,,,,,,,,,,,23,,,,,A12,,,1,,2,,,23,23,1,10,,A12,24.123125,120.698665,3
2018,12,22,23,19,臺中市,北區,0,0,0,8,,,50,,,,,,,,,,,,,,,23,3,  ,  ,  ,B03,  ,  ,1,8,1,1,  ,23,23,  ,21,  ,B03,24.147387,120.68613,3
2018,12,22,23,38,臺中市,南屯區,0,0,,,,,,,,,,,,,,,,,,,,,,,,,B03,,,1,,2,,,25,,1,12,,B03,24.153636,120.649906,3
2018,12,22,23,45,臺中市,東勢區,0,1,0,8,3,5,50,4,1,1,5,4,5,7,3,1,10,5,5,2,17,6,2,9,3,1,C03,7,9,1,10,8,11,  ,6,6,1,22,8,C03,24.257451,120.828203,2
2018,12,22,23,50,臺中市,西屯區,0,0,,8,,,50,,,,,,,,,,,,,,,,,,,,B03,,,1,,2,,,26,,1,21,,B03,24.178566,120.64373,3
2018,12,22,23,52,臺中市,西屯區,0,1,0,8,3,5,50,4,7,1,5,4,5,7,1,1,5,4,4,2,16,26,3,10,1,1,B03,7,11,1,8,2,8,1,26,26,1,22,8,B03,24.175061,120.649175,2
2018,12,22,23,54,臺中市,南屯區,0,0,,8,,,40,,,,,,,,,,,,,,,,,,,,B03,,,1,,2,,,19,,1,21,,B03,24.146106,120.642614,3
2018,12,23,0,11,臺中市,南屯區,0,0,,8,,,50,,,,,,,,,,,,,,,27,,,,,B03,,,1,,2,,,23,27,1,  ,,B03,24.12931,120.646703,3
2018,12,23,0,30,臺中市,西區,0,2,0,8,3,5,40,4,1,1,5,4,5,7,2,1,10,5,5,2,13,23,2,8,1,1,C03,7,9,1,10,2,11,  ,23,23,1,21,8,C03,24.155942,120.66259,2
2018,12,23,0,36,臺中市,西屯區,0,2,0,8,3,5,40,3,1,1,5,4,5,7,4,4,10,5,5,2,17,6,3,10,1,1,B03,7,6,1,4,2,2,  ,6,6,1,21,8,B03,24.178725,120.641031,2
2018,12,23,0,39,臺中市,西屯區,0,0,,8,,,50,,,,,,,,,,,,,,,,,,,,C03,,,1,,2,,,23,,1,21,,C03,24.178725,120.641031,3
2018,12,23,1,40,臺中市,北屯區,0,0,0,8,,,50,,,,,,,,,,,,,,,23,  ,  ,  ,  ,B03,  ,  ,1,  ,2,  ,  ,23,23,1,21,  ,B03,24.162188,120.697615,3
2018,12,23,1,52,臺中市,龍井區,0,1,0,8,3,5,50,4,1,1,5,4,5,7,3,1,10,5,5,2,15,6,3,10,1,1,B01,7,9,1,4,2,4,  ,6,6,1,10,4,B01,24.1,120.6,2
2018,12,23,1,59,臺中市,北屯區,0,0,,8,,,40,,,,,,,,,,,,,,,,,,,,B03,,,1,,2,,,19,,1,22,,B03,24.190108,120.661351,3
2018,12,23,2,32,臺中市,西屯區,0,1,0,8,3,5,50,4,1,1,5,4,5,7,1,1,10,5,5,2,17,43,2,9,1,1,C03,7,9,1,10,2,12,  ,43,43,1,21,8,C03,24.167951,120.648193,2
2018,12,23,2,37,臺中市,中區,0,0,,8,,,50,,,,,,,,,,,,,,,,,,,,B01,,,1,,2,,,23,,1,10,,B01,24.139736,120.68102,3
2018,12,23,3,2,臺中市,西屯區,0,2,0,8,3,5,40,3,9,1,5,4,5,7,4,4,1,4,4,2,11,21,2,9,1,1,C03,7,9,1,10,8,11,14,21,21,1,22,8,C03,24.171353,120.615899,2
2018,12,23,6,42,臺中市,太平區,0,0,,8,,,50,,,,,,,,,,,,,,,,,,,,C03,,,1,,2,,,42,,1,5,,C03,24.134701,120.732823,3
2018,12,23,7,0,臺中市,大雅區,0,0,,8,1,5,50,14,7,1,5,4,5,7,4,4,3,4,4,1,17,,,,,,B03,,,1,,2,,,40,,1,  ,,B03,24.220259,120.647749,3
2018,12,23,7,4,臺中市,清水區,0,0,,8,,,50,,,,,,,,,,,,,,,,,,,,B03,,,1,,2,,,23,,1,21,,B03,24.271005,120.579178,3
2018,12,23,7,18,臺中市,北區,0,2,0,8,1,5,50,3,1,1,5,4,5,7,1,1,10,5,5,2,16,8,2,9,1,4,C03,7,5,4,8,2,14,  ,8,8,1,19,8,C03,24.165098,120.68043,2
2018,12,23,7,18,臺中市,北區,0,0,,8,1,5,50,,,,,,,,,,,,,,,,,,,,B03,,,1,,2,,,9,,1,5,,B03,24.16292,120.669223,3
2018,12,23,7,23,臺中市,東區,0,0,0,8,,,40,,,,,,,,,,,,,,,,  ,  ,  ,  ,B03,  ,  ,1,  ,11,  ,  ,23,  ,1,5,  ,B03,24.150569,120.696869,3
2018,12,23,7,41,臺中市,西屯區,0,1,0,8,1,5,50,3,2,1,5,4,5,7,4,4,10,5,5,2,12,7,3,10,1,1,B12,7,8,1,8,2,3,  ,7,7,1,10,8,B12,24.178188,120.63739,2
2018,12,23,7,50,臺中市,沙鹿區,0,1,0,8,1,5,50,14,8,1,5,4,5,7,4,4,5,4,4,2,16,6,3,10,1,1,B03,7,6,1,8,2,2,  ,6,6,1,5,5,B03,24.235366,120.559115,2
2018,12,23,7,53,臺中市,神岡區,0,1,0,8,1,5,40,3,1,1,5,4,5,3,4,4,10,5,5,2,17,6,3,10,3,4,B12,7,6,1,7,2,5,  ,6,6,1,22,4,B12,24.259455,120.693911,2
2018,12,23,8,17,臺中市,西區,0,3,0,8,1,5,50,14,7,1,5,4,5,7,4,4,10,5,5,2,16,26,2,9,1,1,C03,7,11,1,10,2,14,  ,26,26,1,21,8,C03,24.139934,120.670617,2
2018,12,23,8,30,臺中市,豐原區,0,0,,8,,,50,,,,,,,,,,,,,,,,,,,,B03,,,1,,2,,,16,,1,12,,B03,24.266425,120.743808,3
2018,12,23,8,31,臺中市,西區,0,2,0,8,1,5,40,4,1,1,5,4,5,7,2,1,10,5,5,2,9,52,2,9,4,1,H01,8,16,8,20,1,16,  ,52,52,1,5,5,H01,24.155663,120.660396,2
2018,12,23,8,35,臺中市,北區,0,2,0,8,1,5,50,4,1,1,5,4,5,7,4,4,10,5,5,2,15,6,2,9,3,4,C03,7,9,1,10,2,11,  ,6,6,1,5,8,C03,24.171619,120.669439,2
2018,12,23,8,38,臺中市,北屯區,0,1,0,8,1,5,50,4,1,1,5,4,5,7,2,1,10,5,5,2,18,42,2,9,3,4,C03,7,9,1,10,2,15,  ,42,42,1,21,8,C03,24.159403,120.704351,2
2018,12,23,8,55,臺中市,西區,0,2,0,8,1,5,50,14,9,1,5,4,5,7,4,4,5,4,5,2,17,23,2,8,1,1,C03,7,9,1,10,2,11,  ,23,23,1,21,8,C03,24.153909,120.661643,2
2018,12,23,8,57,臺中市,南區,0,1,0,8,1,5,40,4,1,1,5,4,5,7,4,4,10,5,5,2,16,6,2,9,1,1,C03,7,9,1,10,2,11,  ,6,6,1,5,5,C03,24.128995,120.674717,2
2018,12,23,9,4,臺中市,南屯區,0,1,0,8,1,5,50,3,2,1,5,4,5,7,4,4,4,4,4,2,11,26,2,9,1,1,C03,7,5,1,10,2,14,  ,26,26,1,22,8,C03,24.144851,120.633948,2
2018,12,23,9,9,臺中市,大雅區,0,0,,8,1,5,50,4,9,1,5,4,5,7,4,4,5,5,5,1,12,,,,,,B03,,,1,,2,,,19,,1,  ,,B03,24.228803,120.654802,3
2018,12,23,9,22,臺中市,南區,0,1,0,8,1,5,50,4,1,1,5,4,5,7,2,1,1,4,4,2,16,6,3,10,1,1,B12,7,6,1,8,2,5,  ,6,6,1,3,5,B12,24.119713,120.663377,2
2018,12,23,9,22,臺中市,南屯區,0,1,0,8,1,5,50,4,1,1,5,4,5,7,1,1,10,5,5,2,16,26,3,10,3,4,B12,7,5,1,8,2,5,  ,26,26,1,22,9,B12,24.132038,120.648299,2
2018,12,23,9,40,臺中市,潭子區,0,0,,8,,,50,,,,,,,,,,,,,,,,,,,,B12,,,1,,2,,,12,,1,22,,B12,24.208545,120.70985,3
2018,12,23,10,0,臺中市,大肚區,0,0,,8,,,50,,,,,,,,,,,,,,,,,,,,B03,,,1,,2,,,23,,1,4,,B03,24.15409,120.548048,3
2018,12,23,10,0,臺中市,清水區,0,1,0,8,1,5,50,4,1,1,5,4,5,7,4,4,10,5,5,2,15,6,3,10,1,1,C03,7,9,1,10,2,13,  ,6,6,1,5,5,C03,24.26976,120.572475,2
2018,12,23,10,0,臺中市,大甲區,0,0,,8,,,50,,,,,,,,,,,,,,,,,,,,B03,,,1,,2,,,42,,  ,  ,,B03,24.360721,120.622716,3
2018,12,23,10,4,臺中市,烏日區,0,1,0,8,1,5,60,4,1,1,5,4,5,7,1,1,10,5,5,2,13,26,2,9,1,1,C03,7,5,1,10,2,11,  ,26,26,1,21,8,C03,24.088268,120.64408,2
2018,12,23,10,5,臺中市,烏日區,0,1,0,8,1,5,50,14,7,1,5,4,5,7,4,4,5,5,4,2,17,10,3,10,1,1,B03,7,11,1,8,2,5,  ,10,10,1,21,8,B03,24.108138,120.628041,2
2018,12,23,10,18,臺中市,北屯區,0,1,0,8,1,5,50,14,7,1,5,4,5,7,4,4,1,4,4,2,12,17,3,10,3,4,B12,7,9,1,8,2,5,  ,17,17,1,21,8,B12,24.181116,120.686008,2
2018,12,23,10,28,臺中市,太平區,0,0,,8,,,50,,,,,,,,,,,,,,,,,,,,A02,,,1,,2,,,23,,1,10,,A02,24.14928,120.724492,4
2018,12,23,10,40,臺中市,大雅區,0,0,,8,1,5,50,14,9,1,5,4,5,7,4,4,9,5,5,1,13,,,,,,B03,,,1,,2,,,23,,1,  ,,B03,24.215061,120.66838,4
2018,12,23,10,41,臺中市,南區,0,0,,8,1,5,40,13,9,1,5,4,5,7,4,4,10,5,5,2,14,,,,,,B12,,,1,,2,,,12,,1,5,,B12,24.125869,120.658174,3
2018,12,23,10,41,臺中市,豐原區,0,0,,,,,,,,,,,,,,,,,,,,,,,,,B03,,,1,,2,,,9,,  ,  ,,B03,24.230573,120.720126,3
2018,12,23,10,50,臺中市,豐原區,0,2,0,8,1,5,50,4,1,1,5,4,5,7,1,1,1,4,4,2,17,16,2,9,4,5,F03,7,9,8,20,2,16,  ,44,16,1,12,8,F03,24.237313,120.710353,2
2018,12,23,11,0,臺中市,霧峰區,0,0,0,8,1,5,50,14,8,1,5,4,5,7,4,4,5,5,4,2,16,10,3,10,1,1,B12,7,11,1,8,2,5,  ,10,10,1,9,8,B12,24.063729,120.697018,3
2018,12,23,11,7,臺中市,南區,0,0,,8,,,50,,,,,,,,,,,,,,,,,,,,B03,,,1,,2,,,23,,1,5,,B03,24.125618,120.6794,3
2018,12,23,11,8,臺中市,北區,0,1,0,8,1,5,40,14,9,1,5,4,5,7,4,4,10,5,5,2,2,23,3,10,3,4,C03,7,9,1,10,2,12,  ,23,23,1,5,8,C03,24.159766,120.689166,2
2018,12,23,11,8,臺中市,龍井區,0,0,,8,,,40,,,,,,,,,,,,,,,12,,,,,B03,,,8,,10,,,44,12,1,5,,B03,24.21673,120.545672,3
2018,12,23,11,16,臺中市,南區,0,0,,8,1,5,50,4,2,1,5,4,5,7,4,4,5,4,5,2,11,,,,,,F01,,,8,,2,,,6,,1,14,,F01,24.133792,120.683231,3
2018,12,23,11,18,臺中市,大里區,0,0,,8,,,50,,,,,,,,,,,,,,,,,,,,B03,,,1,,2,,,7,,1,22,,B03,24.111753,120.67468,3
2018,12,23,11,20,臺中市,大里區,0,0,,8,,,40,,,,,,,,,,,,,,,,,,,,B03,,,1,,2,,,7,,1,9,,B03,24.10348,120.690561,3
2018,12,23,11,20,臺中市,梧棲區,0,1,0,7,1,5,70,3,2,1,5,4,5,7,1,1,10,5,5,2,16,6,3,10,1,1,B03,7,11,1,8,2,6,  ,6,6,1,20,8,B03,24.242654,120.556697,2
2018,12,23,11,24,臺中市,沙鹿區,0,2,0,8,1,5,40,3,2,1,5,4,5,7,1,1,10,5,5,2,17,42,2,9,1,1,C03,7,9,1,10,2,15,  ,42,42,1,18,8,C03,24.2161,120.580424,2
2018,12,23,11,25,臺中市,北屯區,0,0,0,,,,,,,,,,,,,,,,,,,43,  ,  ,  ,  ,   ,  ,  ,  ,  ,  ,  ,  ,43,43,1,  ,  ,   ,,,3
2018,12,23,11,26,臺中市,南區,0,2,0,8,1,5,50,4,1,1,5,4,5,7,2,1,5,4,4,2,16,10,3,10,1,1,B03,7,11,1,8,2,8,  ,10,10,1,5,5,B03,24.122357,120.681129,2
2018,12,23,11,30,臺中市,南屯區,0,0,,8,,,50,,,,,,,,,,,,,,,,,,,,B03,,,1,,2,,,12,,1,22,,B03,24.138286,120.642071,3
2018,12,23,11,30,臺中市,沙鹿區,0,0,,8,,,50,,,,,,,,,,,,,,,,,,,,B03,,,1,,2,,,23,,1,9,,B03,24.25035,120.557415,3
2018,12,23,11,33,臺中市,大雅區,0,1,0,8,1,5,50,3,1,1,5,4,5,7,2,1,10,4,5,1,16,25,3,10,1,1,B03,7,5,1,8,2,2,  ,25,25,1,22,9,B03,24.240616,120.630544,2
2018,12,23,11,35,臺中市,大里區,0,1,0,8,1,5,50,3,1,1,5,4,5,7,4,4,10,5,5,1,16,23,3,10,1,1,B03,7,6,1,8,2,5,  ,23,23,1,20,8,B03,24.094929,120.687478,2
2018,12,23,11,38,臺中市,太平區,0,0,0,8,,,40,,,,,,,,,,,,,,,5,  ,  ,  ,  ,B03,  ,  ,1,  ,2,  ,  ,5,5,1,21,  ,B03,24.121091,120.799002,3
2018,12,23,11,42,臺中市,西屯區,0,0,,8,,,50,,,,,,,,,,,,,,,,,,,,B03,,,1,,2,,,23,,1,22,,B03,24.179406,120.634335,3
2018,12,23,11,44,臺中市,南屯區,0,0,,8,,,50,,,,,,,,,,,,,,,,,,,,B03,,,1,,2,,,26,,1,  ,,B03,24.155594,120.646855,3
2018,12,23,11,49,臺中市,烏日區,0,1,0,8,1,5,40,4,1,1,5,4,3,7,4,4,10,5,5,2,16,8,3,10,1,1,B01,7,5,1,2,2,8,  ,8,8,1,10,8,B01,24.10776,120.625853,2
2018,12,23,11,52,臺中市,南屯區,0,0,0,8,,,40,,,,,,,,,,,,,,,17,  ,  ,  ,  ,B03,  ,  ,1,  ,2,  ,  ,17,17,1,22,  ,B03,24.13828,120.637276,3
2018,12,23,11,53,臺中市,西屯區,0,0,0,8,,,50,,,,,,,,,,,,,,,26,  ,  ,  ,  ,B03,  ,  ,1,  ,2,  ,  ,26,26,1,22,  ,B03,24.170758,120.636633,3
2018,12,23,12,0,臺中市,西區,0,1,0,8,1,5,50,3,1,1,5,4,5,7,4,4,10,5,5,2,17,19,3,10,1,1,B03,7,1,1,8,2,8,  ,19,19,1,5,5,B03,24.146811,120.658349,2
2018,12,23,12,3,臺中市,東區,0,1,0,8,1,5,50,4,1,1,5,4,5,7,4,4,10,5,5,2,15,6,3,10,1,1,C03,7,9,1,10,2,12,  ,6,6,1,22,8,C03,24.13282,120.691664,2
2018,12,23,12,8,臺中市,北屯區,0,1,0,8,1,5,50,4,1,1,5,4,5,7,3,1,5,5,4,2,15,6,2,9,1,1,C03,7,9,1,10,2,11,  ,6,6,1,22,8,C03,24.170267,120.715844,2
2018,12,23,12,9,臺中市,西區,0,0,,8,,,50,,,,,,,,,,,,,,,,,,,,B12,,,1,,2,,,19,,1,22,,B12,24.136825,120.681812,3
2018,12,23,12,25,臺中市,大雅區,0,0,,8,,,50,,,,,,,,,,,,,,,,,,,,C04,,,1,,2,,,19,,1,22,,C04,24.22822,120.652146,3
2018,12,23,12,46,臺中市,東區,0,1,0,8,1,5,40,4,1,1,5,4,5,7,1,1,10,5,5,2,16,6,3,10,1,1,B03,7,6,1,8,2,15,  ,6,6,1,22,8,B03,24.125261,120.701535,2
2018,12,23,12,48,臺中市,北區,0,0,,8,,,50,,,,,,,,,,,,,,,,,,,,B02,,,1,,2,,,23,,1,5,,B02,24.148376,120.683144,3
2018,12,23,12,48,臺中市,烏日區,0,1,0,8,1,5,50,4,1,1,5,4,5,7,4,4,10,5,5,2,16,26,3,10,1,1,B03,7,5,1,8,2,8,  ,26,26,1,21,8,B03,24.108318,120.637946,2
2018,12,23,12,50,臺中市,大雅區,0,1,0,8,1,5,50,11,9,1,5,4,5,7,4,4,5,5,5,2,17,23,2,9,1,1,C03,7,9,1,10,2,12,  ,23,23,1,21,8,C03,24.220028,120.616889,2
2018,12,23,13,0,臺中市,新社區,0,1,0,7,1,5,40,11,9,1,5,4,5,7,4,4,9,4,5,1,18,23,2,7,1,1,C03,7,9,1,10,2,12,14,23,23,1,21,8,C03,24.121545,120.88664,2
2018,12,23,13,7,臺中市,北區,0,2,0,8,1,5,50,3,1,1,5,4,5,7,1,1,5,4,4,2,11,6,2,9,1,1,C03,7,5,1,10,2,11,  ,6,6,1,21,8,C03,24.152421,120.682282,2
2018,12,23,13,20,臺中市,沙鹿區,0,0,,8,,,50,,,,,,,,,,,,,,,,,,,,B03,,,1,,2,,,12,,1,21,,B03,24.223929,120.557198,3
2018,12,23,13,24,臺中市,北屯區,0,1,0,8,1,5,50,14,9,1,5,4,5,7,4,4,5,4,5,2,16,19,3,10,1,1,B03,7,1,1,8,2,8,  ,19,19,1,5,8,B03,24.177096,120.73454,2
2018,12,23,13,28,臺中市,霧峰區,0,0,,8,,,40,,,,,,,,,,,,,,,,,,,,B03,,,1,,2,,,12,,1,5,,B03,24.043708,120.688323,3
2018,12,23,13,30,臺中市,沙鹿區,0,0,,8,,,40,,,,,,,,,,,,,,,,,,,,B03,,,1,,2,,,12,,  ,22,,B03,24.232042,120.558738,4
2018,12,23,13,40,臺中市,西區,0,0,,8,,,50,,,,,,,,,,,,,,,,,,,,C03,,,1,,2,,,23,,1,21,,C03,24.151529,120.662931,4
2018,12,23,13,42,臺中市,西區,0,3,0,8,1,5,40,14,8,1,5,4,5,7,4,4,5,4,4,2,13,23,2,9,1,1,C03,7,9,1,10,2,11,  ,23,23,1,18,9,C03,24.137514,120.668684,2
2018,12,23,13,43,臺中市,西屯區,0,1,0,8,1,5,40,4,1,1,5,4,5,7,1,1,10,5,5,2,16,26,3,10,1,1,B03,7,6,1,8,2,2,  ,26,26,1,4,8,B03,24.164612,120.646528,2
2018,12,23,13,46,臺中市,北區,0,0,,8,1,5,40,,,,,,,,,,,,,,,,,,,,B03,,,1,,2,,,40,,1,5,,B03,24.156613,120.692814,3
2018,12,23,13,48,臺中市,神岡區,0,2,0,8,1,5,50,11,9,1,5,4,5,7,4,4,5,5,5,1,20,23,2,9,3,4,C03,7,9,2,18,2,11,  ,23,23,1,22,9,C03,24.268345,120.682146,2