年,月,日,時,分,縣市,區,死,受傷,2-30,天候,光線,道路類別,速限,道路型態,事故位置,路面鋪裝,路面狀態,路面缺陷,障礙物,視距,號誌種類,號誌動作,分向設施,快車道或一般車道間,快慢車道間,路面邊線,事故類型及型態,主要肇因,受傷程度,主要傷處,保護裝備,行動電話,當事者區分_類別,車輛用途,當事者行動狀態,駕駛資格情形,駕駛執照種類,飲酒情形,車輛撞擊部位最初,車輛撞擊部位其他,肇事因素個別,肇事因素主要,肇事逃逸,職業,旅次目的,車種,GPS座標X,GPS座標Y,事故類別
2018,12,23,13,50,臺中市,南屯區,0,2,0,8,1,8,50,3,1,1,5,4,5,7,4,4,10,5,5,2,16,6,2,9,1,1,C03,7,5,1,10,2,12,  ,6,6,1,22,8,C03,24.137915,120.612356,2
2018,12,23,13,52,臺中市,北區,0,1,0,8,1,5,50,4,1,1,5,4,5,7,1,1,10,5,5,2,16,6,3,10,3,4,B03,7,6,1,8,2,6,  ,6,6,1,5,8,B03,24.146137,120.682537,2
2018,12,23,14,0,臺中市,霧峰區,0,0,0,8,1,5,40,4,1,1,5,4,5,7,4,4,10,5,5,2,16,6,3,10,1,1,B03,7,5,1,8,2,5,  ,6,6,1,21,8,B03,24.043786,120.696468,3
2018,12,23,14,3,臺中市,石岡區,0,2,0,8,1,5,40,14,9,1,5,4,5,7,4,4,4,5,5,1,13,16,2,7,1,1,C03,7,9,1,10,2,12,  ,16,16,1,22,9,C03,24.285581,120.779815,2
2018,12,23,14,6,臺中市,北屯區,0,4,0,8,1,5,50,4,1,1,5,4,5,7,3,1,10,5,5,2,15,6,2,9,3,4,B03,7,9,1,8,2,5,  ,6,6,1,21,8,B03,24.1813,120.67401,2
2018,12,23,14,13,臺中市,西屯區,0,0,,8,,,40,,,,,,,,,,,,,,,,,,,,B03,,,1,,2,,,12,,1,22,,B03,24.164634,120.661968,3
2018,12,23,14,16,臺中市,西區,0,3,0,8,1,5,50,3,1,1,5,4,5,7,4,4,10,5,5,2,16,42,2,9,1,1,C03,7,5,1,10,2,14,  ,42,42,1,21,8,C03,24.151972,120.655124,2
2018,12,23,14,17,臺中市,西區,0,0,,8,,,50,,,,,,,,,,,,,,,,,,,,B03,,,1,,2,,,18,,1,2,,B03,24.146425,120.666951,3
2018,12,23,14,18,臺中市,神岡區,0,1,0,8,1,5,50,14,9,1,5,4,5,7,4,4,5,5,5,1,26,21,2,9,1,1,C03,7,9,1,10,8,12,  ,21,21,1,21,8,C03,24.263511,120.698973,2
2018,12,23,14,19,臺中市,東區,0,1,0,8,1,5,50,4,1,1,5,4,5,7,4,4,10,5,5,2,15,6,3,10,1,1,B03,7,9,1,8,2,8,  ,14,6,1,22,8,B03,24.142175,120.707151,2
2018,12,23,14,20,臺中市,清水區,0,0,,,,,40,,,,,,,,,,,,,,,,,,,,B03,,,1,,2,,,23,,1,5,,B03,24.263701,120.572965,3
2018,12,23,14,25,臺中市,西區,0,0,0,8,,,40,,,,,,,,,,,,,,,12,3,  ,  ,  ,B03,  ,  ,1,8,2,3,  ,12,12,1,21,8,B03,24.14942,120.665292,3
2018,12,23,14,27,臺中市,北區,0,1,0,8,1,5,40,14,8,1,5,4,5,7,4,4,1,4,4,2,13,23,3,10,1,1,B03,7,9,1,8,2,5,  ,23,23,1,21,8,B03,24.153969,120.684326,2
2018,12,23,14,27,臺中市,北區,0,0,0,8,,,50,,,,,,,,,,,,,,,23,  ,  ,  ,  ,B03,  ,  ,1,8,2,  ,  ,23,23,1,  ,  ,B03,24.152792,120.687712,3
2018,12,23,14,30,臺中市,大里區,0,1,0,8,1,5,40,4,1,1,5,4,5,7,1,1,10,5,5,2,16,23,2,9,1,1,C03,7,11,1,10,2,14,  ,23,23,1,18,8,C03,24.094358,120.692085,2
2018,12,23,14,33,臺中市,沙鹿區,0,1,0,8,1,5,40,5,2,1,5,4,5,7,4,4,10,5,5,2,16,6,2,9,1,1,C03,7,9,1,10,2,11,  ,14,6,1,4,8,C03,24.22645,120.571795,2
2018,12,23,14,41,臺中市,北區,0,0,,8,,,40,,,,,,,,,,,,,,,,,,,,B03,,,1,,2,,,12,,1,5,,B03,24.150556,120.681048,3
2018,12,23,14,42,臺中市,梧棲區,0,1,0,8,1,5,50,14,9,1,5,4,5,7,4,4,10,5,5,2,17,4,2,8,1,1,C03,7,5,1,10,2,11,  ,4,4,1,9,5,C03,24.259108,120.530982,2
2018,12,23,14,50,臺中市,西屯區,0,0,,8,,,50,,,,,,,,,,,,,,,,,,,,B03,,,1,,2,,,16,,1,  ,,B03,24.18781,120.618616,3
2018,12,23,14,51,臺中市,潭子區,0,1,0,8,1,5,50,14,9,1,5,4,4,7,4,4,10,5,5,2,18,23,2,9,1,1,C03,7,9,1,10,2,14,  ,23,23,1,22,9,C03,24.223554,120.694811,2
2018,12,23,14,59,臺中市,西區,0,0,0,8,,,50,,,,,,,,,,,,,,,,3,  ,  ,  ,B03,  ,  ,1,  ,2,  ,  ,12,  ,  ,21,  ,B03,24.150877,120.66169,4
2018,12,23,15,0,臺中市,北屯區,0,0,,8,,,50,,,,,,,,,,,,,,,23,,,,,B03,,,1,,2,,,44,23,1,22,,B03,24.162986,120.726986,3
2018,12,23,15,0,臺中市,西屯區,0,2,0,8,1,5,40,3,1,1,5,4,5,7,4,4,9,5,5,2,12,6,2,9,1,1,C03,7,5,6,18,2,14,  ,6,6,1,21,8,C03,24.176594,120.648113,2
2018,12,23,15,2,臺中市,龍井區,0,1,0,8,1,5,50,3,1,1,5,4,5,7,4,4,9,5,5,2,16,9,3,10,1,1,B03,7,6,1,8,2,2,  ,9,9,1,12,8,B03,24.19654,120.512866,2
2018,12,23,15,6,臺中市,沙鹿區,0,1,0,8,1,5,50,3,1,1,5,4,5,7,4,4,10,5,5,2,13,23,2,9,1,1,C03,7,9,1,10,2,11,  ,23,23,1,21,8,C03,24.227444,120.574602,2
2018,12,23,15,10,臺中市,北屯區,0,4,0,8,1,5,50,3,3,1,5,4,5,7,1,1,10,5,5,2,17,23,2,9,1,1,C03,7,9,1,10,2,11,  ,23,23,1,22,5,C03,24.200793,120.678264,2
2018,12,23,15,18,臺中市,北區,0,1,0,8,1,5,50,14,9,1,5,4,5,7,4,4,5,5,5,2,13,16,2,8,1,1,C03,7,9,1,9,2,11,11,16,16,1,22,9,C03,24.15491,120.68296,2
2018,12,23,15,40,臺中市,西區,0,1,0,8,1,5,40,4,1,1,5,4,5,7,2,1,5,5,5,2,3,15,3,10,1,1,B03,7,5,1,8,2,1,  ,15,15,1,22,8,B03,24.15916,120.66094,2
2018,12,23,15,52,臺中市,龍井區,0,1,0,8,1,5,50,14,7,1,5,4,5,7,1,1,1,2,4,2,12,43,2,9,1,1,C03,7,21,3,18,2,15,  ,43,43,1,20,8,C03,24.193535,120.54607,2
2018,12,23,15,53,臺中市,烏日區,0,0,,8,,,40,,,,,,,,,,,,,,,,,,,,B03,,,1,,2,,,25,,1,22,,B03,24.116677,120.640402,3
2018,12,23,15,57,臺中市,潭子區,0,1,0,8,1,5,50,14,8,1,5,4,5,7,1,1,8,3,4,1,15,25,2,9,1,1,C03,7,11,1,10,2,12,  ,25,25,1,22,1,C03,24.223897,120.71282,2
2018,12,23,15,59,臺中市,北屯區,0,0,,8,,,50,,,,,,,,,,,,,,,,,,,,B12,,,1,,2,,,26,,1,5,,B12,24.175968,120.721003,3
2018,12,23,15,59,臺中市,清水區,0,3,0,7,1,5,40,3,1,1,5,4,5,7,4,4,1,5,5,2,16,6,2,9,1,1,C03,7,6,1,10,2,13,  ,6,6,1,20,8,C03,24.263831,120.572752,2
2018,12,23,16,0,臺中市,和平區,0,0,0,6,1,2,25,15,22,1,4,4,5,7,4,4,10,5,5,1,11,17,3,10,1,1,B03,7,9,1,14,2,4,  ,17,17,2,5,6,B03,24.252695,121.208381,3
2018,12,23,16,0,臺中市,豐原區,0,0,,6,,,50,,,,,,,,,,,,,,,,,,,,B03,,,1,,2,,,12,,1,12,,B03,24.274923,120.75571,3
2018,12,23,16,2,臺中市,南屯區,0,0,,8,,,50,,,,,,,,,,,,,,,,,,,,B03,,,1,,2,,,23,,1,5,,B03,24.15812,120.634206,4
2018,12,23,16,5,臺中市,北屯區,0,1,0,8,1,5,40,16,8,1,5,4,5,7,4,4,10,5,4,2,12,7,2,9,1,1,C03,7,7,1,10,2,14,  ,7,7,1,22,8,C03,24.178921,120.740076,2
2018,12,23,16,5,臺中市,大肚區,0,0,,8,,,40,,,,,,,,,,,,,,,,,,,,B03,,,1,,2,,,43,,1,21,,B03,24.113751,120.572999,3
2018,12,23,16,13,臺中市,南屯區,0,0,,6,,,50,,,,,,,,,,,,,,,,,,,,C03,,,1,,2,,,23,,1,  ,,C03,24.132668,120.649908,3
2018,12,23,16,15,臺中市,北屯區,0,0,,8,,,50,,,,,,,,,,,,,,,,,,,,B03,,,1,,2,,,26,,1,22,,B03,24.166692,120.727309,3
2018,12,23,16,16,臺中市,西屯區,0,0,,8,,,50,,,,,,,,,,,,,,,,,,,,B03,,,1,,2,,,23,,1,22,,B03,24.18143,120.616446,3
2018,12,23,16,20,臺中市,南屯區,0,1,0,8,1,5,50,4,1,1,5,4,5,7,2,1,10,5,5,2,16,6,3,10,3,4,B03,7,6,1,8,2,5,  ,6,6,1,22,9,B03,24.141851,120.649826,2
2018,12,23,16,23,臺中市,大里區,0,0,,8,,,50,,,,,,,,,,,,,,,,,,,,B03,,,1,,2,,,23,,1,21,,B03,24.083236,120.663785,3
2018,12,23,16,25,臺中市,北屯區,0,1,0,8,1,5,50,4,1,1,5,4,5,7,2,1,10,5,5,2,16,6,3,10,1,1,B03,7,5,1,7,2,8,  ,6,6,1,5,8,B03,24.169376,120.693991,2
2018,12,23,16,29,臺中市,南區,0,0,0,,,,,,,,,,,,,,,,,,,19,3,  ,  ,  ,B03,  ,  ,1,  ,2,  ,  ,19,19,1,22,  ,B03,24.117991,120.658525,3
2018,12,23,16,30,臺中市,潭子區,0,1,0,6,1,5,50,14,9,1,4,4,5,7,4,4,5,2,5,1,16,44,3,10,1,1,B03,7,9,1,8,2,2,  ,23,44,1,22,8,B03,24.21558,120.705778,2
2018,12,23,16,33,臺中市,龍井區,0,1,0,6,1,5,60,3,1,1,4,4,5,7,1,1,10,5,5,2,12,25,3,10,1,1,B03,7,6,1,8,2,2,  ,25,25,1,21,8,B03,24.187999,120.578954,2
2018,12,23,16,36,臺中市,西屯區,0,1,0,8,3,5,50,14,9,1,5,4,5,7,4,4,10,5,5,2,12,23,2,9,1,1,C03,7,9,1,10,2,11,  ,23,23,1,21,8,C03,24.164305,120.642568,2
2018,12,23,16,41,臺中市,北屯區,0,2,0,6,2,5,50,4,1,1,4,4,5,7,1,1,10,5,5,2,15,25,2,9,1,1,C03,7,9,1,10,2,11,  ,25,25,1,4,8,C03,24.200872,120.693418,2
2018,12,23,16,45,臺中市,梧棲區,0,0,,6,,,40,,,,,,,,,,,,,,,,,,,,C03,,,1,,2,,,4,,1,2,,C03,24.241851,120.557893,3
2018,12,23,16,48,臺中市,西屯區,0,0,,8,1,5,60,14,7,1,5,4,5,7,4,4,1,3,1,1,13,,,,,,B03,,,1,,2,,,16,,1,22,,B03,24.183703,120.605745,3
2018,12,23,16,50,臺中市,北屯區,0,1,0,8,1,5,50,3,8,1,4,4,5,7,4,4,1,4,4,2,16,6,3,10,3,4,B03,7,6,1,8,2,2,  ,6,6,1,22,8,B03,24.192025,120.68642,2
2018,12,23,16,53,臺中市,太平區,0,0,,6,,,50,,,,,,,,,,,,,,,,,,,,B03,,,1,,2,,,42,,1,21,,B03,24.156588,120.72847,3
2018,12,23,17,0,臺中市,北區,0,0,,6,,,50,,,,,,,,,,,,,,,,,,,,B03,,,1,,2,,,12,,1,  ,,B03,24.157289,120.678789,3
2018,12,23,17,0,臺中市,北屯區,0,1,0,6,1,5,50,4,1,1,4,4,5,7,4,4,10,5,5,2,15,6,2,9,1,1,C03,7,9,1,10,2,14,  ,6,6,1,5,8,C03,24.172531,120.692949,2
2018,12,23,17,5,臺中市,霧峰區,0,1,0,6,2,5,50,4,1,1,4,4,5,7,4,4,10,5,5,2,16,6,2,8,1,1,C03,7,5,1,10,2,11,  ,6,6,1,18,8,C03,24.064428,120.697915,2
2018,12,23,17,8,臺中市,北屯區,0,1,0,6,3,5,40,3,1,1,4,4,5,7,1,1,1,5,1,2,12,1,2,8,1,1,C02,7,9,1,9,2,11,  ,1,1,1,22,8,C02,24.187168,120.722599,2
2018,12,23,17,10,臺中市,沙鹿區,0,1,0,6,3,5,40,14,7,1,4,4,5,7,4,4,8,4,5,1,3,23,3,10,2,1,F01,7,9,8,20,2,16,  ,23,23,1,15,8,F01,24.242106,120.564976,2
2018,12,23,17,15,臺中市,南屯區,0,0,,6,,,50,,,,,,,,,,,,,,,,,,,,B03,,,1,,2,,,23,,  ,  ,,B03,24.138148,120.637581,3
2018,12,23,17,22,臺中市,北區,0,0,0,,,,,,,,,,,,,,,,,,,,3,  ,  ,  ,B03,  ,  ,1,  ,2,  ,  ,23,  ,1,22,  ,B03,24.166822,120.668053,3
2018,12,23,17,24,臺中市,西區,0,2,0,6,3,5,50,4,2,1,4,4,5,7,1,1,5,2,5,2,12,43,2,8,1,1,C03,7,9,1,10,2,13,  ,43,43,1,5,8,C03,24.145038,120.652981,2
2018,12,23,17,24,臺中市,東區,0,2,0,6,3,5,40,14,8,1,4,4,5,7,1,1,1,4,4,2,29,23,2,9,1,1,C03,7,9,1,10,2,15,  ,23,23,1,22,8,C03,24.130391,120.687078,2
2018,12,23,17,24,臺中市,西屯區,0,0,0,6,3,5,50,,,,,,,,,,,,,,,23,  ,  ,  ,  ,B03,  ,  ,3,  ,2,1,  ,23,23,1,21,  ,B03,24.17473,120.63953,3
2018,12,23,17,30,臺中市,南屯區,0,0,,6,,,50,,,,,,,,,,,,,,,,,,,,B03,,,1,,2,,,7,,1,5,,B03,24.148975,120.624951,3
2018,12,23,17,32,臺中市,南屯區,0,0,,8,,,50,,,,,,,,,,,,,,,,,,,,B03,,,1,,2,,,7,,1,  ,,B03,24.135216,120.638351,3
2018,12,23,17,35,臺中市,中區,0,0,0,6,,,50,,,,,,,,,,,,,,,,3,  ,  ,  ,B03,  ,  ,1,  ,2,  ,  ,17,  ,1,21,  ,B03,24.143826,120.680963,3
2018,12,23,17,36,臺中市,西區,0,0,,8,,,40,,,,,,,,,,,,,,,,,,,,B03,,,1,,2,,,23,,1,22,,B03,24.155683,120.662617,3
2018,12,23,17,37,臺中市,南屯區,0,0,,8,,,50,,,,,,,,,,,,,,,,,,,,B03,,,1,,2,,,7,,1,  ,,B03,24.150038,120.622476,3
2018,12,23,17,42,臺中市,石岡區,0,0,,8,,,70,,,,,,,,,,,,,,,,,,,,B03,,,1,,2,,,23,,1,22,,B03,24.276491,120.766083,3
2018,12,23,17,46,臺中市,北區,0,2,0,6,3,5,50,4,1,1,4,4,5,7,1,1,10,5,5,2,18,23,2,9,1,1,C03,7,9,1,10,2,12,12,23,23,1,22,9,C03,24.150289,120.676172,2
2018,12,23,17,46,臺中市,沙鹿區,0,0,,6,,,60,,,,,,,,,,,,,,,,,,,,B03,,,1,,2,,,7,,1,21,,B03,24.243108,120.615031,3
2018,12,23,17,50,臺中市,大甲區,0,1,0,6,3,5,50,14,9,1,4,4,5,7,4,4,9,5,5,1,13,16,2,7,1,1,C03,7,14,1,10,2,11,  ,16,16,1,9,8,C03,24.347408,120.616159,2
2018,12,23,17,50,臺中市,豐原區,0,0,,6,,,50,,,,,,,,,,,,,,,,,,,,B03,,,1,,2,,,12,,1,12,,B03,24.249186,120.714023,3
2018,12,23,17,55,臺中市,北區,0,0,,6,,,50,,,,,,,,,,,,,,,,,,,,B12,,,1,,2,,,7,,1,  ,,B12,24.160322,120.682913,3
2018,12,23,17,59,臺中市,西區,0,1,0,6,3,5,50,4,1,1,4,4,5,7,4,4,10,5,5,2,15,6,2,8,1,1,C03,7,9,1,10,2,12,  ,6,6,1,9,9,C03,24.147941,120.664276,2
2018,12,23,18,1,臺中市,西區,0,1,0,6,3,5,50,4,1,1,4,4,5,7,1,1,10,5,5,2,12,42,2,9,1,1,C04,7,9,1,10,2,12,  ,42,42,1,5,8,C04,24.146739,120.66161,2
2018,12,23,18,2,臺中市,西屯區,0,1,0,6,3,5,50,14,7,1,4,4,5,7,4,4,5,4,4,2,17,21,2,9,1,1,C04,7,11,3,18,7,12,  ,21,21,1,22,8,C04,24.16342,120.65212,2
2018,12,23,18,2,臺中市,西屯區,0,1,0,6,3,5,40,4,2,1,4,4,5,7,4,4,8,3,5,2,2,23,3,10,1,4,C03,7,9,1,10,2,11,  ,23,23,1,21,8,C03,24.176326,120.66691,2
2018,12,23,18,5,臺中市,北區,0,0,0,8,,,50,,,,,,,,,,,,,,,,3,  ,  ,  ,B01,  ,  ,1,  ,2,  ,  ,23,  ,1,10,  ,B01,24.155648,120.675486,3
2018,12,23,18,7,臺中市,北區,0,0,0,6,,,50,,,,,,,,,,,,,,,23,  ,  ,  ,  ,B03,  ,  ,1,7,2,  ,  ,23,23,1,  ,  ,B03,24.147935,120.684452,3
2018,12,23,18,8,臺中市,大里區,0,0,,6,,,60,,,,,,,,,,,,,,,,,,,,B12,,,1,,2,,,25,,1,22,,B12,24.086356,120.687723,3
2018,12,23,18,9,臺中市,北屯區,0,2,0,6,3,5,40,14,8,1,4,4,5,7,4,4,1,4,5,2,17,23,3,10,1,1,C03,7,9,1,10,2,11,  ,44,23,1,5,8,C03,24.161783,120.692554,2
2018,12,23,18,10,臺中市,和平區,0,0,0,8,,,40,,,,,,,,,,,,,,,42,  ,  ,  ,  ,B03,  ,  ,1,  ,2,  ,  ,42,42,1,  ,  ,B03,24.20491,121.009693,3
2018,12,23,18,12,臺中市,大甲區,0,2,0,6,3,5,60,14,8,1,4,4,5,7,4,4,5,5,4,1,13,23,2,9,1,1,C03,7,9,1,3,2,11,  ,23,23,1,5,8,C03,24.358764,120.605455,2
2018,12,23,18,15,臺中市,西區,0,1,0,6,3,5,50,4,1,1,4,4,5,7,1,1,10,5,5,2,18,23,2,9,1,1,C03,7,9,1,10,2,12,  ,23,23,1,21,8,C03,24.146341,120.670262,2
2018,12,23,18,21,臺中市,潭子區,0,0,,6,,,40,,,,,,,,,,,,,,,,,,,,B03,,,1,,11,,,23,,1,22,,B03,24.203288,120.708717,3
2018,12,23,18,28,臺中市,南區,0,2,0,6,3,5,50,14,12,1,4,4,5,7,4,4,5,4,4,2,29,23,2,9,1,1,C03,7,9,2,18,2,11,  ,23,23,1,22,9,C03,24.113598,120.664304,2
2018,12,23,18,29,臺中市,西屯區,0,2,0,6,3,5,40,3,2,1,4,4,5,7,1,1,9,4,5,2,17,42,2,8,1,1,C03,7,9,1,10,2,11,  ,42,42,1,21,8,C03,24.175074,120.655286,2
2018,12,23,18,29,臺中市,大里區,0,1,0,6,4,5,40,14,9,1,4,4,5,7,4,4,10,5,5,2,17,23,2,9,1,1,C03,7,9,1,10,2,12,  ,23,23,1,19,5,C03,24.092031,120.700551,2
2018,12,23,18,30,臺中市,西區,0,0,0,6,,,50,,,,,,,,,,,,,,,,3,  ,  ,  ,B03,  ,  ,1,  ,2,  ,  ,6,  ,  ,21,  ,B03,24.156069,120.66289,3
2018,12,23,18,33,臺中市,南屯區,0,1,0,6,3,5,50,4,1,1,4,4,5,7,1,1,10,5,5,2,3,15,3,10,1,1,B03,7,5,1,3,11,5,  ,15,15,2,22,9,B03,24.13783,120.650863,2
2018,12,23,18,33,臺中市,西屯區,0,2,0,6,3,5,50,4,1,1,4,4,5,7,1,1,10,5,5,2,3,51,2,9,4,5,H01,8,16,8,20,10,16,  ,51,51,1,21,8,H01,24.164305,120.65514,2
2018,12,23,18,39,臺中市,北區,0,1,0,6,3,5,30,14,9,1,4,4,5,7,1,1,1,4,5,1,18,23,2,9,1,1,C03,7,9,1,10,2,14,  ,23,23,1,21,8,C03,24.159122,120.666271,2
2018,12,23,18,39,臺中市,大肚區,0,1,0,6,3,5,50,15,22,1,4,4,5,7,4,4,10,5,5,2,17,23,2,3,1,1,A04,7,11,1,1,2,1,  ,23,23,1,10,4,A04,24.155099,120.572042,2
2018,12,23,18,40,臺中市,東區,0,0,,6,,,50,,,,,,,,,,,,,,,,,,,,B03,,,1,,2,,,18,,1,  ,,B03,24.149345,120.709365,3
2018,12,23,18,41,臺中市,西屯區,0,1,0,6,3,5,50,4,18,1,4,4,5,7,1,1,10,5,5,2,3,15,3,10,1,1,B03,7,5,1,8,2,8,  ,15,15,1,21,7,B03,24.159301,120.638328,2
2018,12,23,18,45,臺中市,北區,0,1,0,6,3,5,50,5,1,1,4,4,5,7,2,1,10,5,5,2,17,6,3,10,1,1,C03,7,6,2,18,2,11,  ,6,6,1,22,9,C03,24.155078,120.683923,2
2018,12,23,18,47,臺中市,南區,0,1,0,6,3,5,50,4,1,1,4,4,5,7,1,1,10,5,5,2,13,23,3,10,1,1,B03,7,9,1,8,2,1,  ,23,23,1,21,8,B03,24.117286,120.658111,2
2018,12,23,18,48,臺中市,北區,0,1,0,6,3,5,50,4,1,1,4,4,5,7,1,1,10,5,5,2,12,6,3,10,1,1,B03,7,6,1,8,2,5,  ,6,6,1,22,8,B03,24.165333,120.675613,2
2018,12,23,18,51,臺中市,西區,0,2,0,6,3,5,50,3,2,1,4,4,5,7,2,1,4,4,5,2,15,25,2,9,1,1,C03,7,9,1,10,2,11,  ,25,25,1,22,8,C03,24.143021,120.661764,2
2018,12,23,18,55,臺中市,北區,0,0,0,6,,,50,,,,,,,,,,,,,,,23,  ,  ,  ,  ,B12,  ,  ,1,8,2,  ,  ,23,23,1,  ,  ,B12,24.150743,120.684576,3
2018,12,23,18,55,臺中市,霧峰區,0,0,,6,,,50,,,,,,,,,,,,,,,,,,,,B01,,,1,,2,,,23,,1,22,,B01,24.076439,120.691887,3
2018,12,23,19,3,臺中市,北區,0,0,,6,,,50,,,,,,,,,,,,,,,,,,,,B03,,,1,,2,,,12,,1,  ,,B03,24.15343,120.683568,3
2018,12,23,19,4,臺中市,南屯區,0,0,,,,,,,,,,,,,,,,,,,,,,,,,B03,,,1,,2,,,26,,1,5,,B03,24.14268,120.647743,3
2018,12,23,19,4,臺中市,西屯區,0,0,,6,3,5,50,14,7,1,4,4,5,7,4,4,1,3,1,1,12,,,,,,B03,,,1,,2,,,7,,1,22,,B03,24.169691,120.638145,3
2018,12,23,19,5,臺中市,大甲區,0,2,0,6,3,5,50,3,9,1,4,4,5,7,4,4,9,5,5,1,2,23,2,9,1,1,C03,7,9,2,18,2,11,  ,23,23,1,16,9,C03,24.405336,120.642458,2
2018,12,23,19,7,臺中市,南屯區,0,0,,6,,,40,,,,,,,,,,,,,,,,,,,,B03,,,1,,2,,,18,,1,  ,,B03,24.149435,120.640583,3
2018,12,23,19,8,臺中市,西區,0,0,0,6,,,50,,,,,,,,,,,,,,,12,3,  ,  ,  ,B03,  ,  ,1,  ,2,  ,  ,12,12,  ,5,  ,B03,24.150757,120.671123,3
2018,12,23,19,12,臺中市,西屯區,0,0,,8,,,40,,,,,,,,,,,,,,,,,,,,B03,,,1,,2,,,12,,1,  ,,B03,24.183698,120.615153,3
2018,12,23,19,16,臺中市,西屯區,0,0,,8,,,50,,,,,,,,,,,,,,,,,,,,B03,,,1,,2,,,42,,1,21,,B03,24.163154,120.637922,3
2018,12,23,19,17,臺中市,西屯區,0,2,0,6,3,5,50,14,9,1,4,4,5,7,4,4,10,5,5,2,12,10,2,9,1,1,C03,7,11,1,10,2,13,  ,10,10,1,21,8,C03,24.190534,120.62567,2
2018,12,23,19,19,臺中市,烏日區,0,2,0,6,3,5,60,3,2,1,4,4,5,7,3,1,1,4,4,1,17,19,3,10,1,1,B03,7,1,1,8,2,7,  ,19,19,1,20,8,B03,24.10731,120.636243,2
2018,12,23,19,20,臺中市,大甲區,0,0,,6,,,70,,,,,,,,,,,,,,,,,,,,A12,,,1,,2,,,7,,1,9,,A12,24.31586,120.604883,3
2018,12,23,19,23,臺中市,北屯區,0,0,,6,,,50,,,,,,,,,,,,,,,,,,,,B03,,,1,,2,,,23,,1,  ,,B03,24.181621,120.723013,3
2018,12,23,19,29,臺中市,大雅區,0,1,0,8,3,5,50,14,9,1,5,4,5,7,4,4,9,5,5,1,13,23,2,8,1,1,C03,7,9,1,10,2,11,  ,23,23,1,22,9,C03,24.220433,120.646185,2
2018,12,23,19,30,臺中市,南屯區,0,0,,6,,,50,,,,,,,,,,,,,,,,,,,,B03,,,1,,2,,,26,,1,22,,B03,24.145569,120.630275,3
2018,12,23,19,31,臺中市,清水區,0,1,0,6,4,5,50,14,9,1,4,4,5,7,4,4,5,5,5,1,13,16,2,9,1,2,C03,7,9,1,10,2,11,  ,16,16,1,5,8,C03,24.268593,120.566425,2
2018,12,23,19,35,臺中市,烏日區,0,1,0,6,3,5,50,14,8,1,4,4,5,7,4,4,4,3,4,1,17,23,2,9,1,1,C03,7,9,1,10,2,11,  ,23,23,1,22,8,C03,24.077862,120.643159,2
2018,12,23,19,37,臺中市,沙鹿區,0,2,0,6,3,5,50,3,7,1,4,4,5,7,4,4,1,4,4,2,16,19,2,8,1,1,C03,7,1,1,10,2,14,  ,19,19,1,18,8,C03,24.238988,120.559975,2
2018,12,23,19,40,臺中市,大里區,0,0,,6,,,50,,,,,,,,,,,,,,,,,,,,B03,,,1,,2,,,40,,1,5,,B03,24.099658,120.6874,3
2018,12,23,19,43,臺中市,西屯區,0,2,0,6,3,5,50,4,1,1,4,4,5,7,1,1,10,5,5,2,16,43,2,9,1,1,C03,7,9,1,10,2,12,  ,43,43,1,21,7,C03,24.159235,120.638298,2
2018,12,23,19,44,臺中市,北屯區,0,1,0,6,3,5,50,4,1,1,4,4,5,7,1,1,10,5,5,2,16,1,3,10,1,1,B03,7,6,1,10,2,2,  ,6,1,1,5,8,B03,24.179101,120.685899,2
2018,12,23,19,44,臺中市,北屯區,1,0,0,6,3,5,50,4,18,1,4,4,5,7,1,1,10,5,5,2,3,15,3,10,1,1,B03,7,5,1,8,2,1,  ,15,15,1,21,5,B03,24.181916,120.701758,1
2018,12,23,19,44,臺中市,西屯區,0,2,0,6,3,5,50,4,2,1,4,4,5,7,4,4,8,3,4,1,17,42,2,8,1,1,C03,7,9,1,10,2,15,  ,42,42,1,22,8,C03,24.175343,120.644865,2
2018,12,23,19,45,臺中市,清水區,0,0,0,6,3,5,40,11,9,1,4,4,5,1,4,4,10,5,5,2,19,23,3,10,1,1,B03,7,9,1,8,7,1,  ,23,23,1,21,8,B03,24.267655,120.567549,3
2018,12,23,20,0,臺中市,北區,0,0,0,6,,,50,,,,,,,,,,,,,,,23,  ,  ,  ,  ,B03,  ,  ,1,8,2,  ,  ,23,23,1,  ,  ,B03,24.14679,120.67601,3
2018,12,23,20,6,臺中市,西屯區,0,0,,6,,,40,,,,,,,,,,,,,,,,,,,,B03,,,1,,2,,,12,,1,22,,B03,24.175701,120.660993,3
2018,12,23,20,7,臺中市,北屯區,0,1,0,6,3,5,50,4,2,1,4,4,5,7,1,1,10,5,5,2,3,23,2,9,4,5,H01,8,16,8,20,10,16,  ,51,23,1,22,8,H01,24.177285,120.669466,2
2018,12,23,20,15,臺中市,西區,0,1,0,6,3,5,50,4,1,1,4,4,5,7,1,1,10,5,5,2,18,23,2,9,1,1,C03,7,6,1,10,2,12,  ,23,23,1,21,8,C03,24.146729,120.65726,2