年,月,日,時,分,縣市,區,死,受傷,2-30,天候,光線,道路類別,速限,道路型態,事故位置,路面鋪裝,路面狀態,路面缺陷,障礙物,視距,號誌種類,號誌動作,分向設施,快車道或一般車道間,快慢車道間,路面邊線,事故類型及型態,主要肇因,受傷程度,主要傷處,保護裝備,行動電話,當事者區分_類別,車輛用途,當事者行動狀態,駕駛資格情形,駕駛執照種類,飲酒情形,車輛撞擊部位最初,車輛撞擊部位其他,肇事因素個別,肇事因素主要,肇事逃逸,職業,旅次目的,車種,GPS座標X,GPS座標Y,事故類別
2018,12,23,20,15,臺中市,西屯區,0,0,0,6,3,5,50,4,1,1,5,4,5,7,1,1,1,3,4,2,16,9,3,10,1,1,B03,7,6,6,18,8,8,  ,9,9,1,21,8,B03,24.187028,120.609998,3
2018,12,23,20,16,臺中市,南區,0,1,0,6,3,5,50,3,1,1,4,4,5,7,1,1,10,5,5,2,16,25,2,9,1,1,C03,7,9,1,10,2,15,  ,25,25,1,22,9,C03,24.113026,120.661818,2
2018,12,23,20,21,臺中市,北屯區,0,0,,6,,,50,,,,,,,,,,,,,,,,,,,,B03,,,1,,2,,,23,,1,21,,B03,24.181808,120.701638,3
2018,12,23,20,28,臺中市,沙鹿區,0,2,0,6,3,5,40,3,1,1,4,4,5,7,1,1,1,2,1,1,3,23,2,9,1,1,C03,7,9,1,10,2,11,  ,23,23,1,18,8,C03,24.210698,120.58022,2
2018,12,23,20,29,臺中市,沙鹿區,0,2,0,6,3,5,40,14,8,1,4,4,5,7,1,1,10,4,4,2,13,16,2,9,1,1,C03,7,9,1,10,2,11,  ,16,16,1,4,8,C03,24.233813,120.571451,2
2018,12,23,20,32,臺中市,梧棲區,0,0,,6,,,50,,,,,,,,,,,,,,,,,,,,B12,,,3,,2,,,12,,1,9,,B12,24.246593,120.534468,3
2018,12,23,20,37,臺中市,西區,0,1,0,6,3,5,50,4,1,1,4,4,5,7,1,1,10,5,5,2,18,42,2,8,1,1,C03,7,9,1,10,2,12,  ,42,42,1,21,5,C03,24.13879,120.669422,2
2018,12,23,20,40,臺中市,西區,0,1,0,8,3,5,40,4,1,1,4,4,5,7,2,1,10,5,5,2,18,42,2,9,1,1,C03,7,9,1,10,2,12,  ,42,42,1,18,9,C03,24.130868,120.667911,2
2018,12,23,20,44,臺中市,北屯區,0,1,0,6,3,5,50,4,1,1,4,4,5,7,1,1,10,5,5,2,17,25,3,10,1,1,B03,7,15,1,8,2,15,  ,25,25,1,5,8,B03,24.160807,120.697531,2
2018,12,23,20,50,臺中市,沙鹿區,0,1,0,6,3,5,50,4,1,1,4,4,5,7,4,4,10,5,5,2,17,4,3,10,1,1,C03,7,9,1,10,2,15,  ,4,4,1,10,5,C03,24.229089,120.573764,2
2018,12,23,20,53,臺中市,北屯區,0,0,,8,,,50,,,,,,,,,,,,,,,,,,,,B12,,,1,,2,,,23,,1,22,,B12,24.193208,120.747309,3
2018,12,23,20,56,臺中市,西屯區,0,1,0,6,3,5,40,4,1,1,4,4,5,7,1,1,3,4,4,2,12,42,3,10,1,1,B03,7,6,1,8,2,6,  ,42,42,1,21,8,B03,24.167702,120.648206,2
2018,12,23,21,0,臺中市,西屯區,0,0,,8,,,50,,,,,,,,,,,,,,,,,,,,B03,,,1,,2,,,25,,1,22,,B03,24.165615,120.659409,3
2018,12,23,21,3,臺中市,北區,0,0,0,8,,,50,,,,,,,,,,,,,,,,3,  ,  ,  ,B03,  ,  ,1,  ,2,  ,  ,42,  ,1,22,  ,B03,24.163266,120.682311,3
2018,12,23,21,3,臺中市,南區,0,0,,6,,,50,,,,,,,,,,,,,,,26,,,,,B03,,,1,,3,,,42,26,1,3,,B03,24.111538,120.649902,3
2018,12,23,21,10,臺中市,沙鹿區,0,0,0,6,,,40,,,,,,,,,,,,,,,12,  ,  ,  ,  ,C03,  ,  ,1,  ,2,  ,  ,12,12,1,5,  ,C03,24.2357,120.559052,3
2018,12,23,21,19,臺中市,西屯區,0,1,0,8,3,5,50,4,1,1,4,4,5,7,1,1,5,5,5,2,3,15,3,10,1,4,B03,7,5,1,8,2,1,  ,15,15,1,21,8,B03,24.183465,120.618159,2
2018,12,23,21,24,臺中市,西屯區,0,2,0,6,3,5,50,5,2,1,4,4,5,7,2,1,1,3,1,1,17,23,3,10,1,1,B03,7,1,1,8,2,1,  ,19,23,1,22,8,B03,24.165661,120.64376,2
2018,12,23,21,25,臺中市,北屯區,0,1,0,6,3,5,50,14,7,1,4,4,5,7,4,4,1,4,5,2,16,19,3,10,1,1,B03,7,1,1,8,2,8,  ,19,19,1,21,5,B03,24.171683,120.687675,2
2018,12,23,21,27,臺中市,北區,0,0,,6,,,50,,,,,,,,,,,,,,,,,,,,C03,,,1,,2,,,23,,1,  ,,C03,24.153988,120.682335,3
2018,12,23,21,33,臺中市,西屯區,0,1,0,6,3,5,50,3,1,1,4,4,5,7,1,1,10,5,5,2,17,26,3,10,1,1,B03,7,5,1,8,2,1,  ,26,26,1,22,8,B03,24.178435,120.643591,2
2018,12,23,21,35,臺中市,太平區,0,1,0,6,3,5,50,3,1,1,4,4,5,7,4,4,10,5,5,2,16,6,2,9,1,1,C03,7,5,1,10,2,12,  ,6,6,1,20,3,C03,24.154135,120.704083,2
2018,12,23,21,36,臺中市,西屯區,0,0,0,8,,,40,,,,,,,,,,,,,,,7,  ,  ,  ,  ,A11,  ,  ,1,  ,2,  ,  ,7,7,1,12,  ,A11,24.195883,120.64727,3
2018,12,23,21,41,臺中市,南區,0,2,0,6,3,5,50,3,1,1,4,4,5,7,4,4,10,5,5,2,16,6,3,10,1,1,B03,7,6,1,8,2,5,  ,6,6,1,22,9,B03,24.113185,120.660088,2
2018,12,23,21,54,臺中市,西屯區,0,0,,8,,,60,,,,,,,,,,,,,,,,,,,,B03,,,1,,2,,,23,,1,22,,B03,24.162689,120.629118,3
2018,12,23,21,56,臺中市,龍井區,0,1,0,6,3,5,50,4,2,1,4,4,5,7,4,4,5,5,5,2,17,23,2,9,1,1,C03,7,5,1,10,2,12,  ,23,23,1,22,8,C03,24.189809,120.593127,2
2018,12,23,22,2,臺中市,南屯區,0,2,0,7,3,5,50,4,18,1,4,4,5,7,2,1,1,2,5,2,3,15,3,10,1,1,B03,7,5,1,8,2,8,  ,15,15,1,12,8,B03,24.137393,120.646153,2
2018,12,23,22,8,臺中市,西屯區,0,0,0,6,3,5,50,,,,,,,,,,,,,,,23,  ,  ,  ,  ,B01,  ,  ,1,  ,2,1,  ,23,23,1,21,  ,B01,24.170095,120.637866,3
2018,12,23,22,10,臺中市,大雅區,0,1,0,7,3,5,40,4,1,1,4,4,5,7,4,4,10,5,5,2,16,6,3,10,1,1,C03,7,9,1,10,2,11,  ,6,6,1,22,9,C03,24.210579,120.660552,2
2018,12,23,22,15,臺中市,南屯區,0,1,0,6,3,5,50,4,1,1,4,4,5,7,1,1,10,5,5,2,16,6,3,10,1,4,B03,7,5,1,8,2,5,  ,6,6,1,22,8,B03,24.142515,120.640766,2
2018,12,23,22,15,臺中市,沙鹿區,0,1,0,6,1,5,40,4,1,1,4,4,5,7,4,4,10,5,5,2,15,6,2,9,1,1,C03,7,9,1,10,2,12,  ,6,6,1,18,5,C03,24.230064,120.570158,2
2018,12,23,22,20,臺中市,北屯區,0,1,0,7,3,5,50,14,9,1,4,4,5,7,4,4,5,4,5,2,16,10,3,10,1,1,B03,7,11,1,8,2,4,  ,10,10,1,5,8,B03,24.176225,120.724815,2
2018,12,23,22,29,臺中市,西屯區,0,0,,6,3,5,50,14,9,1,4,4,5,7,4,4,8,3,4,1,14,,,,,,B03,,,1,,1,,,12,,1,22,,B03,24.1754,120.645948,3
2018,12,23,22,33,臺中市,太平區,0,1,0,6,3,5,40,14,8,1,4,4,5,7,4,4,5,5,4,1,29,23,2,9,3,4,C03,7,9,1,10,2,12,  ,23,23,1,9,8,C03,24.155371,120.719344,2
2018,12,23,22,34,臺中市,石岡區,0,1,0,6,4,5,50,14,9,1,4,4,5,7,4,4,9,3,5,1,18,23,2,9,1,1,C03,7,9,1,10,8,12,  ,23,23,1,22,9,C03,24.274628,120.787391,2
2018,12,23,22,49,臺中市,大里區,0,0,,6,,,50,,,,,,,,,,,,,,,,,,,,C03,,,6,,2,,,23,,1,22,,C03,24.117588,120.692276,3
2018,12,23,22,52,臺中市,西屯區,0,1,0,7,3,5,50,14,9,1,4,4,5,7,4,4,4,5,5,2,17,10,3,10,1,1,B03,7,11,1,8,2,7,  ,10,10,1,22,8,B03,24.178716,120.614548,2
2018,12,23,23,0,臺中市,沙鹿區,0,1,0,6,3,5,40,14,7,1,4,4,5,7,4,4,9,5,4,2,16,19,3,10,1,1,B03,7,1,1,8,2,15,  ,19,19,1,5,5,B03,24.225059,120.576262,2
2018,12,23,23,6,臺中市,豐原區,0,1,0,7,3,5,40,4,7,1,4,4,5,7,3,1,4,3,4,2,17,6,2,8,1,1,C03,7,9,1,10,2,12,  ,6,6,1,21,8,C03,24.233651,120.725387,2
2018,12,23,23,15,臺中市,太平區,0,1,0,8,3,5,50,4,2,1,5,4,5,7,3,1,5,4,4,1,15,6,2,9,1,1,C03,7,9,1,10,2,12,  ,6,6,1,21,1,C03,24.156308,120.719922,2
2018,12,24,0,7,臺中市,西屯區,0,1,0,7,3,5,50,14,7,1,4,4,5,7,4,4,5,4,4,2,17,42,2,9,1,1,C03,7,9,1,10,2,14,  ,42,42,1,22,8,C03,24.186573,120.621493,2
2018,12,24,0,40,臺中市,南屯區,0,0,0,7,3,5,50,4,1,1,5,4,5,7,2,1,10,5,5,2,16,26,3,10,1,1,B03,7,6,1,8,2,6,6,26,26,1,5,5,B03,24.149772,120.620709,3
2018,12,24,0,44,臺中市,北屯區,0,1,0,8,3,5,50,4,1,1,5,4,5,7,1,1,10,5,5,2,16,23,3,10,3,4,B03,7,5,3,18,2,5,  ,23,23,1,21,8,B03,24.170631,120.691196,2
2018,12,24,0,59,臺中市,東區,0,1,0,8,3,5,50,4,1,1,5,4,5,7,1,1,10,5,5,2,16,6,3,10,1,1,B03,7,5,1,8,2,6,  ,6,6,1,5,8,B03,24.132723,120.698661,2
2018,12,24,1,42,臺中市,西區,0,5,0,8,3,5,50,4,1,1,5,4,5,7,3,1,10,5,5,2,15,6,2,9,1,1,B03,7,9,1,8,2,8,  ,6,6,1,21,8,B03,24.136771,120.670111,2
2018,12,24,2,35,臺中市,大里區,0,0,0,,,,,,,,,,,,,,,,,,,21,3,10,3,4,B03,7,5,6,14,8,1,  ,21,21,1,4,8,B03,24.115016,120.676199,3
2018,12,24,5,30,臺中市,太平區,0,0,,8,3,5,50,14,9,1,5,4,5,7,4,4,5,4,5,1,16,,,,,,B03,,,1,,2,,,18,,1,21,,B03,24.144469,120.734442,3
2018,12,24,6,0,臺中市,南屯區,0,0,0,7,2,5,50,4,2,1,5,4,5,7,2,1,1,2,4,2,13,23,3,10,1,1,B03,7,9,1,8,2,1,1,23,23,1,3,3,B03,24.153249,120.644809,3
2018,12,24,6,0,臺中市,北屯區,0,2,0,7,2,5,50,14,22,1,4,4,5,7,4,4,9,5,5,2,5,23,2,8,1,1,C03,7,9,1,10,2,11,  ,23,23,1,8,8,C03,24.178533,120.681916,2
2018,12,24,7,10,臺中市,太平區,0,1,0,8,1,5,50,3,1,1,5,4,5,7,3,1,5,5,5,2,16,8,2,9,1,5,F01,7,5,8,20,2,16,  ,8,8,1,15,8,F01,24.119389,120.722083,2
2018,12,24,7,15,臺中市,清水區,,,,8,,,40,,,,,,,,,,,,,,,,,,,,B12,,,1,,2,,,12,,1,21,,B12,24.289324,120.648569,4
2018,12,24,7,17,臺中市,北屯區,0,0,0,8,,,50,,,,,,,,,,,,,,,7,  ,  ,  ,  ,B03,  ,  ,1,  ,2,  ,  ,7,7,1,22,  ,B03,24.182206,120.717885,3
2018,12,24,7,25,臺中市,烏日區,0,0,,8,,,60,,,,,,,,,,,,,,,,,,,,B12,,,1,,2,,,23,,1,22,,B12,24.107169,120.635984,3
2018,12,24,7,27,臺中市,石岡區,0,0,,8,,,60,,,,,,,,,,,,,,,,,,,,B03,,,1,,2,,,7,,1,8,,B03,24.261985,120.813096,3
2018,12,24,7,28,臺中市,東區,0,0,,8,,,50,,,,,,,,,,,,,,,,,,,,B03,,,1,,2,,,23,,1,  ,,B03,24.126377,120.68507,3
2018,12,24,7,28,臺中市,西屯區,0,0,,,,,50,,,,,,,,,,,,,,,,,,,,B03,,,3,,2,,,23,,1,22,,B03,24.165138,120.639327,3
2018,12,24,7,28,臺中市,沙鹿區,0,0,,8,,,40,,,,,,,,,,,,,,,,,,,,C03,,,1,,2,,,23,,1,18,,C03,24.239728,120.564683,3
2018,12,24,7,29,臺中市,南屯區,0,0,0,8,1,5,50,14,9,1,5,4,,7,4,4,1,4,5,2,13,23,3,10,1,1,B03,7,9,1,8,2,1,  ,23,23,1,22,8,B03,24.148546,120.626421,3
2018,12,24,7,30,臺中市,太平區,0,0,,8,,,50,,,,,,,,,,,,,,,,,,,,B03,,,1,,2,,,16,,1,4,,B03,24.10271,120.728957,3
2018,12,24,7,33,臺中市,后里區,0,0,,8,,,50,,,,,,,,,,,,,,,,,,,,C03,,,1,,2,,,2,,1,22,,C03,24.309075,120.719903,3
2018,12,24,7,35,臺中市,沙鹿區,0,1,0,8,1,5,50,14,9,1,5,4,5,7,4,4,5,5,5,1,16,6,3,10,1,1,B03,7,5,1,1,2,5,  ,6,6,1,21,8,B03,24.240768,120.620935,2
2018,12,24,7,35,臺中市,大甲區,0,1,0,8,1,5,50,14,9,1,5,4,5,7,4,4,5,5,5,1,18,43,2,9,1,1,C03,7,9,1,10,2,14,  ,43,43,1,22,1,C03,24.353405,120.636052,2
2018,12,24,7,38,臺中市,西區,0,1,0,8,1,5,50,4,8,1,5,4,5,7,2,1,5,2,4,2,13,23,4,11,1,1,C03,7,9,1,10,2,11,  ,23,23,1,5,1,C03,24.138445,120.669786,2
2018,12,24,7,40,臺中市,西區,0,0,,,,,,,,,,,,,,,,,,,,,,,,,C03,,,2,,2,,,23,,1,21,,C03,,,3
2018,12,24,7,40,臺中市,霧峰區,0,0,,8,,,50,,,,,,,,,,,,,,,,,,,,C03,,,1,,2,,,23,,1,18,,C03,24.070318,120.698334,3
2018,12,24,7,40,臺中市,后里區,0,2,0,8,2,5,50,14,8,1,5,4,5,7,4,4,5,4,4,1,13,7,2,9,1,1,C03,7,7,1,10,8,11,  ,7,7,1,22,8,C03,24.316538,120.676869,2
2018,12,24,7,42,臺中市,西區,0,0,,8,,,50,,,,,,,,,,,,,,,,,,,,B03,,,1,,2,,,23,,1,2,,B03,24.140212,120.655917,3
2018,12,24,7,44,臺中市,大雅區,0,2,0,8,1,5,40,4,1,1,5,4,5,7,1,1,10,5,5,2,12,1,2,9,1,1,C03,7,9,1,10,2,11,  ,1,1,1,12,1,C03,24.20682,120.63599,2
2018,12,24,7,45,臺中市,太平區,0,2,0,8,1,5,50,3,1,1,5,4,5,7,4,4,10,5,5,2,16,26,2,7,1,1,C03,7,11,1,10,2,14,  ,26,26,1,4,8,C03,24.137359,120.715246,2
2018,12,24,7,45,臺中市,龍井區,0,0,,8,,,50,,,,,,,,,,,,,,,,,,,,B03,,,1,,11,,,26,,1,21,,B03,24.191085,120.594283,3
2018,12,24,7,45,臺中市,神岡區,0,0,0,8,,,40,,,,,,,,,,,,,,,17,  ,  ,  ,  ,B03,  ,  ,1,  ,2,  ,  ,17,17,1,21,  ,B03,24.252135,120.683586,3
2018,12,24,7,50,臺中市,西屯區,0,0,,8,,,50,,,,,,,,,,,,,,,,,,,,   ,,,7,,11,,,43,,1,  ,,   ,24.176965,120.62176,3
2018,12,24,7,50,臺中市,潭子區,0,0,,8,1,5,50,14,7,1,5,4,5,7,1,1,1,4,4,1,13,,,,,,B03,,,1,,2,,,23,,1,22,,B03,24.200542,120.702381,3
2018,12,24,7,56,臺中市,潭子區,0,0,,8,,,60,,,,,,,,,,,,,,,,,,,,B12,,,1,,2,,,7,,1,22,,B12,24.209551,120.705186,3
2018,12,24,8,1,臺中市,清水區,0,1,0,7,1,5,50,4,1,1,5,4,5,7,1,1,10,5,5,2,17,10,3,10,1,1,B03,7,11,1,8,2,2,  ,10,10,1,21,8,B03,24.264305,120.572506,2
2018,12,24,8,2,臺中市,龍井區,0,0,,8,,,60,,,,,,,,,,,,,,,,,,,,B03,,,1,,2,,,12,,1,21,,B03,24.187453,120.582661,3
2018,12,24,8,3,臺中市,西屯區,0,1,0,8,1,5,50,3,1,1,5,4,5,7,1,1,10,5,5,2,13,23,3,10,1,1,B02,7,9,1,8,2,1,  ,23,23,1,21,8,B02,24.190928,120.616427,2
2018,12,24,8,6,臺中市,南屯區,0,0,0,,,,,,,,,,,,,,,,,,,7,  ,  ,  ,  ,B03,  ,  ,1,  ,2,  ,  ,7,7,1,22,  ,B03,24.147002,120.636659,3
2018,12,24,8,6,臺中市,西屯區,0,0,0,8,,,50,,,,,,,,,,,,,,,6,  ,  ,  ,  ,B12,  ,  ,1,  ,2,  ,  ,6,6,1,5,  ,B12,24.200708,120.65506,3
2018,12,24,8,9,臺中市,西區,0,0,0,8,,,50,,,,,,,,,,,,,,,23,3,  ,  ,  ,B03,  ,  ,1,  ,2,  ,  ,23,23,  ,5,  ,B03,24.143312,120.659296,3
2018,12,24,8,9,臺中市,西區,0,0,,8,1,5,50,3,8,1,5,4,5,7,4,4,3,4,3,2,16,,,,,,C03,,,1,,2,,,23,,1,2,,C03,24.157582,120.658399,3
2018,12,24,8,14,臺中市,霧峰區,0,1,0,8,1,5,40,3,1,1,5,4,5,7,4,4,10,5,5,2,16,6,2,9,1,1,C03,7,5,1,10,2,12,  ,6,6,1,18,8,C03,24.073213,120.713928,2
2018,12,24,8,14,臺中市,清水區,0,0,,8,,,50,,,,,,,,,,,,,,,,,,,,B03,,,1,,2,,,18,,1,12,,B03,24.267384,120.573907,3
2018,12,24,8,15,臺中市,潭子區,0,1,0,8,1,5,40,14,9,1,5,4,5,7,4,4,10,5,5,1,18,48,2,9,1,1,C03,7,9,1,10,2,15,  ,48,48,1,22,9,C03,24.20428,120.694685,2
2018,12,24,8,16,臺中市,北屯區,0,1,0,8,1,5,50,14,9,1,5,4,5,7,4,4,1,4,5,2,16,42,3,10,3,4,B03,7,15,1,8,2,5,  ,42,42,1,21,8,B03,24.173325,120.675756,2
2018,12,24,8,16,臺中市,沙鹿區,0,1,0,8,1,5,70,3,2,1,5,4,5,7,4,4,10,4,4,1,17,9,3,10,1,1,B12,7,6,1,8,2,6,  ,9,9,1,4,8,B12,24.244609,120.61306,2
2018,12,24,8,18,臺中市,西屯區,0,1,0,8,1,5,40,3,1,1,5,4,5,7,4,4,5,5,5,2,17,6,3,10,1,1,B03,7,5,1,8,2,4,  ,6,6,1,22,8,B03,24.164169,120.663517,2
2018,12,24,8,20,臺中市,大里區,0,0,,8,,,40,,,,,,,,,,,,,,,,,,,,C03,,,1,,2,,,23,,1,9,,C03,24.100515,120.701098,3
2018,12,24,8,20,臺中市,霧峰區,0,0,,8,,,70,,,,,,,,,,,,,,,,,,,,B03,,,1,,2,,,41,,1,22,,B03,24.072758,120.662726,3
2018,12,24,8,20,臺中市,烏日區,0,1,0,8,1,5,70,11,8,1,5,4,5,7,4,4,1,3,4,1,17,23,2,9,1,1,C03,7,9,1,10,2,12,  ,23,23,1,22,8,C03,24.111469,120.584104,2
2018,12,24,8,20,臺中市,大雅區,0,2,0,7,1,5,50,3,1,1,5,4,5,7,1,1,10,4,5,1,13,16,2,9,1,1,C03,7,9,1,10,2,11,  ,16,16,1,22,9,C03,24.212243,120.649806,2
2018,12,24,8,25,臺中市,梧棲區,0,2,0,8,1,5,70,4,2,1,5,3,5,7,1,1,10,5,5,2,16,10,2,1,1,1,B03,7,11,1,8,2,2,  ,10,10,1,5,1,B03,24.256824,120.558497,2
2018,12,24,8,25,臺中市,梧棲區,0,0,,8,,,50,,,,,,,,,,,,,,,,,,,,B03,,,1,,2,,,23,,1,4,,B03,24.239983,120.52229,3
2018,12,24,8,30,臺中市,北屯區,0,0,,8,,,50,,,,,,,,,,,,,,,,,,,,C03,,,1,,2,,,23,,1,19,,C03,24.192083,120.686286,3
2018,12,24,8,30,臺中市,和平區,0,1,0,8,1,5,30,11,6,1,5,4,5,7,4,4,10,5,5,1,11,17,3,10,1,4,A11,7,9,1,3,2,8,  ,17,17,1,22,9,A11,24.17468,120.883034,2
2018,12,24,8,30,臺中市,大雅區,0,1,0,8,1,5,40,14,9,1,5,4,5,7,4,4,10,5,5,2,13,16,3,10,1,1,B03,7,9,1,8,2,1,  ,16,16,1,22,9,B03,24.237414,120.645932,2
2018,12,24,8,36,臺中市,潭子區,0,0,,8,,,50,,,,,,,,,,,,,,,,,,,,B03,,,1,,2,,,19,,1,22,,B03,24.224551,120.694818,3
2018,12,24,8,38,臺中市,清水區,0,1,0,7,1,5,50,3,1,1,5,4,5,7,4,4,10,5,5,2,16,6,3,10,1,1,B03,7,6,1,8,2,2,  ,6,6,1,21,8,B03,24.279946,120.613192,2
2018,12,24,8,40,臺中市,潭子區,0,0,,8,,,50,,,,,,,,,,,,,,,,,,,,B03,,,1,,2,,,23,,1,22,,B03,24.207758,120.704021,3
2018,12,24,8,45,臺中市,太平區,0,2,0,8,1,5,50,14,9,1,5,4,5,7,4,4,5,5,5,1,16,10,2,9,1,1,C03,7,11,1,10,2,14,  ,10,10,1,21,8,C03,24.11806,120.715235,2
2018,12,24,8,50,臺中市,大里區,0,0,,8,,,40,,,,,,,,,,,,,,,,,,,,B03,,,1,,2,,,12,,1,21,,B03,24.092471,120.663287,3
2018,12,24,8,51,臺中市,大雅區,0,2,0,8,1,5,50,14,8,1,5,4,5,7,4,4,9,4,4,1,16,23,3,10,1,1,B03,7,9,1,8,2,1,  ,23,23,1,22,9,B03,24.21565,120.64927,2
2018,12,24,8,52,臺中市,清水區,0,1,0,8,1,5,50,14,9,1,5,4,5,7,4,4,5,5,5,1,12,1,3,10,1,1,B03,7,9,1,8,2,2,  ,1,1,1,5,8,B03,24.284631,120.574519,2
2018,12,24,8,59,臺中市,南屯區,0,1,0,8,1,5,50,5,7,1,5,4,5,7,4,4,1,4,4,2,16,6,3,10,1,1,B03,7,5,1,8,2,15,  ,6,6,1,22,8,B03,24.153413,120.633695,2
2018,12,24,8,59,臺中市,西屯區,0,0,,8,,,40,,,,,,,,,,,,,,,23,,,,,B03,,,1,,2,,,19,23,1,21,,B03,24.183017,120.615085,3
2018,12,24,9,0,臺中市,南區,0,1,0,8,1,5,50,4,1,1,5,4,5,7,1,1,10,5,5,2,12,42,3,10,1,1,A12,7,6,1,3,2,2,  ,42,42,1,10,8,A12,24.120963,120.666875,2
2018,12,24,9,3,臺中市,北區,0,2,0,8,1,5,50,14,7,1,5,4,5,7,4,4,5,4,5,2,17,23,2,9,1,4,C03,7,9,1,10,2,12,  ,23,23,1,18,8,C03,24.157602,120.69074,2
2018,12,24,9,8,臺中市,石岡區,0,1,0,8,1,5,60,4,1,1,5,4,5,7,1,1,10,5,5,2,17,25,2,9,1,1,C03,7,9,1,10,2,12,  ,25,25,1,7,8,C03,24.268401,120.802068,2
2018,12,24,9,9,臺中市,南屯區,0,0,0,8,1,5,40,3,1,1,5,4,5,7,4,4,10,5,5,2,14,12,3,10,1,1,B12,7,2,1,8,9,7,  ,12,12,2,22,8,B12,24.145834,120.636062,3
2018,12,24,9,18,臺中市,大里區,0,1,0,8,1,5,50,3,1,1,5,4,5,7,1,1,10,5,5,2,17,26,3,10,1,1,C03,7,5,3,18,2,11,  ,26,26,1,16,8,C03,24.087839,120.687282,2
2018,12,24,9,19,臺中市,梧棲區,0,0,,8,,,50,,,,,,,,,,,,,,,,,,,,B12,,,1,,2,,,12,,1,21,,B12,24.254811,120.533527,3
2018,12,24,9,20,臺中市,西區,0,0,,8,,,50,,,,,,,,,,,,,,,,,,,,C03,,,1,,2,,,6,,1,21,,C03,24.142755,120.670522,3
2018,12,24,9,30,臺中市,北區,0,1,0,8,1,5,50,4,1,1,5,4,5,7,1,1,10,5,5,2,16,6,3,10,1,1,B03,7,6,1,7,4,2,  ,6,6,1,9,1,B03,24.163355,120.67683,2
2018,12,24,9,36,臺中市,東區,0,0,,8,,,50,,,,,,,,,,,,,,,,,,,,B03,,,1,,2,,,10,,1,  ,,B03,24.15205,120.69439,3
2018,12,24,9,40,臺中市,烏日區,0,1,0,8,1,5,50,14,9,1,5,4,5,7,4,4,5,4,4,2,16,11,3,10,1,1,C03,7,11,1,10,2,11,  ,11,11,1,22,8,C03,24.109458,120.634877,2
2018,12,24,9,45,臺中市,霧峰區,0,0,,8,,,50,,,,,,,,,,,,,,,,,,,,B12,,,1,,2,,,12,,1,20,,B12,24.064678,120.698021,3
2018,12,24,9,50,臺中市,北區,0,1,0,8,1,5,50,4,1,1,5,4,5,7,1,1,10,5,5,2,13,23,3,10,1,1,B03,7,9,1,8,2,1,  ,23,23,1,22,9,B03,24.173024,120.677201,2
2018,12,24,9,50,臺中市,南區,0,1,0,8,1,8,50,4,1,1,5,4,5,7,2,3,5,5,5,2,16,6,2,9,1,1,C03,7,9,1,10,2,11,  ,6,6,1,20,5,C03,24.130237,120.679907,2
2018,12,24,9,52,臺中市,南屯區,0,0,0,8,1,5,60,14,7,1,5,4,5,7,4,4,1,4,1,2,13,23,3,10,1,1,B02,7,9,1,8,2,1,  ,23,23,1,22,8,B02,24.140155,120.622604,4
2018,12,24,9,57,臺中市,神岡區,0,1,0,8,1,5,40,4,1,1,5,4,5,3,4,4,10,5,5,2,15,6,3,10,1,1,B03,7,9,1,7,2,8,  ,14,6,1,22,9,B03,24.266998,120.690455,2
2018,12,24,10,0,臺中市,北區,0,2,0,8,1,5,50,4,1,1,5,4,5,7,1,1,10,5,5,2,16,26,2,9,1,4,C03,7,5,4,10,2,14,  ,26,26,1,20,8,C03,24.166922,120.67335,2
2018,12,24,10,6,臺中市,北屯區,0,0,0,8,,,50,,,,,,,,,,,,,,,42,  ,  ,  ,  ,B03,  ,  ,1,  ,2,  ,  ,42,42,1,22,  ,B03,24.164878,120.703918,3
2018,12,24,10,13,臺中市,西屯區,0,0,,8,,,80,,,,,,,,,,,,,,,,,,,,B03,,,1,,2,,,7,,1,22,,B03,24.169616,120.632207,3
2018,12,24,10,15,臺中市,龍井區,0,0,,8,,,40,,,,,,,,,,,,,,,,,,,,B03,,,1,,2,,,23,,1,  ,,B03,24.192666,120.549222,3
2018,12,24,10,17,臺中市,北屯區,0,0,0,8,,,50,,,,,,,,,,,,,,,23,3,  ,  ,  ,B03,  ,  ,1,8,2,  ,  ,23,23,1,21,  ,B03,24.178988,120.70063,3
2018,12,24,10,17,臺中市,西屯區,0,0,,8,,,50,,,,,,,,,,,,,,,,,,,,B03,,,1,,2,,,16,,1,  ,,B03,24.183573,120.614713,3
2018,12,24,10,17,臺中市,龍井區,0,1,0,8,1,5,50,4,1,1,5,4,3,7,4,4,10,5,5,2,2,23,3,10,1,1,B03,7,6,1,8,2,5,  ,23,23,1,21,8,B03,24.180896,120.589696,2
2018,12,24,10,20,臺中市,北區,,,,8,,,50,,,,,,,,,,,,,,,,,,,,B03,,,1,,2,,,23,,1,19,,B03,24.171687,120.671796,3
2018,12,24,10,20,臺中市,北區,0,0,,8,,,50,,,,,,,,,,,,,,,,,,,,B03,,,1,,2,,,23,,1,  ,,B03,24.153988,120.680146,3