年,月,日,時,分,縣市,區,死,受傷,2-30,天候,光線,道路類別,速限,道路型態,事故位置,路面鋪裝,路面狀態,路面缺陷,障礙物,視距,號誌種類,號誌動作,分向設施,快車道或一般車道間,快慢車道間,路面邊線,事故類型及型態,主要肇因,受傷程度,主要傷處,保護裝備,行動電話,當事者區分_類別,車輛用途,當事者行動狀態,駕駛資格情形,駕駛執照種類,飲酒情形,車輛撞擊部位最初,車輛撞擊部位其他,肇事因素個別,肇事因素主要,肇事逃逸,職業,旅次目的,車種,GPS座標X,GPS座標Y,事故類別
2018,12,24,10,24,臺中市,西屯區,0,0,,8,,,40,,,,,,,,,,,,,,,,,,,,B03,,,1,,2,,,23,,1,22,,B03,24.18529,120.635066,3
2018,12,24,10,25,臺中市,太平區,0,2,0,8,1,5,50,4,1,1,5,4,5,7,4,4,10,5,5,2,15,6,2,8,1,1,C03,7,9,1,10,2,12,  ,6,6,1,20,8,C03,24.125761,120.71265,2
2018,12,24,10,30,臺中市,北屯區,0,0,,8,,,50,,,,,,,,,,,,,,,,,,,,B12,,,1,,2,,,23,,1,22,,B12,24.183321,120.694433,3
2018,12,24,10,39,臺中市,西屯區,0,1,0,8,1,5,50,14,7,1,5,4,5,7,4,4,5,4,5,2,17,43,3,10,1,1,C03,7,7,1,10,2,13,  ,43,43,1,21,8,C03,24.179823,120.61923,2
2018,12,24,10,40,臺中市,西區,0,1,0,8,1,5,50,4,1,1,5,4,5,7,4,4,10,5,5,2,15,6,3,10,1,1,C03,7,9,1,10,2,11,  ,6,6,1,5,9,C03,24.14554,120.65727,2
2018,12,24,10,40,臺中市,沙鹿區,0,1,0,8,1,5,40,4,1,1,5,4,5,7,3,1,1,4,5,2,16,6,2,9,1,1,C03,7,9,1,10,2,12,  ,6,6,1,20,8,C03,24.253497,120.569012,2
2018,12,24,10,42,臺中市,南屯區,0,0,,8,,,50,,,,,,,,,,,,,,,,,,,,B03,,,1,,11,,,12,,2,21,,B03,24.150087,120.634298,3
2018,12,24,10,45,臺中市,南屯區,0,0,,8,,,50,,,,,,,,,,,,,,,,,,,,B03,,,1,,2,,,23,,1,22,,B03,24.141188,120.63823,3
2018,12,24,10,47,臺中市,潭子區,0,0,,8,,,50,,,,,,,,,,,,,,,,,,,,B03,,,1,,2,,,12,,1,22,,B03,24.198133,120.718151,3
2018,12,24,10,50,臺中市,潭子區,0,0,0,8,,,50,,,,,,,,,,,,,,,23,  ,  ,  ,  ,B12,  ,  ,1,  ,2,  ,  ,23,23,1,22,  ,B12,24.217124,120.704198,3
2018,12,24,10,51,臺中市,北屯區,0,0,,8,,,50,,,,,,,,,,,,,,,,,,,,B03,,,1,,2,,,23,,1,  ,,B03,24.185314,120.664375,3
2018,12,24,11,6,臺中市,潭子區,0,2,0,8,1,5,60,4,2,1,5,4,5,7,2,1,8,1,1,1,16,23,2,5,1,1,C03,7,9,1,10,2,13,14,23,23,1,22,9,C03,24.216016,120.691198,2
2018,12,24,11,9,臺中市,南屯區,0,0,0,8,1,5,50,14,9,1,5,4,5,7,4,4,5,5,5,2,17,23,3,10,1,1,B03,7,9,1,8,2,5,  ,23,23,1,22,8,B03,24.147184,120.647837,3
2018,12,24,11,18,臺中市,龍井區,0,1,0,8,1,5,50,4,1,1,5,4,5,7,4,4,10,5,5,2,15,6,3,10,1,1,B12,7,9,1,8,2,8,  ,6,6,1,21,8,B12,24.211496,120.533303,2
2018,12,24,11,32,臺中市,沙鹿區,0,0,,8,,,40,,,,,,,,,,,,,,,,,,,,B03,,,1,,2,,,42,,1,7,,B03,24.22255,120.556629,3
2018,12,24,11,34,臺中市,太平區,0,1,0,8,1,5,40,4,1,1,5,4,5,7,1,1,10,5,5,2,14,12,2,8,1,1,C03,7,2,1,10,3,13,  ,12,12,1,21,8,C03,24.116956,120.718201,2
2018,12,24,11,42,臺中市,西屯區,0,2,0,8,1,5,50,4,1,1,5,4,5,7,2,1,5,5,5,2,12,8,2,9,1,1,C03,7,5,1,10,2,14,  ,8,8,1,22,8,C03,24.170098,120.661918,2
2018,12,24,11,45,臺中市,和平區,0,0,0,8,1,3,30,14,9,1,5,4,5,7,4,4,10,5,5,1,13,23,3,10,1,1,B11,7,9,1,8,2,8,  ,23,23,1,10,4,B11,24.305071,121.28213,3
2018,12,24,11,47,臺中市,大雅區,0,0,,8,,,40,,,,,,,,,,,,,,,,,,,,C03,,,1,,2,,,16,,1,  ,,C03,24.226632,120.649595,3
2018,12,24,11,50,臺中市,南區,0,1,0,8,1,5,50,4,1,1,5,4,5,7,1,1,10,5,5,2,11,6,3,10,1,1,B03,7,5,1,8,2,5,  ,6,6,1,22,8,B03,24.127313,120.662306,2
2018,12,24,11,51,臺中市,西屯區,0,0,0,8,,,40,,,,,,,,,,,,,,,43,  ,  ,  ,  ,B03,  ,  ,1,  ,2,  ,  ,43,43,1,22,  ,B03,24.181418,120.619364,3
2018,12,24,11,56,臺中市,太平區,0,0,,8,,,50,,,,,,,,,,,,,,,,,,,,A12,,,1,,2,,,23,,1,4,,A12,24.116805,120.708178,3
2018,12,24,11,59,臺中市,南區,0,2,0,8,1,5,50,4,1,1,5,4,5,7,2,1,5,4,4,2,16,21,2,8,1,1,C03,7,9,4,8,6,11,  ,21,21,1,20,5,C03,24.131775,120.676511,2
2018,12,24,12,0,臺中市,西區,0,0,,,,,,,,,,,,,,,,,,,,,,,,,   ,,,7,,11,,,42,,1,  ,,   ,,,3
2018,12,24,12,0,臺中市,東區,0,0,,,,,,,,,,,,,,,,,,,,44,,,,,C03,,,1,,2,,,16,44,1,  ,,C03,24.148638,120.706513,3
2018,12,24,12,2,臺中市,南屯區,0,0,0,8,,,50,,,,,,,,,,,,,,,12,  ,  ,  ,  ,B12,  ,  ,1,  ,2,  ,  ,12,12,1,  ,  ,B12,24.142588,120.637666,3
2018,12,24,12,5,臺中市,大甲區,0,0,,8,,,50,,,,,,,,,,,,,,,,,,,,B03,,,1,,2,,,23,,1,9,,B03,24.374919,120.59743,3
2018,12,24,12,7,臺中市,西屯區,0,1,0,8,1,5,50,14,7,1,5,4,5,7,4,4,9,5,4,2,13,16,3,10,1,1,B01,7,11,1,4,2,7,  ,44,16,1,22,8,B01,24.192347,120.610509,2
2018,12,24,12,14,臺中市,太平區,0,1,0,8,1,5,40,11,9,1,5,4,5,1,4,4,10,5,5,1,11,17,2,9,1,1,C03,7,9,1,10,2,14,  ,17,17,1,18,8,C03,24.152157,120.73991,2
2018,12,24,12,15,臺中市,潭子區,0,0,0,8,,,50,,,,,,,,,,,,,,,23,  ,  ,  ,  ,B03,  ,  ,1,  ,2,  ,  ,23,23,1,22,  ,B03,24.216184,120.712384,3
2018,12,24,12,16,臺中市,北區,0,1,0,8,1,5,50,4,1,1,5,4,5,7,1,1,10,5,5,2,17,3,3,10,1,1,C03,7,15,1,10,2,14,  ,3,3,1,22,9,C03,24.165947,120.684561,2
2018,12,24,12,20,臺中市,后里區,0,0,,8,,,50,,,,,,,,,,,,,,,,,,,,B12,,,1,,2,,,23,,  ,21,,B12,24.313638,120.72361,3
2018,12,24,12,23,臺中市,北屯區,0,0,0,8,,,50,,,,,,,,,,,,,,,23,  ,  ,  ,  ,B12,  ,  ,1,  ,2,  ,  ,23,23,1,10,  ,B12,24.162541,120.692283,3
2018,12,24,12,27,臺中市,南屯區,0,0,,8,,,50,,,,,,,,,,,,,,,,,,,,B12,,,1,,10,,,42,,1,  ,,B12,24.135636,120.610352,3
2018,12,24,12,34,臺中市,潭子區,0,3,0,8,1,5,50,3,2,1,5,4,5,7,1,1,10,5,5,2,13,23,2,1,1,1,C03,7,1,1,10,2,12,  ,23,23,1,22,9,C03,24.199854,120.714633,2
2018,12,24,12,37,臺中市,北屯區,0,1,0,8,1,5,50,4,1,1,5,4,5,7,3,1,10,5,5,2,15,6,3,10,1,1,B03,7,9,1,8,2,1,  ,6,6,1,5,8,B03,24.174088,120.72355,2
2018,12,24,12,41,臺中市,東區,0,0,,8,,,40,,,,,,,,,,,,,,,,,,,,   ,,,7,,11,,,43,,1,  ,,   ,24.139588,120.697913,3
2018,12,24,12,46,臺中市,太平區,0,2,0,8,1,5,50,3,1,1,5,4,5,7,4,4,10,5,5,2,16,19,2,8,1,1,C03,7,1,1,10,2,14,  ,19,19,1,18,5,C03,24.144951,120.734379,2
2018,12,24,12,55,臺中市,潭子區,0,1,0,8,1,5,50,4,2,1,5,4,5,7,2,1,1,4,4,1,16,26,3,10,1,1,B03,7,5,1,8,2,8,  ,26,26,1,22,9,B03,24.209921,120.704597,2
2018,12,24,12,57,臺中市,太平區,0,0,,8,,,40,,,,,,,,,,,,,,,,,,,,B03,,,1,,2,,,12,,1,5,,B03,24.131823,120.70966,3
2018,12,24,13,1,臺中市,龍井區,0,2,0,8,1,5,40,4,1,1,5,4,5,7,1,1,10,5,5,2,16,25,2,8,1,1,C03,7,9,1,10,2,11,  ,25,25,1,18,8,C03,24.186074,120.585536,2
2018,12,24,13,3,臺中市,南區,0,1,0,8,1,5,50,14,7,1,5,4,5,7,1,1,1,2,4,2,13,23,2,8,1,1,B11,7,9,1,4,2,1,  ,23,23,1,22,8,B11,24.12712,120.662551,2
2018,12,24,13,8,臺中市,東區,0,1,0,8,1,5,40,5,2,1,5,4,5,7,1,1,10,5,5,2,17,23,2,8,1,1,C03,7,9,1,10,2,11,  ,23,23,1,21,8,C03,24.131541,120.702477,2
2018,12,24,13,8,臺中市,太平區,0,0,,8,,,50,,,,,,,,,,,,,,,,,,,,B03,,,1,,2,,,16,,1,21,,B03,24.149659,120.724736,3
2018,12,24,13,30,臺中市,北區,0,1,0,8,1,5,50,14,7,1,5,4,5,7,4,4,4,5,4,2,20,23,2,9,1,1,C03,7,9,1,10,2,11,  ,23,23,1,18,2,C03,24.151047,120.681544,2
2018,12,24,13,30,臺中市,南區,0,0,0,8,1,,50,14,9,1,5,4,5,7,4,4,5,4,5,2,17,12,3,10,1,1,B03,7,15,1,8,2,1,  ,12,12,1,22,8,B03,24.125375,120.66741,3
2018,12,24,13,32,臺中市,南屯區,0,0,0,8,,,50,,,,,,,,,,,,,,,26,  ,  ,  ,  ,B03,  ,  ,1,  ,2,  ,  ,26,26,1,22,  ,B03,24.133318,120.646665,3
2018,12,24,13,40,臺中市,中區,0,0,0,8,,,50,,,,,,,,,,,,,,,23,3,  ,  ,  ,B03,  ,  ,1,8,2,1,  ,23,23,1,21,8,B03,24.142397,120.679509,3
2018,12,24,13,40,臺中市,北屯區,0,0,0,8,,,50,,,,,,,,,,,,,,,42,  ,  ,  ,  ,B03,  ,  ,1,  ,2,  ,  ,42,42,1,22,  ,B03,24.16248,120.692441,3
2018,12,24,13,50,臺中市,西屯區,0,0,,8,,,40,,,,,,,,,,,,,,,,,,,,B03,,,1,,2,,,43,,1,5,,B03,24.158078,120.657464,3
2018,12,24,13,50,臺中市,龍井區,0,0,,8,,,50,,,,,,,,,,,,,,,,,,,,B03,,,1,,2,,,6,,1,5,,B03,24.191944,120.545277,3
2018,12,24,13,50,臺中市,沙鹿區,0,0,,8,,,50,,,,,,,,,,,,,,,,,,,,C03,,,1,,2,,,23,,1,18,,C03,24.227455,120.574786,3
2018,12,24,13,51,臺中市,大雅區,0,1,0,8,1,5,40,5,2,1,5,4,5,7,4,4,10,5,5,2,16,6,2,9,1,1,C03,7,9,1,10,2,12,  ,6,6,1,22,8,C03,24.232863,120.664806,2
2018,12,24,13,57,臺中市,南屯區,0,0,0,8,,,50,14,9,1,5,4,5,7,4,,5,5,5,2,11,26,3,10,1,1,B03,7,9,1,8,2,8,  ,26,26,1,22,8,B03,24.148852,120.650049,3
2018,12,24,14,0,臺中市,西區,0,1,0,8,1,5,50,4,1,1,5,4,5,7,1,1,10,5,5,2,18,23,2,9,1,1,C03,7,9,1,10,2,14,  ,23,23,1,21,5,C03,24.154835,120.655619,2
2018,12,24,14,0,臺中市,大里區,0,1,0,8,1,5,40,14,9,1,5,4,5,7,1,1,10,5,5,2,13,23,3,10,1,1,C03,7,1,1,10,2,11,  ,23,23,1,5,8,C03,24.089326,120.709593,2
2018,12,24,14,1,臺中市,北屯區,0,1,0,8,1,5,50,3,1,1,5,4,1,7,4,4,5,5,4,2,16,10,3,10,1,1,B02,7,11,1,8,2,8,  ,10,10,1,5,8,B02,24.178091,120.666724,2
2018,12,24,14,8,臺中市,潭子區,0,1,0,8,1,5,50,14,9,1,5,4,5,7,4,4,9,5,5,1,26,23,2,9,1,1,C03,7,9,6,10,8,12,  ,23,23,1,22,8,C03,24.225524,120.714573,2
2018,12,24,14,9,臺中市,中區,0,1,0,8,1,5,50,4,1,1,5,4,5,7,4,4,10,5,5,2,15,6,2,8,1,1,C03,7,9,1,10,2,11,  ,6,6,1,2,9,C03,24.137216,120.679157,2
2018,12,24,14,15,臺中市,北屯區,0,0,,8,,,50,,,,,,,,,,,,,,,,,,,,B12,,,1,,2,,,23,,1,19,,B12,24.198195,120.686641,3
2018,12,24,14,30,臺中市,西區,0,0,,8,3,5,50,7,9,1,5,,5,7,4,4,9,5,5,2,13,,,,,,B02,,,1,,2,,,23,,1,4,,B02,24.137273,120.664821,3
2018,12,24,14,30,臺中市,霧峰區,0,1,0,8,1,5,40,3,9,1,5,4,5,5,4,4,10,5,5,2,17,6,2,9,1,1,C03,7,6,1,10,2,11,  ,6,6,1,4,8,C03,24.06469,120.699121,2
2018,12,24,14,45,臺中市,北屯區,0,1,0,8,1,5,60,3,1,1,5,4,5,7,1,1,10,5,5,2,13,16,3,10,1,1,C03,7,9,1,10,2,11,  ,16,16,1,22,8,C03,24.164721,120.711991,2
2018,12,24,14,45,臺中市,大安區,0,1,0,8,1,5,50,4,1,1,5,4,5,7,4,4,10,5,5,2,15,6,2,9,1,1,C03,7,9,1,10,2,11,  ,6,6,1,9,8,C03,24.354415,120.598559,2
2018,12,24,14,47,臺中市,大里區,0,2,0,8,1,5,50,14,9,1,5,4,5,7,4,4,5,4,5,1,16,26,2,8,1,1,C03,7,9,1,10,2,11,  ,26,26,1,22,8,C03,24.093799,120.692779,2
2018,12,24,14,48,臺中市,南區,0,1,0,8,1,5,50,4,1,1,5,4,5,7,1,1,10,5,5,2,16,6,3,10,1,1,B03,7,6,1,8,2,2,  ,6,6,1,22,9,B03,24.115151,120.655335,2
2018,12,24,14,50,臺中市,南區,0,2,0,8,1,5,50,14,7,1,5,4,5,7,4,4,5,4,4,2,11,19,2,9,1,1,C04,7,1,6,10,2,14,  ,19,19,1,22,8,C04,24.125401,120.667578,2
2018,12,24,14,50,臺中市,梧棲區,0,1,0,8,1,5,40,4,1,1,5,4,5,7,1,1,10,5,5,2,16,6,3,10,1,1,B03,7,6,1,8,2,6,  ,6,6,1,3,1,B03,24.230217,120.514186,2
2018,12,24,14,50,臺中市,后里區,0,0,,8,,,50,,,,,,,,,,,,,,,,,,,,A12,,,1,,2,,,16,,1,22,,A12,24.31588,120.723844,3
2018,12,24,14,51,臺中市,北屯區,0,1,0,8,1,5,50,14,9,1,5,4,5,7,4,4,9,5,5,2,12,43,2,9,1,1,C03,7,9,3,18,2,14,  ,43,43,1,5,8,C03,24.177351,120.681703,2
2018,12,24,14,53,臺中市,太平區,0,0,,8,,,40,,,,,,,,,,,,,,,,,,,,B12,,,1,,2,,,12,,1,4,,B12,24.110199,120.730955,3
2018,12,24,14,55,臺中市,西區,0,1,0,8,1,5,50,4,1,1,5,4,5,7,1,1,10,5,5,2,16,9,3,10,1,1,B03,7,6,1,8,2,5,  ,9,9,1,21,8,B03,24.140598,120.667323,2
2018,12,24,14,58,臺中市,南區,0,1,0,8,1,5,50,3,2,1,5,4,5,7,4,4,3,4,4,2,17,40,3,10,1,1,B01,7,14,1,4,2,2,  ,40,40,1,10,5,B01,24.1181,120.658708,2
2018,12,24,14,59,臺中市,西屯區,0,1,0,8,1,5,50,4,1,1,5,4,5,7,2,1,1,5,5,2,12,43,3,10,1,1,B03,7,6,1,8,2,5,2,43,43,1,22,8,B03,24.166474,120.65265,2
2018,12,24,15,5,臺中市,太平區,0,0,,8,,,40,,,,,,,,,,,,,,,,,,,,A11,,,1,,2,,,23,,1,10,,A11,24.113343,120.71014,3
2018,12,24,15,8,臺中市,西區,0,0,0,8,,,50,,,,,,,,,,,,,,,,  ,  ,  ,  ,B12,  ,  ,1,  ,2,  ,  ,23,  ,1,4,  ,B12,24.150769,120.653225,3
2018,12,24,15,15,臺中市,南屯區,0,0,,8,,,40,,,,,,,,,,,,,,,,,,,,A41,,,1,,2,,,7,,1,10,,A41,24.149571,120.62364,3
2018,12,24,15,17,臺中市,南屯區,0,0,,8,,,50,,,,,,,,,,,,,,,,,,,,B03,,,1,,2,,,23,,1,22,,B03,24.140068,120.648266,3
2018,12,24,15,19,臺中市,沙鹿區,0,1,0,8,1,5,40,14,8,1,5,4,5,7,4,4,10,5,5,2,17,19,3,10,1,1,B03,7,1,1,8,2,1,  ,19,19,1,4,8,B03,24.224641,120.578764,2
2018,12,24,15,22,臺中市,北區,0,0,0,8,,,50,,,,,,,,,,,,,,,,3,  ,  ,  ,C03,  ,  ,4,  ,2,  ,  ,25,  ,1,21,  ,C03,24.15464,120.685861,3
2018,12,24,15,23,臺中市,北區,0,0,0,,,,50,,,,,,,,,,,,,,,38,3,  ,  ,  ,B03,  ,  ,1,8,2,2,  ,1,38,  ,21,  ,B03,24.154165,120.682801,3
2018,12,24,15,25,臺中市,南區,0,0,0,8,1,5,50,14,7,1,5,4,5,7,4,4,1,4,5,2,13,23,3,10,1,1,B03,7,9,1,8,2,1,  ,23,23,1,22,8,B03,24.1168,120.666031,3
2018,12,24,15,25,臺中市,南屯區,0,0,0,8,,,50,,,,,,,,,,,,,,,23,3,10,3,4,B03,7,9,1,8,2,1,  ,23,23,1,12,8,B03,24.140008,120.652189,3
2018,12,24,15,25,臺中市,北屯區,0,1,0,8,1,5,50,4,1,1,5,4,5,7,1,1,10,5,5,2,16,6,3,10,1,1,B03,7,5,1,7,2,8,  ,6,6,1,22,8,B03,24.172036,120.711138,2
2018,12,24,15,26,臺中市,東勢區,0,3,0,8,1,5,30,5,1,1,5,4,5,7,1,1,5,5,4,1,13,23,2,9,1,1,C03,7,9,3,18,2,12,  ,23,23,1,21,8,C03,24.266381,120.824953,2
2018,12,24,15,35,臺中市,北區,0,1,0,8,1,5,50,3,1,1,5,4,5,7,2,1,10,5,5,2,16,6,2,6,1,1,C04,7,5,3,18,2,11,  ,6,6,1,22,8,C04,24.1529,120.6889,2
2018,12,24,15,36,臺中市,南屯區,0,0,,8,,,50,,,,,,,,,,,,,,,,,,,,B12,,,1,,2,,,12,,1,7,,B12,24.147411,120.611461,3
2018,12,24,15,37,臺中市,大雅區,0,0,,8,,,50,,,,,,,,,,,,,,,,,,,,B03,,,1,,2,,,23,,1,22,,B03,24.22027,120.64788,3
2018,12,24,15,38,臺中市,西屯區,0,2,0,8,1,5,50,4,1,1,5,4,5,7,2,1,10,5,5,2,16,26,3,10,1,1,B02,7,6,1,15,2,5,  ,26,26,1,22,8,B02,24.167601,120.640341,2
2018,12,24,15,38,臺中市,西屯區,0,1,0,8,1,5,40,14,8,1,5,4,5,7,4,4,1,4,1,2,17,23,2,9,1,1,C03,7,9,1,10,2,12,  ,23,23,1,22,8,C03,24.183805,120.605753,2
2018,12,24,15,40,臺中市,西屯區,0,1,0,8,1,5,40,4,2,1,5,4,5,7,4,4,5,4,4,2,16,19,3,10,1,1,B03,7,1,1,8,2,5,  ,19,19,1,22,8,B03,24.19125,120.612978,2
2018,12,24,15,42,臺中市,大雅區,0,1,0,8,1,5,40,4,2,1,5,4,5,7,1,1,5,5,5,1,16,42,2,9,1,1,C03,7,9,1,10,2,11,  ,42,42,1,22,8,C03,24.225174,120.657115,2
2018,12,24,15,49,臺中市,太平區,0,1,0,8,1,5,50,3,1,1,5,4,5,7,4,4,10,5,5,2,17,43,2,9,1,1,C03,7,9,1,10,2,15,  ,43,43,1,21,8,C03,24.12709,120.715319,2
2018,12,24,15,55,臺中市,北區,0,0,0,8,,,50,,,,,,,,,,,,,,,,3,  ,  ,  ,B01,  ,  ,1,  ,2,  ,  ,19,  ,1,10,  ,B01,24.157446,120.680635,3
2018,12,24,15,59,臺中市,西區,0,1,0,8,1,5,50,5,1,1,5,4,5,7,1,1,10,5,5,2,16,10,3,10,1,1,B03,7,11,1,8,2,1,  ,10,10,1,19,7,B03,24.153451,120.670503,2
2018,12,24,16,6,臺中市,大里區,0,0,,8,,,40,,,,,,,,,,,,,,,,,,,,B12,,,1,,2,,,23,,1,10,,B12,24.093376,120.689105,3
2018,12,24,16,10,臺中市,潭子區,0,1,0,8,1,5,40,4,1,1,5,4,5,7,4,4,10,5,5,2,16,19,3,10,1,1,C04,7,1,1,11,2,14,  ,19,19,1,22,8,C04,24.216378,120.684646,2
2018,12,24,16,15,臺中市,西屯區,0,1,0,8,1,5,50,3,1,1,5,4,5,7,4,4,10,5,5,2,16,8,3,10,3,4,C03,7,5,1,10,2,11,  ,8,8,1,22,9,C03,24.17448,120.644612,2
2018,12,24,16,18,臺中市,烏日區,0,0,,8,,,50,,,,,,,,,,,,,,,,,,,,B03,,,1,,2,,,23,,1,22,,B03,24.108305,120.635682,3
2018,12,24,16,21,臺中市,潭子區,0,0,,8,,,60,,,,,,,,,,,,,,,19,,,,,B03,,,1,,2,,,9,19,1,22,,B03,24.201569,120.703689,3
2018,12,24,16,22,臺中市,北屯區,0,1,0,8,1,5,50,14,7,1,5,4,5,7,4,4,5,5,4,2,16,10,3,10,1,1,B03,7,11,1,8,2,5,  ,10,10,1,21,8,B03,24.195164,120.682446,2
2018,12,24,16,26,臺中市,大雅區,0,0,,8,,,40,,,,,,,,,,,,,,,,,,,,B12,,,1,,2,,,12,,1,21,,B12,24.227705,120.636429,3
2018,12,24,16,33,臺中市,北屯區,0,0,,8,,,50,,,,,,,,,,,,,,,26,,,,,B03,,,1,,2,,,44,26,1,5,,B03,24.17596,120.720997,3
2018,12,24,16,38,臺中市,北屯區,0,0,,8,,,50,,,,,,,,,,,,,,,,,,,,B12,,,1,,2,,,19,,1,5,,B12,24.168466,120.701303,3
2018,12,24,16,38,臺中市,龍井區,0,0,,8,,,40,,,,,,,,,,,,,,,,,,,,B03,,,1,,10,,,43,,1,1,,B03,24.1,120.6,3
2018,12,24,16,44,臺中市,北屯區,0,1,0,7,1,5,50,3,1,1,5,4,5,7,4,4,10,5,5,2,16,6,3,10,1,1,B03,7,5,1,8,2,8,  ,6,6,1,22,8,B03,24.161418,120.722567,2
2018,12,24,16,59,臺中市,北區,0,0,0,8,,,50,,,,,,,,,,,,,,,19,3,  ,  ,  ,B03,  ,  ,1,8,2,8,  ,19,19,  ,21,  ,B03,24.157352,120.680672,3
2018,12,24,17,0,臺中市,西區,0,1,0,8,1,5,50,4,1,1,5,4,5,7,1,1,10,5,5,2,16,23,3,10,1,1,B03,7,6,1,8,2,7,  ,6,23,1,21,5,B03,24.150874,120.665281,2
2018,12,24,17,4,臺中市,西區,0,0,,8,,,40,,,,,,,,,,,,,,,,,,,,C03,,,1,,2,,,42,,1,22,,C03,24.136766,120.671706,3
2018,12,24,17,5,臺中市,霧峰區,0,0,,8,,,40,,,,,,,,,,,,,,,,,,,,B03,,,1,,2,,,17,,1,21,,B03,24.037071,120.69222,3
2018,12,24,17,9,臺中市,北區,0,0,,8,,,50,,,,,,,,,,,,,,,23,,,,,B03,,,1,,2,,,6,23,1,22,,B03,24.1527,120.6853,3
2018,12,24,17,9,臺中市,大肚區,0,1,0,8,1,5,40,14,8,1,5,4,2,7,4,4,1,4,1,1,17,23,2,1,1,1,F02,7,9,8,20,2,16,  ,23,23,1,16,2,F02,24.167813,120.58484,2
2018,12,24,17,10,臺中市,北屯區,0,0,,8,,,50,,,,,,,,,,,,,,,,,,,,B03,,,1,,2,,,26,,1,5,,B03,24.160883,120.727684,3
2018,12,24,17,10,臺中市,烏日區,0,1,0,8,1,5,40,3,1,1,5,4,5,7,4,4,10,5,5,2,17,6,3,10,1,1,B03,7,5,1,8,2,5,  ,6,6,1,21,8,B03,24.050468,120.658375,2
2018,12,24,17,15,臺中市,新社區,0,1,0,8,1,5,50,3,1,1,5,4,5,7,1,1,5,4,4,1,17,6,3,10,1,1,B03,7,5,1,8,2,5,  ,6,6,1,21,8,B03,24.238556,120.806775,2
2018,12,24,17,16,臺中市,西區,0,0,,,,,,,,,,,,,,,,,,,,,,,,,B03,,,1,,2,,,23,,1,5,,B03,24.150878,120.657986,3
2018,12,24,17,16,臺中市,西屯區,0,0,,8,,,50,,,,,,,,,,,,,,,,,,,,C03,,,1,,2,,,6,,1,22,,C03,24.196176,120.612583,3
2018,12,24,17,20,臺中市,西區,0,0,0,8,,,50,,,,,,,,,,,,,,,42,3,  ,  ,  ,C03,  ,  ,1,10,2,13,  ,42,42,1,21,8,C03,24.150702,120.660184,3
2018,12,24,17,20,臺中市,西區,0,1,0,8,2,5,40,4,2,1,5,4,5,7,4,4,5,5,5,2,18,23,2,9,1,1,C03,7,9,1,10,2,14,  ,23,23,1,22,8,C03,24.152867,120.664587,2
2018,12,24,17,21,臺中市,后里區,0,1,0,8,3,5,50,3,1,1,5,4,5,5,3,1,5,4,4,1,16,23,3,10,1,1,B03,7,5,1,8,2,5,  ,23,23,1,22,8,B03,24.344242,120.634768,2
2018,12,24,17,24,臺中市,南區,0,1,0,8,3,5,50,4,1,1,5,4,5,7,4,4,10,4,5,2,15,6,2,9,1,1,C03,7,9,1,10,2,12,  ,6,6,1,22,9,C03,24.128648,120.664106,2
2018,12,24,17,24,臺中市,太平區,0,2,0,8,3,5,50,4,1,1,5,4,5,7,2,1,10,5,5,2,16,8,2,4,1,1,C04,7,5,1,11,2,12,  ,8,8,1,5,8,C04,24.133613,120.725975,2
2018,12,24,17,29,臺中市,梧棲區,0,1,0,8,3,5,40,14,8,1,5,4,5,7,4,4,10,5,3,1,12,23,2,9,1,1,C03,7,9,1,10,2,11,  ,23,23,1,2,1,C03,24.245742,120.548332,2
2018,12,24,17,30,臺中市,北屯區,0,1,0,8,3,5,50,14,9,1,5,4,5,7,4,4,5,4,5,2,16,19,3,10,1,1,B03,7,1,1,8,2,8,  ,19,19,1,21,8,B03,24.172901,120.712632,2
2018,12,24,17,30,臺中市,大甲區,0,1,0,8,1,5,50,4,1,1,5,4,5,7,4,4,10,5,5,2,16,6,3,10,1,1,B03,7,11,1,8,2,1,  ,6,6,1,5,9,B03,24.347498,120.615643,2
2018,12,24,17,31,臺中市,北屯區,0,0,,8,,,80,,,,,,,,,,,,,,,,,,,,B03,,,1,,2,,,23,,1,5,,B03,24.200934,120.677063,3
2018,12,24,17,32,臺中市,大雅區,0,0,,8,,,40,,,,,,,,,,,,,,,,,,,,B03,,,1,,2,,,16,,1,21,,B03,24.238552,120.632847,3
2018,12,24,17,35,臺中市,清水區,0,2,0,8,3,5,40,4,1,1,5,4,5,7,3,1,1,4,4,1,17,4,2,8,1,1,C03,7,9,1,10,2,11,  ,4,4,1,21,8,C03,24.266728,120.56538,2
2018,12,24,17,37,臺中市,西區,0,1,0,8,3,5,50,4,2,1,5,4,5,7,4,4,5,4,4,2,18,42,2,9,1,1,C03,7,9,1,10,2,14,  ,42,42,1,21,8,C03,24.149607,120.665502,2
2018,12,24,17,38,臺中市,清水區,0,0,,8,,,40,,,,,,,,,,,,,,,,,,,,B12,,,1,,2,,,6,,1,21,,B12,24.271783,120.566115,3