年,月,日,時,分,縣市,區,死,受傷,2-30,天候,光線,道路類別,速限,道路型態,事故位置,路面鋪裝,路面狀態,路面缺陷,障礙物,視距,號誌種類,號誌動作,分向設施,快車道或一般車道間,快慢車道間,路面邊線,事故類型及型態,主要肇因,受傷程度,主要傷處,保護裝備,行動電話,當事者區分_類別,車輛用途,當事者行動狀態,駕駛資格情形,駕駛執照種類,飲酒情形,車輛撞擊部位最初,車輛撞擊部位其他,肇事因素個別,肇事因素主要,肇事逃逸,職業,旅次目的,車種,GPS座標X,GPS座標Y,事故類別
2018,12,24,17,43,臺中市,后里區,0,1,0,8,2,5,50,14,9,1,5,4,5,7,4,4,9,5,5,1,13,23,3,10,1,1,C03,7,9,1,10,2,11,  ,23,23,1,21,9,C03,24.32524,120.735405,2
2018,12,24,17,45,臺中市,北屯區,0,0,0,8,,,80,,,,,,,,,,,,,,,43,  ,  ,  ,  ,B03,  ,  ,1,  ,2,  ,  ,43,43,1,21,  ,B03,24.163901,120.719828,3
2018,12,24,17,47,臺中市,沙鹿區,0,0,0,8,,,60,,,,,,,,,,,,,,,7,  ,  ,  ,  ,B03,  ,  ,1,  ,2,  ,  ,7,7,  ,  ,  ,B03,24.204001,120.566702,3
2018,12,24,17,48,臺中市,大肚區,0,0,,8,,,40,,,,,,,,,,,,,,,,,,,,C03,,,1,,2,,,6,,1,3,,C03,24.148803,120.545158,3
2018,12,24,17,50,臺中市,西屯區,0,2,0,8,3,5,50,14,7,1,5,4,5,7,4,4,9,4,4,2,3,13,2,9,3,4,C03,7,9,1,10,2,11,  ,13,13,1,22,9,C03,24.155088,120.642831,2
2018,12,24,17,55,臺中市,南區,0,0,0,8,,,40,,,,,,,,,,,,,,,,3,  ,  ,  ,B03,  ,  ,1,  ,2,  ,  ,12,  ,1,21,  ,B03,24.112383,120.651665,3
2018,12,24,17,55,臺中市,大里區,0,0,,8,,,50,,,,,,,,,,,,,,,,,,,,B03,,,1,,2,,,42,,1,21,,B03,24.116549,120.679367,3
2018,12,24,17,55,臺中市,太平區,0,1,0,8,3,5,50,4,1,1,5,4,5,7,1,1,10,5,5,2,16,5,3,10,1,1,B03,7,6,1,10,2,5,  ,5,5,1,21,8,B03,24.148846,120.716005,2
2018,12,24,17,55,臺中市,神岡區,0,0,0,8,2,5,60,3,1,1,5,4,5,7,1,1,5,4,4,1,16,8,3,10,4,1,G02,7,5,6,  ,4,16,  ,8,8,1,21,8,G02,24.2822,120.674093,3
2018,12,24,17,55,臺中市,潭子區,0,1,0,8,3,5,60,3,2,1,5,4,5,7,4,4,1,2,4,1,12,7,3,10,1,1,B03,7,8,1,8,2,2,  ,7,7,1,22,8,B03,24.209475,120.686614,2
2018,12,24,17,57,臺中市,西屯區,0,1,0,8,3,5,40,14,8,1,5,4,5,7,4,4,1,4,1,2,13,16,2,9,1,1,C03,7,9,1,10,2,11,  ,16,16,1,22,8,C03,24.206118,120.627789,2
2018,12,24,17,57,臺中市,太平區,0,1,0,8,3,5,50,4,1,1,5,4,5,7,1,1,10,5,5,2,16,25,3,10,1,1,B03,7,5,1,6,2,1,  ,25,25,1,19,5,B03,24.156978,120.717269,2
2018,12,24,18,0,臺中市,北屯區,0,2,0,8,3,5,50,4,18,1,5,4,5,7,1,1,10,5,5,2,2,15,3,10,1,1,B03,7,5,1,8,2,5,  ,15,15,1,21,8,B03,24.166703,120.727148,2
2018,12,24,18,0,臺中市,大里區,0,0,,8,,,50,,,,,,,,,,,,,,,,,,,,B12,,,1,,2,,,7,,1,10,,B12,24.090186,120.693361,3
2018,12,24,18,0,臺中市,沙鹿區,0,1,0,8,3,5,50,4,1,1,5,4,5,7,4,4,10,5,5,2,16,6,2,9,1,1,C03,7,8,1,10,2,13,  ,6,6,1,3,5,C03,24.250468,120.565145,2
2018,12,24,18,2,臺中市,西屯區,0,1,0,8,3,5,50,3,2,1,5,4,5,7,2,1,5,4,4,2,13,16,3,10,1,1,B03,7,9,1,8,2,5,  ,16,16,1,22,8,B03,24.170262,120.641166,2
2018,12,24,18,2,臺中市,大雅區,0,1,0,8,3,5,40,4,1,1,5,4,5,7,1,1,10,5,5,1,15,25,3,10,1,1,B03,7,9,1,3,2,4,  ,25,25,1,22,8,B03,24.226002,120.639204,2
2018,12,24,18,3,臺中市,霧峰區,0,0,,8,,,50,,,,,,,,,,,,,,,,,,,,B03,,,1,,2,,,23,,1,21,,B03,24.057111,120.697638,3
2018,12,24,18,4,臺中市,北區,0,0,0,8,,,50,,,,,,,,,,,,,,,43,3,  ,  ,  ,B03,  ,  ,1,  ,2,  ,  ,43,43,1,22,  ,B03,24.156288,120.699261,3
2018,12,24,18,4,臺中市,神岡區,0,0,,8,,,60,,,,,,,,,,,,,,,,,,,,B03,,,1,,2,,,23,,1,3,,B03,24.282131,120.674063,3
2018,12,24,18,10,臺中市,北屯區,0,1,0,8,3,5,50,4,2,1,5,4,5,7,4,4,10,5,5,2,17,40,3,10,1,1,B03,7,15,1,8,2,4,  ,40,40,1,22,8,B03,24.183796,120.698276,2
2018,12,24,18,10,臺中市,西屯區,0,0,,8,,,50,,,,,,,,,,,,,,,,,,,,B03,,,1,,2,,,6,,1,21,,B03,24.17461,120.61837,3
2018,12,24,18,16,臺中市,太平區,0,0,,8,,,50,,,,,,,,,,,,,,,,,,,,B03,,,1,,2,,,16,,1,20,,B03,24.129107,120.717698,3
2018,12,24,18,18,臺中市,南屯區,0,0,,8,,,40,,,,,,,,,,,,,,,,,,,,B03,,,1,,2,,,23,,1,22,,B03,24.149838,120.623754,3
2018,12,24,18,20,臺中市,北區,0,0,,8,,,50,,,,,,,,,,,,,,,,,,,,B03,,,1,,2,,,26,,1,22,,B03,24.1592,120.6849,3
2018,12,24,18,20,臺中市,西屯區,0,0,0,8,,,40,,,,,,,,,,,,,,,43,  ,  ,  ,  ,B03,  ,  ,1,  ,2,  ,  ,43,43,1,22,  ,B03,24.175608,120.6401,3
2018,12,24,18,22,臺中市,太平區,0,1,0,8,3,5,80,14,7,1,5,4,5,7,4,4,1,5,5,1,13,16,3,10,1,1,B03,7,9,3,18,2,1,  ,16,16,1,21,8,B03,24.152503,120.716017,2
2018,12,24,18,26,臺中市,南屯區,0,0,0,8,,,50,,,,,,,,,,,,,,,16,  ,  ,  ,  ,B03,  ,  ,1,8,2,  ,  ,16,16,1,12,  ,B03,24.144522,120.636903,3
2018,12,24,18,26,臺中市,大雅區,0,1,0,8,3,5,50,3,1,1,5,4,5,7,4,4,5,5,5,1,16,6,2,6,1,1,C04,7,5,1,11,2,12,  ,6,6,1,22,9,C04,24.219732,120.647851,2
2018,12,24,18,27,臺中市,太平區,0,2,0,8,3,5,50,5,1,1,5,4,5,7,1,1,10,5,5,2,16,6,2,8,4,5,F01,7,5,8,20,2,16,  ,6,6,1,15,2,F01,24.149644,120.724631,2
2018,12,24,18,30,臺中市,西區,0,1,0,8,3,5,50,3,1,1,5,4,5,7,4,4,10,5,5,2,16,23,3,10,1,1,C03,7,6,1,10,2,12,  ,23,23,1,21,8,C03,24.141379,120.669585,2
2018,12,24,18,32,臺中市,西區,0,2,0,8,3,5,50,4,1,1,5,4,5,7,4,4,10,5,5,2,16,42,2,9,4,5,F01,7,9,8,20,2,16,  ,42,42,1,21,5,F01,24.141575,120.658818,2
2018,12,24,18,32,臺中市,東區,0,0,0,8,,,40,,,,,,,,,,,,,,,,3,  ,  ,  ,B03,  ,  ,1,  ,2,  ,  ,12,  ,1,21,  ,B03,24.132783,120.695931,3
2018,12,24,18,32,臺中市,南區,0,2,0,8,3,5,50,4,2,1,5,4,5,7,1,1,5,2,4,2,13,16,2,9,1,1,C03,7,9,1,10,2,11,  ,16,16,1,21,8,C03,24.129286,120.677977,2
2018,12,24,18,33,臺中市,豐原區,0,0,,8,,,50,,,,,,,,,,,,,,,,,,,,B03,,,1,,2,,,23,,1,  ,,B03,24.26329,120.71763,4
2018,12,24,18,34,臺中市,西屯區,0,0,,8,,,80,,,,,,,,,,,,,,,,,,,,B02,,,1,,2,,,23,,1,21,,B02,24.183999,120.636175,3
2018,12,24,18,35,臺中市,西屯區,0,1,0,8,3,5,50,3,1,1,5,4,5,7,4,4,10,5,5,2,16,9,3,10,1,1,B03,7,6,1,8,2,2,  ,9,9,1,22,8,B03,24.172085,120.634557,2
2018,12,24,18,38,臺中市,大肚區,0,0,,8,,,30,,,,,,,,,,,,,,,,,,,,B12,,,1,,2,,,42,,1,22,,B12,24.155875,120.570605,3
2018,12,24,18,41,臺中市,西區,0,0,,8,,,50,,,,,,,,,,,,,,,,,,,,B03,,,1,,2,,,7,,1,22,,B03,24.147919,120.661664,3
2018,12,24,18,44,臺中市,大里區,0,0,,8,,,50,,,,,,,,,,,,,,,,,,,,B03,,,1,,2,,,16,,1,22,,B03,24.095595,120.68626,3
2018,12,24,18,46,臺中市,南區,0,0,0,,,,,,,,,,,,,,,,,,,43,  ,  ,  ,  ,B03,  ,  ,1,  ,11,  ,  ,43,43,1,22,  ,B03,24.128678,120.663774,3
2018,12,24,18,51,臺中市,南屯區,0,0,,8,,,40,,,,,,,,,,,,,,,,,,,,B03,,,1,,2,,,16,,1,5,,B03,24.152221,120.612626,3
2018,12,24,18,57,臺中市,西屯區,0,1,0,8,1,5,50,14,7,1,5,4,5,7,4,4,5,4,4,2,12,26,3,10,1,1,B03,7,9,1,8,2,2,  ,26,26,1,22,8,B03,24.18166,120.62549,2
2018,12,24,19,2,臺中市,西屯區,0,0,0,8,,,40,,,,,,,,,,,,,,,43,  ,  ,  ,  ,B03,  ,  ,1,  ,2,  ,  ,43,43,1,22,  ,B03,24.173558,120.63734,3
2018,12,24,19,2,臺中市,大肚區,0,1,0,8,3,5,60,3,1,1,5,4,5,7,1,1,10,5,5,2,16,23,3,10,1,1,B03,7,5,1,8,2,6,  ,23,23,1,9,1,B03,24.172115,120.582337,2
2018,12,24,19,4,臺中市,潭子區,0,0,,8,,,80,,,,,,,,,,,,,,,,,,,,B03,,,1,,2,,,23,,1,22,,B03,24.189457,120.722396,3
2018,12,24,19,7,臺中市,龍井區,0,1,0,8,3,5,50,3,1,1,5,4,5,7,4,4,10,5,5,2,9,43,4,11,3,4,   ,7,21,7,19,11,15,  ,43,43,2,22,9,   ,24.182575,120.581121,2
2018,12,24,19,14,臺中市,南區,0,1,0,8,3,5,50,5,1,1,5,4,5,7,1,1,10,5,5,2,17,23,3,10,1,1,B03,7,5,1,8,2,8,  ,23,23,1,21,8,B03,24.12908,120.677702,2
2018,12,24,19,17,臺中市,東區,0,1,0,8,3,5,40,14,8,1,5,4,5,7,4,4,5,4,4,2,12,23,2,9,1,1,C03,7,9,1,10,2,12,  ,23,23,1,5,8,C03,24.145619,120.699872,2
2018,12,24,19,25,臺中市,北屯區,0,1,0,8,3,5,50,4,1,1,5,4,5,7,2,1,10,5,5,2,12,26,3,10,1,1,B03,7,9,1,8,2,5,  ,26,26,1,5,8,B03,24.182118,120.6884,2
2018,12,24,19,26,臺中市,大雅區,0,1,0,8,3,5,50,3,1,1,5,4,5,7,4,4,1,4,4,1,12,6,3,10,1,1,B03,7,6,1,8,2,6,  ,6,6,1,22,9,B03,24.221592,120.649103,2
2018,12,24,19,29,臺中市,西區,0,1,0,8,3,5,50,4,18,1,5,4,5,7,2,1,10,5,5,2,3,15,3,10,1,1,B03,7,5,1,8,2,2,  ,15,15,1,5,8,B03,24.150812,120.661661,2
2018,12,24,19,33,臺中市,西屯區,0,1,0,8,3,5,50,5,1,1,5,4,5,7,1,1,10,5,4,2,16,43,3,10,3,4,B03,7,5,1,8,2,5,  ,43,43,1,22,9,B03,24.179798,120.634749,2
2018,12,24,19,34,臺中市,龍井區,0,1,0,8,3,5,40,4,8,1,5,4,5,7,2,1,1,4,1,1,13,16,3,10,1,4,B12,7,9,1,8,2,1,  ,16,16,1,10,8,B12,24.177393,120.575689,2
2018,12,24,19,35,臺中市,北屯區,0,0,,8,,,50,,,,,,,,,,,,,,,,,,,,C03,,,7,,11,,,43,,1,22,,C03,24.173931,120.67256,3
2018,12,24,19,37,臺中市,西區,0,2,0,8,3,5,50,4,1,1,5,4,5,7,3,1,10,5,5,2,15,6,2,9,1,1,C03,7,9,1,10,2,12,  ,6,6,1,21,8,C03,24.136371,120.675353,2
2018,12,24,19,39,臺中市,中區,0,1,0,8,3,5,50,3,2,1,5,4,5,7,4,4,10,4,5,2,16,23,3,10,1,1,B03,7,6,1,8,2,5,  ,23,23,1,22,8,B03,24.144218,120.678959,2
2018,12,24,19,43,臺中市,大里區,0,0,,8,,,50,,,,,,,,,,,,,,,,,,,,B03,,,1,,2,,,6,,1,12,,B03,24.074666,120.692466,3
2018,12,24,19,44,臺中市,南區,0,2,0,8,1,5,50,4,1,1,5,4,5,7,4,4,10,5,5,2,16,6,2,9,1,1,C03,7,5,1,9,2,11,  ,6,6,1,22,9,C03,24.117791,120.666544,2
2018,12,24,19,53,臺中市,北區,0,0,0,7,3,5,50,14,8,1,5,4,5,7,4,4,5,4,5,2,16,26,3,  ,  ,  ,C03,  ,  ,3,18,2,13,  ,26,26,  ,21,  ,C03,24.1668,120.66685,3
2018,12,24,19,56,臺中市,北屯區,0,0,,8,,,80,,,,,,,,,,,,,,,,,,,,B03,,,1,,2,,,16,,1,  ,,B03,24.16586,120.720826,3
2018,12,24,20,1,臺中市,西區,0,1,0,8,3,5,50,4,1,1,5,4,5,7,2,1,10,5,5,2,16,27,3,10,1,1,B03,7,6,3,18,2,6,  ,27,27,1,21,8,B03,24.135858,120.672769,2
2018,12,24,20,9,臺中市,西屯區,0,2,0,8,3,5,60,3,1,1,5,4,5,7,1,1,9,4,4,2,12,25,3,10,1,1,B03,7,5,1,8,2,5,  ,25,25,1,21,8,B03,24.18257,120.602526,2
2018,12,24,20,10,臺中市,西屯區,0,1,0,8,3,5,50,14,8,1,5,4,5,7,4,4,5,4,4,2,16,19,3,10,1,1,B12,7,1,1,8,2,5,  ,19,19,1,22,8,B12,24.171269,120.643323,2
2018,12,24,20,15,臺中市,北區,0,1,0,8,3,5,50,4,1,1,5,4,5,7,2,1,10,5,5,2,3,15,3,10,1,1,B03,7,5,1,8,2,8,  ,15,15,1,22,8,B03,24.165,120.6824,2
2018,12,24,20,16,臺中市,潭子區,0,0,,8,,,60,,,,,,,,,,,,,,,,,,,,C03,,,1,,2,,,16,,1,5,,C03,24.216972,120.703578,3
2018,12,24,20,20,臺中市,北屯區,0,0,,8,,,50,,,,,,,,,,,,,,,,,,,,B03,,,1,,2,,,12,,1,22,,B03,24.160839,120.697405,3
2018,12,24,20,30,臺中市,中區,0,1,0,8,3,5,50,4,1,1,5,4,5,7,1,1,10,5,5,2,13,16,2,9,1,1,C03,7,9,1,10,2,11,  ,16,16,1,21,8,C03,24.14542,120.680869,2
2018,12,24,20,30,臺中市,北屯區,0,1,0,8,3,5,50,3,1,1,5,4,5,7,1,1,10,5,5,2,16,6,3,10,1,1,B03,7,5,1,8,2,6,  ,6,6,1,21,8,B03,24.17029,120.699354,2
2018,12,24,20,37,臺中市,西屯區,0,1,0,8,1,5,40,14,8,1,5,4,5,7,4,4,5,4,4,2,16,7,2,9,1,1,C03,7,7,1,10,2,14,  ,7,7,1,22,8,C03,24.166033,120.644721,2
2018,12,24,20,37,臺中市,烏日區,0,1,0,7,3,5,40,14,9,1,5,4,5,7,4,4,10,5,5,2,17,23,2,8,4,5,F02,7,15,8,20,10,16,  ,43,23,1,21,8,F02,24.07419,120.646803,2
2018,12,24,20,40,臺中市,太平區,0,1,0,8,3,5,50,14,7,1,5,4,5,7,4,4,5,5,4,1,16,26,3,10,1,1,B03,7,11,1,8,2,7,  ,26,26,1,4,5,B03,24.107475,120.729159,2
2018,12,24,20,41,臺中市,西屯區,0,1,0,8,3,5,50,3,7,1,5,4,5,7,4,4,5,4,4,2,16,6,3,10,1,1,B03,7,9,1,8,2,8,  ,23,6,1,22,8,B03,24.171477,120.644066,2
2018,12,24,20,42,臺中市,北區,0,2,0,8,3,5,50,4,2,1,5,4,5,7,2,1,10,5,5,2,12,3,2,8,1,1,C03,7,8,1,10,2,13,  ,3,3,1,22,8,C03,24.143182,120.685803,2
2018,12,24,20,50,臺中市,西屯區,0,1,0,8,3,5,40,14,8,1,5,4,5,7,4,4,5,4,4,2,14,12,3,10,1,1,B03,7,2,1,8,2,6,  ,12,12,1,22,8,B03,24.184763,120.621128,2
2018,12,24,21,1,臺中市,中區,0,0,,8,,,50,,,,,,,,,,,,,,,,,,,,B03,,,1,,2,,,26,,1,22,,B03,24.139358,120.683045,3
2018,12,24,21,1,臺中市,中區,0,0,,8,,,50,,,,,,,,,,,,,,,,,,,,B03,,,1,,2,,,26,,1,22,,B03,,,3
2018,12,24,21,8,臺中市,南屯區,0,0,,8,,,50,,,,,,,,,,,,,,,,,,,,B03,,,1,,2,,,23,,1,5,,B03,24.147541,120.615478,3
2018,12,24,21,8,臺中市,沙鹿區,0,2,0,7,3,5,50,5,1,1,5,4,5,7,2,1,10,5,5,2,16,43,2,7,1,1,C03,7,15,1,10,2,12,  ,43,43,1,5,9,C03,24.237197,120.569722,2
2018,12,24,21,20,臺中市,北屯區,0,1,0,8,3,7,80,14,9,1,5,4,5,7,4,4,1,4,5,1,16,16,3,10,1,1,B03,7,9,1,8,2,1,  ,16,16,1,21,8,B03,24.161216,120.719203,2
2018,12,24,21,26,臺中市,西屯區,0,0,,8,,,50,,,,,,,,,,,,,,,,,,,,B01,,,1,,2,,,42,,1,21,,B01,24.171668,120.64371,3
2018,12,24,21,26,臺中市,沙鹿區,0,2,0,8,3,5,40,4,2,1,5,4,5,7,1,1,3,2,4,2,2,23,2,8,1,1,C03,7,9,1,10,2,11,  ,23,23,1,5,5,C03,24.20646,120.564107,2
2018,12,24,21,40,臺中市,北屯區,0,1,0,8,3,5,50,14,7,1,5,4,5,7,4,4,9,5,5,2,17,23,2,9,1,1,C03,7,9,1,10,2,11,  ,23,23,1,22,8,C03,24.170592,120.708642,2
2018,12,24,21,41,臺中市,西區,0,2,0,8,3,5,50,5,1,1,5,4,5,7,1,1,10,5,5,2,12,43,3,10,1,1,C03,7,9,1,10,3,14,  ,43,43,1,21,8,C03,24.144688,120.669021,2
2018,12,24,21,50,臺中市,龍井區,0,0,,8,,,50,,,,,,,,,,,,,,,,,,,,C03,,,1,,2,,,23,,1,22,,C03,24.19279,120.578873,3
2018,12,24,21,54,臺中市,西區,0,0,,8,,,50,,,,,,,,,,,,,,,,,,,,B03,,,1,,2,,,16,,1,5,,B03,24.161128,120.662723,4
2018,12,24,21,55,臺中市,東區,0,0,0,,,,,,,,,,,,,,,,,,,23,3,  ,  ,  ,B03,  ,  ,1,  ,2,  ,  ,23,23,1,5,  ,B03,24.139968,120.691766,3
2018,12,24,21,56,臺中市,大里區,0,0,,8,,,50,,,,,,,,,,,,,,,,,,,,B12,,,1,,2,,,17,,1,4,,B12,24.103818,120.70244,3
2018,12,24,22,1,臺中市,西屯區,0,1,0,8,1,5,40,4,2,1,5,4,5,7,1,1,5,4,4,2,13,16,2,1,1,1,B03,7,9,1,8,2,1,  ,16,16,1,22,8,B03,24.155675,120.638431,2
2018,12,24,22,2,臺中市,西屯區,0,1,0,8,3,5,50,4,1,1,5,4,5,7,1,1,10,5,5,2,17,42,2,9,1,1,C03,7,9,1,10,2,12,  ,42,42,1,22,8,C03,24.165983,120.651675,2
2018,12,24,22,7,臺中市,北區,0,1,0,8,3,5,50,14,7,1,5,4,5,7,4,4,5,4,4,2,16,19,3,10,1,1,B03,7,1,1,8,2,8,  ,19,19,1,21,8,B03,24.158973,120.680941,2
2018,12,24,22,19,臺中市,北區,0,1,0,8,3,5,50,14,7,1,5,4,5,7,4,4,1,4,4,2,13,16,2,9,1,1,C03,7,9,1,10,2,11,  ,16,16,1,22,8,C03,24.163187,120.674551,2
2018,12,24,22,25,臺中市,大肚區,0,1,0,8,1,5,30,11,9,1,5,4,5,7,4,4,5,5,5,1,18,43,2,9,1,1,C03,7,6,1,10,2,12,  ,43,43,1,3,1,C03,24.15303,120.561711,2
2018,12,24,22,42,臺中市,潭子區,0,0,,8,,,50,,,,,,,,,,,,,,,,,,,,B03,,,1,,2,,,23,,1,21,,B03,24.194909,120.702415,3
2018,12,24,23,0,臺中市,南屯區,0,1,0,8,3,5,50,4,2,1,5,4,5,7,1,1,10,5,5,2,29,43,2,9,3,4,C03,7,5,1,10,11,12,  ,43,43,1,22,9,C03,24.139995,120.618666,2
2018,12,24,23,55,臺中市,南區,0,0,0,8,,,50,,,,,,,,,,,,,,,19,  ,  ,  ,  ,B03,  ,  ,1,  ,2,  ,  ,44,19,1,10,  ,B03,24.113802,120.665877,3
2018,12,25,0,9,臺中市,龍井區,0,0,,8,,,60,,,,,,,,,,,,,,,,,,,,B03,,,1,,2,,,23,,1,22,,B03,24.190625,120.57962,3
2018,12,25,1,14,臺中市,大里區,0,0,,8,,,50,,,,,,,,,,,,,,,,,,,,B03,,,1,,2,,,6,,1,  ,,B03,24.096734,120.700052,3
2018,12,25,2,40,臺中市,神岡區,0,0,,8,,,50,,,,,,,,,,,,,,,,,,,,B03,,,1,,2,,,6,,1,21,,B03,24.25102,120.699543,3
2018,12,25,5,25,臺中市,西區,0,1,0,8,3,5,50,14,7,1,5,4,5,7,1,1,5,4,4,2,17,26,3,10,1,1,B12,7,7,1,8,2,8,  ,26,26,1,22,9,B12,24.146043,120.670672,2
2018,12,25,5,40,臺中市,外埔區,0,1,0,8,3,5,50,14,13,1,5,4,5,7,4,4,9,5,4,1,13,23,2,9,3,4,C04,7,9,1,10,2,11,  ,23,23,1,22,8,C04,24.319211,120.669483,2
2018,12,25,6,15,臺中市,清水區,0,1,0,7,1,5,40,3,1,1,5,4,5,7,4,4,10,5,5,2,16,6,3,10,1,1,C03,7,5,1,10,2,11,  ,6,6,1,21,8,C03,24.272951,120.572884,2
2018,12,25,6,32,臺中市,梧棲區,0,1,0,8,1,5,40,14,9,1,5,4,5,7,4,4,10,5,5,2,10,23,2,9,3,4,B03,7,9,1,5,2,1,  ,23,23,1,21,8,B03,24.230261,120.527636,2
2018,12,25,7,3,臺中市,南區,0,0,0,,,,,,,,,,,,,,,,,,,23,3,  ,  ,  ,B03,  ,  ,1,  ,2,  ,  ,23,23,1,22,  ,B03,24.124263,120.680873,3
2018,12,25,7,8,臺中市,梧棲區,0,0,,8,,,50,,,,,,,,,,,,,,,,,,,,B03,,,1,,2,,,16,,1,9,,B03,24.224657,120.525597,3
2018,12,25,7,10,臺中市,沙鹿區,0,1,0,8,1,5,50,4,1,1,5,4,5,7,2,1,10,5,5,2,15,25,2,7,1,1,C03,7,9,3,18,5,12,  ,25,25,1,19,5,C03,24.237686,120.561954,2
2018,12,25,7,11,臺中市,太平區,0,2,0,8,1,5,50,4,1,1,5,4,5,7,4,4,10,5,5,2,16,6,2,9,1,1,C03,7,9,1,10,2,11,  ,6,6,1,20,8,C03,24.130702,120.717166,2
2018,12,25,7,11,臺中市,沙鹿區,0,1,0,8,1,5,60,3,1,1,5,4,5,7,1,1,10,5,5,2,17,7,2,9,1,1,C03,7,9,1,10,2,12,  ,42,7,1,5,9,C03,24.223426,120.578465,2
2018,12,25,7,14,臺中市,西區,0,0,0,8,1,5,50,4,1,1,5,4,5,7,1,1,5,5,5,2,12,,3,  ,  ,  ,B03,  ,  ,1,  ,2,  ,  ,7,  ,1,21,  ,B03,24.14673,120.665163,3
2018,12,25,7,15,臺中市,南區,0,0,0,8,1,5,50,14,9,1,5,4,5,7,4,4,10,5,5,2,17,23,3,10,1,1,B03,7,9,1,8,2,2,  ,23,23,1,22,8,B03,24.113716,120.669166,3
2018,12,25,7,16,臺中市,大甲區,0,0,,8,,,40,,,,,,,,,,,,,,,,,,,,B03,,,1,,2,,,6,,1,19,,B03,24.34855,120.630233,3
2018,12,25,7,24,臺中市,神岡區,0,0,,8,,,50,,,,,,,,,,,,,,,,,,,,B03,,,1,,2,,,26,,1,9,,B03,24.26295,120.701401,3
2018,12,25,7,25,臺中市,北屯區,0,0,,,,,,,,,,,,,,,,,,,,,,,,,C03,,,1,,2,,,23,,1,5,,C03,24.162858,120.720572,3
2018,12,25,7,29,臺中市,太平區,0,1,0,8,1,5,50,4,1,1,5,4,5,7,3,1,5,5,5,2,3,15,3,10,1,1,C03,7,9,1,10,2,11,  ,15,15,1,21,8,C03,24.150023,120.727596,2
2018,12,25,7,35,臺中市,沙鹿區,0,1,0,7,1,5,50,3,1,1,5,4,5,7,4,4,8,5,5,2,17,6,3,10,1,1,B03,7,5,1,8,2,1,  ,6,6,1,4,8,B03,24.226335,120.571166,2
2018,12,25,7,40,臺中市,北屯區,0,0,,8,,,50,,,,,,,,,,,,,,,,,,,,B12,,,1,,2,,,12,,1,5,,B12,24.171351,120.679306,3
2018,12,25,7,40,臺中市,西屯區,0,1,0,8,1,5,50,3,1,1,5,4,5,7,1,1,5,5,5,2,16,6,3,10,1,1,B03,7,5,1,8,2,6,  ,6,6,1,22,8,B03,24.172433,120.655666,2
2018,12,25,7,40,臺中市,太平區,0,1,0,8,1,5,50,4,1,1,5,4,5,7,1,1,10,5,5,2,13,23,3,10,1,1,B03,7,9,1,8,2,5,  ,23,23,1,21,8,B03,24.13349,120.716141,2
2018,12,25,7,40,臺中市,烏日區,0,1,0,8,1,5,50,4,1,1,5,4,5,7,2,1,1,4,5,1,16,6,3,10,1,1,A41,7,5,1,1,2,5,  ,6,6,1,21,8,A41,24.106299,120.634185,2
2018,12,25,7,42,臺中市,西區,0,0,,8,1,5,50,4,1,1,5,4,5,7,1,1,10,5,5,2,16,,,,,,B03,,,1,,2,,,6,,1,19,,B03,24.135115,120.657377,3
2018,12,25,7,43,臺中市,西屯區,0,0,0,8,,,50,,,,,,,,,,,,,,,23,  ,  ,  ,  ,B03,  ,  ,1,  ,2,  ,  ,23,23,1,  ,  ,B03,24.173128,120.613819,3
2018,12,25,7,46,臺中市,北屯區,0,0,0,8,,,50,,,,,,,,,,,,,,,9,3,  ,  ,  ,B03,  ,  ,1,8,2,  ,  ,9,9,1,21,  ,B03,24.178415,120.738063,3
2018,12,25,7,48,臺中市,西屯區,0,2,0,8,1,5,40,4,1,1,5,4,5,7,4,4,5,5,5,2,16,6,3,10,1,1,B03,7,9,1,8,2,1,  ,6,6,1,22,8,B03,24.197876,120.660648,2
2018,12,25,7,50,臺中市,大雅區,0,0,,8,,,50,,,,,,,,,,,,,,,,,,,,A11,,,1,,2,,,23,,1,22,,A11,24.21247,120.64924,3
2018,12,25,7,51,臺中市,大雅區,0,0,,8,,,50,,,,,,,,,,,,,,,,,,,,C03,,,1,,2,,,25,,  ,  ,,C03,24.246141,120.657378,3
2018,12,25,7,54,臺中市,東區,0,2,0,8,1,5,40,3,1,1,5,4,5,7,1,1,10,5,5,2,16,8,2,9,1,1,C03,7,5,1,10,2,14,  ,8,8,1,22,8,C03,24.126396,120.685073,2
2018,12,25,7,55,臺中市,西屯區,0,0,,8,,,50,,,,,,,,,,,,,,,,,,,,C03,,,1,,2,,,26,,1,21,,C03,24.174346,120.61721,3
2018,12,25,8,0,臺中市,北屯區,0,1,0,8,1,5,40,3,8,1,5,4,5,7,4,4,1,4,4,2,16,7,3,10,3,4,B03,7,10,1,8,2,2,  ,7,7,1,22,8,B03,24.163034,120.689715,2
2018,12,25,8,4,臺中市,西屯區,0,0,,8,,,50,,,,,,,,,,,,,,,,,,,,B03,,,1,,2,,,23,,1,22,,B03,24.178167,120.664966,3