年,月,日,時,分,縣市,區,死,受傷,2-30,天候,光線,道路類別,速限,道路型態,事故位置,路面鋪裝,路面狀態,路面缺陷,障礙物,視距,號誌種類,號誌動作,分向設施,快車道或一般車道間,快慢車道間,路面邊線,事故類型及型態,主要肇因,受傷程度,主要傷處,保護裝備,行動電話,當事者區分_類別,車輛用途,當事者行動狀態,駕駛資格情形,駕駛執照種類,飲酒情形,車輛撞擊部位最初,車輛撞擊部位其他,肇事因素個別,肇事因素主要,肇事逃逸,職業,旅次目的,車種,GPS座標X,GPS座標Y,事故類別
2018,12,25,8,7,臺中市,大雅區,0,0,,8,,,50,,,,,,,,,,,,,,,,,,,,B03,,,1,,2,,,6,,1,  ,,B03,24.238938,120.656025,3
2018,12,25,8,8,臺中市,西屯區,0,1,0,8,1,5,50,4,1,1,5,4,5,7,1,1,10,5,5,2,16,6,2,9,4,5,F03,7,5,8,20,2,16,  ,6,6,1,21,8,F03,24.161485,120.606061,2
2018,12,25,8,10,臺中市,南區,0,0,0,8,1,5,50,14,9,1,5,4,5,7,4,4,1,5,5,2,29,67,  ,  ,  ,  ,   ,  ,  ,7,  ,11,  ,  ,67,67,1,  ,  ,   ,24.116215,120.65729,3
2018,12,25,8,13,臺中市,大里區,0,2,0,8,1,5,50,4,1,1,5,4,5,7,1,1,10,5,5,2,12,19,2,8,1,1,C03,7,5,1,10,2,12,  ,23,19,1,21,8,C03,24.087602,120.68709,2
2018,12,25,8,15,臺中市,烏日區,0,0,,8,,,40,,,,,,,,,,,,,,,,,,,,C03,,,1,,2,,,6,,1,  ,,C03,24.061166,120.643543,3
2018,12,25,8,22,臺中市,北屯區,0,1,0,8,1,5,40,14,8,1,5,4,5,7,4,4,5,5,4,2,12,16,3,10,1,1,C03,7,9,1,10,2,15,  ,16,16,1,5,8,C03,24.164946,120.693399,2
2018,12,25,8,30,臺中市,北區,0,1,0,8,1,5,50,4,1,1,5,4,5,7,4,4,10,5,5,2,17,16,2,9,1,1,C03,7,9,1,10,2,11,  ,16,16,1,22,8,C03,24.1572,120.68,2
2018,12,25,8,30,臺中市,東區,0,2,0,8,1,5,50,4,1,1,5,4,5,7,1,1,10,5,5,2,16,6,2,9,1,1,C03,7,11,1,10,2,12,  ,6,6,1,21,8,C03,24.142786,120.691067,2
2018,12,25,8,30,臺中市,南屯區,0,0,,,,,,,,,,,,,,,,,,,,,,,,,B03,,,1,,2,,,23,,1,22,,B03,24.166886,120.586909,3
2018,12,25,8,32,臺中市,西屯區,0,1,0,8,1,5,50,14,7,1,5,4,5,7,4,4,5,5,4,2,12,17,3,10,1,1,B12,7,9,1,8,1,5,  ,17,17,1,22,8,B12,24.161207,120.656534,2
2018,12,25,8,37,臺中市,北區,0,0,,8,,,50,,,,,,,,,,,,,,,,,,,,B01,,,1,,2,,,23,,1,  ,,B01,24.15505,120.683629,3
2018,12,25,8,37,臺中市,大里區,0,0,,8,,,50,,,,,,,,,,,,,,,,,,,,B03,,,1,,2,,,6,,1,22,,B03,24.101879,120.67648,3
2018,12,25,8,39,臺中市,西區,0,1,0,8,1,5,50,4,2,1,5,4,5,7,1,1,5,4,5,2,16,25,3,10,1,1,C03,7,6,1,10,2,14,  ,25,25,1,18,9,C03,24.150867,120.663099,2
2018,12,25,8,41,臺中市,北區,0,2,0,8,1,5,40,4,1,1,5,4,5,7,4,4,10,5,5,2,11,6,2,8,3,4,C03,7,5,1,10,2,11,  ,6,6,1,5,8,C03,24.160438,120.669884,2
2018,12,25,8,45,臺中市,南屯區,0,0,0,8,,,40,,,,,,,,,,,,,,,12,  ,  ,  ,  ,B03,  ,  ,1,  ,2,  ,  ,12,12,1,22,  ,B03,24.138166,120.630836,3
2018,12,25,8,51,臺中市,西區,0,2,0,8,1,5,50,4,1,1,5,4,5,7,4,4,5,5,5,2,12,6,2,9,3,4,C03,7,7,1,10,2,14,  ,6,6,1,21,8,C03,24.150171,120.661691,2
2018,12,25,8,57,臺中市,西區,0,1,0,8,1,5,50,14,9,1,5,4,5,7,4,4,5,5,5,2,16,23,2,9,1,1,C03,7,9,6,18,2,11,  ,23,23,1,21,8,C03,24.13905,120.663085,2
2018,12,25,9,5,臺中市,西區,0,1,0,8,1,5,50,4,1,1,5,4,5,7,4,4,10,5,5,2,15,6,2,8,1,1,C03,7,9,1,10,2,12,  ,6,6,1,21,8,C03,24.137894,120.680818,2
2018,12,25,9,9,臺中市,沙鹿區,0,2,0,8,1,5,50,4,1,1,5,4,5,7,1,1,10,5,5,2,16,6,2,9,1,1,C03,7,5,1,10,2,15,  ,6,6,1,20,9,C03,24.255921,120.56903,2
2018,12,25,9,11,臺中市,西屯區,0,1,0,8,1,5,50,3,6,1,5,4,5,7,4,4,1,5,5,2,29,42,2,9,1,1,C03,7,9,1,10,2,11,  ,42,42,1,22,8,C03,24.199491,120.65469,2
2018,12,25,9,13,臺中市,北屯區,0,0,,8,,,50,,,,,,,,,,,,,,,,,,,,B03,,,3,,2,,,23,,1,5,,B03,24.173418,120.681599,3
2018,12,25,9,33,臺中市,北屯區,0,0,,8,,,40,,,,,,,,,,,,,,,,,,,,A04,,,1,,2,,,23,,1,5,,A04,24.194456,120.682941,3
2018,12,25,9,49,臺中市,東區,0,1,0,8,1,5,50,3,1,1,5,4,5,7,4,4,10,5,5,2,16,6,3,10,1,1,B12,7,6,1,8,2,2,  ,6,6,1,22,8,B12,24.141754,120.710568,2
2018,12,25,9,55,臺中市,北屯區,0,1,0,8,1,5,50,4,1,1,5,4,5,7,4,4,10,5,5,2,16,6,2,9,3,4,C03,7,5,1,10,2,15,  ,6,6,1,21,8,C03,24.165021,120.693563,2
2018,12,25,10,5,臺中市,西屯區,0,0,,8,,,60,,,,,,,,,,,,,,,,,,,,B02,,,1,,2,,,16,,1,  ,,B02,24.165609,120.644551,3
2018,12,25,10,5,臺中市,太平區,0,0,,8,,,50,,,,,,,,,,,,,,,,,,,,B12,,,1,,2,,,12,,1,21,,B12,24.126753,120.714837,3
2018,12,25,10,11,臺中市,南區,0,0,0,,,,,,,,,,,,,,,,,,,23,3,  ,  ,  ,B03,  ,  ,1,  ,2,  ,  ,23,23,1,22,  ,B03,24.113205,120.657203,3
2018,12,25,10,13,臺中市,太平區,0,0,,8,,,50,,,,,,,,,,,,,,,,,,,,A12,,,1,,2,,,23,,1,21,,A12,24.101366,120.721334,3
2018,12,25,10,14,臺中市,西屯區,0,1,0,8,1,5,40,3,9,1,5,4,5,7,4,4,10,5,5,2,16,23,2,8,1,1,C03,7,9,1,10,2,11,  ,23,23,1,22,8,C03,24.175224,120.618684,2
2018,12,25,10,15,臺中市,東區,0,0,,,,,,,,,,,,,,,,,,,,,,,,,B03,,,1,,2,,,23,,1,  ,,B03,24.137416,120.705683,3
2018,12,25,10,15,臺中市,霧峰區,0,0,,8,,,50,,,,,,,,,,,,,,,,,,,,C03,,,1,,2,,,23,,1,5,,C03,24.064237,120.736878,3
2018,12,25,10,24,臺中市,后里區,0,1,0,8,1,5,50,3,9,1,5,4,5,7,4,4,5,5,5,1,18,13,2,9,1,1,C03,7,9,1,10,2,14,  ,13,13,1,21,8,C03,24.341396,120.736676,2
2018,12,25,10,42,臺中市,太平區,0,1,0,8,1,5,50,3,2,1,5,4,5,7,4,4,5,5,4,2,10,26,2,8,1,1,C04,7,9,3,18,2,11,  ,26,26,1,19,5,C04,24.147956,120.701074,2
2018,12,25,10,44,臺中市,北區,0,1,0,8,1,5,50,3,1,1,5,4,5,7,4,4,10,5,5,2,17,23,3,10,1,1,C03,7,5,1,10,4,12,  ,23,23,1,22,8,C03,24.1581,120.6823,2
2018,12,25,10,55,臺中市,西區,0,0,,8,,,50,,,,,,,,,,,,,,,,,,,,C03,,,1,,2,,,23,,1,6,,C03,24.14001,120.677101,3
2018,12,25,10,58,臺中市,潭子區,0,0,,8,,,60,,,,,,,,,,,,,,,,,,,,B12,,,1,,2,,,6,,1,22,,B12,24.213322,120.687514,3
2018,12,25,11,0,臺中市,大肚區,0,0,,8,,,50,,,,,,,,,,,,,,,,,,,,B12,,,1,,2,,,6,,1,3,,B12,24.157526,120.540121,3
2018,12,25,11,1,臺中市,西屯區,0,0,,8,,,40,,,,,,,,,,,,,,,,,,,,B03,,,1,,2,,,12,,1,21,,B03,24.193137,120.641843,3
2018,12,25,11,17,臺中市,西屯區,0,2,0,8,1,5,60,14,7,1,5,4,5,7,4,4,1,4,1,2,13,43,2,3,1,1,B03,7,9,1,8,2,1,  ,43,43,1,22,8,B03,24.163568,120.648042,2
2018,12,25,11,25,臺中市,北區,0,0,,8,,,50,,,,,,,,,,,,,,,,,,,,B03,,,1,,2,,,26,,1,  ,,B03,24.15477,120.683961,3
2018,12,25,11,25,臺中市,大肚區,0,1,0,8,1,5,70,5,2,1,5,4,5,7,1,1,1,3,4,1,13,23,3,10,1,1,B03,7,9,1,8,2,1,  ,23,23,1,4,8,B03,24.14663,120.548836,2
2018,12,25,11,26,臺中市,大雅區,0,1,0,8,1,5,50,14,9,1,5,4,5,7,4,4,9,5,5,1,17,44,2,9,1,1,C03,7,6,1,10,2,11,  ,23,44,1,22,9,C03,24.216885,120.645452,2
2018,12,25,11,28,臺中市,南屯區,0,2,0,8,1,5,50,3,2,1,5,4,5,7,4,4,5,5,4,2,16,6,2,9,1,1,C03,7,5,1,10,2,12,  ,6,6,1,22,8,C03,24.151836,120.616774,2
2018,12,25,11,39,臺中市,大里區,0,0,,8,,,50,,,,,,,,,,,,,,,,,,,,B03,,,1,,2,,,12,,1,22,,B03,24.109266,120.67663,3
2018,12,25,11,40,臺中市,沙鹿區,0,0,,8,,,70,,,,,,,,,,,,,,,,,,,,B03,,,1,,2,,,23,,1,5,,B03,24.244011,120.615253,3
2018,12,25,11,54,臺中市,西屯區,0,0,,8,,,50,,,,,,,,,,,,,,,,,,,,B03,,,1,,2,,,1,,1,  ,,B03,24.174495,120.648396,3
2018,12,25,12,0,臺中市,南屯區,0,1,0,8,1,5,50,3,7,1,5,4,5,7,1,1,5,4,4,2,12,6,3,10,1,1,C03,7,5,1,10,2,14,  ,6,6,1,22,8,C03,24.149198,120.615434,2
2018,12,25,12,0,臺中市,大里區,0,1,0,8,1,5,40,4,1,1,5,4,5,7,4,4,10,5,5,2,15,6,3,10,1,1,B03,7,9,1,8,2,8,  ,6,6,1,21,8,B03,24.106158,120.676205,2
2018,12,25,12,2,臺中市,龍井區,0,0,,8,,,70,,,,,,,,,,,,,,,,,,,,B03,,,1,,2,,,16,,1,21,,B03,24.185568,120.587154,3
2018,12,25,12,10,臺中市,龍井區,0,0,0,8,,,40,,,,,,,,,,,,,,,12,  ,  ,  ,  ,A41,  ,  ,1,  ,2,  ,  ,12,12,1,10,  ,A41,24.213036,120.506746,3
2018,12,25,12,11,臺中市,大雅區,0,1,0,8,1,5,50,3,1,1,5,4,5,7,4,4,5,5,5,1,16,6,2,9,1,1,C03,7,5,1,10,2,14,  ,6,6,1,22,8,C03,24.223194,120.674927,2
2018,12,25,12,14,臺中市,大雅區,0,0,,8,,,40,,,,,,,,,,,,,,,,,,,,A12,,,1,,2,,,16,,1,21,,A12,24.21571,120.672789,3
2018,12,25,12,15,臺中市,北區,0,2,0,8,1,5,50,4,1,1,5,4,5,7,1,1,10,5,5,2,12,6,2,8,3,4,C03,7,5,1,10,2,14,  ,6,6,1,5,8,C03,24.16997,120.675719,2
2018,12,25,12,17,臺中市,東區,0,1,0,8,1,5,50,3,1,1,5,4,5,7,4,4,10,5,5,2,13,23,2,3,1,1,B12,7,9,1,8,2,1,  ,23,23,1,5,8,B12,24.140205,120.686785,2
2018,12,25,12,20,臺中市,西區,0,2,0,8,1,5,50,4,1,1,5,4,5,7,2,1,10,5,5,2,16,25,2,9,1,1,C03,7,9,1,10,2,14,  ,25,25,1,19,9,C03,24.146713,120.655082,2
2018,12,25,12,25,臺中市,西區,0,1,0,8,1,5,50,4,1,1,5,4,5,7,1,1,10,5,5,2,16,6,3,10,1,1,B03,7,5,1,8,2,5,  ,6,6,1,21,8,B03,24.137478,120.671031,2
2018,12,25,12,25,臺中市,北屯區,0,1,0,8,1,5,50,14,9,1,5,4,5,7,4,4,10,5,5,2,8,23,3,10,1,1,F06,7,9,8,20,2,16,  ,23,23,1,22,8,F06,24.177577,120.725193,2
2018,12,25,12,30,臺中市,南屯區,0,0,0,8,,,50,,,,,,,,,,,,,,,,3,  ,  ,  ,B03,  ,  ,1,  ,2,  ,  ,23,  ,1,22,  ,B03,24.14573,120.612061,4
2018,12,25,12,35,臺中市,西區,0,1,0,8,1,5,50,4,1,1,5,4,5,7,1,1,5,5,5,2,16,25,3,10,3,4,B01,7,9,1,4,2,2,  ,25,25,1,10,8,B01,24.146718,120.653014,2
2018,12,25,12,35,臺中市,南區,0,2,0,8,1,5,40,11,9,1,5,4,5,7,4,4,10,5,5,2,11,17,2,8,1,1,C03,7,9,1,10,2,14,  ,17,17,1,21,8,C03,24.112744,120.656455,2
2018,12,25,12,35,臺中市,北屯區,0,0,,8,,,50,,,,,,,,,,,,,,,,,,,,B03,,,1,,2,,,42,,1,5,,B03,24.184002,120.665225,3
2018,12,25,12,38,臺中市,南區,0,1,0,8,1,5,50,4,1,1,5,4,5,7,1,1,10,5,5,2,18,42,2,9,1,1,C03,7,9,1,10,2,14,  ,42,42,1,22,8,C03,24.116833,120.665283,2
2018,12,25,12,40,臺中市,東區,0,0,,8,,,40,,,,,,,,,,,,,,,,,,,,B02,,,1,,2,,,18,,1,  ,,B02,24.146346,120.70973,3
2018,12,25,12,46,臺中市,東勢區,0,1,0,8,1,5,60,3,1,1,5,4,5,7,2,1,1,4,4,1,16,25,3,10,1,1,B12,7,5,1,3,2,2,  ,25,25,1,9,8,B12,24.241966,120.83348,2
2018,12,25,12,52,臺中市,大里區,0,1,0,8,1,5,50,14,7,1,5,4,5,7,4,4,10,4,4,2,16,6,3,10,1,1,B03,7,5,1,8,2,2,  ,6,6,1,21,8,B03,24.101432,120.683885,2
2018,12,25,13,0,臺中市,北區,0,1,0,8,1,5,50,4,2,1,5,4,5,7,2,1,5,5,4,2,16,26,3,10,1,1,C03,7,11,1,10,2,13,  ,26,26,1,22,8,C03,24.149,120.6807,2
2018,12,25,13,0,臺中市,烏日區,0,0,,,,,,,,,,,,,,,,,,,,,,,,,C03,,,1,,2,,,23,,1,5,,C03,24.111807,120.645202,3
2018,12,25,13,10,臺中市,龍井區,0,0,,8,,,60,,,,,,,,,,,,,,,,,,,,B03,,,1,,2,,,8,,1,21,,B03,24.184986,120.573905,3
2018,12,25,13,10,臺中市,烏日區,0,1,0,8,1,5,60,14,8,1,5,4,3,7,4,4,1,4,4,1,13,23,2,9,1,1,C03,7,9,2,18,2,11,  ,23,23,1,22,8,C03,24.063,120.635,2
2018,12,25,13,17,臺中市,潭子區,0,1,0,8,1,5,40,14,9,1,5,4,5,7,4,4,10,5,5,2,29,44,2,9,1,1,C03,7,9,1,10,2,14,  ,44,44,1,22,8,C03,24.226813,120.708571,2
2018,12,25,13,20,臺中市,大肚區,0,2,0,8,1,5,40,11,8,1,5,4,5,7,4,4,5,4,4,2,16,10,3,10,1,1,B03,7,11,1,8,2,1,  ,10,10,1,4,8,B03,24.119247,120.576952,2
2018,12,25,13,25,臺中市,西屯區,0,2,0,8,1,5,40,4,7,1,5,4,5,7,2,1,5,2,4,2,16,11,2,9,1,1,C03,7,11,1,10,2,14,  ,11,11,1,22,8,C03,24.174892,120.64889,2
2018,12,25,13,26,臺中市,大雅區,0,1,0,8,1,5,50,4,1,1,5,4,5,7,4,4,5,5,5,2,16,26,3,10,1,1,A12,7,6,1,3,2,2,  ,26,26,1,22,9,A12,24.227301,120.639424,2
2018,12,25,13,30,臺中市,神岡區,0,0,0,8,,,50,,,,,,,,,,,,,,,16,  ,  ,  ,  ,C03,  ,  ,1,  ,2,  ,  ,16,16,1,21,  ,C03,24.2488,120.698093,3
2018,12,25,13,38,臺中市,南區,0,0,,8,,,50,,,,,,,,,,,,,,,,,,,,C03,,,1,,2,,,42,,1,22,,C03,24.113315,120.6692,3
2018,12,25,13,40,臺中市,大里區,0,0,,8,,,50,,,,,,,,,,,,,,,,,,,,B03,,,1,,2,,,18,,1,22,,B03,24.103201,120.675488,3
2018,12,25,13,43,臺中市,大里區,0,0,,8,,,50,,,,,,,,,,,,,,,,,,,,B03,,,1,,9,,,23,,2,22,,B03,24.097236,120.707726,3
2018,12,25,13,46,臺中市,東區,0,1,0,8,1,5,50,3,1,1,5,4,5,7,4,4,10,5,5,2,17,9,3,10,1,1,B12,7,6,1,8,2,6,  ,9,9,1,21,8,B12,24.144754,120.69861,2
2018,12,25,13,46,臺中市,清水區,0,0,,8,,,70,,,,,,,,,,,,,,,,,,,,B03,,,1,,2,,,23,,1,21,,B03,24.270736,120.567648,3
2018,12,25,13,47,臺中市,西區,0,1,0,8,1,5,50,4,1,1,5,4,5,7,1,1,10,5,5,2,16,19,3,10,1,1,B03,7,1,1,8,2,8,  ,19,19,1,21,8,B03,24.137943,120.661708,2
2018,12,25,13,50,臺中市,烏日區,0,1,0,8,1,5,50,3,1,1,5,4,5,7,4,4,5,4,5,1,16,6,3,10,1,1,B03,7,6,1,8,2,8,1,6,6,1,21,8,B03,24.061722,120.643403,2
2018,12,25,13,54,臺中市,西屯區,0,0,,8,,,50,,,,,,,,,,,,,,,,,,,,B03,,,1,,2,,,23,,1,22,,B03,24.168263,120.665473,3
2018,12,25,13,54,臺中市,西屯區,0,2,0,8,1,5,40,4,1,1,5,4,5,7,4,4,10,5,5,2,16,8,2,8,1,1,C04,7,5,1,10,2,14,  ,8,8,1,21,8,C04,24.175755,120.66491,2
2018,12,25,14,0,臺中市,中區,0,0,0,8,,,50,,,,,,,,,,,,,,,3,3,  ,  ,  ,B02,  ,  ,1,8,2,5,  ,3,3,1,21,8,B02,24.140794,120.682973,3
2018,12,25,14,0,臺中市,南區,0,0,0,8,1,5,50,3,1,1,5,4,5,7,4,4,10,5,5,2,29,42,3,10,1,1,B12,7,13,1,8,11,5,  ,42,42,1,22,8,B12,24.12195,120.662918,3
2018,12,25,14,4,臺中市,烏日區,0,1,0,8,1,5,40,3,1,1,5,4,5,7,4,4,10,5,5,1,17,44,3,10,1,1,B03,7,9,1,8,2,5,  ,44,44,1,21,8,B03,24.066965,120.650411,2
2018,12,25,14,14,臺中市,外埔區,0,1,0,8,1,5,50,3,1,1,5,4,5,7,1,1,5,5,5,2,16,25,2,9,1,1,C03,7,9,3,18,2,11,  ,25,25,1,22,9,C03,24.341744,120.638888,2
2018,12,25,14,18,臺中市,西區,0,2,0,8,1,5,50,3,1,1,5,4,5,7,3,1,10,5,5,2,3,15,2,9,1,1,C03,7,9,1,10,2,11,  ,15,15,1,5,5,C03,24.132609,120.660844,2
2018,12,25,14,28,臺中市,南屯區,0,0,0,8,1,5,50,4,1,1,5,4,5,7,4,4,10,5,5,2,16,6,3,10,1,1,B03,7,5,1,8,2,1,  ,6,6,1,22,8,B03,24.152198,120.624557,3
2018,12,25,14,30,臺中市,沙鹿區,0,0,,8,,,60,,,,,,,,,,,,,,,,,,,,B12,,,1,,2,,,7,,1,10,,B12,24.205306,120.56543,3
2018,12,25,14,40,臺中市,后里區,0,0,,8,,,50,,,,,,,,,,,,,,,,,,,,B03,,,1,,2,,,26,,1,  ,,B03,24.316151,120.68002,4
2018,12,25,14,45,臺中市,沙鹿區,0,2,0,8,1,5,40,3,1,1,5,4,5,7,4,4,10,5,5,2,16,4,2,7,1,1,C03,7,5,1,10,2,11,  ,4,4,1,20,5,C03,24.215445,120.580278,2
2018,12,25,14,49,臺中市,潭子區,0,1,0,8,1,5,50,14,9,1,5,4,5,7,4,4,9,4,5,2,12,23,2,7,1,1,C03,7,9,1,10,2,11,  ,23,23,1,22,8,C03,24.211605,120.70494,2
2018,12,25,14,50,臺中市,南屯區,0,0,0,8,,,50,,,,,,,,,,,,,,,26,  ,  ,  ,  ,B03,  ,  ,1,  ,2,  ,  ,26,26,1,22,  ,B03,24.145458,120.610863,3
2018,12,25,14,50,臺中市,大里區,0,0,0,8,,,40,,,,,,,,,,,,,,,42,  ,  ,  ,  ,C03,  ,  ,1,  ,2,  ,  ,42,42,1,5,  ,C03,24.100333,120.691778,3
2018,12,25,14,50,臺中市,龍井區,0,1,0,8,1,5,50,14,9,1,5,4,5,7,4,4,5,5,5,1,17,23,2,9,1,4,C03,7,9,1,10,2,12,  ,23,23,1,22,8,C03,24.189242,120.595251,2
2018,12,25,14,51,臺中市,太平區,0,2,0,8,1,5,50,14,9,1,5,4,5,7,4,4,5,4,5,1,16,42,2,5,1,1,C03,7,15,1,10,2,12,  ,42,42,1,5,8,C03,24.134444,120.733888,2
2018,12,25,14,53,臺中市,南區,0,0,0,8,1,5,40,14,9,1,5,4,5,7,4,4,10,5,5,2,17,23,3,10,1,1,B03,7,9,1,8,2,5,  ,23,23,1,21,8,B03,24.112919,120.658927,3
2018,12,25,14,58,臺中市,西區,0,0,0,8,,,50,,,,,,,,,,,,,,,23,3,  ,  ,  ,B01,  ,  ,1,4,2,5,  ,23,23,1,21,8,B01,24.140049,120.677077,3
2018,12,25,15,0,臺中市,西屯區,0,0,0,8,,,50,,,,,,,,,,,,,,12,23,  ,  ,  ,  ,B03,  ,  ,1,  ,2,7,  ,44,23,1,22,  ,B03,24.159779,120.652546,3
2018,12,25,15,8,臺中市,西屯區,0,0,,8,,,50,,,,,,,,,,,,,,,,,,,,B03,,,1,,2,,,12,,1,22,,B03,24.178943,120.645871,3
2018,12,25,15,11,臺中市,大雅區,0,2,0,8,1,5,70,4,1,1,5,4,5,7,3,1,10,5,5,2,16,6,2,8,1,1,C03,7,11,1,10,2,12,  ,6,6,1,22,9,C03,24.239698,120.631434,2
2018,12,25,15,17,臺中市,太平區,0,0,,8,,,40,,,,,,,,,,,,,,,,,,,,A12,,,1,,2,,,18,,1,  ,,A12,24.122607,120.706446,3
2018,12,25,15,20,臺中市,西區,0,0,,8,1,5,50,14,9,1,5,4,5,7,4,4,9,4,5,2,12,,,,,,B03,,,1,,2,,,23,,1,3,,B03,24.136845,120.674804,3
2018,12,25,15,20,臺中市,大里區,0,0,,8,,,40,,,,,,,,,,,,,,,,,,,,H01,,,8,,10,,,60,,1,19,,H01,24.106868,120.685345,3
2018,12,25,15,24,臺中市,東區,0,0,0,8,1,5,50,4,1,1,5,4,5,6,1,1,9,4,5,2,16,6,  ,  ,  ,  ,B03,  ,6,1,8,2,2,  ,6,6,1,5,  ,B03,24.134664,120.68308,3
2018,12,25,15,27,臺中市,大里區,0,0,,8,,,50,,,,,,,,,,,,,,,,,,,,B12,,,1,,2,,,6,,1,6,,B12,24.086029,120.688113,3
2018,12,25,15,28,臺中市,西屯區,0,1,0,8,1,5,40,4,2,1,5,4,5,7,1,1,9,4,5,2,17,43,3,10,1,1,C03,7,1,1,10,2,13,  ,43,43,1,21,8,C03,24.184001,120.620604,2
2018,12,25,15,37,臺中市,梧棲區,0,0,,8,,,50,,,,,,,,,,,,,,,,,,,,A05,,,1,,2,,,23,,1,10,,A05,24.25297,120.531511,3
2018,12,25,15,42,臺中市,西屯區,0,1,0,8,1,5,50,4,1,1,5,4,5,7,2,1,10,5,4,2,16,6,3,10,3,4,B03,7,5,1,8,2,8,  ,6,6,1,22,8,B03,24.178698,120.645415,2
2018,12,25,15,44,臺中市,北區,0,0,0,8,,,50,,,,,,,,,,,,,,,,3,  ,  ,  ,B11,  ,  ,1,  ,2,  ,  ,7,  ,1,22,  ,B11,24.162718,120.686266,3
2018,12,25,15,45,臺中市,北屯區,0,2,0,8,1,5,50,3,1,1,5,4,5,7,4,4,10,5,5,2,16,11,2,9,1,1,C03,7,11,1,10,2,13,  ,11,11,1,21,8,C03,24.172634,120.712034,2
2018,12,25,15,49,臺中市,霧峰區,0,1,0,8,1,5,50,14,7,1,5,4,5,7,4,4,5,5,5,1,17,23,3,10,3,4,B03,7,9,1,8,2,2,  ,23,23,1,22,8,B03,24.071119,120.699609,2
2018,12,25,15,49,臺中市,龍井區,0,1,0,8,1,5,60,4,1,1,5,4,5,7,1,1,10,5,5,2,16,26,3,10,1,1,B02,7,6,1,8,2,6,  ,26,26,1,21,8,B02,24.186074,120.585536,2
2018,12,25,15,50,臺中市,神岡區,0,0,0,8,,,50,,,,,,,,,,,,,,,17,  ,  ,  ,  ,A11,  ,  ,1,  ,2,  ,  ,17,17,1,21,  ,A11,24.248854,120.699168,4
2018,12,25,15,58,臺中市,沙鹿區,0,2,0,8,1,5,50,3,2,1,5,4,5,7,4,4,9,5,5,2,3,42,2,9,1,1,C03,7,9,1,10,2,14,  ,42,42,1,5,8,C03,24.234728,120.560408,2
2018,12,25,16,0,臺中市,南屯區,0,0,,8,,,40,,,,,,,,,,,,,,,,,,,,B03,,,1,,2,,,23,,1,5,,B03,24.145436,120.643435,3
2018,12,25,16,0,臺中市,北屯區,0,0,,8,,,50,,,,,,,,,,,,,,,,,,,,B03,,,1,,2,,,23,,1,5,,B03,24.175347,120.69911,3
2018,12,25,16,0,臺中市,大肚區,0,0,,8,,,40,,,,,,,,,,,,,,,,,,,,B03,,,1,,1,,,43,,1,21,,B03,24.130706,120.570511,3
2018,12,25,16,4,臺中市,烏日區,0,1,0,8,1,5,50,4,2,1,5,4,5,7,1,1,10,5,5,2,3,23,3,10,2,1,B12,7,5,1,8,2,8,  ,23,23,1,21,8,B12,24.106496,120.622289,2
2018,12,25,16,9,臺中市,南區,0,0,0,8,1,5,50,14,9,1,5,4,5,7,1,1,5,2,5,2,12,26,3,10,1,1,C03,7,9,1,10,2,14,  ,26,26,1,21,8,C03,24.12383,120.66268,3
2018,12,25,16,9,臺中市,太平區,0,2,0,8,1,5,50,4,1,1,5,4,5,7,1,1,5,5,5,2,16,26,2,9,1,1,C03,7,5,1,10,2,13,  ,26,26,1,21,8,C03,24.134034,120.726004,2
2018,12,25,16,22,臺中市,北屯區,0,0,,8,,,50,,,,,,,,,,,,,,,,,,,,B03,,,1,,2,,,42,,1,22,,B03,24.173125,120.68784,3
2018,12,25,16,23,臺中市,西區,0,0,,8,,,50,,,,,,,,,,,,,,,,,,,,B03,,,1,,2,,,23,,1,5,,B03,24.150362,120.67058,3
2018,12,25,16,23,臺中市,太平區,0,1,0,8,1,5,50,5,1,1,5,4,5,7,1,1,10,5,5,2,17,43,2,9,1,1,C03,7,9,4,8,2,14,  ,43,43,1,4,1,C03,24.149861,120.724866,2
2018,12,25,16,24,臺中市,北屯區,0,2,0,8,1,5,50,3,1,1,5,4,5,7,4,4,10,5,5,2,12,23,3,10,1,1,B03,7,9,1,8,2,5,  ,23,23,1,5,8,B03,24.16362,120.719948,2
2018,12,25,16,26,臺中市,南屯區,0,0,,8,,,50,,,,,,,,,,,,,,,,,,,,C03,,,1,,2,,,23,,2,3,,C03,24.151952,120.649635,3
2018,12,25,16,27,臺中市,太平區,0,0,,8,,,50,,,,,,,,,,,,,,,,,,,,B03,,,1,,2,,,6,,1,  ,,B03,24.158333,120.716944,3
2018,12,25,16,29,臺中市,東區,0,1,0,8,1,5,50,3,1,1,5,4,5,7,4,4,10,5,5,2,16,6,3,10,1,1,B03,7,5,1,7,2,2,  ,6,6,1,21,8,B03,24.135768,120.701019,2
2018,12,25,16,29,臺中市,豐原區,0,0,0,8,1,5,50,14,7,1,5,4,5,7,4,4,5,4,4,2,13,23,3,10,1,1,B03,7,9,1,8,6,1,  ,23,23,1,21,8,B03,24.254983,120.713213,3