年,月,日,時,分,縣市,區,死,受傷,2-30,天候,光線,道路類別,速限,道路型態,事故位置,路面鋪裝,路面狀態,路面缺陷,障礙物,視距,號誌種類,號誌動作,分向設施,快車道或一般車道間,快慢車道間,路面邊線,事故類型及型態,主要肇因,受傷程度,主要傷處,保護裝備,行動電話,當事者區分_類別,車輛用途,當事者行動狀態,駕駛資格情形,駕駛執照種類,飲酒情形,車輛撞擊部位最初,車輛撞擊部位其他,肇事因素個別,肇事因素主要,肇事逃逸,職業,旅次目的,車種,GPS座標X,GPS座標Y,事故類別
2018,12,25,16,30,臺中市,西屯區,0,0,0,8,,,40,,,,,,,,,,,,,,12,23,  ,  ,  ,  ,C03,  ,  ,1,  ,2,11,  ,23,23,1,22,  ,C03,24.18585,120.621811,3
2018,12,25,16,30,臺中市,大甲區,0,1,0,8,1,5,50,5,1,1,5,4,5,7,1,1,10,5,5,2,17,4,2,9,1,1,C03,7,9,1,10,2,11,  ,4,4,1,20,8,C03,24.355515,120.631965,2
2018,12,25,16,31,臺中市,西區,0,0,,8,,,50,,,,,,,,,,,,,,,,,,,,B12,,,1,,2,,,2,,1,5,,B12,24.149075,120.674871,3
2018,12,25,16,35,臺中市,龍井區,0,1,0,8,1,5,50,14,9,1,5,4,5,7,4,4,5,5,5,1,13,16,3,10,1,4,C03,7,9,2,18,2,11,  ,16,16,1,16,1,C03,24.202548,120.523571,2
2018,12,25,16,38,臺中市,西區,0,0,0,8,,,40,,,,,,,,,,,,,,,12,3,  ,  ,  ,B03,  ,  ,1,8,2,8,  ,12,12,1,21,8,B03,24.143261,120.659158,3
2018,12,25,16,38,臺中市,大里區,0,0,,8,,,50,,,,,,,,,,,,,,,,,,,,B03,,,1,,2,,,16,,1,21,,B03,24.10633,120.67708,3
2018,12,25,16,39,臺中市,太平區,0,0,,8,,,40,,,,,,,,,,,,,,,,,,,,B03,,,1,,2,,,18,,1,  ,,B03,24.149122,120.720531,3
2018,12,25,16,40,臺中市,清水區,0,0,,8,1,,40,,,,,,,,,,,,,,,,,,,,B03,,,1,,2,,,19,,1,22,,B03,24.267306,120.574488,3
2018,12,25,16,44,臺中市,西區,0,0,0,8,1,5,50,14,9,1,5,4,5,7,4,4,5,5,5,2,12,23,3,  ,  ,  ,B03,  ,  ,1,  ,2,  ,  ,44,23,1,21,  ,B03,24.151221,120.661667,3
2018,12,25,16,46,臺中市,北屯區,0,1,0,8,1,5,50,3,1,1,5,4,5,7,4,4,1,4,4,2,16,6,3,10,1,1,B03,7,6,1,8,2,2,  ,6,6,1,19,8,B03,24.1783,120.686,2
2018,12,25,16,46,臺中市,沙鹿區,0,2,0,8,1,5,40,14,8,1,5,4,5,7,4,4,1,4,3,1,23,23,2,9,1,1,C03,7,15,1,10,2,14,  ,23,23,1,5,9,C03,24.212933,120.580921,2
2018,12,25,16,50,臺中市,北屯區,0,0,,8,,,50,,,,,,,,,,,,,,,,,,,,B03,,,1,,2,,,23,,1,5,,B03,24.176072,120.683686,3
2018,12,25,17,0,臺中市,西屯區,0,0,0,8,,,50,,,,,,,,,,,,,,,9,  ,  ,  ,  ,A04,  ,  ,1,  ,2,  ,  ,9,9,1,12,  ,A04,24.196225,120.656305,3
2018,12,25,17,0,臺中市,大雅區,0,1,0,8,1,5,40,4,1,1,5,4,5,7,4,4,10,5,5,2,16,6,2,9,1,1,C03,7,9,1,10,2,12,  ,6,6,1,22,9,C03,24.236932,120.670904,2
2018,12,25,17,1,臺中市,北屯區,0,0,,8,,,40,,,,,,,,,,,,,,,,,,,,B02,,,6,,2,,,23,,1,  ,,B02,24.162966,120.720441,3
2018,12,25,17,3,臺中市,烏日區,0,1,0,8,1,5,50,3,1,1,5,4,5,7,2,1,1,4,5,2,16,42,3,10,1,1,B02,7,5,1,8,2,2,  ,42,42,1,22,8,B02,24.11606,120.618712,2
2018,12,25,17,4,臺中市,梧棲區,0,1,0,8,3,5,50,4,1,1,5,4,5,7,1,1,10,5,5,2,15,25,3,10,3,4,B03,7,9,1,8,2,4,  ,44,25,1,21,8,B03,24.232543,120.546715,2
2018,12,25,17,10,臺中市,后里區,0,2,0,8,3,5,50,3,2,1,5,4,5,7,4,4,5,5,5,1,16,6,2,9,4,5,F01,7,5,8,20,2,16,  ,6,6,1,22,8,F01,24.321255,120.700565,2
2018,12,25,17,11,臺中市,西區,0,0,,8,,,50,,,,,,,,,,,,,,,,,,,,B03,,,1,,2,,,26,,1,5,,B03,24.141104,120.666615,3
2018,12,25,17,12,臺中市,后里區,0,0,,8,,,60,,,,,,,,,,,,,,,,,,,,B03,,,1,,2,,,16,,1,  ,,B03,24.286985,120.722956,4
2018,12,25,17,15,臺中市,北屯區,0,0,,8,,,40,,,,,,,,,,,,,,,,,,,,A12,,,1,,9,,,23,,1,5,,A12,24.201901,120.676264,3
2018,12,25,17,15,臺中市,大里區,0,0,,8,,,40,,,,,,,,,,,,,,,,,,,,B12,,,1,,2,,,12,,1,21,,B12,24.088107,120.695573,3
2018,12,25,17,16,臺中市,梧棲區,0,0,,8,,,70,,,,,,,,,,,,,,,,,,,,B03,,,1,,2,,,12,,  ,  ,,B03,24.227094,120.545249,4
2018,12,25,17,19,臺中市,西區,0,0,0,8,,,50,,,,,,,,,,,,,,,,3,  ,  ,  ,B12,  ,  ,1,  ,2,  ,  ,12,  ,  ,21,  ,B12,24.146504,120.651313,3
2018,12,25,17,20,臺中市,西區,0,1,0,8,2,5,50,14,9,1,5,4,5,7,4,4,5,4,5,2,17,26,3,10,1,1,B02,7,1,1,8,2,8,  ,26,26,1,21,8,B02,24.150859,120.664632,2
2018,12,25,17,20,臺中市,西屯區,0,1,0,8,1,5,40,4,1,1,5,4,5,7,4,4,10,5,5,2,15,6,2,9,3,4,C03,7,9,1,10,2,12,  ,6,6,1,22,8,C03,24.161061,120.653663,2
2018,12,25,17,20,臺中市,沙鹿區,0,1,0,7,3,5,50,4,1,1,5,4,5,7,4,4,10,5,5,2,17,26,2,5,1,1,C03,7,5,1,10,2,14,  ,26,26,1,18,8,C03,24.247519,120.564867,2
2018,12,25,17,21,臺中市,中區,0,1,0,8,1,5,50,4,1,1,5,4,5,7,2,1,10,5,5,2,16,9,3,10,1,1,B03,7,6,1,8,2,5,  ,9,9,1,5,8,B03,24.137601,120.684928,2
2018,12,25,17,24,臺中市,豐原區,0,0,,8,,,50,,,,,,,,,,,,,,,,,,,,B03,,,1,,2,,,23,,  ,  ,,B03,24.244166,120.707222,3
2018,12,25,17,25,臺中市,大甲區,0,1,0,8,3,5,50,4,1,1,5,4,5,7,4,4,5,5,5,2,17,6,3,10,1,1,B03,7,6,1,8,2,5,  ,6,6,1,5,9,B03,24.158942,120.648457,2
2018,12,25,17,25,臺中市,后里區,0,1,0,8,2,5,60,3,1,1,5,4,5,7,1,1,1,5,5,1,16,9,3,10,1,1,B03,7,6,1,8,2,5,  ,9,9,1,4,5,B03,24.287228,120.72295,2
2018,12,25,17,27,臺中市,太平區,0,0,0,8,,,40,,,,,,,,,,,,,,,42,  ,  ,  ,  ,B03,  ,  ,1,  ,2,  ,  ,42,42,1,4,  ,B03,24.126519,120.726719,3
2018,12,25,17,27,臺中市,大甲區,0,0,,,,,,,,,,,,,,,,,,,,,,,,,B03,,,1,,2,,,23,,1,  ,,B03,24.353029,120.629323,3
2018,12,25,17,28,臺中市,后里區,0,1,0,4,3,5,60,4,2,1,5,4,5,7,1,1,5,3,5,1,17,43,3,10,1,1,B12,7,9,1,8,2,5,  ,43,43,1,21,8,B12,24.321763,120.724928,2
2018,12,25,17,30,臺中市,太平區,0,1,0,8,3,5,50,3,2,1,5,4,5,7,4,4,5,5,5,2,17,23,2,9,1,1,C03,7,9,6,18,2,11,  ,23,23,1,21,8,C03,24.11641,120.71215,2
2018,12,25,17,31,臺中市,北區,0,1,0,8,2,5,50,3,1,1,5,4,5,7,4,4,10,5,5,2,14,12,3,10,1,1,B03,7,2,1,8,2,3,  ,12,12,1,22,8,B03,24.154519,120.700563,2
2018,12,25,17,33,臺中市,大肚區,0,2,0,8,3,5,50,5,1,1,5,4,5,7,2,1,10,5,5,2,16,42,2,9,1,1,C03,7,15,1,10,2,14,  ,42,42,1,21,8,C03,24.124265,120.563035,2
2018,12,25,17,37,臺中市,太平區,0,1,0,8,1,5,50,4,1,1,5,4,5,7,1,1,10,5,5,2,16,6,3,10,1,1,B03,7,6,1,8,2,5,  ,6,6,1,20,5,B03,24.149417,120.714106,2
2018,12,25,17,39,臺中市,南屯區,0,0,,8,,,50,,,,,,,,,,,,,,,,,,,,B03,,,1,,2,,,19,,1,5,,B03,24.141165,120.636196,3
2018,12,25,17,39,臺中市,梧棲區,0,0,,8,,,70,,,,,,,,,,,,,,,7,,,,,B03,,,1,,2,,,44,7,  ,  ,,B03,24.252388,120.529141,4
2018,12,25,17,40,臺中市,烏日區,0,0,,8,,,50,,,,,,,,,,,,,,,,,,,,B03,,,1,,2,,,18,,1,  ,,B03,24.109302,120.641767,3
2018,12,25,17,40,臺中市,大安區,0,2,0,8,1,5,50,4,1,1,5,4,5,7,3,1,10,5,5,2,17,8,2,9,1,1,C02,7,5,1,9,2,12,  ,8,8,1,22,9,C02,24.375539,120.596387,2
2018,12,25,17,45,臺中市,大里區,0,0,,8,,,50,,,,,,,,,,,,,,,,,,,,C03,,,1,,9,,,17,,2,20,,C03,24.09074,120.693131,3
2018,12,25,17,46,臺中市,潭子區,0,1,0,8,3,5,50,14,9,1,5,4,5,7,4,4,9,4,5,2,16,11,2,9,1,1,C03,7,11,1,10,2,14,  ,11,11,1,22,8,C03,24.211601,120.705044,2
2018,12,25,17,49,臺中市,神岡區,0,0,0,8,,,50,,,,,,,,,,,,,,,6,  ,  ,  ,  ,B03,  ,  ,1,  ,2,  ,  ,6,6,1,21,  ,B03,24.257631,120.689252,3
2018,12,25,17,50,臺中市,霧峰區,0,0,,8,,,40,,,,,,,,,,,,,,,,,,,,B03,,,1,,2,,,17,,1,22,,B03,24.070583,120.702711,3
2018,12,25,17,51,臺中市,北屯區,0,0,,8,,,50,,,,,,,,,,,,,,,,,,,,C03,,,1,,2,,,16,,1,22,,C03,24.182586,120.721612,3
2018,12,25,17,53,臺中市,南區,0,0,0,8,,,50,,,,,,,,,,,,,,,43,  ,  ,  ,  ,C03,  ,  ,1,  ,11,  ,  ,43,43,  ,9,  ,C03,24.133913,120.678301,3
2018,12,25,17,57,臺中市,西區,0,0,,8,,,50,,,,,,,,,,,,,,,17,,,,,B02,,,1,,2,,,23,17,1,10,,B02,24.140083,120.665757,3
2018,12,25,17,59,臺中市,中區,0,2,0,8,3,5,50,4,1,1,5,4,5,7,2,1,10,5,5,2,16,6,2,9,1,1,C03,7,5,1,10,2,12,  ,6,6,1,5,5,C03,24.14227,120.676526,2
2018,12,25,18,0,臺中市,豐原區,0,2,0,7,3,5,50,3,1,1,5,4,5,7,4,4,5,4,4,2,17,6,3,10,1,1,B03,7,5,1,8,2,5,  ,6,6,1,21,8,B03,24.249252,120.714338,2
2018,12,25,18,0,臺中市,大雅區,0,2,0,8,3,5,50,14,9,1,5,4,5,7,4,4,9,5,5,1,16,23,2,9,1,1,C03,7,9,1,10,2,11,  ,23,23,1,22,9,C03,24.223764,120.647304,2
2018,12,25,18,5,臺中市,西區,0,0,,8,,,50,,,,,,,,,,,,,,,,,,,,B03,,,1,,2,,,7,,1,5,,B03,24.145856,120.671776,3
2018,12,25,18,7,臺中市,北屯區,0,0,0,8,,,50,,,,,,,,,,,,,,,23,  ,  ,  ,  ,B03,  ,  ,1,  ,2,  ,  ,23,23,  ,21,  ,B03,24.164614,120.694195,3
2018,12,25,18,7,臺中市,沙鹿區,0,1,0,6,1,5,40,14,9,1,4,4,5,7,4,4,10,5,5,2,17,5,3,10,1,1,C03,7,9,1,10,2,11,  ,5,5,1,18,5,C03,24.221303,120.578406,2
2018,12,25,18,8,臺中市,北屯區,0,2,0,8,2,5,50,14,9,1,5,4,5,7,4,4,5,4,5,2,13,16,2,9,1,1,C03,7,9,1,10,2,11,  ,16,16,1,18,8,C03,24.1987,120.7655,2
2018,12,25,18,11,臺中市,北屯區,0,1,0,8,3,5,50,4,4,1,5,4,5,7,2,1,1,2,4,2,13,23,3,10,1,1,B03,7,9,1,8,2,8,  ,23,23,1,21,8,B03,24.174468,120.685703,2
2018,12,25,18,14,臺中市,西屯區,0,1,0,8,3,5,50,3,2,1,5,4,5,7,4,4,9,4,4,2,12,43,2,9,1,1,C03,7,9,2,18,2,11,  ,43,43,1,21,7,C03,24.170164,120.63624,2
2018,12,25,18,20,臺中市,潭子區,0,0,,8,,,40,,,,,,,,,,,,,,,,,,,,C03,,,1,,2,,,6,,1,22,,C03,24.210425,120.706825,3
2018,12,25,18,25,臺中市,梧棲區,0,1,0,8,3,5,50,4,1,1,5,4,5,7,1,1,10,5,5,2,16,25,2,9,3,4,C03,7,5,1,10,5,14,  ,25,25,1,21,8,C03,24.252965,120.550715,2
2018,12,25,18,30,臺中市,中區,0,0,0,8,,,50,,,,,,,,,,,,,,,26,3,  ,  ,  ,B03,  ,  ,1,8,2,5,  ,26,26,1,21,8,B03,24.143199,120.685695,3
2018,12,25,18,30,臺中市,神岡區,0,0,,8,,,50,,,,,,,,,,,,,,,,,,,,B02,,,1,,2,,,7,,1,21,,B02,24.248479,120.696944,3
2018,12,25,18,36,臺中市,潭子區,0,0,,8,2,5,50,14,9,1,5,4,5,7,4,4,9,4,5,2,14,,,,,,B03,,,1,,2,,,12,,1,22,,B03,24.21078,120.705119,3
2018,12,25,18,39,臺中市,清水區,,,,6,,,70,,,,,,,,,,,,,,,17,,,,,A41,,,1,,2,,,17,17,1,21,,A41,24.289394,120.540443,3
2018,12,25,18,40,臺中市,南區,0,0,0,,,,,,,,,,,,,,,,,,,,3,  ,  ,  ,B03,  ,  ,1,  ,2,  ,  ,12,  ,1,21,  ,B03,24.124278,120.660244,3
2018,12,25,18,41,臺中市,西屯區,0,1,0,8,3,5,40,14,8,1,5,4,5,7,4,4,1,4,5,2,16,19,3,10,3,4,B03,7,1,1,8,2,5,  ,19,19,1,22,8,B03,24.165163,120.645283,2
2018,12,25,18,45,臺中市,西區,0,1,0,8,1,5,50,4,2,1,5,4,5,7,1,1,3,2,4,2,16,6,3,10,1,1,B03,7,6,1,8,2,5,  ,6,6,1,21,5,B03,24.147973,120.673672,2
2018,12,25,18,47,臺中市,烏日區,0,0,,8,,,50,,,,,,,,,,,,,,,,,,,,B12,,,1,,3,,,23,,1,  ,,B12,24.102935,120.615393,3
2018,12,25,18,48,臺中市,南區,0,0,,,,,,,,,,,,,,,,,,,,,,,,,C03,,,1,,2,,,16,,1,  ,,C03,24.116002,120.666802,3
2018,12,25,18,50,臺中市,南屯區,0,0,0,8,,,50,,,,,,,,,,,,,,,,3,  ,  ,  ,B03,  ,  ,1,  ,2,  ,  ,23,  ,1,22,  ,B03,24.155664,120.647481,4
2018,12,25,18,55,臺中市,大雅區,0,1,0,8,1,5,50,5,1,1,5,4,5,7,1,1,10,5,5,2,16,25,2,9,1,1,C03,7,11,1,10,2,12,  ,25,25,1,22,9,C03,24.227361,120.65067,2
2018,12,25,18,58,臺中市,北屯區,0,3,0,8,3,5,50,14,7,1,5,4,5,7,4,4,9,5,5,2,16,23,2,9,1,1,C03,7,9,1,10,2,12,  ,23,23,1,22,8,C03,24.171218,120.692923,2
2018,12,25,19,0,臺中市,大甲區,0,1,0,6,3,5,50,14,9,1,4,4,5,7,4,4,1,4,1,1,17,42,3,10,1,1,B03,7,8,1,8,2,2,5,42,42,1,22,1,B03,24.400665,120.663415,2
2018,12,25,19,2,臺中市,西區,0,1,0,8,3,5,50,4,8,1,5,4,5,7,1,1,5,4,5,2,3,51,3,10,1,1,B03,7,6,6,8,2,5,  ,23,51,1,21,8,B03,24.144947,120.649871,2
2018,12,25,19,4,臺中市,南屯區,0,0,,8,,,50,,,,,,,,,,,,,,,7,,,,,C03,,,1,,2,,,27,7,1,5,,C03,24.148546,120.646461,3
2018,12,25,19,7,臺中市,北屯區,0,0,0,8,,,50,,,,,,,,,,,,,,,23,  ,  ,  ,  ,B03,  ,  ,1,  ,2,  ,  ,23,23,  ,21,  ,B03,24.180028,120.66714,3
2018,12,25,19,18,臺中市,西屯區,0,0,,8,,,60,,,,,,,,,,,,,,,,,,,,B03,,,1,,2,,,42,,1,21,,B03,24.179207,120.623079,3
2018,12,25,19,18,臺中市,太平區,0,1,0,8,3,5,50,14,9,1,5,4,5,7,4,4,1,4,5,2,13,23,2,8,1,1,C03,7,9,1,10,2,11,  ,23,23,1,5,8,C03,24.156666,120.717222,2
2018,12,25,19,30,臺中市,西屯區,0,2,0,8,3,5,50,3,1,1,5,4,5,7,3,1,10,5,5,2,12,10,2,9,3,4,C03,7,11,1,10,2,14,  ,10,10,1,22,9,C03,24.158433,120.639093,2
2018,12,25,19,30,臺中市,大里區,0,0,,8,,,40,,,,,,,,,,,,,,,,,,,,B12,,,1,,2,,,18,,1,4,,B12,24.084066,120.702076,3
2018,12,25,19,33,臺中市,潭子區,0,2,0,8,3,5,60,3,7,1,5,4,5,7,4,4,3,3,4,1,13,23,2,8,1,1,B03,7,14,1,8,2,3,  ,26,23,1,22,8,B03,24.200055,120.703258,2
2018,12,25,19,38,臺中市,梧棲區,0,1,0,8,3,5,50,14,9,1,5,4,5,7,4,4,5,5,5,2,11,26,3,10,3,4,B03,7,9,1,8,2,4,  ,26,26,1,21,8,B03,24.248538,120.530406,2
2018,12,25,19,44,臺中市,北區,0,1,0,8,2,5,50,4,18,1,5,4,5,7,2,1,10,5,5,2,3,15,3,10,1,1,B03,7,5,1,8,2,8,  ,15,15,1,22,8,B03,24.159139,120.680969,2
2018,12,25,19,44,臺中市,北屯區,0,1,0,8,2,5,50,4,1,1,5,4,5,7,1,1,10,5,5,2,18,23,2,9,1,1,C03,7,9,1,10,8,14,  ,23,23,1,22,8,C03,24.1819,120.7213,2
2018,12,25,19,45,臺中市,西屯區,0,0,,8,,,50,,,,,,,,,,,,,,,,,,,,B12,,,1,,2,,,43,,1,22,,B12,24.182506,120.602505,3
2018,12,25,19,48,臺中市,外埔區,0,1,0,6,3,5,40,4,1,1,4,4,5,3,4,4,10,5,5,2,15,6,2,9,1,1,B12,7,9,1,8,3,7,  ,6,6,1,10,5,B12,24.33296,120.655721,2
2018,12,25,19,56,臺中市,西屯區,0,1,0,8,3,5,40,4,1,1,5,4,5,7,2,1,10,5,5,2,13,16,2,9,3,4,C03,7,9,1,10,2,11,  ,16,16,1,22,8,C03,24.1748,120.639681,2
2018,12,25,20,0,臺中市,北區,0,0,,8,,,50,,,,,,,,,,,,,,,,,,,,B03,,,1,,2,,,23,,1,  ,,B03,24.156873,120.687166,3
2018,12,25,20,0,臺中市,烏日區,0,0,,8,,,40,,,,,,,,,,,,,,,,,,,,B03,,,1,,2,,,23,,1,21,,B03,24.097755,120.641986,3
2018,12,25,20,0,臺中市,潭子區,0,1,0,8,3,5,50,14,7,1,5,4,5,7,4,4,1,4,4,2,18,14,2,9,1,1,C03,7,9,1,10,2,15,  ,14,14,1,22,9,C03,24.206769,120.711202,2
2018,12,25,20,2,臺中市,沙鹿區,0,2,0,8,3,5,50,4,1,1,5,4,5,7,4,4,5,5,5,1,16,6,3,10,1,1,B03,7,9,1,8,2,5,  ,6,6,1,19,8,B03,24.227194,120.56943,2
2018,12,25,20,4,臺中市,東區,0,2,0,7,3,5,50,4,1,1,5,4,5,7,1,1,9,4,5,2,16,44,3,10,1,1,B03,7,6,1,8,2,2,  ,44,44,1,5,8,B03,24.141015,120.710101,2
2018,12,25,20,4,臺中市,沙鹿區,0,1,0,8,1,5,50,14,8,1,5,4,5,7,4,4,1,4,4,2,16,7,3,10,1,1,B03,7,8,1,8,2,5,  ,7,7,1,5,5,B03,24.23414,120.560907,2
2018,12,25,20,9,臺中市,潭子區,0,1,0,8,3,7,40,3,9,1,5,4,5,4,4,4,10,5,5,1,16,6,3,10,1,1,B03,7,6,1,8,2,8,  ,6,6,1,22,8,B03,24.209548,120.714676,2
2018,12,25,20,14,臺中市,西屯區,0,0,0,8,,,50,,,,,,,,,,,,,,,26,  ,  ,  ,  ,B03,  ,  ,1,  ,2,  ,  ,26,26,  ,22,  ,B03,24.175766,120.650521,3
2018,12,25,20,15,臺中市,西屯區,0,1,0,8,3,5,50,4,1,1,5,4,5,7,4,4,9,4,4,2,17,7,3,10,1,1,C03,7,8,1,10,2,15,  ,7,7,1,21,8,C03,24.156507,120.652505,2
2018,12,25,20,20,臺中市,大甲區,0,1,0,8,3,5,50,14,7,1,5,4,5,7,4,4,5,5,4,1,17,38,3,10,1,1,B03,7,14,1,10,2,4,  ,38,38,1,22,9,B03,24.342773,120.628333,2
2018,12,25,20,30,臺中市,大甲區,0,1,0,6,3,5,50,4,1,1,4,4,5,7,3,1,10,5,5,2,17,42,2,9,1,1,C03,7,5,1,10,2,11,  ,42,42,1,22,8,C03,24.355953,120.622304,2
2018,12,25,20,41,臺中市,北屯區,0,0,0,8,,,50,,,,,,,,,,,,,,,12,  ,  ,  ,  ,B03,  ,  ,1,  ,2,  ,  ,12,12,  ,21,  ,B03,24.172316,120.68443,3
2018,12,25,21,4,臺中市,北屯區,0,1,0,8,3,5,40,4,1,1,5,4,5,7,4,4,10,5,5,2,15,6,3,10,1,1,B03,7,9,1,8,2,5,  ,6,6,1,4,8,B03,24.1725,120.7324,2
2018,12,25,21,15,臺中市,大里區,0,0,,8,,,50,,,,,,,,,,,,,,,,,,,,B12,,,1,,2,,,42,,1,9,,B12,24.08036,120.698403,3
2018,12,25,21,20,臺中市,西屯區,0,3,0,8,3,5,50,4,1,1,5,4,5,7,4,4,10,5,5,2,12,42,2,9,3,4,C03,7,5,1,10,2,13,  ,42,42,1,22,9,C03,24.176811,120.645111,2
2018,12,25,21,21,臺中市,南屯區,0,2,0,8,3,5,50,4,1,1,5,4,5,7,4,4,10,5,5,2,16,6,2,6,1,1,C03,7,5,1,10,11,11,  ,6,6,2,9,8,C03,24.11674,120.627038,2
2018,12,25,21,25,臺中市,沙鹿區,0,1,0,8,3,5,50,3,1,1,5,4,5,7,2,1,1,4,4,1,23,42,2,1,1,1,C03,7,9,1,10,2,11,  ,42,42,1,2,8,C03,24.209706,120.581164,2
2018,12,25,21,25,臺中市,沙鹿區,0,1,0,6,3,5,50,3,1,1,4,4,5,7,4,4,10,5,5,2,16,9,3,10,1,1,B03,7,6,1,8,2,2,  ,9,9,1,2,8,B03,24.228267,120.574234,2
2018,12,25,21,27,臺中市,西區,0,2,0,8,1,5,50,4,1,1,5,4,5,7,4,4,10,5,5,2,15,6,2,8,1,1,C03,7,9,1,10,2,11,  ,6,6,1,5,8,C03,24.154903,120.659451,2
2018,12,25,21,28,臺中市,西屯區,0,0,0,8,,,50,,,,,,,,,,,,,,,26,  ,  ,  ,  ,B03,  ,  ,1,  ,2,  ,  ,26,26,1,22,  ,B03,24.195285,120.658188,3
2018,12,25,21,30,臺中市,西屯區,0,0,0,8,3,5,50,3,1,1,5,4,5,7,4,4,10,5,5,2,16,43,3,10,3,4,B03,7,6,1,8,9,15,  ,43,43,1,22,9,B03,24.177698,120.666022,3
2018,12,25,21,36,臺中市,南屯區,0,0,,8,,,50,,,,,,,,,,,,,,,,,,,,B03,,,1,,2,,,23,,1,5,,B03,24.141058,120.642201,3
2018,12,25,21,36,臺中市,西屯區,0,0,0,8,,,40,,,,,,,,,,,,,,,23,  ,  ,  ,  ,C03,  ,  ,1,  ,2,  ,  ,23,23,1,21,  ,C03,24.165184,120.644479,3
2018,12,25,21,55,臺中市,西區,0,2,0,8,1,5,50,4,1,1,5,4,5,7,1,1,10,5,5,2,17,26,3,10,1,1,B03,7,5,1,8,2,2,  ,26,26,1,22,9,B03,24.140072,120.661499,2
2018,12,25,22,0,臺中市,北屯區,0,2,0,8,3,5,40,3,2,1,5,4,5,7,4,4,10,5,5,2,16,6,2,9,1,1,C03,7,5,1,10,2,11,  ,6,6,1,21,8,C03,24.167384,120.702821,2
2018,12,25,22,15,臺中市,龍井區,0,0,,8,,,70,,,,,,,,,,,,,,,,,,,,B03,,,1,,3,,,23,,1,22,,B03,24.19199,120.5796,3
2018,12,25,22,25,臺中市,東區,0,1,0,8,3,5,50,4,1,1,5,4,5,7,1,1,10,5,5,2,13,23,3,10,1,1,C03,7,9,1,10,2,11,  ,23,23,1,22,8,C03,24.13379,120.708114,2
2018,12,25,22,27,臺中市,大雅區,0,0,0,8,3,5,50,14,7,1,5,4,5,7,4,4,3,4,4,1,13,23,3,10,1,1,B03,7,9,6,18,8,1,  ,23,23,1,21,8,B03,24.215373,120.64949,3
2018,12,25,22,55,臺中市,西屯區,0,0,0,6,,,50,,,,,,,,,,,,,,16,43,  ,  ,  ,  ,B03,  ,  ,1,  ,2,4,  ,43,43,1,22,  ,B03,24.179066,120.614693,3
2018,12,25,23,10,臺中市,中區,0,0,,8,,,50,,,,,,,,,,,,,,,,,,,,B03,,,1,,2,,,23,,1,5,,B03,24.144112,120.67761,3
2018,12,25,23,37,臺中市,西區,0,1,0,8,3,5,50,3,1,1,5,4,5,7,4,4,10,4,5,2,16,6,3,10,1,1,B03,7,5,1,8,2,8,  ,6,6,1,21,8,B03,24.146719,120.653538,2
2018,12,25,23,43,臺中市,西屯區,0,1,0,8,3,5,50,3,2,1,5,4,5,7,2,1,10,5,5,2,16,26,3,10,1,1,B02,7,9,1,4,2,8,  ,26,26,1,22,8,B02,24.163492,120.662534,2
2018,12,26,0,26,臺中市,大里區,0,0,,8,,,50,,,,,,,,,,,,,,,,,,,,C03,,,1,,2,,,23,,1,  ,,C03,24.106515,120.688371,3
2018,12,26,1,0,臺中市,南屯區,0,0,0,8,,,50,,,,,,,,4,,,,,,,1,3,  ,  ,  ,C03,  ,  ,1,  ,2,  ,  ,1,1,1,21,  ,C03,24.153668,120.645383,3
2018,12,26,1,10,臺中市,西屯區,0,3,0,8,3,5,50,4,1,1,5,4,5,7,2,1,10,5,5,2,16,25,2,9,1,1,C03,7,5,1,10,2,12,  ,25,25,1,22,8,C03,24.170349,120.630766,2
2018,12,26,1,20,臺中市,東區,0,3,0,8,3,5,50,4,1,1,5,4,5,7,3,1,5,5,4,2,15,6,2,9,1,1,C03,7,9,2,18,2,11,  ,6,6,1,21,8,C03,24.135266,120.688487,2
2018,12,26,1,26,臺中市,龍井區,0,0,,8,,,40,,,,,,,,,,,,,,,,,,,,B03,,,1,,2,,,6,,1,22,,B03,24.186388,120.577631,3
2018,12,26,1,44,臺中市,西屯區,0,0,0,8,3,5,60,4,2,1,5,4,5,7,2,1,1,1,1,1,12,7,  ,  ,  ,  ,B01,  ,  ,1,  ,2,  ,  ,7,7,1,22,  ,B01,24.164538,120.649995,3
2018,12,26,3,52,臺中市,北區,0,1,0,8,3,5,50,3,1,1,5,4,5,7,4,4,10,5,5,2,16,6,3,10,1,1,B12,7,6,6,8,2,5,  ,6,6,1,22,8,B12,24.162982,120.667562,2
2018,12,26,4,5,臺中市,大甲區,0,0,,6,,,50,,,,,,,,,,,,,,,,,,,,B03,,,1,,2,,,6,,1,9,,B03,24.345178,120.623839,3
2018,12,26,5,45,臺中市,石岡區,0,1,0,8,1,5,70,14,13,1,5,4,5,7,4,4,5,4,4,1,13,23,2,9,1,1,C03,7,9,1,10,2,11,  ,23,23,1,21,8,C03,24.274776,120.77453,2