年,月,日,時,分,縣市,區,死,受傷,2-30,天候,光線,道路類別,速限,道路型態,事故位置,路面鋪裝,路面狀態,路面缺陷,障礙物,視距,號誌種類,號誌動作,分向設施,快車道或一般車道間,快慢車道間,路面邊線,事故類型及型態,主要肇因,受傷程度,主要傷處,保護裝備,行動電話,當事者區分_類別,車輛用途,當事者行動狀態,駕駛資格情形,駕駛執照種類,飲酒情形,車輛撞擊部位最初,車輛撞擊部位其他,肇事因素個別,肇事因素主要,肇事逃逸,職業,旅次目的,車種,GPS座標X,GPS座標Y,事故類別
2018,12,26,5,58,臺中市,南屯區,0,0,0,8,2,5,50,5,1,1,5,4,5,7,3,4,10,5,5,2,15,6,3,10,1,1,B03,7,9,1,8,2,8,  ,6,6,1,19,8,B03,24.143804,120.64877,3
2018,12,26,6,54,臺中市,西屯區,0,1,0,8,3,5,50,5,1,1,5,4,5,7,2,1,10,5,5,2,16,25,3,10,1,1,B03,7,5,1,8,2,6,  ,25,25,1,22,8,B03,24.190972,120.615456,2
2018,12,26,7,0,臺中市,北區,0,0,,8,,,50,,,,,,,,,,,,,,,,,,,,B03,,,1,,2,,,23,,  ,22,,B03,24.15893,120.690782,3
2018,12,26,7,6,臺中市,外埔區,0,0,,8,,,40,,,,,,,,,,,,,,,,,,,,B03,,,1,,2,,,8,,1,4,,B03,24.335043,120.626786,3
2018,12,26,7,10,臺中市,清水區,0,0,,,,,40,,,,,,,,,,,,,,,,,,,,B03,,,1,,2,,,6,,1,5,,B03,24.269098,120.564544,3
2018,12,26,7,10,臺中市,大雅區,0,1,0,8,1,5,50,14,9,1,5,4,5,7,4,4,5,4,4,1,12,23,2,9,1,1,C03,7,9,1,10,2,11,  ,23,23,1,22,9,C03,24.219114,120.640588,2
2018,12,26,7,19,臺中市,東區,0,1,0,8,1,5,40,3,1,1,5,4,5,7,4,4,5,2,4,2,17,19,3,10,1,1,C03,7,1,1,10,2,11,  ,19,19,1,21,8,C03,24.130452,120.705572,2
2018,12,26,7,19,臺中市,太平區,0,2,0,8,1,5,50,5,1,1,5,4,5,7,1,1,10,5,5,2,11,25,2,8,1,1,C03,7,6,1,10,2,11,  ,25,25,1,4,1,C03,24.149804,120.72486,2
2018,12,26,7,22,臺中市,北區,0,0,,8,,,50,,,,,,,,,,,,,,,,,,,,B03,,,1,,2,,,23,,1,22,,B03,24.1516,120.678,3
2018,12,26,7,28,臺中市,北屯區,0,1,0,8,1,5,50,4,1,1,5,4,5,7,1,1,10,5,5,2,12,8,3,10,1,1,B02,7,5,1,8,2,8,  ,8,8,1,22,8,B02,24.183775,120.682065,2
2018,12,26,7,30,臺中市,大里區,0,2,0,8,1,5,50,14,9,1,5,4,5,7,4,4,9,4,5,2,16,6,2,9,1,1,C03,7,5,1,10,2,13,  ,6,6,1,11,8,C03,24.092843,120.714925,2
2018,12,26,7,35,臺中市,梧棲區,0,2,0,8,1,5,40,4,2,1,5,3,5,7,4,4,10,5,5,2,16,23,2,8,1,1,C03,7,9,1,10,2,11,  ,23,23,1,2,1,C03,24.242147,120.558126,2
2018,12,26,7,40,臺中市,潭子區,0,0,,8,,,50,,,,,,,,,,,,,,,,,,,,B12,,,1,,2,,,23,,1,22,,B12,24.200452,120.704972,3
2018,12,26,7,41,臺中市,西區,0,0,,8,1,5,50,14,9,1,5,4,5,7,4,4,5,2,5,2,12,,,,,,B03,,,1,,2,,,40,,1,22,,B03,24.137415,120.666503,3
2018,12,26,7,43,臺中市,東區,0,1,0,8,1,5,40,4,1,1,5,4,5,7,4,4,10,5,5,2,15,6,2,1,1,1,B03,7,9,1,1,2,5,  ,6,6,1,22,8,B03,24.128932,120.693021,2
2018,12,26,7,45,臺中市,龍井區,0,0,,8,,,40,,,,,,,,,,,,,,,,,,,,B03,,,1,,2,,,23,,1,  ,,B03,24.124579,120.532147,3
2018,12,26,7,45,臺中市,大安區,0,2,0,7,1,5,50,4,1,1,5,4,5,7,1,1,10,5,5,2,17,5,2,8,1,1,C03,7,6,1,10,2,13,  ,5,5,1,21,8,C03,24.372905,120.607949,2
2018,12,26,7,46,臺中市,后里區,0,0,,8,,,50,,,,,,,,,,,,,,,6,,,,,C03,,,1,,2,,,6,6,1,  ,,C03,24.309426,120.732536,3
2018,12,26,7,49,臺中市,梧棲區,0,2,0,8,1,5,50,4,2,1,5,4,5,7,1,1,10,5,5,2,16,23,2,9,1,1,C03,7,5,1,10,2,12,  ,23,23,1,21,1,C03,24.258908,120.536024,2
2018,12,26,7,50,臺中市,北屯區,0,0,,8,,,50,,,,,,,,,,,,,,,,,,,,B03,,,1,,2,,,16,,1,5,,B03,24.164486,120.6937,3
2018,12,26,7,50,臺中市,霧峰區,0,0,,8,,,40,,,,,,,,,,,,,,,,,,,,C03,,,1,,2,,,6,,1,22,,C03,24.080035,120.713811,3
2018,12,26,7,50,臺中市,烏日區,0,2,0,8,1,5,40,4,9,1,5,4,5,7,4,4,10,5,5,1,16,23,2,9,1,1,C03,7,9,1,10,2,11,  ,23,23,1,22,8,C03,24.078773,120.641124,2
2018,12,26,7,50,臺中市,大雅區,0,1,0,7,1,5,40,11,9,1,4,4,5,7,4,4,10,5,5,2,11,5,3,10,1,1,B12,7,9,1,4,2,1,  ,5,5,1,22,8,B12,24.23291,120.612318,2
2018,12,26,7,55,臺中市,北屯區,0,1,0,8,1,5,50,4,1,1,5,4,5,7,4,4,10,5,5,2,15,6,2,8,3,4,B03,7,9,1,8,2,5,  ,6,6,1,21,8,B03,24.187151,120.658866,2
2018,12,26,7,56,臺中市,西區,0,0,0,8,1,5,50,14,9,1,5,4,5,7,4,4,9,5,5,2,12,,3,  ,  ,  ,B03,  ,  ,1,  ,2,  ,  ,23,  ,1,21,  ,B03,24.13948,120.671761,3
2018,12,26,7,56,臺中市,沙鹿區,0,0,,8,,,50,,,,,,,,,,,,,,,,,,,,B03,,,1,,2,,,23,,1,  ,,B03,24.22072,120.585473,3
2018,12,26,8,0,臺中市,南屯區,0,1,0,8,1,5,50,14,9,1,5,4,5,7,4,4,9,5,5,2,16,43,2,8,1,1,C03,7,1,1,10,2,11,  ,43,43,1,22,9,C03,24.149003,120.612994,2
2018,12,26,8,5,臺中市,西屯區,0,1,0,8,1,5,50,4,1,1,5,4,5,7,2,1,1,5,5,2,15,25,2,9,1,1,C03,7,9,1,10,2,11,  ,25,25,1,22,8,C03,24.196227,120.654885,2
2018,12,26,8,6,臺中市,北屯區,0,1,0,8,1,5,50,3,2,1,5,4,5,7,4,4,1,4,5,2,29,65,  ,  ,  ,  ,   ,  ,  ,  ,  ,  ,  ,  ,65,65,1,  ,  ,   ,24.17184,120.698405,2
2018,12,26,8,8,臺中市,潭子區,0,0,,8,,,60,,,,,,,,,,,,,,,,,,,,B03,,,1,,2,,,23,,1,22,,B03,24.216847,120.685986,3
2018,12,26,8,14,臺中市,西區,0,1,0,8,1,5,50,4,1,1,5,4,5,7,4,4,10,5,5,2,18,42,3,10,1,1,B03,7,9,1,8,2,15,  ,44,42,1,19,5,B03,24.151592,120.673634,2
2018,12,26,8,14,臺中市,南屯區,0,2,0,8,1,5,50,4,1,1,5,4,5,7,1,1,10,5,5,2,16,8,2,8,1,1,B02,7,5,1,4,2,2,  ,8,8,1,10,9,B02,24.145248,120.634566,2
2018,12,26,8,14,臺中市,潭子區,0,1,0,8,1,5,50,14,9,1,5,4,5,7,4,4,5,4,5,1,13,23,3,10,1,1,B03,7,9,1,8,2,5,  ,23,23,1,21,8,B03,24.195438,120.702578,2
2018,12,26,8,15,臺中市,大里區,0,0,,8,,,50,,,,,,,,,,,,,,,,,,,,C03,,,1,,11,,,12,,2,22,,C03,24.096077,120.703264,3
2018,12,26,8,15,臺中市,太平區,0,2,0,8,1,5,50,3,2,1,5,4,5,7,4,4,5,4,5,1,16,19,2,9,1,1,C03,7,1,4,8,2,11,  ,19,19,1,21,8,C03,24.145041,120.734377,2
2018,12,26,8,23,臺中市,北屯區,0,1,0,8,1,5,50,4,1,1,5,4,5,7,1,1,10,5,5,2,17,43,2,9,1,1,C03,7,9,1,10,2,12,  ,43,43,1,22,1,C03,24.182276,120.710738,2
2018,12,26,8,28,臺中市,北屯區,0,1,0,8,1,5,50,3,1,1,5,4,5,7,3,1,10,5,5,2,16,6,3,10,1,1,B03,7,6,1,8,2,2,  ,6,6,1,22,8,B03,24.178243,120.715728,2
2018,12,26,8,30,臺中市,北區,0,2,0,8,1,5,50,14,8,1,5,4,5,7,1,1,3,4,4,2,13,16,2,8,1,1,C03,7,9,1,10,2,11,  ,16,16,1,22,8,C03,24.168821,120.672539,2
2018,12,26,8,32,臺中市,東區,0,0,0,8,,,50,,,,,,,,,,,,,,,19,  ,  ,  ,  ,B03,  ,  ,1,  ,2,  ,  ,19,19,1,5,  ,B03,24.134591,120.69083,3
2018,12,26,8,37,臺中市,南屯區,0,0,,8,,,50,,,,,,,,,,,,,,,,,,,,B03,,,1,,2,,,23,,1,22,,B03,24.148519,120.6455,3
2018,12,26,8,40,臺中市,南屯區,0,2,0,8,1,5,50,3,1,1,5,4,5,7,4,4,10,5,5,2,16,19,2,8,1,1,C03,7,1,1,10,2,14,  ,19,19,1,22,9,C03,24.151263,120.615874,2
2018,12,26,8,44,臺中市,霧峰區,0,0,0,8,1,5,70,14,9,1,5,4,5,7,4,4,1,,5,1,13,16,3,10,1,1,B03,7,9,1,8,2,1,  ,16,16,1,18,8,B03,24.052319,120.695305,3
2018,12,26,8,49,臺中市,大甲區,0,1,0,8,1,5,50,4,1,1,5,4,5,7,4,4,10,5,5,2,15,6,3,10,1,1,B03,7,9,1,8,2,5,  ,6,6,1,21,8,B03,24.354459,120.6205,2
2018,12,26,8,50,臺中市,神岡區,0,0,,8,,,50,,,,,,,,,,,,,,,44,,,,,C03,,,1,,2,,,14,44,1,21,,C03,24.26004,120.704902,3
2018,12,26,8,53,臺中市,北屯區,0,1,0,8,1,5,50,4,19,1,5,4,5,7,2,1,5,5,4,2,3,51,2,9,4,5,H01,8,17,8,20,2,16,  ,51,51,1,5,8,H01,24.17167,120.688496,2
2018,12,26,8,55,臺中市,南區,0,0,0,8,1,5,50,14,9,1,5,4,5,7,4,4,10,3,5,2,16,19,3,10,1,1,B03,7,1,1,8,2,8,  ,44,19,1,21,8,B03,24.116747,120.665899,3
2018,12,26,8,56,臺中市,南區,0,2,0,8,1,5,50,4,1,1,5,4,5,7,1,1,10,5,5,2,16,26,2,9,1,1,C03,7,5,1,10,2,12,  ,26,26,1,22,9,C03,24.127638,120.662646,2
2018,12,26,8,57,臺中市,南屯區,0,1,0,8,1,5,50,4,19,1,5,4,5,7,2,1,1,4,4,2,3,15,3,10,1,1,B03,7,5,1,8,2,1,  ,15,15,1,22,8,B03,24.150957,120.613937,2
2018,12,26,9,0,臺中市,北屯區,0,0,0,8,,,50,,,,,,,,,,,,,,,6,3,  ,  ,  ,B12,  ,  ,1,8,2,  ,  ,6,6,1,21,  ,B12,24.168108,120.716723,3
2018,12,26,9,5,臺中市,北屯區,0,1,0,8,1,5,50,3,1,1,5,4,5,7,4,4,10,5,5,2,16,19,3,10,1,1,B12,7,1,1,3,2,8,  ,19,19,1,21,8,B12,24.163598,120.71469,2
2018,12,26,9,16,臺中市,梧棲區,0,1,0,8,1,5,60,14,9,1,5,4,5,7,4,4,1,4,5,1,2,60,2,8,4,5,H01,8,16,8,20,2,16,  ,60,60,1,20,8,H01,24.247634,120.535439,2
2018,12,26,9,17,臺中市,南屯區,0,0,0,8,1,5,50,,1,1,5,4,5,7,1,1,10,5,5,2,12,17,3,10,1,1,C03,7,6,1,10,2,12,  ,17,17,1,22,8,C03,24.129493,120.646126,3
2018,12,26,9,20,臺中市,北屯區,0,2,0,8,1,5,50,4,1,1,5,4,5,7,1,1,10,5,5,2,13,23,2,9,1,1,C03,7,9,1,10,2,11,  ,23,23,1,22,8,C03,24.167558,120.699943,2
2018,12,26,9,21,臺中市,北區,0,1,0,8,1,5,50,4,1,1,5,4,5,7,1,1,10,5,5,2,14,12,3,10,1,1,B12,7,2,1,8,2,3,  ,12,12,1,22,8,B12,24.1517,120.678,2
2018,12,26,9,24,臺中市,大雅區,0,1,0,8,1,5,50,14,9,1,5,4,5,7,4,4,9,5,5,1,12,19,3,10,1,1,B03,7,1,1,8,2,4,  ,19,19,1,22,9,B03,24.214844,120.647624,2
2018,12,26,9,27,臺中市,北區,0,0,,8,,,50,,,,,,,,,,,,,,,,,,,,B03,,,1,,2,,,19,,1,22,,B03,24.1598,120.7018,3
2018,12,26,9,29,臺中市,北屯區,0,1,0,8,1,5,50,4,1,1,5,4,5,7,3,1,10,5,5,2,15,6,3,10,1,1,B03,7,9,1,8,2,1,  ,6,6,1,22,8,B03,24.170235,120.715837,2
2018,12,26,9,30,臺中市,太平區,0,1,0,8,1,5,40,14,12,1,5,4,5,7,4,4,5,5,4,2,13,16,3,10,1,1,C03,7,9,1,10,2,11,  ,16,16,1,5,8,C03,24.150277,120.7125,2
2018,12,26,9,31,臺中市,北區,0,0,,8,,,50,,,,,,,,,,,,,,,,,,,,B12,,,1,,2,,,23,,  ,22,,B12,24.15761,120.694477,3
2018,12,26,9,40,臺中市,西區,0,2,0,8,1,5,50,3,2,1,5,4,5,7,4,4,5,4,4,2,16,26,2,9,1,1,C03,7,5,1,10,2,14,  ,26,26,1,20,9,C03,24.142133,120.671554,2
2018,12,26,9,40,臺中市,南屯區,0,0,0,8,1,5,50,14,9,1,5,4,5,7,4,4,1,4,5,2,12,19,3,10,1,1,B03,7,1,1,8,2,8,  ,19,19,1,22,8,B03,24.144074,120.644007,3
2018,12,26,9,40,臺中市,大里區,0,0,0,8,1,5,40,14,9,1,5,4,5,7,4,4,1,4,5,2,13,23,3,10,1,1,B03,7,9,1,8,2,1,  ,23,23,1,5,8,B03,24.091986,120.691203,3
2018,12,26,9,49,臺中市,北屯區,0,0,0,8,,,50,,,,,,,,,,,,,,,23,  ,  ,  ,  ,B03,  ,  ,1,  ,2,  ,  ,23,23,1,22,  ,B03,24.175675,120.683651,3
2018,12,26,9,50,臺中市,太平區,0,0,,8,,,50,,,,,,,,,,,,,,,,,,,,B03,,,1,,2,,,17,,1,19,,B03,24.149506,120.71383,3
2018,12,26,9,53,臺中市,中區,0,1,0,8,1,5,50,3,1,1,5,4,5,7,1,1,10,5,5,2,16,8,3,10,1,1,B03,7,5,1,8,2,1,  ,8,8,1,22,8,B03,24.143372,120.673801,2
2018,12,26,10,0,臺中市,外埔區,0,0,,8,,,40,,,,,,,,,,,,,,,,,,,,B03,,,1,,2,,,23,,1,  ,,B03,24.334721,120.700713,3
2018,12,26,10,22,臺中市,大里區,0,0,,8,,,40,,,,,,,,,,,,,,,,,,,,C03,,,1,,2,,,18,,1,22,,C03,24.090954,120.694216,3
2018,12,26,10,26,臺中市,大里區,0,0,,8,,,40,,,,,,,,,,,,,,,,,,,,B03,,,1,,2,,,12,,1,21,,B03,24.081118,120.691461,3
2018,12,26,10,30,臺中市,新社區,0,1,0,8,1,5,50,4,1,1,5,4,5,7,3,1,10,5,5,2,15,6,2,9,1,1,C03,7,9,1,10,2,11,  ,6,6,1,22,8,C03,24.206667,120.801912,2
2018,12,26,10,34,臺中市,北區,0,0,,8,,,50,,,,,,,,,,,,,,,,,,,,B12,,,1,,2,,,12,,  ,22,,B12,24.147877,120.689587,3
2018,12,26,10,42,臺中市,北屯區,0,0,,8,,,50,,,,,,,,,,,,,,,,,,,,A12,,,1,,2,,,42,,1,5,,A12,24.161826,120.721018,3
2018,12,26,10,50,臺中市,西屯區,0,1,0,8,1,5,50,14,8,1,5,4,5,7,4,4,5,4,4,2,17,19,3,10,1,1,B03,7,1,1,8,2,15,  ,19,19,1,7,8,B03,24.178827,120.637422,2
2018,12,26,10,50,臺中市,大肚區,0,0,,8,,,50,,,,,,,,,,,,,,,,,,,,B03,,,1,,2,,,23,,1,9,,B03,24.119228,120.57543,3
2018,12,26,10,54,臺中市,北屯區,0,1,0,8,1,5,50,14,9,1,5,4,5,7,4,4,1,4,5,2,12,42,3,10,3,4,B01,7,15,1,4,2,6,  ,42,42,1,10,8,B01,24.161743,120.692451,2
2018,12,26,10,55,臺中市,潭子區,0,0,0,8,,,40,,,,,,,,,,,,,,,17,  ,  ,  ,  ,B12,  ,  ,1,  ,2,  ,  ,17,17,1,22,  ,B12,24.230546,120.703172,3
2018,12,26,11,0,臺中市,西屯區,0,0,,8,,,50,,,,,,,,,,,,,,,,,,,,B12,,,1,,2,,,16,,1,  ,,B12,24.193583,120.659565,3
2018,12,26,11,10,臺中市,東區,0,1,0,8,1,5,40,4,1,1,5,4,5,7,1,1,10,5,5,2,17,19,2,9,1,1,C03,7,1,1,10,2,14,  ,19,19,1,22,8,C03,24.138611,120.703776,2
2018,12,26,11,13,臺中市,東勢區,0,0,,8,,,60,,,,,,,,,,,,,,,,,,,,B03,,,2,,2,,,12,,1,  ,,B03,24.248994,120.829702,3
2018,12,26,11,15,臺中市,清水區,0,1,0,7,1,5,40,14,13,1,5,4,5,7,4,4,1,4,4,1,13,23,2,9,1,1,C03,7,9,1,10,2,12,  ,23,23,1,21,8,C03,24.29909,120.594159,2
2018,12,26,11,15,臺中市,梧棲區,0,0,,8,,,50,,,,,,,,,,,,,,,12,,,,,B03,,,1,,9,,,38,12,  ,  ,,B03,24.250014,120.53105,3
2018,12,26,11,15,臺中市,后里區,0,1,0,8,1,5,60,4,2,1,5,4,5,7,3,1,1,4,4,1,16,11,2,9,1,1,C03,7,11,1,10,2,12,  ,11,11,1,20,8,C03,24.310301,120.722675,2
2018,12,26,11,18,臺中市,太平區,0,0,,8,,,40,,,,,,,,,,,,,,,,,,,,B12,,,1,,2,,,23,,1,21,,B12,24.132095,120.708525,3
2018,12,26,11,22,臺中市,西屯區,0,1,0,8,1,5,50,3,1,1,5,4,5,7,4,4,4,5,5,2,16,14,2,8,1,1,C03,7,9,1,10,2,12,  ,14,14,1,22,8,C03,24.176172,120.61425,2
2018,12,26,11,22,臺中市,西屯區,0,2,0,8,1,8,1,15,20,1,5,4,5,7,4,4,10,5,5,2,10,4,2,9,1,1,C03,7,9,1,10,2,11,  ,4,4,1,18,8,C03,24.18167,120.59743,2
2018,12,26,11,30,臺中市,沙鹿區,0,2,0,7,1,5,60,14,7,1,5,4,5,7,2,1,1,4,3,1,23,13,2,9,3,4,B03,7,9,3,18,2,1,  ,13,13,1,22,8,B03,24.209631,120.581456,2
2018,12,26,11,31,臺中市,北區,0,0,,8,,,50,,,,,,,,,,,,,,,,,,,,B03,,,1,,2,,,7,,  ,22,,B03,24.150536,120.676545,3
2018,12,26,11,38,臺中市,北區,0,1,0,8,1,5,50,14,7,1,5,4,5,7,4,4,5,5,4,2,17,40,3,10,1,1,B03,7,14,1,8,2,2,  ,40,40,1,22,8,B03,24.1659,120.6824,2
2018,12,26,11,40,臺中市,太平區,0,0,,8,,,50,,,,,,,,,,,,,,,,,,,,B03,,,1,,2,,,12,,1,  ,,B03,24.158275,120.71282,3
2018,12,26,11,45,臺中市,后里區,0,2,0,8,1,5,50,14,9,1,5,4,5,7,4,4,5,5,5,1,26,50,2,9,3,4,B12,7,9,1,8,2,1,  ,50,50,1,22,8,B12,24.299078,120.701855,2
2018,12,26,11,45,臺中市,潭子區,0,2,0,8,1,5,50,3,1,1,5,4,5,7,4,4,7,5,4,2,11,6,2,9,1,1,C03,7,9,1,10,2,11,  ,23,6,1,22,9,C03,24.210506,120.685673,2
2018,12,26,11,46,臺中市,東區,0,0,0,8,,,40,,,,,,,,,,,,,,,18,  ,  ,  ,  ,B03,  ,  ,1,  ,9,  ,  ,18,18,1,5,  ,B03,24.14281,120.705634,3
2018,12,26,11,46,臺中市,東勢區,0,0,,,,,,,,,,,,,,,,,,,,6,,,,,C03,,,1,,2,,,23,6,1,22,,C03,,,3
2018,12,26,11,48,臺中市,神岡區,0,0,,8,,,50,,,,,,,,,,,,,,,,,,,,G03,,,1,,2,,,42,,1,21,,G03,24.271534,120.699142,3
2018,12,26,11,49,臺中市,西區,0,2,0,8,1,5,50,14,8,1,5,4,5,7,4,4,5,2,4,2,12,23,3,10,1,1,B03,7,9,1,8,2,2,  ,23,23,1,4,3,B03,24.141406,120.673108,2
2018,12,26,11,55,臺中市,北屯區,0,1,0,8,1,5,40,14,8,1,5,4,5,7,4,4,1,4,4,2,16,7,3,10,1,1,B03,7,8,1,8,2,2,  ,7,7,1,22,8,B03,24.170199,120.685406,2
2018,12,26,11,57,臺中市,北屯區,0,1,0,8,1,5,50,14,8,1,5,4,5,7,4,4,5,5,4,2,12,7,3,10,1,1,A12,7,8,1,1,2,2,  ,7,7,1,10,8,A12,24.175768,120.68369,2
2018,12,26,12,0,臺中市,霧峰區,0,0,,8,,,50,,,,,,,,,,,,,,,,,,,,B03,,,1,,9,,,38,,1,22,,B03,24.058754,120.697934,3
2018,12,26,12,0,臺中市,神岡區,0,0,,8,,,50,,,,,,,,,,,,,,,,,,,,B03,,,1,,2,,,9,,1,21,,B03,24.259492,120.708816,3
2018,12,26,12,2,臺中市,西區,0,1,0,8,1,5,50,4,1,1,5,4,5,7,4,4,10,5,5,2,16,26,3,10,1,1,B01,7,5,1,4,2,7,  ,26,26,1,10,8,B01,24.138418,120.655114,2
2018,12,26,12,3,臺中市,石岡區,0,1,0,8,1,5,40,5,1,1,5,4,5,7,3,1,5,4,5,1,16,6,2,9,1,1,C03,7,9,1,10,2,12,  ,6,6,1,21,8,C03,24.277008,120.773427,2
2018,12,26,12,7,臺中市,西區,0,0,,8,,,50,,,,,,,,,,,,,,,,,,,,B12,,,1,,2,,,16,,1,8,,B12,24.150862,120.655069,3
2018,12,26,12,8,臺中市,北屯區,0,0,,8,,,40,,,,,,,,,,,,,,,,,,,,B12,,,6,,2,,,16,,1,5,,B12,24.200963,120.68484,3
2018,12,26,12,11,臺中市,神岡區,0,0,0,8,,,50,,,,,,,,,,,,,,,9,  ,  ,  ,  ,B12,  ,  ,1,  ,2,  ,  ,9,9,1,9,  ,B12,24.27935,120.69756,3
2018,12,26,12,20,臺中市,大里區,0,1,0,8,1,5,50,5,1,1,5,4,5,7,1,1,10,5,5,2,16,23,3,10,1,1,B03,7,5,1,8,2,5,  ,23,23,1,5,8,B03,24.112994,120.689852,2
2018,12,26,12,32,臺中市,北屯區,0,2,0,8,1,5,50,3,1,1,5,4,5,7,1,1,10,5,5,2,16,6,2,8,1,1,C03,7,6,1,10,2,11,  ,6,6,1,21,8,C03,24.178995,120.690659,2
2018,12,26,12,34,臺中市,大雅區,0,0,,8,,,50,,,,,,,,,,,,,,,19,,,,,B03,,,1,,2,,,18,19,1,  ,,B03,24.205114,120.644546,3
2018,12,26,12,49,臺中市,沙鹿區,0,2,0,8,1,5,50,4,1,1,5,4,5,7,3,1,10,5,5,2,15,6,3,10,1,1,B12,7,9,1,7,2,8,  ,6,6,1,5,5,B12,24.240525,120.617198,2
2018,12,26,12,50,臺中市,大甲區,0,0,,8,,,50,,,,,,,,,,,,,,,,,,,,B03,,,1,,2,,,43,,1,5,,B03,24.386161,120.643446,3
2018,12,26,12,55,臺中市,南屯區,0,0,,8,,,50,,,,,,,,,,,,,,,,,,,,B03,,,1,,2,,,12,,1,  ,,B03,24.133245,120.642751,3
2018,12,26,13,3,臺中市,北屯區,0,0,0,8,,,50,,,,,,,,,,,,,,,23,  ,  ,  ,  ,A12,  ,  ,1,  ,2,  ,  ,23,23,  ,10,  ,A12,24.175713,120.716786,3
2018,12,26,13,4,臺中市,神岡區,0,0,,8,,,50,,,,,,,,,,,,,,,,,,,,B03,,,1,,2,,,12,,1,21,,B03,24.235518,120.698714,3
2018,12,26,13,5,臺中市,西區,0,1,0,8,1,5,50,4,1,1,5,4,5,7,1,1,10,5,5,2,17,25,3,10,1,1,C03,7,9,1,10,2,12,  ,25,25,1,22,8,C03,24.133542,120.675384,2
2018,12,26,13,10,臺中市,大肚區,0,0,,8,,,40,,,,,,,,,,,,,,,,,,,,B03,,,1,,2,,,12,,1,21,,B03,24.117926,120.576174,3
2018,12,26,13,13,臺中市,西區,0,0,0,8,1,5,50,4,1,1,5,4,5,7,1,1,1,4,4,2,14,,3,  ,  ,  ,B12,  ,  ,1,  ,2,  ,  ,12,  ,1,21,  ,B12,24.147547,120.673441,3
2018,12,26,13,15,臺中市,西屯區,0,1,0,8,1,5,40,14,8,1,5,4,5,7,4,4,1,4,5,2,19,42,2,9,1,1,C03,7,9,1,10,2,14,  ,42,42,1,18,8,C03,24.180574,120.619854,2
2018,12,26,13,20,臺中市,沙鹿區,0,1,0,8,1,5,40,13,9,1,5,4,5,1,4,4,10,5,5,2,11,23,3,10,1,1,C03,7,9,1,10,2,11,  ,23,23,1,11,8,C03,24.231607,120.572655,2
2018,12,26,13,21,臺中市,霧峰區,0,0,,8,,,50,,,,,,,,,,,,,,,,,,,,B03,,,1,,2,,,26,,1,20,,B03,24.060352,120.662621,3
2018,12,26,13,29,臺中市,太平區,0,0,0,8,,,80,,,,,,,,,,,,,,,7,  ,  ,  ,  ,B03,  ,  ,1,  ,2,  ,  ,7,7,1,19,  ,B03,24.135904,120.709598,3
2018,12,26,13,30,臺中市,西區,0,1,0,8,1,5,50,14,9,1,5,4,5,7,4,4,9,4,5,2,16,19,3,10,1,1,B03,7,1,1,8,2,1,  ,19,19,1,4,6,B03,24.143166,120.660677,2
2018,12,26,13,30,臺中市,大里區,0,0,,8,,,40,,,,,,,,,,,,,,,,,,,,C03,,,1,,2,,,12,,1,21,,C03,24.094468,120.706502,3
2018,12,26,13,41,臺中市,潭子區,0,0,,8,,,50,,,,,,,,,,,,,,,,,,,,A12,,,1,,2,,,23,,1,22,,A12,24.194041,120.719929,3
2018,12,26,13,45,臺中市,南區,0,1,0,8,1,5,50,14,9,1,5,4,5,7,4,4,5,4,5,2,12,17,3,10,1,1,B03,7,9,1,7,2,2,  ,17,17,1,22,9,B03,24.129696,120.685203,2
2018,12,26,13,50,臺中市,沙鹿區,0,0,,8,,,50,,,,,,,,,,,,,,,,,,,,B12,,,1,,2,,,12,,1,9,,B12,24.257386,120.568958,4
2018,12,26,14,2,臺中市,西屯區,0,0,,8,,,50,,,,,,,,,,,,,,,,,,,,B03,,,1,,2,,,16,,1,22,,B03,24.178662,120.624113,3
2018,12,26,14,2,臺中市,龍井區,0,3,0,8,1,5,40,4,9,1,5,4,5,7,4,4,10,5,5,2,16,14,2,9,1,4,C03,7,9,1,10,2,11,  ,14,14,1,22,8,C03,24.188708,120.589995,2
2018,12,26,14,4,臺中市,龍井區,0,0,,8,,,50,,,,,,,,,,,,,,,,,,,,B03,,,1,,2,,,6,,1,12,,B03,24.209463,120.545561,3
2018,12,26,14,8,臺中市,西區,0,1,0,8,1,5,50,5,1,1,5,4,5,7,1,1,10,5,5,2,17,6,2,9,1,1,C03,7,5,1,10,2,11,  ,6,6,1,5,5,C03,24.144683,120.66904,2
2018,12,26,14,10,臺中市,后里區,0,1,0,8,1,5,40,14,9,1,5,4,5,7,4,4,10,5,5,1,14,12,3,10,3,4,B03,7,2,1,8,2,3,  ,12,12,1,21,8,B03,24.297553,120.679215,2
2018,12,26,14,11,臺中市,西區,0,0,,8,,,50,,,,,,,,,,,,,,,,,,,,B03,,,1,,2,,,23,,1,5,,B03,24.14619,120.672003,3
2018,12,26,14,13,臺中市,大肚區,0,0,,8,,,40,,,,,,,,,,,,,,,,,,,,B03,,,1,,2,,,2,,1,  ,,B03,24.168495,120.582338,3