年,月,日,時,分,縣市,區,死,受傷,2-30,天候,光線,道路類別,速限,道路型態,事故位置,路面鋪裝,路面狀態,路面缺陷,障礙物,視距,號誌種類,號誌動作,分向設施,快車道或一般車道間,快慢車道間,路面邊線,事故類型及型態,主要肇因,受傷程度,主要傷處,保護裝備,行動電話,當事者區分_類別,車輛用途,當事者行動狀態,駕駛資格情形,駕駛執照種類,飲酒情形,車輛撞擊部位最初,車輛撞擊部位其他,肇事因素個別,肇事因素主要,肇事逃逸,職業,旅次目的,車種,GPS座標X,GPS座標Y,事故類別
2018,12,26,14,15,臺中市,西區,0,0,,8,,,50,,,,,,,,,,,,,,,,,,,,B03,,,1,,2,,,23,,1,5,,B03,24.154878,120.658318,3
2018,12,26,14,19,臺中市,北屯區,0,1,0,8,1,5,50,3,4,1,5,4,5,7,1,1,1,4,4,2,13,23,3,10,1,1,B12,7,9,1,8,2,5,  ,23,23,1,18,8,B12,24.1826,120.6659,2
2018,12,26,14,19,臺中市,太平區,0,1,0,8,1,5,40,14,12,1,5,4,5,7,4,4,5,5,4,2,14,12,3,10,1,1,B01,7,2,1,4,2,3,  ,12,12,1,10,5,B01,24.148611,120.717222,2
2018,12,26,14,20,臺中市,西區,0,0,,8,1,5,50,4,2,1,5,4,5,7,1,1,10,5,5,2,13,,,,,,B11,,,1,,2,,,23,,1,22,,B11,24.15086,120.662971,3
2018,12,26,14,20,臺中市,北區,0,0,,8,,,50,,,,,,,,,,,,,,,,,,,,C03,,,1,,2,,,26,,1,  ,,C03,24.145907,120.685994,3
2018,12,26,14,25,臺中市,南區,0,1,0,8,1,5,50,4,1,1,5,4,5,7,4,4,10,5,5,2,15,6,2,9,1,1,C03,7,9,1,10,2,12,  ,6,6,1,21,8,C03,24.115241,120.665702,2
2018,12,26,14,26,臺中市,西屯區,0,0,,8,,,50,,,,,,,,,,,,,,,,,,,,B02,,,1,,2,,,23,,1,22,,B02,24.201071,120.65677,3
2018,12,26,14,35,臺中市,西區,0,0,,8,1,5,50,4,1,1,5,4,5,7,1,1,10,5,5,2,15,,,,,,F01,,,8,,2,,,42,,1,19,,F01,24.153017,120.666,3
2018,12,26,14,43,臺中市,東區,0,1,0,8,1,5,50,5,1,1,5,4,5,7,1,1,10,5,5,2,16,25,3,10,1,1,B03,7,5,1,8,2,5,  ,25,25,1,21,8,B03,24.133296,120.693281,2
2018,12,26,14,44,臺中市,清水區,1,0,0,8,1,5,70,3,1,1,5,4,5,7,4,4,1,4,3,1,29,67,  ,  ,  ,  ,   ,  ,  ,  ,  ,  ,  ,  ,67,67,1,  ,  ,   ,24.310363,120.602354,1
2018,12,26,14,45,臺中市,北屯區,0,0,,8,,,50,,,,,,,,,,,,,,,,,,,,B12,,,1,,2,,,12,,1,4,,B12,24.170714,120.68148,3
2018,12,26,14,47,臺中市,東區,0,0,0,8,,,40,,,,,,,,,,,,,,,,  ,  ,  ,  ,B03,  ,  ,1,  ,2,  ,  ,12,  ,1,22,  ,B03,24.138535,120.703658,3
2018,12,26,14,49,臺中市,西屯區,0,0,,8,,,50,,,,,,,,,,,,,,,,,,,,B03,,,1,,2,,,7,,1,18,,B03,24.182947,120.615694,3
2018,12,26,15,1,臺中市,南區,0,1,0,8,1,5,50,4,1,1,5,4,5,7,1,1,10,5,5,2,12,42,2,7,1,1,C03,7,9,1,10,2,14,  ,42,42,1,21,8,C03,24.119183,120.679763,2
2018,12,26,15,4,臺中市,大里區,0,0,,8,,,50,,,,,,,,,,,,,,,,,,,,B03,,,1,,2,,,19,,1,21,,B03,24.112009,120.679215,3
2018,12,26,15,5,臺中市,西屯區,0,0,0,8,,,40,,,,,,,,,,,,,,,7,  ,  ,  ,  ,B03,  ,  ,1,  ,2,  ,  ,7,7,1,  ,  ,B03,24.158397,120.65682,3
2018,12,26,15,11,臺中市,北區,0,1,0,8,1,5,50,14,9,1,5,4,5,7,4,4,9,5,5,2,12,7,2,9,4,5,F01,7,7,8,20,2,16,  ,7,7,1,22,8,F01,24.151285,120.680954,2
2018,12,26,15,15,臺中市,西屯區,0,0,0,8,,,40,,,,,,,,,,,,,,13,23,  ,  ,  ,  ,B03,  ,  ,1,  ,2,3,  ,23,23,1,22,  ,B03,24.184055,120.61282,3
2018,12,26,15,22,臺中市,豐原區,0,0,,7,,,50,,,,,,,,,,,,,,,,,,,,B03,,,1,,2,,,18,,  ,  ,,B03,24.245277,120.709166,3
2018,12,26,15,26,臺中市,大里區,0,0,,8,,,50,,,,,,,,,,,,,,,,,,,,B01,,,1,,2,,,26,,1,10,,B01,24.096071,120.69556,3
2018,12,26,15,31,臺中市,后里區,0,0,,8,,,40,,,,,,,,,,,,,,,,,,,,B12,,,1,,2,,,23,,1,5,,B12,24.30955,120.720566,3
2018,12,26,15,40,臺中市,大雅區,0,1,0,8,1,5,40,4,1,1,5,4,5,7,4,4,5,5,5,1,17,6,3,10,1,1,B03,7,9,1,8,2,5,  ,6,6,1,21,8,B03,24.249141,120.654615,2
2018,12,26,15,43,臺中市,潭子區,0,0,,8,1,5,50,14,9,1,5,4,5,7,4,4,10,5,5,1,12,,,,,,C03,,,1,,2,,,17,,1,22,,C03,24.207034,120.693751,3
2018,12,26,15,45,臺中市,大肚區,0,1,0,8,1,5,50,14,9,1,5,4,5,7,4,4,3,5,5,2,16,7,3,10,1,1,B03,7,8,1,8,2,2,  ,7,7,1,21,8,B03,24.118145,120.579235,2
2018,12,26,15,56,臺中市,南區,0,1,0,8,1,5,50,4,1,1,5,4,5,7,4,4,10,5,5,2,18,23,2,8,1,1,C03,7,9,1,10,2,12,  ,23,23,1,4,8,C03,24.119182,120.666892,2
2018,12,26,16,11,臺中市,南屯區,0,0,,8,,,50,,,,,,,,,,,,,,,,,,,,B12,,,1,,2,,,12,,1,  ,,B12,24.114149,120.626006,3
2018,12,26,16,13,臺中市,龍井區,0,1,0,8,1,5,60,4,2,1,5,4,5,7,2,1,1,4,5,1,17,9,3,10,1,1,A32,7,6,1,1,2,15,  ,9,9,1,10,8,A32,24.219704,120.523075,2
2018,12,26,16,14,臺中市,西屯區,0,1,0,8,1,5,40,3,2,1,5,4,5,7,4,4,10,5,5,2,16,6,3,10,3,4,B02,7,5,1,8,2,4,  ,6,6,1,22,8,B02,24.181441,120.641534,2
2018,12,26,16,20,臺中市,南區,0,1,0,8,1,5,50,3,1,1,5,4,5,7,4,4,5,4,5,2,11,23,2,9,1,1,C03,7,9,1,10,2,11,  ,23,23,1,21,8,C03,24.134272,120.682524,2
2018,12,26,16,28,臺中市,南屯區,0,0,,8,,,50,,,,,,,,,,,,,,,,,,,,B12,,,1,,2,,,12,,1,21,,B12,24.148199,120.612723,3
2018,12,26,16,31,臺中市,北屯區,0,0,0,8,,,50,,,,,,,,,,,,,,,26,  ,  ,  ,  ,B03,  ,  ,1,  ,2,  ,  ,26,26,1,5,  ,B03,24.200813,120.686713,3
2018,12,26,16,40,臺中市,大甲區,0,1,0,8,1,5,50,3,1,1,5,4,5,7,4,4,10,5,5,2,17,6,3,10,1,1,B03,7,5,1,8,2,8,  ,6,6,1,22,9,B03,24.334128,120.59719,2
2018,12,26,16,47,臺中市,西屯區,0,0,,8,,,50,,,,,,,,,,,,,,,,,,,,B03,,,1,,2,,,6,,1,  ,,B03,24.178808,120.618713,3
2018,12,26,16,47,臺中市,烏日區,0,0,,8,,,50,,,,,,,,,,,,,,,,,,,,B03,,,1,,2,,,7,,1,  ,,B03,24.094363,120.636586,3
2018,12,26,16,50,臺中市,梧棲區,0,3,0,8,1,5,50,3,1,1,5,4,5,7,4,4,10,5,5,2,16,6,2,9,3,4,B03,7,5,1,8,2,6,  ,6,6,1,21,8,B03,24.242895,120.532622,2
2018,12,26,16,55,臺中市,北屯區,0,0,0,8,,,50,,,,,,,,,,,,,,,12,  ,  ,  ,  ,B03,  ,  ,1,  ,2,  ,  ,12,12,  ,21,  ,B03,24.176738,120.683066,3
2018,12,26,17,0,臺中市,霧峰區,0,0,,8,,,40,,,,,,,,,,,,,,,,,,,,C03,,,1,,2,,,23,,1,18,,C03,24.043215,120.688131,3
2018,12,26,17,5,臺中市,西區,0,0,,8,,,50,,,,,,,,,,,,,,,,,,,,B03,,,1,,2,,,16,,  ,5,,B03,24.133482,120.675342,4
2018,12,26,17,10,臺中市,西屯區,0,3,0,8,3,5,40,3,1,1,5,4,5,7,4,4,10,5,5,2,3,23,2,9,1,1,C03,7,9,1,10,2,11,  ,23,23,1,4,8,C03,24.182258,120.643828,2
2018,12,26,17,12,臺中市,西屯區,0,1,0,8,2,5,50,3,1,1,5,4,5,7,2,1,10,5,5,2,16,6,3,10,3,4,B03,7,5,1,8,2,1,  ,6,6,1,22,8,B03,24.179145,120.592749,2
2018,12,26,17,16,臺中市,太平區,0,0,,8,3,5,40,14,9,1,5,4,5,7,4,4,10,5,5,2,12,,,,,,C03,,,1,,2,,,42,,1,21,,C03,24.099807,120.723184,3
2018,12,26,17,17,臺中市,神岡區,0,0,,8,,,50,,,,,,,,,,,,,,,,,,,,C03,,,1,,2,,,8,,1,21,,C03,24.261241,120.673976,3
2018,12,26,17,24,臺中市,南區,0,2,0,8,1,5,50,14,9,1,5,4,5,7,4,4,1,4,4,2,13,23,2,8,1,1,C03,7,9,1,10,2,11,  ,23,23,1,4,8,C03,24.127459,120.678923,2
2018,12,26,17,24,臺中市,西屯區,0,1,0,8,2,5,50,3,1,1,5,4,5,7,4,4,10,5,5,2,16,43,3,10,1,1,C03,7,6,1,10,2,12,  ,43,43,1,21,8,C03,24.173665,120.648423,2
2018,12,26,17,24,臺中市,龍井區,0,0,,8,,,50,,,,,,,,,,,,,,,,,,,,C03,,,1,,2,,,42,,1,22,,C03,24.184422,120.585036,3
2018,12,26,17,30,臺中市,太平區,0,0,,8,,,50,,,,,,,,,,,,,,,,,,,,B03,,,1,,2,,,4,,1,  ,,B03,24.153055,120.713333,3
2018,12,26,17,34,臺中市,南屯區,0,0,,8,,,50,,,,,,,,,,,,,,,,,,,,B03,,,1,,2,,,23,,1,22,,B03,24.1524,120.6469,3
2018,12,26,17,37,臺中市,西區,0,2,0,8,3,5,50,4,1,1,5,4,5,7,1,1,10,5,5,2,15,25,2,9,1,1,C03,7,9,1,10,2,11,  ,25,25,1,21,8,C03,24.139511,120.670153,2
2018,12,26,17,37,臺中市,南屯區,0,0,,8,,,50,,,,,,,,,,,,,,,,,,,,B03,,,1,,2,,,23,,1,21,,B03,24.145246,120.61931,3
2018,12,26,17,40,臺中市,東區,0,1,0,8,3,5,50,4,1,1,5,4,5,7,2,1,10,5,5,2,12,44,2,9,1,1,C03,7,9,1,10,2,13,  ,16,44,1,5,1,C03,24.142788,120.697039,2
2018,12,26,17,45,臺中市,大肚區,0,0,,8,,,50,,,,,,,,,,,,,,,,,,,,B03,,,1,,2,,,2,,1,21,,B03,24.118668,120.576976,3
2018,12,26,17,48,臺中市,沙鹿區,0,0,,8,,,60,,,,,,,,,,,,,,,,,,,,B03,,,1,,2,,,7,,1,2,,B03,24.24038,120.562425,3
2018,12,26,17,50,臺中市,大里區,0,0,,8,,,50,,,,,,,,,,,,,,,,,,,,C03,,,1,,2,,,19,,1,22,,C03,24.115215,120.679208,3
2018,12,26,17,50,臺中市,大里區,0,0,,8,,,80,,,,,,,,,,,,,,,,,,,,B03,,,1,,2,,,23,,1,21,,B03,24.10087,120.690815,3
2018,12,26,17,51,臺中市,神岡區,0,0,0,8,,,50,,,,,,,,,,,,,,,23,  ,  ,  ,  ,B03,  ,  ,1,  ,2,  ,  ,23,23,1,21,  ,B03,24.260377,120.70719,3
2018,12,26,17,54,臺中市,西屯區,0,1,0,8,3,5,50,14,9,1,5,4,5,7,4,4,5,5,5,2,13,42,3,10,3,4,A04,7,9,1,1,2,1,  ,42,42,1,22,8,A04,24.181675,120.624988,2
2018,12,26,17,54,臺中市,清水區,0,1,0,8,1,5,40,3,1,1,5,4,5,7,1,1,10,5,5,2,17,23,2,9,1,1,C03,7,6,1,10,2,12,  ,23,23,1,21,8,C03,24.265594,120.556098,2
2018,12,26,17,55,臺中市,南屯區,0,0,,8,,,50,,,,,,,,,,,,,,,,,,,,B03,,,1,,2,,,16,,1,5,,B03,24.140203,120.644621,3
2018,12,26,17,55,臺中市,西屯區,0,0,,8,3,5,60,14,9,1,5,4,5,7,4,4,1,3,5,1,12,,,,,,B03,,,1,,2,,,7,,1,22,,B03,24.200831,120.658745,3
2018,12,26,17,56,臺中市,西屯區,0,0,,8,,,25,,,,,,,,,,,,,,,,,,,,C03,,,1,,2,,,23,,1,  ,,C03,24.199713,120.650387,3
2018,12,26,17,57,臺中市,清水區,,,,8,,,40,,,,,,,,,,,,,,,,,,,,B12,,,1,,2,,,12,,1,21,,B12,24.26556,120.564343,4
2018,12,26,17,58,臺中市,南屯區,0,0,,8,,,50,,,,,,,,,,,,,,,,,,,,B03,,,1,,2,,,23,,1,22,,B03,24.13522,120.636595,3
2018,12,26,18,6,臺中市,北屯區,0,0,0,8,3,5,50,14,9,1,5,4,5,7,4,4,1,3,5,2,13,23,3,10,1,1,B03,7,9,1,8,2,1,  ,23,23,1,21,8,B03,24.168405,120.68524,3
2018,12,26,18,20,臺中市,西屯區,0,2,0,8,3,5,40,4,1,1,5,4,5,7,4,4,10,5,5,2,16,6,2,9,1,1,C03,7,9,1,10,2,11,  ,6,6,1,22,8,C03,24.174705,120.664488,2
2018,12,26,18,20,臺中市,沙鹿區,0,0,,8,,,60,,,,,,,,,,,,,,,,,,,,B01,,,1,,2,,,42,,1,10,,B01,24.234271,120.571339,4
2018,12,26,18,24,臺中市,西區,0,1,0,8,3,5,50,4,1,1,5,4,5,7,4,4,10,5,5,2,16,4,3,10,1,1,B03,7,5,1,8,2,4,  ,27,4,1,5,5,B03,24.137114,120.676104,2
2018,12,26,18,27,臺中市,西屯區,0,0,,8,,,50,,,,,,,,,,,,,,,,,,,,B03,,,1,,2,,,1,,1,22,,B03,24.167843,120.657535,3
2018,12,26,18,28,臺中市,烏日區,0,1,0,8,3,5,50,4,1,1,5,4,5,7,1,1,10,5,5,2,16,10,3,10,1,1,B01,7,11,1,2,2,1,  ,10,10,1,21,8,B01,24.110386,120.625641,2
2018,12,26,18,40,臺中市,大肚區,0,1,0,8,3,5,50,14,8,1,5,4,5,7,4,4,1,4,4,1,12,23,3,10,1,1,C03,7,9,1,10,2,12,  ,23,23,1,21,8,C03,24.121458,120.569708,2
2018,12,26,18,45,臺中市,西屯區,0,1,0,8,3,5,40,3,8,1,5,4,5,7,4,4,1,4,1,2,16,6,2,9,1,1,C03,7,9,1,10,2,14,  ,23,6,1,21,8,C03,24.162272,120.628934,2
2018,12,26,18,45,臺中市,大里區,0,0,,8,,,40,,,,,,,,,,,,,,,,,,,,C04,,,1,,2,,,19,,1,12,,C04,24.096284,120.714485,4
2018,12,26,18,47,臺中市,南屯區,0,0,,8,,,50,,,,,,,,,,,,,,,,,,,,B02,,,1,,2,,,23,,1,5,,B02,24.142186,120.638233,3
2018,12,26,18,49,臺中市,大雅區,0,2,0,8,3,5,50,14,7,1,5,4,5,7,4,4,1,4,4,1,12,7,2,9,1,1,C03,7,7,1,10,2,14,  ,7,7,1,22,9,C03,24.23555,120.635928,2
2018,12,26,19,0,臺中市,北屯區,0,0,,8,,,50,,,,,,,,,,,,,,,,,,,,B03,,,1,,2,,,23,,1,21,,B03,24.177081,120.676551,3
2018,12,26,19,0,臺中市,豐原區,0,0,0,8,,,40,,,,,,,,,,,,,,,12,  ,  ,  ,  ,B11,  ,  ,1,  ,11,  ,  ,12,12,2,22,  ,B11,24.230241,120.730326,3
2018,12,26,19,5,臺中市,南區,0,0,,8,,,50,,,,,,,,,,,,,,,,,,,,B03,,,1,,2,,,23,,1,4,,B03,24.124323,120.679315,3
2018,12,26,19,8,臺中市,潭子區,0,2,0,8,3,5,50,14,7,1,5,4,5,7,4,4,5,4,4,2,2,23,2,9,4,1,F03,7,9,8,20,2,16,  ,23,23,1,22,8,F03,24.206925,120.707804,2
2018,12,26,19,10,臺中市,南區,0,1,0,8,1,5,50,4,1,1,5,4,5,7,2,1,10,5,5,2,17,19,3,10,1,1,B03,7,1,1,8,2,1,  ,19,19,1,21,8,B03,24.124905,120.663851,2
2018,12,26,19,10,臺中市,北屯區,0,2,0,8,3,5,50,14,9,1,5,4,5,7,4,4,4,4,5,2,12,23,2,9,1,1,C03,7,9,1,10,2,12,  ,23,23,1,21,8,C03,24.199101,120.753263,2
2018,12,26,19,10,臺中市,大甲區,0,1,0,8,1,5,50,4,1,1,5,4,5,7,4,4,10,5,5,2,16,17,3,10,1,4,B03,7,6,1,8,2,2,  ,17,17,1,20,8,B03,24.346325,120.61815,2
2018,12,26,19,14,臺中市,西屯區,0,2,0,8,3,5,50,11,9,1,5,4,5,1,4,4,9,4,5,2,29,43,2,9,1,1,C03,7,9,1,10,2,12,  ,43,43,1,21,8,C03,24.159345,120.639575,2
2018,12,26,19,16,臺中市,北區,0,0,,8,,,50,,,,,,,,,,,,,,,,,,,,B03,,,1,,2,,,26,,1,22,,B03,24.151035,120.688126,3
2018,12,26,19,20,臺中市,沙鹿區,0,1,0,8,3,5,50,14,7,1,5,4,5,7,4,4,1,4,4,2,17,18,3,10,1,1,C03,7,3,1,10,2,12,  ,18,18,1,9,8,C03,24.23599,120.559307,2
2018,12,26,19,22,臺中市,北屯區,0,3,0,8,2,5,40,14,7,1,5,4,5,7,4,4,5,5,4,2,16,19,2,7,1,1,C03,7,1,3,18,2,11,  ,19,19,1,12,8,C03,24.1705,120.6911,2
2018,12,26,19,31,臺中市,梧棲區,0,2,0,8,3,5,40,4,1,1,5,4,5,7,1,1,10,5,5,2,18,48,2,9,1,1,C03,7,9,1,10,2,14,  ,48,48,1,18,8,C03,24.244356,120.551183,2
2018,12,26,20,9,臺中市,霧峰區,0,0,,8,,,40,,,,,,,,,,,,,,,,,,,,B03,,,1,,2,,,12,,1,22,,B03,24.063471,120.708455,3
2018,12,26,20,21,臺中市,烏日區,0,0,0,8,,,50,,,,,,,,,,,,,,,17,  ,  ,  ,  ,B03,  ,  ,1,  ,2,  ,  ,17,17,1,21,  ,B03,24.111596,120.617874,3
2018,12,26,20,22,臺中市,西區,0,0,,8,,,50,,,,,,,,,,,,,,,,,,,,B03,,,1,,2,,,40,,1,  ,,B03,24.147273,120.656765,3
2018,12,26,20,29,臺中市,東區,0,2,0,8,3,5,50,4,1,1,5,4,5,7,1,1,10,5,5,2,16,26,2,9,1,1,C03,7,5,1,10,2,14,  ,26,26,1,5,8,C03,24.142373,120.696785,2
2018,12,26,20,35,臺中市,南區,0,0,,8,,,50,,,,,,,,,,,,,,,,,,,,B03,,,1,,2,,,23,,1,4,,B03,24.119167,120.661139,3
2018,12,26,20,47,臺中市,北屯區,0,1,0,8,3,5,50,4,2,1,5,4,5,7,1,1,5,5,4,2,18,42,2,8,1,1,C03,7,9,1,10,2,14,  ,42,42,1,21,8,C03,24.191263,120.665621,2
2018,12,26,21,9,臺中市,清水區,0,2,0,8,3,5,50,5,7,1,5,4,5,7,1,1,1,2,4,2,13,16,2,9,1,1,C03,7,9,1,10,2,13,  ,16,16,1,21,8,C03,24.273045,120.57694,2
2018,12,26,21,10,臺中市,南區,0,1,0,8,3,5,50,4,1,1,5,4,5,7,4,4,10,5,5,2,15,6,2,9,1,1,C03,7,9,1,10,2,11,  ,6,6,1,21,8,C03,24.118737,120.664361,2
2018,12,26,21,20,臺中市,大甲區,0,0,,8,,,60,,,,,,,,,,,,,,,,,,,,B03,,,1,,2,,,23,,1,22,,B03,24.375688,120.648065,3
2018,12,26,21,48,臺中市,龍井區,0,0,,8,,,40,,,,,,,,,,,,,,,,,,,,C03,,,1,,2,,,6,,1,22,,C03,24.180867,120.579863,3
2018,12,26,22,5,臺中市,西區,0,1,0,8,1,5,50,3,1,1,5,4,5,7,4,4,10,4,4,2,17,6,2,9,1,1,C03,7,9,1,10,9,15,  ,14,6,1,21,8,C03,24.137384,120.657563,2
2018,12,26,22,5,臺中市,烏日區,0,1,0,8,3,5,50,4,1,1,5,4,5,7,2,1,10,5,5,2,9,15,3,10,1,1,B03,7,6,1,8,2,1,  ,15,15,1,5,8,B03,24.104113,120.624557,2
2018,12,26,22,8,臺中市,北區,0,1,0,8,3,5,50,4,1,1,5,4,5,7,2,1,5,2,4,2,12,6,3,10,3,4,B03,7,5,1,8,2,1,  ,6,6,1,22,9,B03,24.158953,120.670468,2
2018,12,26,22,8,臺中市,南屯區,0,0,,8,,,50,,,,,,,,,,,,,,,,,,,,B03,,,1,,2,,,23,,1,4,,B03,24.132043,120.64711,3
2018,12,26,22,8,臺中市,沙鹿區,0,1,0,8,3,5,40,3,7,1,5,4,5,7,4,4,8,5,4,2,17,6,3,10,1,1,B03,7,5,1,8,5,15,  ,6,6,1,20,8,B03,24.213611,120.580071,2
2018,12,26,22,22,臺中市,北區,0,0,,8,,,50,,,,,,,,,,,,,,,,,,,,B01,,,1,,2,,,23,,1,5,,B01,24.160506,120.694278,3
2018,12,26,22,22,臺中市,北屯區,0,0,0,8,3,7,80,14,9,1,5,4,5,7,4,4,1,3,5,2,13,16,3,10,1,1,B03,7,9,1,8,2,1,  ,16,16,1,21,8,B03,24.163435,120.718553,3
2018,12,26,22,22,臺中市,潭子區,0,1,0,8,3,5,60,5,2,1,5,4,5,7,1,1,10,5,5,2,18,23,2,9,1,1,C03,7,9,1,10,2,14,  ,23,23,1,22,8,C03,24.19083,120.702545,2
2018,12,26,22,23,臺中市,西屯區,0,0,0,8,,,50,,,,,,,,,,,,,,12,17,  ,  ,  ,  ,B03,  ,  ,1,  ,2,5,  ,17,17,1,22,  ,B03,24.168755,120.647238,3
2018,12,26,22,25,臺中市,霧峰區,0,0,,8,,,50,,,,,,,,,,,,,,,,,,,,A05,,,1,,2,,,23,,1,22,,A05,24.070111,120.696715,3
2018,12,26,22,27,臺中市,西屯區,0,0,,8,,,40,,,,,,,,,,,,,,,,,,,,C03,,,1,,2,,,23,,1,22,,C03,24.16879,120.647133,3
2018,12,26,22,28,臺中市,南屯區,0,0,,8,,,40,,,,,,,,,,,,,,,,,,,,B11,,,1,,2,,,12,,1,21,,B11,24.151891,120.615958,3
2018,12,26,23,14,臺中市,西屯區,0,1,0,8,3,5,40,14,9,1,5,4,5,7,4,4,10,5,5,2,11,17,3,10,3,4,B01,7,9,1,4,2,4,  ,17,17,1,10,9,B01,24.166065,120.659034,2
2018,12,27,0,21,臺中市,中區,0,0,0,8,,,50,,,,,,,,,,,,,,,,3,  ,  ,  ,B03,  ,  ,1,  ,2,  ,  ,23,  ,  ,21,  ,B03,24.145964,120.680134,3
2018,12,27,0,56,臺中市,西屯區,0,1,0,8,3,5,50,3,1,1,5,4,5,7,2,1,10,5,5,2,16,43,3,10,3,4,B03,7,5,1,8,2,5,  ,43,43,1,22,9,B03,24.176165,120.634835,2
2018,12,27,1,33,臺中市,西屯區,0,2,0,8,3,5,50,14,9,1,5,4,5,7,4,4,5,5,5,2,17,19,2,9,1,1,C03,7,1,1,10,2,13,  ,19,19,1,22,8,C03,24.179123,120.645069,2
2018,12,27,2,40,臺中市,北區,0,1,0,8,3,5,50,14,8,1,5,4,5,7,4,4,3,4,4,2,17,23,2,1,1,1,C03,7,9,1,10,2,11,  ,23,23,1,21,8,C03,24.156652,120.676533,2
2018,12,27,3,25,臺中市,沙鹿區,0,1,0,8,3,5,50,4,1,1,5,4,5,7,1,1,10,5,5,2,17,6,3,10,1,1,C03,7,6,1,10,2,13,  ,6,6,1,21,8,C03,24.262559,120.573968,2
2018,12,27,3,50,臺中市,東區,0,1,0,8,3,5,50,4,1,1,5,4,5,7,2,1,5,5,4,2,16,25,3,10,1,1,B12,7,5,1,8,2,6,  ,25,25,1,21,8,B12,24.140135,120.686029,2
2018,12,27,5,26,臺中市,沙鹿區,0,0,,8,,,40,,,,,,,,,,,,,,,,,,,,B11,,,1,,2,,,23,,1,  ,,B11,24.209298,120.56064,3
2018,12,27,6,30,臺中市,大里區,0,2,0,8,1,5,50,14,9,1,5,4,5,7,4,4,10,5,5,1,13,23,2,8,1,1,C03,7,9,3,18,2,11,  ,23,23,1,21,8,C03,24.109643,120.689868,2
2018,12,27,6,31,臺中市,西屯區,0,2,0,8,2,5,40,14,8,1,5,4,5,7,4,4,1,4,1,2,9,23,2,9,4,5,F01,7,9,8,20,2,16,  ,23,23,1,22,8,F01,24.176165,120.634723,2
2018,12,27,6,35,臺中市,大肚區,0,0,,8,,,70,,,,,,,,,,,,,,,,,,,,B03,,,1,,2,,,23,,1,6,,B03,24.14262,120.549172,3
2018,12,27,6,57,臺中市,太平區,0,0,,8,,,50,,,,,,,,,,,,,,,,,,,,C03,,,1,,2,,,23,,1,  ,,C03,24.149166,120.72,3
2018,12,27,7,4,臺中市,沙鹿區,0,1,0,8,1,5,50,3,2,1,5,4,5,7,4,4,10,5,5,2,16,6,3,10,1,1,B03,7,5,1,8,2,4,  ,6,6,1,21,8,B03,24.242864,120.568581,2
2018,12,27,7,5,臺中市,中區,0,2,0,8,1,5,50,4,2,1,5,4,5,7,2,1,10,5,5,2,3,23,2,9,4,5,H01,8,16,8,20,10,16,  ,51,23,1,20,8,H01,24.13785,120.68336,2
2018,12,27,7,8,臺中市,西屯區,0,1,0,8,1,5,40,4,1,1,5,4,5,7,4,4,10,5,5,2,16,6,2,9,1,1,C03,7,9,1,10,2,14,  ,6,6,1,22,8,C03,24.180926,120.623746,2
2018,12,27,7,12,臺中市,北區,0,0,,8,,,50,,,,,,,,,,,,,,,,,,,,B03,,,1,,2,,,16,,  ,22,,B03,24.147821,120.686691,3
2018,12,27,7,17,臺中市,沙鹿區,0,0,,8,,,50,,,,,,,,,,,,,,,40,,,,,A11,,,1,,2,,,44,40,  ,4,,A11,24.219979,120.569507,3
2018,12,27,7,20,臺中市,梧棲區,0,2,0,8,2,5,40,4,1,1,5,4,5,7,4,4,10,5,5,2,10,43,2,9,4,5,F01,7,9,8,20,2,16,  ,43,43,1,16,2,F01,24.253555,120.55709,2
2018,12,27,7,21,臺中市,南屯區,0,0,,8,,,50,,,,,,,,,,,,,,,,,,,,B03,,,1,,11,,,6,,2,21,,B03,24.149057,120.625109,3
2018,12,27,7,22,臺中市,梧棲區,0,2,0,8,1,5,50,3,1,1,5,4,5,7,1,1,10,5,5,2,16,25,3,10,1,1,B03,7,9,1,8,2,8,  ,25,25,1,9,1,B03,24.25917,120.535404,2
2018,12,27,7,25,臺中市,北屯區,0,0,,8,,,50,,,,,,,,,,,,,,,,,,,,B03,,,1,,2,,,43,,1,  ,,B03,24.182146,120.702118,3
2018,12,27,7,28,臺中市,梧棲區,0,2,0,8,1,5,50,3,1,1,5,4,5,7,4,4,9,5,4,2,16,6,3,10,1,1,B03,7,5,1,8,2,1,  ,6,6,1,3,5,B03,24.242385,120.54223,2
2018,12,27,7,30,臺中市,霧峰區,0,1,0,8,1,5,50,4,1,1,5,4,5,7,4,4,10,5,5,2,16,6,3,10,1,1,B12,7,5,1,8,2,4,  ,6,6,1,5,8,B12,24.069782,120.700395,2
2018,12,27,7,33,臺中市,潭子區,0,1,0,8,1,5,50,14,7,1,5,4,5,7,4,4,9,4,4,2,12,6,2,9,1,1,C03,7,5,1,10,2,12,  ,6,6,1,22,8,C03,24.218243,120.690635,2
2018,12,27,7,35,臺中市,南區,0,0,0,8,,,50,,,,,,,,,,,,,,,43,  ,  ,  ,  ,   ,  ,  ,  ,  ,  ,  ,  ,43,43,  ,  ,  ,   ,24.130537,120.674933,3