年,月,日,時,分,縣市,區,死,受傷,2-30,天候,光線,道路類別,速限,道路型態,事故位置,路面鋪裝,路面狀態,路面缺陷,障礙物,視距,號誌種類,號誌動作,分向設施,快車道或一般車道間,快慢車道間,路面邊線,事故類型及型態,主要肇因,受傷程度,主要傷處,保護裝備,行動電話,當事者區分_類別,車輛用途,當事者行動狀態,駕駛資格情形,駕駛執照種類,飲酒情形,車輛撞擊部位最初,車輛撞擊部位其他,肇事因素個別,肇事因素主要,肇事逃逸,職業,旅次目的,車種,GPS座標X,GPS座標Y,事故類別
2018,12,27,7,37,臺中市,大里區,0,1,0,8,1,5,50,4,2,1,5,4,5,7,1,1,5,5,5,1,13,16,2,8,1,1,C03,7,9,1,10,2,14,  ,16,16,1,21,8,C03,24.09648,120.701851,2
2018,12,27,7,40,臺中市,南屯區,0,0,0,,,,,,,,,,,,,,,,,,,,3,  ,  ,  ,B03,  ,  ,1,  ,2,  ,  ,23,  ,1,22,  ,B03,24.145054,120.622866,3
2018,12,27,7,41,臺中市,沙鹿區,0,1,0,8,1,5,50,4,7,1,5,4,5,7,1,1,10,5,5,2,17,23,2,9,1,1,C03,7,5,1,10,2,12,  ,23,23,1,4,8,C03,24.240445,120.562381,2
2018,12,27,7,44,臺中市,北區,0,0,,8,,,40,,,,,,,,,,,,,,,,,,,,B03,,,1,,2,,,12,,1,22,,B03,24.1552,120.686,3
2018,12,27,7,44,臺中市,龍井區,0,2,0,8,1,5,40,14,9,1,5,4,5,7,4,4,5,5,5,2,12,43,2,9,1,1,C03,7,9,1,10,2,11,  ,43,43,1,21,8,C03,24.193436,120.569042,2
2018,12,27,7,47,臺中市,梧棲區,0,0,,8,,,40,,,,,,,,,,,,,,,,,,,,B03,,,1,,2,,,12,,1,19,,B03,24.248433,120.553562,3
2018,12,27,7,48,臺中市,大里區,0,0,,8,,,50,,,,,,,,,,,,,,,,,,,,   ,,,7,,11,,,67,,1,  ,,   ,,,3
2018,12,27,7,49,臺中市,東區,0,1,0,8,1,5,40,4,1,1,5,4,5,7,4,4,10,5,5,2,16,6,3,10,1,1,C03,7,5,1,10,2,11,  ,6,6,1,21,8,C03,24.139993,120.707415,2
2018,12,27,7,49,臺中市,太平區,0,2,0,8,1,5,50,14,9,1,5,4,5,7,4,4,5,5,5,1,16,19,2,9,1,1,C03,7,1,1,10,2,14,  ,19,19,1,4,1,C03,24.143084,120.733568,2
2018,12,27,7,50,臺中市,中區,0,0,0,8,1,5,50,4,1,1,5,4,5,7,4,4,10,5,5,2,16,,3,  ,  ,  ,B03,  ,  ,1,  ,2,  ,  ,6,  ,1,21,  ,B03,24.14222,120.6829,3
2018,12,27,7,50,臺中市,西屯區,0,1,0,8,1,5,50,3,1,1,5,4,5,7,4,4,5,5,5,2,17,6,3,10,1,1,B03,7,5,1,8,2,15,  ,6,6,1,22,8,B03,24.169893,120.588547,2
2018,12,27,7,50,臺中市,大甲區,0,1,0,8,1,5,50,14,9,1,5,4,5,7,4,4,9,5,5,1,12,8,3,10,1,1,B03,7,5,1,7,2,7,  ,8,8,1,20,8,B03,24.409716,120.635025,2
2018,12,27,7,52,臺中市,大雅區,0,0,,8,,,50,,,,,,,,,,,,,,,,,,,,C03,,,1,,2,,,23,,1,  ,,C03,24.2238,120.644393,3
2018,12,27,7,53,臺中市,南區,0,2,0,8,1,5,40,3,1,1,5,4,5,7,4,4,10,5,5,2,16,6,2,9,1,1,C03,7,5,1,10,2,14,  ,6,6,1,21,8,C03,24.125583,120.657713,2
2018,12,27,7,55,臺中市,西屯區,0,1,0,8,1,5,40,4,1,1,5,4,5,7,4,4,10,5,5,2,16,6,2,9,1,1,C03,7,9,1,10,2,12,  ,6,6,1,22,8,C03,24.165593,120.645808,2
2018,12,27,7,55,臺中市,霧峰區,0,1,0,8,1,5,30,14,9,1,5,4,5,7,4,4,5,4,5,1,13,23,2,8,1,1,C03,7,9,1,10,2,11,  ,23,23,1,5,8,C03,24.070456,120.690961,2
2018,12,27,7,55,臺中市,太平區,0,1,0,8,1,5,50,14,9,1,5,4,5,7,4,4,5,4,5,2,16,23,2,9,1,1,C03,7,4,1,10,2,14,  ,23,23,1,5,8,C03,24.127777,120.709166,2
2018,12,27,7,57,臺中市,西屯區,0,1,0,8,1,5,50,14,9,1,5,4,5,7,4,4,9,5,5,2,16,43,3,10,1,1,B03,7,11,1,8,2,7,  ,43,43,1,21,8,B03,24.17519,120.601416,2
2018,12,27,8,8,臺中市,西區,0,0,,8,1,5,50,14,8,1,5,4,5,7,4,4,5,4,4,2,12,,,,,,B03,,,1,,2,,,23,,1,4,,B03,24.135121,120.671993,3
2018,12,27,8,10,臺中市,神岡區,0,0,0,8,,,50,,,,,,,,,,,,,,,26,  ,  ,  ,  ,C03,  ,  ,1,  ,2,  ,  ,26,26,1,3,  ,C03,24.249466,120.695788,3
2018,12,27,8,15,臺中市,南屯區,0,2,0,8,1,5,50,3,1,1,5,4,5,7,3,1,10,5,5,2,16,6,2,9,1,1,C03,7,5,1,10,2,14,  ,6,6,1,21,8,C03,24.135836,120.602651,2
2018,12,27,8,20,臺中市,南屯區,0,0,,8,,,50,,,,,,,,,,,,,,,,,,,,B03,,,1,,2,,,23,,1,22,,B03,24.145431,120.630296,3
2018,12,27,8,21,臺中市,北屯區,0,1,0,8,1,5,50,4,2,1,5,4,5,7,1,1,10,5,5,2,18,43,2,9,1,1,C03,7,9,1,10,2,12,  ,43,43,1,5,8,C03,24.180038,120.721609,2
2018,12,27,8,35,臺中市,東區,0,1,0,8,1,5,40,4,1,1,5,4,5,7,1,1,10,5,5,2,16,19,3,10,1,1,B03,7,5,1,8,2,4,  ,44,19,1,21,8,B03,24.142823,120.691083,2
2018,12,27,8,40,臺中市,潭子區,0,1,0,7,1,5,60,14,8,1,5,4,5,7,4,4,1,3,4,1,18,43,2,9,1,1,C03,7,9,1,10,2,15,  ,43,43,1,22,9,C03,24.214524,120.705215,2
2018,12,27,8,50,臺中市,大雅區,0,0,,8,,,40,,,,,,,,,,,,,,,,,,,,B12,,,1,,2,,,16,,1,21,,B12,24.215911,120.671507,3
2018,12,27,8,52,臺中市,大里區,0,0,,8,,,50,,,,,,,,,,,,,,,,,,,,B03,,,1,,2,,,23,,1,21,,B03,24.090878,120.688238,3
2018,12,27,8,55,臺中市,西屯區,0,2,0,8,1,5,50,14,22,1,5,4,5,7,4,4,5,5,5,2,3,51,2,9,1,1,H01,8,16,8,20,10,16,  ,51,51,1,22,8,H01,24.183241,120.616707,2
2018,12,27,8,55,臺中市,潭子區,0,2,0,8,1,5,50,4,1,1,5,4,5,7,4,4,9,4,4,1,11,6,2,8,1,1,C03,7,5,1,10,2,11,  ,6,6,1,22,8,C03,24.211013,120.70597,2
2018,12,27,8,59,臺中市,中區,0,2,0,8,1,5,50,5,1,1,5,4,5,7,2,1,10,5,5,2,13,23,2,9,1,1,C04,7,9,1,10,2,11,  ,23,23,2,21,8,C04,24.14466,120.68172,2
2018,12,27,9,0,臺中市,潭子區,0,0,,8,,,50,,,,,,,,,,,,,,,,,,,,A12,,,1,,2,,,23,,1,21,,A12,24.200699,120.703401,3
2018,12,27,9,5,臺中市,西屯區,0,0,,8,,,50,,,,,,,,,,,,,,,,,,,,B03,,,1,,2,,,16,,1,22,,B03,24.18304,120.622865,3
2018,12,27,9,8,臺中市,北屯區,0,1,0,8,1,5,50,14,11,1,5,4,5,7,4,4,2,4,2,1,13,16,2,9,1,1,C03,7,9,1,10,2,11,  ,16,16,1,18,8,C03,24.164564,120.701713,2
2018,12,27,9,12,臺中市,大甲區,0,0,0,,,,,,,,,,,,,,,,,,,23,  ,  ,  ,  ,B12,  ,  ,1,  ,2,  ,  ,23,23,1,  ,  ,B12,24.351978,120.626042,3
2018,12,27,9,15,臺中市,梧棲區,0,0,,8,,,40,,,,,,,,,,,,,,,,,,,,C03,,,1,,2,,,16,,1,5,,C03,24.248631,120.539367,4
2018,12,27,9,19,臺中市,西屯區,0,2,0,8,1,5,50,14,9,1,5,4,5,7,4,4,5,5,5,2,16,26,2,9,1,1,C03,7,5,4,7,2,11,  ,26,26,1,21,8,C03,24.186141,120.595096,2
2018,12,27,9,20,臺中市,中區,0,1,0,8,1,5,50,3,2,1,5,4,5,7,4,4,7,4,5,2,16,6,2,9,1,1,C03,7,6,1,10,2,14,  ,6,6,1,20,8,C03,24.143406,120.676775,2
2018,12,27,9,25,臺中市,北屯區,0,1,0,8,1,5,50,3,1,1,5,4,5,7,4,4,10,5,5,2,16,6,3,10,1,1,B03,7,6,1,8,2,2,  ,6,6,1,21,8,B03,24.180428,120.682015,2
2018,12,27,9,30,臺中市,南屯區,0,0,0,8,,,50,,,,,,,,,,,,,,,23,  ,  ,  ,  ,B03,  ,  ,1,  ,2,  ,  ,23,23,1,22,  ,B03,24.144427,120.632041,3
2018,12,27,9,50,臺中市,南屯區,0,2,0,8,1,5,50,14,7,1,5,4,5,7,4,4,5,4,4,2,16,19,2,8,1,1,C03,7,1,1,10,2,11,  ,19,19,1,22,9,C03,24.15232,120.632472,2
2018,12,27,9,50,臺中市,北屯區,0,2,0,8,1,5,50,14,19,1,5,4,5,7,4,4,5,5,4,2,3,51,2,9,4,5,H01,8,16,8,20,10,16,  ,51,51,1,20,7,H01,24.177955,120.668136,2
2018,12,27,9,53,臺中市,西屯區,0,1,0,8,1,5,50,14,7,1,5,4,5,7,4,4,5,4,4,2,13,42,2,7,1,1,C03,7,9,1,10,2,11,  ,42,42,1,22,8,C03,24.169475,120.635159,2
2018,12,27,9,55,臺中市,南屯區,0,1,0,8,1,5,50,3,1,1,5,4,5,7,4,4,10,5,5,2,16,6,3,10,1,1,B03,7,5,1,8,2,4,  ,6,6,1,22,9,B03,24.154192,120.632549,2
2018,12,27,10,0,臺中市,北區,0,0,0,8,,,50,,,,,,,,,,,,,,,12,3,  ,  ,  ,B11,  ,  ,1,  ,2,  ,  ,12,12,1,5,  ,B11,24.172221,120.673057,3
2018,12,27,10,7,臺中市,太平區,0,1,0,8,1,5,50,14,9,1,5,4,5,7,1,1,5,5,5,1,13,23,2,8,1,1,C03,7,9,1,10,2,11,  ,23,23,1,20,5,C03,24.112602,120.730431,2
2018,12,27,10,7,臺中市,潭子區,0,0,,8,,,60,,,,,,,,,,,,,,,,,,,,C03,,,1,,2,,,23,,1,22,,C03,24.199915,120.703306,3
2018,12,27,10,12,臺中市,北區,0,1,0,8,1,5,50,4,1,1,5,4,5,7,4,4,10,5,5,2,15,6,2,9,1,1,C03,7,9,1,10,2,11,  ,6,6,1,22,8,C03,24.158269,120.677703,2
2018,12,27,10,16,臺中市,北區,0,0,,8,,,50,,,,,,,,,,,,,,,,,,,,B03,,,1,,2,,,16,,1,22,,B03,24.1558,120.6858,3
2018,12,27,10,21,臺中市,北區,0,0,0,8,,,50,,,,,,,,,,,,,,,23,3,  ,  ,  ,B03,  ,  ,1,  ,2,  ,  ,23,23,1,5,  ,B03,24.16301,120.68483,3
2018,12,27,10,31,臺中市,霧峰區,0,0,0,8,,,40,,,,,,,,,,,,,,,17,  ,  ,  ,  ,B03,  ,  ,1,  ,2,  ,  ,17,17,1,21,  ,B03,24.072045,120.656858,3
2018,12,27,10,34,臺中市,北區,0,0,,8,,,50,,,,,,,,,,,,,,,,,,,,B12,,,1,,2,,,7,,1,22,,B12,24.163763,120.674186,3
2018,12,27,10,35,臺中市,東區,0,1,0,8,1,5,50,14,8,1,5,4,5,7,4,4,5,4,4,2,17,40,3,10,1,1,B12,7,13,1,8,2,4,  ,40,40,1,5,8,B12,24.142879,120.690227,2
2018,12,27,10,50,臺中市,東區,0,1,0,8,1,5,40,14,8,1,5,4,5,7,4,4,5,5,4,2,13,16,2,9,1,1,C03,7,9,1,10,2,11,  ,16,16,1,21,8,C03,24.142663,120.701778,2
2018,12,27,10,54,臺中市,太平區,0,0,,8,,,50,,,,,,,,,,,,,,,,,,,,B03,,,1,,2,,,23,,1,21,,B03,24.140494,120.710641,3
2018,12,27,10,57,臺中市,大里區,0,0,,8,,,50,,,,,,,,,,,,,,,,,,,,C03,,,1,,2,,,6,,1,22,,C03,24.087915,120.695222,3
2018,12,27,11,6,臺中市,西屯區,0,0,0,8,,,40,,,,,,,,,,,,,,,12,  ,  ,  ,  ,B03,  ,  ,1,  ,2,  ,  ,12,12,1,22,  ,B03,24.169751,120.652125,3
2018,12,27,11,8,臺中市,梧棲區,0,1,0,8,1,5,40,3,2,1,5,4,5,7,4,4,10,5,5,2,17,43,2,9,1,1,C03,7,9,1,10,2,15,  ,43,43,1,3,1,C03,24.231958,120.550609,2
2018,12,27,11,15,臺中市,北屯區,0,0,0,8,,,50,,,,,,,,,,,,,,,23,  ,  ,  ,  ,B03,  ,  ,1,  ,2,  ,  ,23,23,1,  ,  ,B03,24.181798,120.682138,3
2018,12,27,11,20,臺中市,南屯區,0,0,0,8,,,50,,,,,,,,,,,,,,,,3,  ,  ,  ,C04,  ,  ,1,  ,2,  ,  ,23,  ,1,22,  ,C04,24.135767,120.638673,3
2018,12,27,11,26,臺中市,北屯區,0,0,0,8,,,40,,,,,,,,,,,,,,,23,  ,  ,  ,  ,B03,  ,  ,1,  ,2,  ,  ,23,23,1,5,  ,B03,24.172393,120.722851,3
2018,12,27,11,32,臺中市,大里區,0,0,0,8,1,5,50,11,9,1,5,4,5,7,4,4,5,4,5,1,11,26,3,10,1,1,B12,7,4,1,8,2,8,  ,26,26,1,5,8,B12,24.077999,120.691827,3
2018,12,27,11,38,臺中市,西屯區,0,0,,8,,,40,,,,,,,,,,,,,,,,,,,,B01,,,1,,2,,,23,,1,  ,,B01,24.161835,120.631616,3
2018,12,27,11,40,臺中市,烏日區,0,1,0,8,1,5,50,3,2,1,5,4,5,7,4,4,9,4,5,2,16,19,3,10,1,1,B12,7,1,1,8,2,8,  ,19,19,1,21,8,B12,24.103432,120.632095,2
2018,12,27,11,44,臺中市,東區,0,1,0,8,1,5,50,5,1,1,5,4,5,7,1,1,10,5,5,2,16,9,2,9,1,1,C03,7,6,1,10,2,11,  ,9,9,1,5,8,C03,24.147953,120.692492,2
2018,12,27,11,48,臺中市,西屯區,0,1,0,8,1,5,40,5,1,1,5,4,5,7,4,4,10,5,5,2,16,6,2,9,1,1,C03,7,9,1,10,2,11,  ,6,6,1,22,9,C03,24.19787,120.660627,2
2018,12,27,11,49,臺中市,北區,0,1,0,8,1,5,50,14,9,1,5,4,5,7,4,4,1,5,5,2,17,7,2,9,4,5,F01,7,7,8,20,2,16,  ,7,7,1,22,8,F01,24.1653,120.6831,2
2018,12,27,11,50,臺中市,太平區,0,0,,8,,,40,,,,,,,,,,,,,,,,,,,,B03,,,1,,2,,,12,,  ,  ,,B03,24.1175,120.718333,3
2018,12,27,11,57,臺中市,大雅區,0,1,0,8,1,5,50,4,1,1,5,4,5,7,1,1,1,5,5,1,17,23,3,10,1,1,B03,7,5,1,8,2,1,  ,23,23,1,21,8,B03,24.233801,120.664533,2
2018,12,27,12,0,臺中市,清水區,0,1,0,7,1,5,50,14,9,1,5,4,5,7,4,4,5,5,5,1,10,26,2,9,1,1,C03,7,9,1,10,2,11,  ,26,26,1,12,8,C03,24.283637,120.574651,2
2018,12,27,12,9,臺中市,北區,0,2,0,8,1,5,50,4,1,1,5,4,5,7,4,4,10,5,5,2,15,6,2,8,1,1,C03,7,9,1,10,2,12,  ,6,6,1,5,8,C03,24.156482,120.672071,2
2018,12,27,12,10,臺中市,大甲區,0,1,0,8,1,5,50,4,1,1,5,4,5,7,1,1,10,5,5,1,17,10,3,10,1,1,B03,7,11,1,8,2,8,  ,10,10,1,22,1,B03,24.349413,120.623781,2
2018,12,27,12,11,臺中市,西屯區,0,1,0,8,1,5,50,4,1,1,5,4,5,7,4,4,5,5,5,2,15,6,2,9,1,1,C03,7,9,1,10,2,12,  ,6,6,1,22,8,C03,24.185655,120.625102,2
2018,12,27,12,23,臺中市,大雅區,0,1,0,8,1,5,40,3,1,1,5,4,5,7,3,1,5,2,5,2,16,6,3,10,1,1,B03,7,5,1,8,2,4,  ,6,6,1,22,9,B03,24.210975,120.665621,2
2018,12,27,12,24,臺中市,潭子區,0,0,,8,,,40,,,,,,,,,,,,,,,,,,,,B03,,,1,,2,,,18,,1,22,,B03,24.229076,120.70698,3
2018,12,27,12,26,臺中市,西屯區,0,2,0,8,1,5,40,14,8,1,5,4,5,7,3,1,1,4,1,2,3,23,2,9,1,1,C03,7,9,1,10,2,11,  ,23,23,1,22,9,C03,24.163033,120.648355,2
2018,12,27,12,36,臺中市,梧棲區,0,1,0,8,1,5,40,4,8,1,5,4,5,7,1,1,1,4,1,1,23,43,2,9,3,4,B03,7,5,1,8,2,8,  ,43,43,1,4,9,B03,24.257558,120.539205,2
2018,12,27,12,45,臺中市,南屯區,0,0,,8,,,50,,,,,,,,,,,,,,,,,,,,B03,,,1,,2,,,23,,1,22,,B03,24.149514,120.62747,3
2018,12,27,12,51,臺中市,西屯區,0,1,0,8,1,5,40,4,1,1,5,4,5,7,4,4,10,5,5,2,16,6,3,10,1,1,C03,7,9,1,10,2,12,  ,6,6,1,22,9,C03,24.164554,120.653134,2
2018,12,27,13,0,臺中市,北區,0,1,0,8,1,5,50,4,1,1,5,4,5,7,4,4,10,5,5,2,15,6,3,10,1,1,B03,7,9,1,8,2,4,  ,6,6,1,5,8,B03,24.16269,120.686648,2
2018,12,27,13,2,臺中市,西屯區,0,0,,8,,,50,,,,,,,,,,,,,,,,,,,,B03,,,1,,2,,,10,,1,22,,B03,24.184478,120.615578,3
2018,12,27,13,6,臺中市,烏日區,0,1,0,8,1,5,50,14,8,1,5,1,5,7,1,1,1,1,1,2,16,26,3,10,1,1,B03,7,6,1,8,2,2,  ,26,26,1,23,8,B03,24.111721,120.583968,2
2018,12,27,13,12,臺中市,北區,0,2,0,8,1,5,50,14,9,1,5,4,5,7,4,4,9,5,5,2,17,7,2,7,1,1,C03,7,10,1,10,2,14,  ,7,7,1,22,8,C03,24.156234,120.679011,2
2018,12,27,13,20,臺中市,大甲區,0,1,0,8,1,5,50,14,7,1,5,4,5,7,4,4,5,5,4,1,17,23,3,10,1,1,B03,7,9,1,8,2,1,  ,23,23,1,22,9,B03,24.35549,120.631555,2
2018,12,27,13,28,臺中市,烏日區,0,0,,,,,,,,,,,,,,,,,,,,,,,,,B03,,,1,,2,,,67,,1,  ,,B03,24.095093,120.640439,3
2018,12,27,13,31,臺中市,南屯區,0,1,0,8,1,5,40,14,9,1,5,4,5,7,4,4,10,5,5,2,17,19,3,10,1,1,B03,7,1,1,8,2,1,  ,19,19,1,22,9,B03,24.135047,120.643238,2
2018,12,27,13,34,臺中市,西屯區,0,0,0,8,,,40,,,,,,,,,,,,,,,43,  ,  ,  ,  ,B03,  ,  ,1,  ,2,  ,  ,43,43,1,  ,  ,B03,24.174795,120.667398,3
2018,12,27,13,39,臺中市,大里區,0,0,,8,,,50,,,,,,,,,,,,,,,,,,,,B03,,,1,,2,,,26,,1,21,,B03,24.102991,120.685936,3
2018,12,27,13,39,臺中市,烏日區,0,0,,8,,,60,,,,,,,,,,,,,,,,,,,,B12,,,1,,2,,,19,,1,  ,,B12,24.085738,120.64797,3
2018,12,27,13,40,臺中市,北區,0,0,,8,,,50,,,,,,,,,,,,,,,,,,,,B03,,,1,,2,,,23,,1,  ,,B03,24.166906,120.671149,3
2018,12,27,13,48,臺中市,清水區,0,1,0,8,1,5,50,3,1,1,5,4,5,7,1,1,10,5,5,1,18,23,2,9,1,1,C03,7,9,1,10,8,14,  ,23,23,1,12,8,C03,24.275658,120.576409,2
2018,12,27,13,49,臺中市,西區,0,2,0,8,1,5,40,3,1,1,5,4,5,7,4,4,10,5,5,2,17,23,2,9,1,1,C03,7,9,1,10,2,12,  ,23,23,1,5,5,C03,24.134092,120.674741,2
2018,12,27,13,51,臺中市,北屯區,0,0,,8,,,40,,,,,,,,,,,,,,,,,,,,B03,,,1,,2,,,19,,1,4,,B03,24.1838,120.6986,3
2018,12,27,13,52,臺中市,太平區,0,0,0,8,,,50,,,,,,,,,,,,,,,42,  ,  ,  ,  ,B03,  ,  ,1,  ,2,  ,  ,42,42,1,4,  ,B03,24.12208,120.724264,3
2018,12,27,13,54,臺中市,北屯區,0,1,0,8,1,5,50,4,1,1,5,4,5,7,1,1,1,3,5,2,16,23,3,10,1,1,B03,7,6,1,8,2,6,  ,23,23,1,21,8,B03,24.185696,120.686055,2
2018,12,27,13,56,臺中市,大雅區,0,1,0,8,1,5,60,3,1,1,5,4,5,7,1,1,1,4,4,1,17,9,3,10,1,1,B03,7,6,1,8,2,5,  ,9,9,1,21,8,B03,24.227136,120.64427,2
2018,12,27,13,57,臺中市,西區,0,0,,8,1,5,50,14,9,1,5,4,5,7,4,4,4,4,5,2,12,,,,,,B03,,,1,,2,,,23,,1,22,,B03,24.150795,120.662582,3
2018,12,27,14,14,臺中市,西區,0,2,0,8,2,5,50,4,9,1,5,4,5,7,4,4,5,5,5,2,16,6,2,9,3,4,C03,7,9,1,10,2,11,  ,6,6,1,21,8,C03,24.151447,120.660179,2
2018,12,27,14,15,臺中市,北屯區,0,1,0,8,1,5,50,4,1,1,5,4,5,7,1,1,1,2,5,2,18,42,2,9,3,4,C03,7,9,1,10,2,12,  ,42,42,1,21,8,C03,24.168913,120.727505,2
2018,12,27,14,20,臺中市,東勢區,0,1,0,8,1,5,50,4,1,1,5,4,5,7,4,4,5,5,5,1,15,6,3,10,1,1,A12,7,9,1,3,2,5,  ,6,6,1,9,8,A12,24.260416,120.826336,2
2018,12,27,14,32,臺中市,大雅區,0,0,,8,,,40,,,,,,,,,,,,,,,,,,,,B03,,,1,,2,,,17,,1,  ,,B03,24.209731,120.651237,3
2018,12,27,14,38,臺中市,大里區,0,1,0,8,1,5,50,14,8,1,5,4,5,7,4,4,9,4,4,1,16,6,3,10,1,1,B03,7,6,1,8,2,5,  ,6,6,1,22,9,B03,24.104095,120.680954,2
2018,12,27,14,43,臺中市,太平區,0,0,,8,,,50,,,,,,,,,,,,,,,,,,,,B12,,,1,,2,,,42,,1,21,,B12,24.14585,120.712646,3
2018,12,27,14,44,臺中市,南區,0,1,0,8,1,5,50,14,9,1,5,4,5,7,4,4,5,3,5,2,16,19,3,10,1,1,C03,7,1,1,10,2,14,  ,19,19,1,21,8,C03,24.118405,120.666794,2
2018,12,27,14,48,臺中市,太平區,0,0,,8,,,50,,,,,,,,,,,,,,,,,,,,B03,,,1,,2,,,26,,1,19,,B03,24.126781,120.71093,3
2018,12,27,14,50,臺中市,南屯區,0,0,,8,,,50,,,,,,,,,,,,,,,,,,,,B03,,,1,,2,,,16,,1,21,,B03,24.147008,120.639518,3
2018,12,27,14,58,臺中市,新社區,0,1,0,8,1,5,40,4,9,1,5,4,5,7,4,4,10,5,5,2,17,6,3,10,1,1,B03,7,5,1,8,2,5,  ,6,6,1,21,8,B03,24.211388,120.792777,2
2018,12,27,14,59,臺中市,太平區,0,1,0,8,1,5,80,14,7,1,5,4,5,7,4,4,1,4,5,1,16,3,3,10,1,1,B03,7,15,1,8,2,4,  ,3,3,1,21,8,B03,24.157758,120.717525,2
2018,12,27,15,8,臺中市,西區,0,1,0,8,1,5,50,4,1,1,5,4,5,7,1,1,10,5,5,2,16,6,3,10,1,1,B03,7,5,1,8,2,1,  ,6,6,1,5,8,B03,24.135104,120.672014,2
2018,12,27,15,11,臺中市,西屯區,0,0,0,8,,,40,,,,,,,,,,,,,,,12,  ,  ,  ,  ,B12,  ,  ,1,  ,2,  ,  ,12,12,1,  ,  ,B12,24.174645,120.663195,3
2018,12,27,15,14,臺中市,西屯區,0,1,0,8,1,5,50,14,7,1,5,4,5,7,4,4,5,4,4,2,13,19,3,10,1,1,C03,7,1,1,10,2,13,  ,19,19,1,22,8,C03,24.161541,120.660303,2
2018,12,27,15,24,臺中市,西屯區,0,1,0,8,1,5,50,3,1,1,5,4,4,7,4,4,10,5,5,2,14,12,3,10,1,1,B01,7,2,1,4,2,6,  ,12,12,1,21,8,B01,24.170573,120.646256,2
2018,12,27,15,36,臺中市,西區,0,0,,8,,,50,,,,,,,,,,,,,,,,,,,,B03,,,1,,2,,,23,,1,5,,B03,24.146765,120.66169,3
2018,12,27,15,36,臺中市,西屯區,0,0,0,8,1,5,50,,,,,,,,,,,,,,,23,  ,  ,  ,  ,B12,  ,  ,1,  ,2,1,  ,23,23,1,21,  ,B12,24.200713,120.66076,3
2018,12,27,15,38,臺中市,西屯區,0,1,0,8,1,5,50,3,1,1,5,4,5,7,4,4,10,5,5,2,17,6,3,10,1,1,B03,7,6,1,8,2,8,  ,6,6,1,21,8,B03,24.183985,120.62768,2
2018,12,27,15,39,臺中市,霧峰區,0,1,0,8,1,5,50,3,1,1,5,4,5,7,4,4,5,4,5,2,12,23,3,10,1,1,B03,7,9,3,18,2,2,  ,23,23,1,20,5,B03,24.045289,120.688203,2
2018,12,27,15,45,臺中市,西屯區,0,1,0,8,1,5,50,4,2,1,5,4,5,7,1,1,1,2,5,2,16,26,3,10,1,1,B03,7,8,1,8,2,5,  ,26,26,1,21,8,B03,24.164305,120.655137,2
2018,12,27,15,51,臺中市,北屯區,0,1,0,8,1,5,50,3,1,1,5,4,5,7,4,4,10,5,5,2,3,23,3,10,1,1,B03,7,9,1,8,2,1,  ,23,23,1,21,8,B03,24.185635,120.685986,2
2018,12,27,15,54,臺中市,東勢區,0,0,,8,,,50,,,,,,,,,,,,,,,,,,,,B03,,,1,,2,,,23,,1,5,,B03,24.264611,120.826025,3
2018,12,27,15,56,臺中市,北屯區,0,0,0,8,,,50,,,,,,,,,,,,,,,44,  ,  ,  ,  ,B03,  ,  ,1,  ,2,  ,  ,44,44,1,21,  ,B03,24.179933,120.719422,3
2018,12,27,16,10,臺中市,西區,0,1,0,8,1,5,50,14,9,1,5,4,5,7,4,4,5,4,5,2,13,23,2,9,1,1,C03,7,9,1,10,2,11,  ,23,23,1,20,8,C03,24.139334,120.678333,2
2018,12,27,16,10,臺中市,大安區,0,1,0,8,1,5,80,14,7,1,5,4,5,7,4,4,1,3,5,1,17,23,2,1,1,1,A12,7,9,1,7,2,1,  ,23,23,1,22,4,A12,24.378323,120.591686,2
2018,12,27,16,12,臺中市,中區,0,1,0,8,1,5,50,4,1,1,5,4,5,7,4,4,10,5,5,2,16,19,2,9,1,1,C03,7,1,1,10,2,12,  ,19,19,1,22,8,C03,24.144601,120.677123,2
2018,12,27,16,12,臺中市,北屯區,0,1,0,8,1,5,50,14,9,1,5,4,5,7,4,4,1,4,5,2,13,23,3,10,1,1,C03,7,9,1,10,2,11,  ,23,23,1,22,8,C03,24.173916,120.674553,2
2018,12,27,16,13,臺中市,西區,0,1,0,8,1,5,50,3,2,1,5,4,5,7,4,4,5,5,5,2,16,19,2,9,1,1,C03,7,1,1,10,2,12,  ,19,19,1,5,8,C03,24.13925,120.673626,2
2018,12,27,16,13,臺中市,大雅區,0,0,,8,,,40,,,,,,,,,,,,,,,43,,,,,B03,,,1,,11,,,44,43,1,  ,,B03,24.218146,120.649025,3
2018,12,27,16,21,臺中市,北屯區,0,1,0,8,1,5,50,14,12,1,5,4,5,7,4,4,5,5,4,2,2,54,2,9,4,5,H01,8,16,8,20,10,16,  ,54,54,1,19,8,H01,24.1745,120.6904,2
2018,12,27,16,24,臺中市,烏日區,0,0,,8,,,40,,,,,,,,,,,,,,,,,,,,B03,,,1,,2,,,6,,1,22,,B03,24.052732,120.651993,3