年,月,日,時,分,縣市,區,死,受傷,2-30,天候,光線,道路類別,速限,道路型態,事故位置,路面鋪裝,路面狀態,路面缺陷,障礙物,視距,號誌種類,號誌動作,分向設施,快車道或一般車道間,快慢車道間,路面邊線,事故類型及型態,主要肇因,受傷程度,主要傷處,保護裝備,行動電話,當事者區分_類別,車輛用途,當事者行動狀態,駕駛資格情形,駕駛執照種類,飲酒情形,車輛撞擊部位最初,車輛撞擊部位其他,肇事因素個別,肇事因素主要,肇事逃逸,職業,旅次目的,車種,GPS座標X,GPS座標Y,事故類別
2018,12,27,16,25,臺中市,北屯區,0,0,0,8,1,5,50,14,9,5,5,4,5,7,4,4,1,3,5,2,16,23,3,10,1,1,B03,7,6,1,8,2,2,  ,23,23,1,21,8,B03,24.187068,120.668645,3
2018,12,27,16,31,臺中市,西區,0,0,,8,,,50,,,,,,,,,,,,,,,,,,,,B03,,,1,,2,,,42,,1,5,,B03,24.136416,120.67336,3
2018,12,27,16,33,臺中市,西屯區,0,0,,8,,,40,,,,,,,,,,,,,,,,,,,,A12,,,1,,2,,,37,,  ,  ,,A12,24.200657,120.631268,3
2018,12,27,16,39,臺中市,東區,1,0,0,8,1,5,50,14,7,1,5,4,5,7,4,4,5,4,4,2,16,27,3,10,1,1,B12,7,8,1,7,2,5,  ,27,27,1,10,8,B12,24.140461,120.692403,1
2018,12,27,16,39,臺中市,西屯區,0,1,0,8,1,5,50,14,7,1,5,4,5,7,4,4,10,4,4,2,13,19,3,10,1,1,B03,7,1,1,8,2,4,  ,19,19,1,22,8,B03,24.170435,120.649575,2
2018,12,27,16,45,臺中市,龍井區,0,2,0,8,1,5,40,4,1,1,5,4,5,7,4,4,10,5,5,2,15,6,2,7,1,1,B12,7,9,1,8,2,8,  ,6,6,1,1,8,B12,24.193743,120.5264,2
2018,12,27,16,48,臺中市,太平區,0,1,0,8,1,5,40,14,8,1,5,4,5,7,4,4,5,5,4,2,5,23,2,8,4,5,F01,7,9,8,20,2,16,  ,23,23,1,22,8,F01,24.130555,120.71,2
2018,12,27,16,48,臺中市,后里區,0,0,,8,1,5,50,14,13,1,5,4,3,7,4,4,4,4,4,1,17,,,,,,B03,,,1,,1,,,44,,1,  ,,B03,24.313657,120.693806,3
2018,12,27,16,55,臺中市,清水區,0,0,,8,1,5,50,,,,,,,,,,,,,,,,,,,,B03,,,1,,2,,,6,,1,5,,B03,24.269035,120.575359,3
2018,12,27,16,56,臺中市,南區,0,2,0,8,1,5,50,4,1,1,5,4,5,6,4,4,10,5,5,2,17,6,2,9,1,1,C03,7,5,1,10,2,12,  ,6,6,1,21,8,C03,24.114275,120.667376,2
2018,12,27,16,58,臺中市,龍井區,0,0,,8,,,40,,,,,,,,,,,,,,,,,,,,B03,,,1,,2,,,6,,1,  ,,B03,24.192535,120.543255,3
2018,12,27,17,7,臺中市,南區,0,0,0,8,,,50,,,,,,,,,,,,,,,23,3,  ,  ,  ,B03,  ,  ,1,8,2,  ,  ,23,23,  ,21,  ,B03,24.114855,120.668533,3
2018,12,27,17,7,臺中市,南屯區,0,0,0,8,,,50,,,,,,,,,,,,,,,7,  ,  ,  ,  ,B03,  ,  ,1,  ,2,  ,  ,7,7,1,5,  ,B03,24.143673,120.636041,3
2018,12,27,17,7,臺中市,北屯區,0,2,0,8,1,5,50,4,1,1,5,4,5,7,1,1,3,2,4,2,15,25,3,10,1,1,B03,7,9,1,8,2,5,  ,25,25,1,22,8,B03,24.167912,120.696043,2
2018,12,27,17,9,臺中市,北屯區,0,1,0,8,3,5,50,4,1,1,5,4,5,7,3,1,10,5,5,2,15,6,2,8,1,1,C03,7,9,1,10,2,12,  ,6,6,1,18,8,C03,24.174146,120.723588,2
2018,12,27,17,11,臺中市,烏日區,0,1,0,8,1,5,40,4,2,1,5,4,5,7,1,1,1,4,1,1,13,16,2,9,1,1,C03,7,9,1,10,2,11,  ,16,16,1,21,1,C03,24.105097,120.652058,2
2018,12,27,17,12,臺中市,南區,0,1,0,8,1,5,50,3,1,1,5,4,5,7,1,1,10,5,5,2,16,10,3,10,1,1,B03,7,11,1,8,2,5,  ,10,10,1,4,8,B03,24.119195,120.682554,2
2018,12,27,17,12,臺中市,大里區,0,0,,8,,,50,,,,,,,,,,,,,,,,,,,,C03,,,1,,2,,,16,,1,18,,C03,24.092203,120.690429,3
2018,12,27,17,13,臺中市,南屯區,0,0,,8,,,50,,,,,,,,,,,,,,,,,,,,B03,,,1,,2,,,23,,1,  ,,B03,24.148953,120.648831,4
2018,12,27,17,16,臺中市,大雅區,0,0,,8,,,50,,,,,,,,,,,,,,,,,,,,   ,,,7,,11,,,19,,2,  ,,   ,24.23362,120.63769,3
2018,12,27,17,19,臺中市,北屯區,0,0,,8,,,40,,,,,,,,,,,,,,,,,,,,B12,,,1,,2,,,23,,1,3,,B12,24.1929,120.7107,3
2018,12,27,17,19,臺中市,大里區,0,1,0,8,3,5,50,4,1,1,5,4,5,7,2,1,10,5,5,2,17,10,3,10,1,1,C03,7,11,2,18,2,15,  ,10,10,1,16,5,C03,24.10034,120.687773,2
2018,12,27,17,20,臺中市,東區,0,1,0,8,3,5,50,14,7,1,5,4,5,7,4,4,5,5,4,2,17,26,3,10,1,1,C03,7,7,1,10,2,12,  ,26,26,1,5,8,C03,24.13665,120.706489,2
2018,12,27,17,23,臺中市,烏日區,0,0,0,8,2,6,40,4,2,1,5,4,5,7,1,1,5,4,5,1,14,12,3,10,1,1,B03,7,2,1,8,5,8,  ,12,12,1,22,9,B03,24.10604,120.624006,3
2018,12,27,17,25,臺中市,潭子區,0,1,0,8,2,5,40,14,8,1,5,4,4,7,4,4,1,4,4,1,18,23,2,9,1,1,C03,7,9,1,10,2,14,  ,23,23,1,22,8,C03,24.233429,120.709223,2
2018,12,27,17,30,臺中市,南區,0,0,,,,,,,,,,,,,,,,,,,,,,,,,B03,,,1,,2,,,12,,1,21,,B03,24.12635,120.680629,3
2018,12,27,17,30,臺中市,大雅區,0,0,,,,,,,,,,,,,,,,,,,,,,,,,B03,,,1,,2,,,17,,1,  ,,B03,24.212071,120.650171,3
2018,12,27,17,35,臺中市,大雅區,0,2,0,8,3,5,50,14,13,1,5,4,5,7,4,4,1,4,4,1,12,21,2,9,1,1,B12,7,9,6,18,8,5,  ,21,21,1,22,9,B12,24.215574,120.649209,2
2018,12,27,17,36,臺中市,西屯區,0,2,0,8,3,5,50,4,1,1,5,4,5,7,1,1,10,5,5,2,16,6,3,10,1,1,C03,7,5,1,10,2,11,  ,6,6,1,21,8,C03,24.178483,120.641866,2
2018,12,27,17,37,臺中市,南區,0,1,0,7,3,5,50,14,9,1,5,4,5,7,4,4,9,5,5,2,18,23,2,9,1,1,C03,7,9,1,10,2,12,  ,23,23,1,21,8,C03,24.117461,120.671901,2
2018,12,27,17,40,臺中市,南區,0,1,0,8,1,5,50,4,1,1,5,4,5,7,1,1,10,5,5,2,16,6,3,10,1,1,B03,7,5,1,8,2,6,  ,6,6,1,4,8,B03,24.126161,120.671521,2
2018,12,27,17,40,臺中市,北屯區,0,0,0,8,3,5,50,5,1,1,5,4,5,7,1,1,6,3,5,2,13,23,3,10,1,1,C03,7,9,1,10,2,11,  ,23,23,1,21,8,C03,24.179455,120.696495,3
2018,12,27,17,40,臺中市,大雅區,0,2,0,8,3,5,50,4,1,1,5,4,5,7,1,1,5,5,5,1,16,6,3,10,1,1,B03,7,5,1,8,2,2,  ,6,6,1,21,8,B03,24.240628,120.657125,2
2018,12,27,17,44,臺中市,后里區,0,0,0,8,3,5,50,14,7,1,5,4,5,7,4,4,5,5,4,2,17,23,3,10,1,1,B03,7,9,1,7,7,5,  ,23,23,1,21,8,B03,24.307225,120.716255,3
2018,12,27,17,45,臺中市,烏日區,0,1,0,8,3,5,50,3,1,1,5,4,5,5,4,4,4,3,5,2,17,6,3,10,1,1,B03,7,6,1,8,2,8,  ,6,6,1,22,8,B03,24.110768,120.598036,2
2018,12,27,17,50,臺中市,大甲區,0,2,0,8,1,5,50,4,1,1,5,4,5,7,1,1,5,5,5,2,16,6,2,9,1,4,C03,7,5,1,10,2,11,  ,6,6,1,21,8,C03,24.340593,120.624458,2
2018,12,27,17,52,臺中市,霧峰區,0,0,,8,,,50,,,,,,,,,,,,,,,,,,,,C03,,,1,,2,,,1,,1,5,,C03,24.064454,120.698768,3
2018,12,27,17,55,臺中市,大肚區,0,2,0,8,3,5,50,4,1,1,5,4,5,7,4,4,10,5,5,2,3,23,2,9,1,1,C03,7,9,1,10,2,15,  ,23,23,1,21,8,C03,24.15639,120.539996,2
2018,12,27,17,55,臺中市,豐原區,0,0,,8,,,40,,,,,,,,,,,,,,,,,,,,   ,,,7,,11,,,43,,1,  ,,   ,24.274399,120.745448,3
2018,12,27,17,56,臺中市,西屯區,0,0,0,8,,,50,,,,,,,,,,,,,,16,6,  ,  ,  ,  ,C03,  ,  ,1,  ,2,11,  ,6,6,1,22,  ,C03,24.164859,120.657593,3
2018,12,27,17,57,臺中市,西屯區,0,0,,8,,,50,,,,,,,,,,,,,,,,,,,,B03,,,1,,2,,,7,,1,  ,,B03,24.166465,120.650806,3
2018,12,27,17,59,臺中市,北屯區,0,0,0,8,,,50,,,,,,,,,,,,,,,6,  ,  ,  ,  ,B03,  ,  ,1,  ,2,  ,  ,6,6,1,21,  ,B03,24.162894,120.720472,3
2018,12,27,18,1,臺中市,西區,0,0,,8,,,50,,,,,,,,,,,,,,,,,,,,B03,,,1,,2,,,26,,1,5,,B03,24.146491,120.653951,3
2018,12,27,18,4,臺中市,西屯區,0,1,0,8,3,5,50,4,1,1,5,4,5,7,1,1,10,5,5,2,16,6,2,8,1,1,C03,7,5,1,10,2,11,  ,6,6,1,21,8,C03,24.176531,120.615905,2
2018,12,27,18,7,臺中市,烏日區,0,0,,8,,,60,,,,,,,,,,,,,,,,,,,,B12,,,1,,2,,,23,,1,21,,B12,24.109014,120.64186,3
2018,12,27,18,9,臺中市,西區,0,1,0,8,3,5,50,5,1,1,5,4,5,7,1,1,10,5,5,2,18,23,2,9,1,1,C03,7,9,1,10,2,14,  ,23,23,1,22,9,C03,24.150755,120.669741,2
2018,12,27,18,10,臺中市,西屯區,0,1,0,8,3,5,50,14,9,1,5,4,5,7,1,1,9,4,5,2,18,43,2,9,1,1,C03,7,9,1,10,2,14,  ,43,43,1,21,8,C03,24.184592,120.603044,2
2018,12,27,18,18,臺中市,中區,0,2,0,8,1,5,50,4,1,1,5,4,5,7,1,1,10,5,5,2,17,23,2,8,1,1,C03,7,9,1,10,2,11,  ,23,23,1,22,9,C03,24.138582,120.679109,2
2018,12,27,18,18,臺中市,東勢區,0,1,0,8,1,5,50,14,9,1,5,4,5,7,4,4,5,5,5,1,13,23,2,9,1,1,C03,7,9,1,10,2,11,  ,23,23,1,21,8,C03,24.253086,120.829701,2
2018,12,27,18,18,臺中市,潭子區,0,0,,8,,,50,,,,,,,,,,,,,,,,,,,,B03,,,1,,2,,,7,,1,22,,B03,24.20691,120.711226,3
2018,12,27,18,20,臺中市,西屯區,0,1,0,8,1,5,50,14,9,1,5,4,5,7,4,4,10,5,5,2,16,43,2,9,1,1,C03,7,15,1,10,2,14,  ,43,43,1,22,9,C03,24.167995,120.646311,2
2018,12,27,18,21,臺中市,大里區,0,2,0,8,3,5,50,14,8,1,5,4,5,7,4,4,1,4,4,1,12,6,3,10,3,4,B03,7,6,1,8,2,8,  ,6,6,1,5,8,B03,24.083675,120.697286,2
2018,12,27,18,28,臺中市,西屯區,0,0,,8,,,60,,,,,,,,,,,,,,,,,,,,B12,,,1,,2,,,16,,1,  ,,B12,24.162897,120.649217,3
2018,12,27,18,30,臺中市,南區,0,0,,,,,,,,,,,,,,,,,,,,,,,,,B03,,,1,,2,,,23,,1,21,,B03,24.118672,120.670066,3
2018,12,27,18,30,臺中市,后里區,0,1,0,8,3,5,60,14,9,1,5,4,5,7,4,4,5,4,5,1,12,10,3,10,1,1,B03,7,11,1,8,2,8,  ,10,10,1,4,5,B03,24.330575,120.729388,2
2018,12,27,18,35,臺中市,南區,0,2,0,7,3,5,50,4,1,1,5,4,5,7,1,1,10,5,5,2,17,23,2,9,1,1,C03,7,9,1,10,2,14,  ,23,23,1,21,8,C03,24.127056,120.678916,2
2018,12,27,18,35,臺中市,石岡區,0,3,0,8,1,5,50,14,9,1,5,4,5,7,4,4,5,5,5,1,13,23,3,10,1,1,B03,7,9,1,8,2,1,  ,23,23,1,21,8,B03,24.277777,120.765833,2
2018,12,27,18,37,臺中市,西屯區,0,0,,8,,,50,,,,,,,,,,,,,,,,,,,,B03,,,1,,2,,,19,,1,  ,,B03,24.162574,120.657341,3
2018,12,27,18,39,臺中市,西區,0,1,0,8,3,5,40,3,1,1,5,4,5,7,4,4,1,4,1,2,16,43,3,10,1,1,B03,7,6,1,8,2,2,  ,43,43,1,5,8,B03,24.156538,120.66102,2
2018,12,27,18,40,臺中市,西屯區,0,0,0,8,,,50,,,,,,,,,,,,,,13,23,  ,  ,  ,  ,B03,  ,  ,1,  ,2,1,  ,23,23,1,22,  ,B03,24.178835,120.62424,3
2018,12,27,18,42,臺中市,西區,0,1,0,8,3,5,50,14,7,1,5,4,5,7,4,4,5,5,4,2,17,18,3,10,1,1,B03,7,3,1,8,2,8,  ,18,18,1,5,5,B03,24.142927,120.671024,2
2018,12,27,18,42,臺中市,南屯區,0,0,,8,,,50,,,,,,,,,,,,,,,,,,,,B03,,,1,,2,,,19,,1,21,,B03,24.135151,120.638595,3
2018,12,27,18,46,臺中市,南區,0,0,0,8,,,50,,,,,,,,,,,,,,,26,  ,  ,  ,  ,B03,  ,  ,1,  ,2,  ,  ,26,26,1,4,  ,B03,24.118733,120.668433,3
2018,12,27,18,46,臺中市,北屯區,0,1,0,8,3,5,40,5,1,1,5,4,5,7,1,1,5,5,4,2,13,23,2,9,1,1,C03,7,9,1,10,2,11,  ,23,23,1,22,8,C03,24.176936,120.676988,2
2018,12,27,18,46,臺中市,大里區,0,0,,8,,,50,,,,,,,,,,,,,,,,,,,,C03,,,1,,2,,,7,,1,22,,C03,24.089233,120.702956,3
2018,12,27,18,48,臺中市,大里區,0,1,0,8,3,5,40,3,1,1,5,4,5,7,1,1,9,4,4,1,16,19,3,10,3,4,C03,7,1,1,10,2,14,  ,19,19,1,12,8,C03,24.10179,120.676116,2
2018,12,27,18,50,臺中市,北屯區,0,1,0,8,3,5,50,4,1,1,5,4,5,7,1,1,10,5,5,2,16,6,3,10,1,1,B03,7,5,1,8,2,5,  ,6,6,1,5,8,B03,24.194908,120.682425,2
2018,12,27,18,50,臺中市,潭子區,0,0,0,8,,,50,,,,,,,,,,,,,,,16,3,10,1,1,B03,7,12,1,8,2,1,  ,16,16,1,3,5,B03,24.20673,120.673733,3
2018,12,27,18,51,臺中市,大里區,0,0,,8,,,50,,,,,,,,,,,,,,,42,,,,,C03,,,1,,9,,,44,42,1,  ,,C03,24.158944,120.647457,3
2018,12,27,18,54,臺中市,龍井區,0,0,,8,,,60,,,,,,,,,,,,,,,,,,,,B03,,,1,,2,,,10,,1,22,,B03,24.187633,120.573395,3
2018,12,27,19,0,臺中市,大肚區,0,0,0,8,3,5,50,14,9,1,5,4,5,7,4,4,2,5,5,1,13,21,3,10,1,1,B03,7,9,2,18,6,1,  ,21,21,1,21,8,B03,24.131662,120.55432,3
2018,12,27,19,5,臺中市,西屯區,0,1,0,8,3,5,50,4,19,1,5,4,5,7,1,1,3,4,4,2,3,23,3,10,1,1,B03,7,6,1,8,2,2,  ,23,23,1,21,8,B03,24.176378,120.615698,2
2018,12,27,19,10,臺中市,西屯區,0,0,0,8,,,40,,,,,,,,,,,,,,,42,  ,  ,  ,  ,B03,  ,  ,1,  ,2,  ,  ,44,42,1,21,  ,B03,24.169568,120.65259,3
2018,12,27,19,10,臺中市,太平區,0,0,,8,,,40,,,,,,,,,,,,,,,,,,,,B03,,,1,,2,,,16,,1,4,,B03,24.159228,120.718126,3
2018,12,27,19,12,臺中市,西區,0,1,0,8,3,5,50,4,1,1,5,4,5,7,2,1,10,5,5,2,16,6,3,10,1,1,B03,7,5,1,8,2,5,  ,6,6,1,5,5,B03,24.146719,120.656772,2
2018,12,27,19,20,臺中市,大甲區,0,1,0,8,3,5,50,3,1,1,5,4,5,7,3,1,10,5,5,2,17,6,2,9,1,1,C03,7,5,1,10,2,12,  ,6,6,1,21,8,C03,24.351456,120.627191,2
2018,12,27,19,24,臺中市,大里區,0,1,0,8,3,5,50,14,9,1,5,4,5,7,4,4,1,4,5,1,17,30,3,10,1,1,C03,7,9,1,10,2,15,  ,30,30,1,21,8,C03,24.102446,120.681878,2
2018,12,27,19,27,臺中市,西屯區,0,0,0,8,3,5,50,4,2,1,5,4,5,7,1,1,5,4,4,2,13,16,3,10,1,1,B03,7,9,1,8,2,1,  ,16,16,1,9,8,B03,24.180749,120.638075,3
2018,12,27,19,28,臺中市,西屯區,0,0,,8,,,50,,,,,,,,,,,,,,,,,,,,B03,,,1,,2,,,16,,1,  ,,B03,24.161255,120.644227,3
2018,12,27,19,31,臺中市,西區,0,0,,8,,,50,,,,,,,,,,,,,,,,,,,,B03,,,1,,2,,,12,,1,5,,B03,24.14886,120.661768,4
2018,12,27,19,33,臺中市,潭子區,0,2,0,8,3,5,40,14,7,1,5,4,5,7,4,4,5,4,4,2,16,10,2,9,1,1,C03,7,11,2,18,2,12,  ,10,10,1,22,8,C03,24.219458,120.692029,2
2018,12,27,19,35,臺中市,神岡區,0,0,,8,,,50,,,,,,,,,,,,,,,,,,,,B12,,,1,,2,,,6,,1,21,,B12,24.250526,120.656183,3
2018,12,27,19,39,臺中市,西屯區,0,1,0,8,3,5,40,4,1,1,5,4,5,7,1,1,10,5,5,2,12,6,2,7,1,1,C03,7,6,1,10,2,12,  ,6,6,1,22,8,C03,24.174826,120.648735,2
2018,12,27,19,40,臺中市,北屯區,0,4,0,8,4,5,50,14,9,1,5,4,5,7,4,4,4,3,5,2,17,23,2,9,1,1,C03,7,9,1,10,2,11,  ,23,23,1,21,8,C03,24.177945,120.735963,2
2018,12,27,19,41,臺中市,梧棲區,0,1,0,8,3,5,50,3,1,1,5,4,5,7,4,4,10,5,5,2,16,6,3,10,1,1,B03,7,5,1,1,2,4,  ,6,6,1,10,8,B03,24.264709,120.531445,2
2018,12,27,19,46,臺中市,南屯區,0,0,,8,,,50,,,,,,,,,,,,,,,,,,,,B03,,,1,,2,,,23,,1,  ,,B03,24.146096,120.631584,4
2018,12,27,19,58,臺中市,北區,0,1,0,7,3,5,50,3,1,1,5,4,1,7,4,4,10,5,5,2,16,7,3,10,1,1,B03,7,8,1,8,2,2,  ,7,7,1,5,8,B03,24.147901,120.678536,2
2018,12,27,20,0,臺中市,南屯區,0,0,,8,,,40,,,,,,,,,,,,,,,,,,,,C03,,,1,,2,,,16,,1,21,,C03,24.133361,120.64957,3
2018,12,27,20,3,臺中市,沙鹿區,0,0,,8,,,50,,,,,,,,,,,,,,,,,,,,B03,,,1,,2,,,23,,1,  ,,B03,24.245427,120.562124,3
2018,12,27,20,12,臺中市,北區,0,2,0,8,3,5,50,14,8,1,5,4,4,7,4,4,8,3,4,2,12,40,3,10,1,1,B02,7,14,1,8,2,6,  ,40,40,1,5,8,B02,24.167118,120.683001,2
2018,12,27,20,14,臺中市,大雅區,0,0,,8,,,50,,,,,,,,,,,,,,,,,,,,B03,,,1,,2,,,23,,1,22,,B03,24.22149,120.65352,3
2018,12,27,20,20,臺中市,南區,0,0,,,,,,,,,,,,,,,,,,,,,,,,,G06,,,7,,11,,,43,,1,  ,,G06,24.114808,120.651922,3
2018,12,27,20,26,臺中市,西屯區,0,1,0,8,3,5,30,4,1,1,5,4,5,7,4,4,10,5,5,2,16,6,2,9,1,1,C03,7,9,1,10,2,11,  ,6,6,1,18,8,C03,24.19094,120.642355,2
2018,12,27,20,40,臺中市,北屯區,0,0,,8,,,50,,,,,,,,,,,,,,,,,,,,B03,,,4,,2,,,23,,1,21,,B03,24.162438,120.692427,3
2018,12,27,20,40,臺中市,太平區,0,1,0,8,3,5,50,14,9,1,5,4,5,7,4,4,5,4,5,2,17,23,2,8,1,1,C03,7,9,1,10,2,11,  ,23,23,1,21,8,C03,24.148959,120.715532,2
2018,12,27,20,50,臺中市,北屯區,0,1,0,8,3,5,50,4,1,1,5,4,5,7,1,1,1,2,5,2,13,16,3,10,1,1,B03,7,9,1,8,2,1,  ,16,16,1,22,8,B03,24.172958,120.698245,2
2018,12,27,20,58,臺中市,大里區,0,0,,8,,,50,,,,,,,,,,,,,,,,,,,,C03,,,1,,2,,,9,,1,18,,C03,24.098039,120.674495,3
2018,12,27,21,2,臺中市,西區,0,3,0,8,3,5,50,4,2,1,5,4,5,7,1,1,1,2,4,2,17,42,2,9,1,1,C03,7,9,1,10,2,11,  ,42,42,1,5,5,C03,24.140014,120.6625,2
2018,12,27,21,3,臺中市,大雅區,0,0,,8,,,50,,,,,,,,,,,,,,,6,,,,,B03,,,1,,2,,,6,6,1,22,,B03,24.216518,120.647955,3
2018,12,27,21,22,臺中市,北區,0,1,0,7,3,5,50,5,1,1,5,4,5,7,1,1,10,5,5,2,18,23,2,9,1,1,C03,7,9,1,10,2,14,  ,23,23,1,5,8,C03,24.144641,120.681807,2
2018,12,27,21,23,臺中市,烏日區,0,0,,8,,,30,,,,,,,,,,,,,,,,,,,,B03,,,1,,2,,,7,,1,21,,B03,24.112015,120.616331,3
2018,12,27,21,29,臺中市,北區,0,0,,8,3,5,50,14,8,1,5,4,5,7,4,4,8,3,4,2,13,,,,,,C03,,,1,,2,,,23,,1,4,,C03,24.169572,120.672255,3
2018,12,27,21,40,臺中市,西屯區,0,0,,8,,,40,,,,,,,,,,,,,,,,,,,,C03,,,1,,2,,,6,,1,21,,C03,24.167754,120.642899,3
2018,12,27,21,42,臺中市,西屯區,0,0,0,8,,,50,,,,,,,,,,,,,,,16,  ,  ,  ,  ,C03,  ,  ,1,  ,2,  ,  ,16,16,1,  ,  ,C03,24.174283,120.644628,3
2018,12,27,22,29,臺中市,西屯區,0,2,0,8,3,5,50,3,1,1,5,4,5,7,2,1,10,5,5,2,15,25,2,7,1,1,C03,7,9,1,10,2,12,  ,25,25,1,21,8,C03,24.167656,120.63822,2
2018,12,27,22,38,臺中市,西屯區,0,1,0,8,3,5,50,4,2,1,5,4,5,7,1,1,5,4,4,2,13,16,3,10,1,1,B03,7,6,1,8,2,8,  ,16,16,1,22,8,B03,24.177853,120.642165,2
2018,12,27,22,38,臺中市,龍井區,0,1,0,8,3,5,40,3,1,1,5,4,5,7,4,4,10,5,5,2,16,6,2,9,1,1,C03,7,5,1,10,3,11,  ,6,6,1,22,8,C03,24.182068,120.575551,2
2018,12,27,23,2,臺中市,東區,0,3,0,7,3,5,50,4,2,1,5,4,5,7,1,1,9,4,5,2,13,23,2,9,1,1,C03,7,9,1,10,2,14,  ,23,23,1,18,8,C03,24.14803,120.699445,2
2018,12,27,23,6,臺中市,西區,0,1,0,8,1,5,40,14,8,1,5,4,5,7,4,4,5,5,4,2,17,21,2,9,1,1,C03,7,9,4,8,6,11,  ,21,21,1,5,5,C03,24.159017,120.665135,2
2018,12,27,23,8,臺中市,東區,0,2,0,8,3,5,50,4,1,1,5,4,5,7,2,1,10,5,5,2,16,25,2,9,1,1,C03,7,5,1,10,2,14,  ,25,25,1,22,8,C03,24.1273,120.700725,2
2018,12,27,23,19,臺中市,西屯區,0,1,0,8,3,5,50,4,1,1,5,4,5,7,3,1,10,5,5,2,16,6,3,10,3,4,B03,7,9,1,8,2,1,  ,6,6,1,22,9,B03,24.170593,120.650903,2
2018,12,28,0,5,臺中市,外埔區,0,0,,8,,,50,,,,,,,,,,,,,,,,,,,,B03,,,1,,2,,,22,,1,20,,B03,24.341061,120.665739,3
2018,12,28,0,46,臺中市,西區,0,1,0,8,3,5,50,4,2,1,5,4,5,7,1,1,5,2,5,2,13,23,2,9,1,1,C03,7,9,1,10,2,11,  ,23,23,1,21,8,C03,24.149037,120.661679,2
2018,12,28,2,17,臺中市,神岡區,0,1,0,8,3,5,50,4,1,1,5,4,5,7,3,1,10,5,5,2,15,6,2,9,3,4,C03,7,9,1,10,2,11,  ,6,6,1,21,9,C03,24.255866,120.671246,2
2018,12,28,4,1,臺中市,北屯區,0,0,,8,,,50,,,,,,,,,,,,,,,,,,,,B03,,,6,,9,,,23,,2,5,,B03,24.188228,120.690136,3
2018,12,28,5,28,臺中市,北區,0,1,0,8,2,5,50,4,1,1,5,4,5,7,3,1,5,5,5,2,16,6,3,10,3,4,B01,7,9,1,4,2,5,  ,6,6,1,22,9,B01,24.152128,120.673611,2
2018,12,28,6,57,臺中市,神岡區,0,1,0,8,1,5,50,14,7,1,5,4,5,7,4,4,5,5,4,2,13,23,3,10,3,4,B03,7,9,1,8,2,8,  ,23,23,1,22,9,B03,24.255858,120.671296,2
2018,12,28,7,0,臺中市,北屯區,0,1,0,8,1,5,50,14,9,1,5,4,5,7,4,4,5,5,5,2,18,13,2,9,1,1,C03,7,9,1,10,2,12,  ,13,13,1,21,8,C03,24.158291,120.729489,2
2018,12,28,7,0,臺中市,大雅區,0,0,0,8,1,5,40,3,2,1,5,4,5,7,4,4,10,5,,2,16,23,3,10,1,1,B03,7,9,1,8,7,8,  ,23,23,1,22,8,B03,24.226356,120.649808,3
2018,12,28,7,8,臺中市,南區,0,0,0,8,,,50,,,,,,,,,,,,,,,23,3,  ,  ,  ,B12,  ,  ,1,8,2,  ,  ,23,23,  ,21,  ,B12,24.125324,120.658224,3
2018,12,28,7,10,臺中市,沙鹿區,0,3,0,8,1,5,40,3,1,1,5,4,5,7,1,1,1,3,4,1,16,23,2,9,1,1,C03,7,9,3,18,2,11,  ,23,23,1,4,8,C03,24.248602,120.603573,2
2018,12,28,7,15,臺中市,南屯區,0,0,,,,,,,,,,,,,,,,,,,,,,,,,B03,,,1,,2,,,23,,1,  ,,B03,24.148163,120.625808,3
2018,12,28,7,17,臺中市,石岡區,0,0,0,8,,,70,,,,,,,,,,,,,,,16,  ,  ,  ,  ,B03,  ,  ,1,  ,2,  ,  ,16,16,1,  ,  ,B03,24.260966,120.814901,3
2018,12,28,7,22,臺中市,西屯區,0,1,0,8,1,5,40,4,1,1,5,4,5,7,1,1,10,5,5,2,17,23,2,9,1,1,C03,7,9,1,10,2,11,  ,23,23,1,22,8,C03,24.156573,120.644076,2
2018,12,28,7,22,臺中市,大雅區,0,0,,8,,,40,,,,,,,,,,,,,,,,,,,,B03,,,1,,2,,,12,,1,  ,,B03,24.206054,120.629138,3
2018,12,28,7,23,臺中市,太平區,0,2,0,8,1,5,40,4,1,1,5,4,5,7,1,1,10,5,5,2,16,6,2,9,1,1,C03,7,5,1,10,2,12,  ,6,6,1,20,8,C03,24.153751,120.718503,2
2018,12,28,7,25,臺中市,神岡區,0,1,0,8,1,5,50,14,9,1,5,4,5,7,4,4,5,5,5,1,16,26,3,10,1,1,B03,7,5,1,8,2,5,  ,26,26,1,22,9,B03,24.280353,120.654065,2
2018,12,28,7,30,臺中市,南屯區,0,2,0,8,1,5,40,3,1,1,5,4,5,7,4,4,10,5,5,2,16,6,2,8,1,1,C03,7,5,1,10,2,14,  ,6,6,1,22,9,C03,24.157162,120.651335,2