年,月,日,時,分,縣市,區,死,受傷,2-30,天候,光線,道路類別,速限,道路型態,事故位置,路面鋪裝,路面狀態,路面缺陷,障礙物,視距,號誌種類,號誌動作,分向設施,快車道或一般車道間,快慢車道間,路面邊線,事故類型及型態,主要肇因,受傷程度,主要傷處,保護裝備,行動電話,當事者區分_類別,車輛用途,當事者行動狀態,駕駛資格情形,駕駛執照種類,飲酒情形,車輛撞擊部位最初,車輛撞擊部位其他,肇事因素個別,肇事因素主要,肇事逃逸,職業,旅次目的,車種,GPS座標X,GPS座標Y,事故類別
2018,12,28,7,32,臺中市,西屯區,0,0,0,8,,,50,,,,,,,,,,,,,,,19,  ,  ,  ,  ,B03,  ,  ,1,  ,2,  ,  ,44,19,1,5,  ,B03,24.171988,120.597447,3
2018,12,28,7,33,臺中市,沙鹿區,0,0,,8,,,40,,,,,,,,,,,,,,,,,,,,B03,,,1,,2,,,12,,1,20,,B03,24.238197,120.567892,3
2018,12,28,7,36,臺中市,大雅區,0,1,0,8,1,5,40,14,9,1,5,4,5,7,4,4,10,5,5,1,17,1,2,7,1,1,C03,7,4,1,10,2,12,  ,1,1,1,21,8,C03,24.245229,120.637235,2
2018,12,28,7,40,臺中市,南屯區,0,0,0,8,,,50,,,,,,,,,,,,,,,,3,  ,  ,  ,B03,  ,  ,1,  ,2,  ,  ,23,  ,1,22,  ,B03,24.136852,120.650304,4
2018,12,28,7,40,臺中市,霧峰區,0,0,0,8,1,5,70,14,9,1,5,4,5,7,4,4,1,4,5,1,13,23,3,10,1,1,A11,7,15,1,5,2,1,  ,23,23,1,10,8,A11,24.066,120.695988,3
2018,12,28,7,43,臺中市,西屯區,0,1,0,8,1,5,40,4,2,1,5,4,5,7,1,1,5,4,4,2,16,6,3,10,1,1,B03,7,5,1,8,2,5,  ,6,6,1,22,8,B03,24.183623,120.618455,2
2018,12,28,7,47,臺中市,南屯區,0,2,0,8,1,5,50,3,1,1,5,4,5,7,3,1,10,5,5,2,16,6,2,9,1,1,C03,7,5,1,10,2,14,  ,6,6,1,21,8,C03,24.129558,120.609131,2
2018,12,28,7,49,臺中市,西屯區,0,2,0,8,1,5,50,14,7,1,5,4,5,7,4,4,5,5,4,2,16,26,2,9,1,1,C03,7,11,1,10,2,12,  ,26,26,1,22,9,C03,24.168531,120.653391,2
2018,12,28,7,50,臺中市,石岡區,0,1,0,8,1,5,70,4,1,1,5,4,5,7,1,1,5,4,4,1,17,25,2,9,1,1,C03,7,9,1,10,2,11,  ,25,25,1,21,8,C03,24.262103,120.813245,2
2018,12,28,7,54,臺中市,南區,0,1,0,8,1,5,40,14,9,1,5,4,5,7,4,4,10,5,5,2,16,23,2,8,1,1,C03,7,9,1,8,2,11,  ,23,23,1,4,8,C03,24.121781,120.656709,2
2018,12,28,7,57,臺中市,烏日區,0,0,,8,,,40,,,,,,,,,,,,,,,,,,,,B03,,,1,,2,,,1,,1,21,,B03,24.094215,120.637943,3
2018,12,28,7,58,臺中市,西屯區,0,0,,8,,,70,,,,,,,,,,,,,,,,,,,,B03,,,1,,2,,,16,,1,22,,B03,24.179716,120.622374,3
2018,12,28,8,0,臺中市,西區,0,1,0,8,1,5,50,4,1,1,5,4,5,7,1,1,10,5,5,2,16,6,2,9,1,1,C03,7,5,1,10,2,12,  ,14,6,1,20,8,C03,24.146696,120.668205,2
2018,12,28,8,2,臺中市,神岡區,0,1,0,8,1,5,40,3,1,1,5,4,5,7,4,4,10,5,5,1,16,1,2,9,1,1,C03,7,4,1,10,2,12,  ,1,1,1,22,9,C03,24.273429,120.68322,2
2018,12,28,8,3,臺中市,南屯區,0,0,,8,,,50,,,,,,,,,,,,,,,,,,,,B03,,,1,,2,,,23,,1,  ,,B03,24.14311,120.637498,3
2018,12,28,8,3,臺中市,太平區,0,0,1,8,1,8,30,15,20,4,5,3,5,7,4,4,10,5,5,2,18,23,5,1,1,1,C03,7,9,3,18,2,12,  ,23,23,1,19,8,C03,24.150553,120.731925,2
2018,12,28,8,5,臺中市,太平區,0,1,0,8,1,5,50,14,9,1,5,4,5,7,4,4,5,5,5,2,14,12,3,10,1,1,B03,7,2,1,8,2,3,  ,12,12,1,5,8,B03,24.152222,120.725833,2
2018,12,28,8,5,臺中市,東勢區,0,1,0,8,1,5,40,14,9,1,5,4,5,7,4,4,10,5,4,2,14,12,3,10,1,1,B12,7,2,1,8,2,3,  ,12,12,1,21,8,B12,24.246938,120.844581,2
2018,12,28,8,15,臺中市,東區,0,1,0,8,1,5,50,4,1,1,5,4,5,7,4,4,10,5,5,2,16,6,2,9,1,1,C03,7,9,1,10,2,11,  ,6,6,1,5,8,C03,24.132273,120.691571,2
2018,12,28,8,19,臺中市,北區,0,0,0,8,,,50,,,,,,,,,,,,,,,19,3,  ,  ,  ,B03,  ,  ,1,  ,2,  ,  ,19,19,2,5,  ,B03,24.171626,120.668188,3
2018,12,28,8,22,臺中市,南屯區,0,0,,8,,,50,,,,,,,,,,,,,,,,,,,,B03,,,1,,2,,,23,,1,5,,B03,24.136016,120.611975,3
2018,12,28,8,25,臺中市,大里區,0,0,,8,,,50,,,,,,,,,,,,,,,,,,,,B03,,,1,,2,,,6,,1,22,,B03,24.102026,120.697786,3
2018,12,28,8,25,臺中市,沙鹿區,0,1,0,8,1,5,40,14,9,1,5,4,5,7,4,4,10,5,5,2,9,12,3,10,1,1,C03,7,2,1,10,2,13,  ,12,12,1,20,8,C03,24.25081,120.566841,2
2018,12,28,8,38,臺中市,清水區,0,1,0,8,1,5,50,3,1,1,5,4,5,7,3,1,9,4,5,2,15,6,3,10,1,1,B03,7,9,1,8,2,5,  ,23,6,1,21,8,B03,24.266513,120.573433,2
2018,12,28,8,40,臺中市,北屯區,0,2,0,8,1,5,50,5,2,1,5,4,5,7,1,1,1,4,5,2,13,23,2,9,1,1,C03,7,9,1,10,2,11,  ,23,23,1,22,8,C03,24.180153,120.667221,2
2018,12,28,8,46,臺中市,大肚區,0,0,,8,,,40,,,,,,,,,,,,,,,,,,,,B03,,,1,,2,,,23,,1,  ,,B03,24.165051,120.577105,3
2018,12,28,8,49,臺中市,南屯區,0,0,,8,,,40,,,,,,,,,,,,,,,,,,,,B03,,,1,,2,,,23,,1,5,,B03,24.14323,120.589403,3
2018,12,28,8,50,臺中市,太平區,0,1,0,8,1,5,50,4,2,1,5,4,5,7,4,4,5,5,5,1,13,23,2,8,1,1,C03,7,9,3,18,2,11,  ,23,23,1,5,8,C03,24.144166,120.725277,2
2018,12,28,8,51,臺中市,西區,0,1,0,8,1,5,50,14,7,1,5,4,5,7,4,4,5,4,4,2,18,23,2,9,1,1,C03,7,9,1,10,2,15,  ,23,23,1,22,8,C03,24.144292,120.664941,2
2018,12,28,8,59,臺中市,西區,0,0,0,8,1,5,50,4,1,1,5,4,5,7,1,1,10,5,5,2,14,,3,  ,  ,  ,B12,  ,  ,1,  ,2,  ,  ,12,  ,1,21,  ,B12,24.146112,120.672126,3
2018,12,28,9,0,臺中市,南屯區,0,1,0,8,1,5,50,4,1,1,5,4,5,7,2,1,10,5,5,2,16,6,3,10,1,1,B03,7,5,1,8,2,6,  ,6,6,1,22,8,B03,24.138954,120.653004,2
2018,12,28,9,2,臺中市,北屯區,0,0,0,8,,,50,,,,,,,,,,,,,,,25,  ,  ,  ,  ,C03,  ,  ,1,  ,2,  ,  ,25,25,  ,9,  ,C03,24.181861,120.692246,3
2018,12,28,9,2,臺中市,北屯區,0,0,,8,,,50,,,,,,,,,,,,,,,,,,,,B03,,,1,,2,,,6,,1,5,,B03,24.168298,120.71469,3
2018,12,28,9,5,臺中市,西屯區,0,1,0,8,1,5,50,3,1,1,5,4,5,7,1,1,10,5,5,2,18,13,2,9,1,1,C03,7,9,1,10,2,14,  ,13,13,1,22,9,C03,24.175246,120.590575,2
2018,12,28,9,10,臺中市,西區,0,0,,8,,,40,,,,,,,,,,,,,,,,,,,,C03,,,1,,2,,,6,,1,21,,C03,24.142242,120.681322,3
2018,12,28,9,12,臺中市,潭子區,0,0,,8,,,80,,,,,,,,,,,,,,,,,,,,B12,,,1,,2,,,44,,1,22,,B12,24.200483,120.711811,3
2018,12,28,9,20,臺中市,北屯區,0,2,0,8,1,5,50,4,1,1,5,4,5,7,4,4,10,5,5,2,16,6,2,9,1,1,C03,7,9,1,9,2,11,  ,6,6,1,21,8,C03,24.175444,120.677518,2
2018,12,28,9,21,臺中市,西屯區,0,1,0,8,1,5,40,14,8,1,5,4,5,7,4,4,1,4,1,2,12,43,2,9,1,1,C03,7,7,1,10,2,11,  ,43,43,1,22,9,C03,24.160743,120.634995,2
2018,12,28,9,35,臺中市,南屯區,0,0,,8,,,40,,,,,,,,,,,,,,,,,,,,B12,,,1,,2,,,23,,1,  ,,B12,24.118713,120.63887,3
2018,12,28,9,36,臺中市,西屯區,0,1,0,8,1,5,40,4,2,1,5,4,5,7,4,4,5,4,4,2,18,42,2,9,1,1,C03,7,9,1,10,2,14,  ,42,42,1,22,8,C03,24.174316,120.665838,2
2018,12,28,9,45,臺中市,太平區,0,0,,8,,,50,,,,,,,,,,,,,,,,,,,,B12,,,1,,2,,,12,,1,9,,B12,24.106398,120.729237,3
2018,12,28,9,47,臺中市,北區,0,2,0,8,1,5,50,4,1,1,5,4,5,7,4,4,10,5,5,2,15,6,2,9,1,1,C03,7,9,1,10,2,12,  ,6,6,1,22,8,C03,24.158499,120.672086,2
2018,12,28,9,50,臺中市,西區,0,1,0,8,1,5,50,14,9,1,5,4,5,7,4,4,10,5,5,2,16,6,3,10,1,1,B03,7,5,1,8,2,8,  ,6,6,1,20,8,B03,24.143993,120.656712,2
2018,12,28,9,50,臺中市,南屯區,0,1,0,8,1,5,40,14,8,1,5,4,5,7,4,4,10,4,4,2,8,12,3,10,1,1,B12,7,2,1,8,2,3,  ,12,12,1,22,9,B12,24.138742,120.622491,2
2018,12,28,9,53,臺中市,北區,0,0,0,8,,,50,,,,,,,,,,,,,,,4,  ,  ,  ,  ,C03,  ,  ,1,10,2,  ,  ,4,4,1,  ,  ,C03,24.154986,120.668723,3
2018,12,28,9,54,臺中市,大里區,0,2,0,8,1,5,50,4,1,1,5,4,5,7,4,4,10,5,5,2,16,6,2,9,1,1,C03,7,9,1,10,2,11,  ,6,6,1,19,8,C03,24.092085,120.703568,2
2018,12,28,10,10,臺中市,大雅區,0,1,0,8,1,5,40,4,2,1,5,4,5,7,1,1,5,5,5,1,1,6,3,10,1,1,B02,7,5,1,7,2,1,  ,6,6,1,22,8,B02,24.225217,120.648013,2
2018,12,28,10,12,臺中市,南區,0,0,0,8,,,50,,,,,,,,,,,,,,,16,3,  ,  ,  ,B03,  ,  ,1,8,2,  ,  ,23,16,  ,21,  ,B03,24.132018,120.657221,3
2018,12,28,10,30,臺中市,后里區,0,0,0,8,,,50,,,,,,,,,,,,,,,23,  ,  ,  ,  ,B03,  ,  ,1,  ,2,  ,  ,42,23,1,  ,  ,B03,24.318031,120.693855,3
2018,12,28,10,35,臺中市,南屯區,0,0,0,,,,,,,,,,,,,,,,,,,,3,  ,  ,  ,B03,  ,  ,1,  ,2,  ,  ,23,  ,1,22,  ,B03,24.148568,120.626135,4
2018,12,28,10,42,臺中市,西屯區,0,0,,8,,,50,,,,,,,,,,,,,,,,,,,,B03,,,1,,2,,,8,,1,22,,B03,24.168889,120.648516,3
2018,12,28,10,50,臺中市,后里區,0,1,0,8,1,5,50,14,9,1,5,4,5,7,4,4,9,5,5,2,14,12,3,10,3,4,A04,7,2,1,2,2,3,  ,12,12,1,22,8,A04,24.304765,120.731493,2
2018,12,28,10,57,臺中市,東區,0,1,0,8,1,5,50,4,1,1,5,4,5,7,1,1,10,5,5,2,1,25,3,10,4,5,F01,7,6,8,20,2,16,  ,25,25,1,22,8,F01,24.143226,120.706543,2
2018,12,28,11,2,臺中市,西區,0,0,,8,1,5,50,14,7,1,5,4,5,7,1,1,5,2,4,2,13,,,,,,B03,,,1,,2,,,23,,1,22,,B03,24.152639,120.666283,3
2018,12,28,11,2,臺中市,北屯區,0,0,,8,,,40,,,,,,,,,,,,,,,,,,,,C03,,,1,,2,,,5,,1,  ,,C03,24.170306,120.699349,3
2018,12,28,11,9,臺中市,太平區,0,1,0,8,1,5,50,5,1,1,5,4,5,7,2,1,10,5,5,2,16,26,2,9,3,4,C03,7,5,1,10,2,12,  ,26,26,1,4,8,C03,24.149629,120.72459,2
2018,12,28,11,11,臺中市,后里區,0,2,0,8,1,5,60,3,1,1,5,4,5,7,1,1,10,5,5,2,16,26,3,10,1,1,B03,7,6,1,8,2,5,  ,26,26,1,21,8,B03,24.29735,120.723793,2
2018,12,28,11,13,臺中市,南屯區,0,0,,8,,,40,,,,,,,,,,,,,,,,,,,,B03,,,1,,2,,,12,,1,22,,B03,24.132558,120.639731,3
2018,12,28,11,15,臺中市,南區,0,2,0,8,1,5,50,4,1,1,5,4,5,7,4,4,10,5,5,2,15,6,2,8,1,1,C03,7,9,1,10,2,12,  ,6,6,1,4,8,C03,24.124981,120.673111,2
2018,12,28,11,15,臺中市,西屯區,0,0,0,8,,,50,,,,,,,,,,,,,,,23,  ,  ,  ,  ,B12,  ,  ,1,  ,2,  ,  ,23,23,1,  ,  ,B12,24.1721,120.659506,3
2018,12,28,11,20,臺中市,神岡區,0,2,0,8,1,5,40,4,1,1,5,4,3,5,4,4,10,5,5,1,16,8,2,9,1,1,C03,7,5,3,18,2,14,  ,8,8,1,22,9,C03,24.257783,120.658883,2
2018,12,28,11,25,臺中市,北屯區,0,1,0,8,1,5,50,14,9,1,5,4,5,7,4,4,1,4,5,2,16,16,3,10,1,1,B03,7,9,1,8,2,1,  ,16,16,1,21,8,B03,24.179916,120.685802,2
2018,12,28,11,26,臺中市,太平區,0,0,,8,,,40,,,,,,,,,,,,,,,,,,,,A12,,,1,,2,,,12,,1,10,,A12,24.131216,120.709671,3
2018,12,28,11,28,臺中市,大里區,0,0,,8,,,40,,,,,,,,,,,,,,,,,,,,B12,,,1,,2,,,23,,1,22,,B12,24.090467,120.695208,3
2018,12,28,11,41,臺中市,北屯區,0,1,0,8,1,5,50,14,7,1,5,4,5,7,4,4,1,4,4,2,13,16,2,9,1,1,C03,7,9,1,8,2,11,  ,16,16,1,22,8,C03,24.180235,120.667306,2
2018,12,28,11,42,臺中市,霧峰區,0,0,,8,,,50,,,,,,,,,,,,,,,,,,,,B12,,,1,,2,,,19,,1,6,,B12,24.061861,120.69842,3
2018,12,28,11,43,臺中市,北區,0,1,0,8,1,5,50,3,18,1,5,4,5,7,3,1,10,4,5,2,9,15,3,10,1,1,B03,7,5,1,8,2,4,  ,15,15,1,22,8,B03,24.156144,120.691461,2
2018,12,28,11,50,臺中市,神岡區,0,0,,8,,,50,,,,,,,,,,,,,,,,,,,,   ,,,7,,11,,,43,,2,  ,,   ,24.249448,120.695811,3
2018,12,28,11,53,臺中市,東區,0,1,0,8,1,5,50,5,1,1,5,4,5,7,2,1,10,5,5,2,12,17,3,10,1,1,B03,7,9,1,8,2,5,  ,17,17,1,21,8,B03,24.14277,120.694378,2
2018,12,28,11,53,臺中市,大雅區,0,1,0,8,1,5,50,4,1,1,5,4,5,7,4,4,10,5,5,1,15,6,2,9,1,1,C03,7,9,1,10,2,12,  ,6,6,1,21,8,C03,24.221997,120.6583,2
2018,12,28,12,0,臺中市,梧棲區,0,1,0,8,1,5,40,4,2,1,5,4,5,7,1,1,10,5,5,2,17,23,2,8,1,1,C03,7,9,1,10,2,15,  ,23,23,1,12,8,C03,24.244485,120.524973,2
2018,12,28,12,3,臺中市,沙鹿區,0,2,0,8,1,5,50,14,9,1,5,4,5,7,4,4,5,5,1,2,16,26,2,9,1,1,C03,7,9,1,10,2,12,  ,26,26,1,21,8,C03,24.237003,120.569021,2
2018,12,28,12,5,臺中市,南區,0,0,0,8,,,50,,,,,,,,,,,,,,,23,3,  ,  ,  ,B12,  ,  ,1,  ,2,  ,  ,23,23,  ,10,  ,B12,24.129045,120.662298,3
2018,12,28,12,7,臺中市,西屯區,0,2,0,8,1,5,40,4,2,1,5,4,4,7,1,1,1,2,1,2,12,9,3,10,1,1,B01,7,6,1,4,2,5,  ,9,9,1,10,9,B01,24.171202,120.636879,2
2018,12,28,12,8,臺中市,大里區,0,1,0,8,1,5,50,4,1,1,5,4,5,7,1,1,10,5,5,2,16,9,3,10,1,1,B03,7,6,1,8,2,2,  ,9,9,1,5,8,B03,24.102563,120.674523,2
2018,12,28,12,9,臺中市,西屯區,0,1,0,8,1,5,50,4,1,1,5,4,5,7,1,1,5,4,4,2,16,25,3,10,1,1,B03,7,5,1,8,2,5,  ,44,25,1,21,8,B03,24.190997,120.610774,2
2018,12,28,12,10,臺中市,清水區,0,0,0,8,,,50,,,,,,,,,,,,,,,18,  ,  ,  ,  ,B03,  ,  ,1,  ,2,  ,  ,18,18,1,21,8,B03,24.269063,120.575385,3
2018,12,28,12,14,臺中市,北區,0,0,0,8,,,50,,,,,,,,,,,,,,,6,  ,  ,  ,  ,B03,  ,  ,1,8,2,  ,  ,6,6,1,  ,  ,B03,24.157586,120.697354,3
2018,12,28,12,16,臺中市,西區,0,1,0,8,1,5,50,14,9,1,5,4,5,7,4,4,5,5,5,2,13,16,3,10,3,4,B03,7,9,1,8,2,1,  ,16,16,1,21,8,B03,24.146729,120.662581,2
2018,12,28,12,18,臺中市,神岡區,0,0,0,8,,,40,,,,,,,,,,,,,,,17,  ,  ,  ,  ,B03,  ,  ,1,  ,2,  ,  ,17,17,1,  ,  ,B03,24.244328,120.692878,3
2018,12,28,12,27,臺中市,梧棲區,0,3,0,8,1,5,40,4,1,1,5,4,5,7,4,4,10,5,5,2,15,6,2,1,1,1,B03,7,9,3,18,2,5,  ,6,6,1,12,8,B03,24.260048,120.550815,2
2018,12,28,12,27,臺中市,潭子區,0,0,,8,,,40,,,,,,,,,,,,,,,,,,,,B03,,,1,,2,,,19,,1,22,,B03,24.223997,120.69538,3
2018,12,28,12,29,臺中市,南屯區,0,0,,8,,,50,,,,,,,,,,,,,,,,,,,,B03,,,1,,2,,,19,,1,22,,B03,24.151168,120.635786,3
2018,12,28,12,30,臺中市,西區,0,2,0,8,1,5,50,4,2,1,5,4,5,7,4,4,5,4,4,1,16,8,2,7,1,1,C03,7,5,1,10,2,14,  ,8,8,1,21,8,C03,24.140604,120.667253,2
2018,12,28,12,39,臺中市,北區,0,1,0,8,1,5,50,14,8,1,5,4,5,7,4,4,3,4,4,2,13,23,3,10,1,1,B03,7,9,1,8,2,1,  ,23,23,1,22,8,B03,24.167688,120.6731,2
2018,12,28,12,40,臺中市,南屯區,0,0,,8,,,50,,,,,,,,,,,,,,,,,,,,B03,,,1,,2,,,23,,1,5,,B03,24.136694,120.636826,3
2018,12,28,12,40,臺中市,南屯區,0,0,0,8,1,5,50,14,8,1,5,4,5,7,4,4,5,3,4,1,14,12,3,10,1,1,B01,7,2,1,8,2,7,  ,12,12,1,5,8,B01,24.137013,120.63961,3
2018,12,28,12,45,臺中市,西屯區,0,1,0,8,1,5,40,3,2,1,5,4,5,7,4,4,5,5,5,2,16,6,3,10,1,1,B03,7,5,1,8,2,4,  ,6,6,1,22,8,B03,24.166748,120.636358,2
2018,12,28,12,49,臺中市,西屯區,0,1,0,8,1,5,50,4,1,1,5,4,5,7,3,1,10,5,5,2,17,6,3,10,1,1,B01,7,9,1,4,2,4,  ,6,6,1,22,8,B01,24.171063,120.657708,2
2018,12,28,12,52,臺中市,大肚區,0,1,0,8,1,5,50,3,1,1,5,4,5,7,1,1,10,5,5,2,12,1,3,10,1,1,C03,7,4,1,10,2,12,  ,1,1,1,21,8,C03,24.169982,120.574222,2
2018,12,28,12,55,臺中市,西屯區,0,0,,8,,,40,,,,,,,,,,,,,,,,,,,,B12,,,1,,2,,,12,,1,5,,B12,24.169751,120.642796,3
2018,12,28,13,0,臺中市,西區,0,0,0,8,1,5,50,4,1,1,5,4,5,7,2,1,10,5,5,2,12,17,3,10,1,1,G03,7,11,8,20,2,16,  ,42,17,1,20,8,G03,24.13591,120.68227,3
2018,12,28,13,11,臺中市,西區,0,1,0,8,1,5,50,14,7,1,5,4,5,7,4,4,5,4,5,2,16,7,3,10,1,1,B03,7,8,1,8,2,6,  ,7,7,1,5,5,B03,24.146676,120.660916,2
2018,12,28,13,12,臺中市,大里區,0,0,,8,,,50,,,,,,,,,,,,,,,,,,,,B03,,,1,,2,,,16,,1,12,,B03,24.096363,120.696013,3
2018,12,28,13,12,臺中市,龍井區,0,0,,8,,,40,,,,,,,,,,,,,,,,,,,,B12,,,1,,2,,,17,,1,22,,B12,24.183028,120.590677,3
2018,12,28,13,13,臺中市,西屯區,0,1,0,8,1,5,50,4,1,1,5,4,5,7,1,1,10,5,5,2,16,8,3,10,1,1,C03,7,5,1,10,2,14,  ,8,8,1,22,9,C03,24.170736,120.650953,2
2018,12,28,13,15,臺中市,北區,0,0,,8,,,40,,,,,,,,,,,,,,,,,,,,B03,,,1,,2,,,7,,1,5,,B03,24.149908,120.684053,3
2018,12,28,13,20,臺中市,北屯區,0,2,0,8,1,5,50,14,9,1,5,4,5,7,4,4,5,5,5,2,16,16,2,9,1,1,C03,7,9,1,10,2,11,  ,16,16,1,21,8,C03,24.17535,120.690493,2
2018,12,28,13,20,臺中市,清水區,0,2,0,8,1,5,50,14,9,1,5,4,5,7,4,4,5,5,5,1,13,23,2,7,1,1,C03,7,9,1,10,2,11,  ,23,23,1,21,8,C03,24.269478,120.570653,2
2018,12,28,13,24,臺中市,西屯區,0,2,0,8,1,5,40,4,2,1,5,4,4,7,1,1,1,4,1,2,12,9,3,10,1,1,B03,7,6,1,8,2,5,  ,9,9,1,22,9,B03,24.17115,120.636731,2
2018,12,28,13,38,臺中市,西區,0,0,,8,,,50,,,,,,,,,,,,,,,,,,,,B03,,,3,,2,,,23,,1,21,,B03,24.145774,120.680195,3
2018,12,28,13,40,臺中市,太平區,0,1,0,8,1,5,50,3,1,1,5,4,5,7,3,1,10,5,5,2,16,6,3,10,1,1,B12,7,5,1,8,2,8,  ,6,6,1,5,8,B12,24.116666,120.713611,2
2018,12,28,13,43,臺中市,大雅區,0,1,0,8,1,5,50,3,1,1,5,4,5,6,4,4,5,4,5,1,16,6,2,8,1,1,C03,7,5,1,10,2,12,  ,6,6,1,21,8,C03,24.221662,120.645134,2
2018,12,28,13,46,臺中市,南屯區,0,0,,8,,,50,,,,,,,,,,,,,,,,,,,,B03,,,1,,2,,,9,,1,22,,B03,24.135175,120.654608,3
2018,12,28,13,50,臺中市,西屯區,0,0,,8,,,40,,,,,,,,,,,,,,,,,,,,B03,,,1,,2,,,6,,1,22,,B03,24.170681,120.655855,3
2018,12,28,13,52,臺中市,新社區,0,1,0,8,1,5,50,11,9,1,5,4,5,1,4,4,5,5,5,1,10,26,3,10,1,1,B03,7,9,1,8,2,8,  ,26,26,1,2,8,B03,24.17144,120.835858,2
2018,12,28,13,53,臺中市,西屯區,0,0,,8,,,50,,,,,,,,,,,,,,,,,,,,B03,,,1,,2,,,16,,1,22,,B03,24.164676,120.639125,3
2018,12,28,13,53,臺中市,太平區,0,0,,,,,40,,,,,,,,,,,,,,,38,,,,,A12,,,1,,2,,,17,38,1,21,,A12,24.116471,120.712563,3
2018,12,28,14,0,臺中市,霧峰區,0,0,,8,,,70,,,,,,,,,,,,,,,,,,,,B03,,,1,,2,,,23,,1,22,,B03,24.023761,120.686175,3
2018,12,28,14,7,臺中市,南屯區,0,0,,8,,,40,,,,,,,,,,,,,,,,,,,,B03,,,1,,2,,,23,,1,5,,B03,24.139558,120.609931,3
2018,12,28,14,12,臺中市,潭子區,0,1,0,8,1,5,80,14,7,1,5,4,5,7,4,4,2,3,5,1,13,16,3,10,1,1,B03,7,9,1,8,2,1,  ,16,16,1,22,8,B03,24.200268,120.713646,2
2018,12,28,14,15,臺中市,大肚區,0,0,,8,,,50,,,,,,,,,,,,,,,,,,,,B12,,,1,,2,,,7,,1,9,,B12,24.118891,120.578048,3
2018,12,28,14,20,臺中市,南區,0,1,0,7,1,5,50,4,1,1,5,4,5,7,1,1,10,5,5,2,15,25,3,10,1,1,B03,7,9,1,8,2,8,  ,25,25,1,21,8,B03,24.121404,120.66364,2
2018,12,28,14,25,臺中市,北區,0,3,0,8,1,5,50,3,1,1,5,4,5,7,4,4,1,4,5,2,13,23,3,10,1,1,B03,7,9,1,8,2,1,  ,23,23,1,21,8,B03,24.172787,120.672099,2
2018,12,28,14,25,臺中市,南區,0,1,0,8,1,5,50,14,9,1,5,4,5,7,4,4,1,4,5,2,17,23,2,1,1,1,C03,7,9,1,8,2,11,  ,23,23,1,4,8,C03,24.12143,120.649602,2
2018,12,28,14,29,臺中市,南區,0,1,0,8,1,5,50,4,1,1,5,4,5,7,4,4,10,5,5,2,15,6,2,9,1,1,C03,7,9,1,10,2,11,  ,6,6,1,22,8,C03,24.133891,120.680686,2
2018,12,28,14,30,臺中市,南屯區,0,1,0,8,1,5,40,3,1,1,5,4,5,7,2,1,10,5,5,2,16,25,3,10,1,1,B01,7,5,1,4,2,8,  ,25,25,1,22,9,B01,24.152483,120.623537,2
2018,12,28,14,35,臺中市,烏日區,0,1,0,8,1,5,50,4,1,1,5,4,5,7,4,4,10,5,5,2,15,6,2,9,1,1,C03,7,9,3,18,2,11,  ,6,6,1,22,8,C03,24.112998,120.639313,2
2018,12,28,14,36,臺中市,潭子區,0,1,0,8,1,5,50,3,1,1,5,4,5,7,4,4,10,5,5,2,13,16,3,10,1,1,B03,7,5,1,8,2,1,  ,16,16,1,21,8,B03,24.196165,120.701135,2
2018,12,28,14,46,臺中市,龍井區,0,0,,8,,,50,,,,,,,,,,,,,,,,,,,,B03,,,1,,2,,,6,,1,22,,B03,24.196202,120.574294,3
2018,12,28,14,47,臺中市,沙鹿區,0,1,0,8,1,5,40,3,2,1,5,4,5,7,4,4,1,4,4,1,12,26,2,9,1,1,C03,7,7,1,10,2,14,  ,26,26,1,18,8,C03,24.238978,120.569328,2
2018,12,28,14,49,臺中市,北區,0,0,0,8,,,50,,,,,,,,,,,,,,,23,  ,  ,  ,  ,B03,  ,  ,1,8,2,  ,  ,23,23,1,  ,  ,B03,24.150273,120.676202,3
2018,12,28,14,50,臺中市,西區,0,1,0,8,1,5,50,4,1,1,5,4,5,7,4,4,10,5,5,2,17,10,2,9,1,1,C03,7,11,6,18,2,12,  ,10,10,1,21,8,C03,24.14607,120.677639,2
2018,12,28,15,0,臺中市,北屯區,0,2,0,8,1,5,50,4,1,1,5,4,5,7,4,4,5,5,5,2,15,6,2,9,1,1,C03,7,9,1,10,2,11,  ,6,6,1,22,8,C03,24.17023,120.683238,2
2018,12,28,15,0,臺中市,大雅區,0,1,0,8,1,5,40,3,1,1,5,4,5,7,4,4,10,5,5,1,17,6,2,7,1,1,C03,7,5,1,10,2,12,  ,6,6,1,21,8,C03,24.235594,120.621634,2
2018,12,28,15,10,臺中市,西屯區,0,1,0,8,1,5,50,3,1,1,5,4,5,7,1,1,4,3,4,2,16,43,2,9,1,1,C03,7,9,1,10,2,11,  ,43,43,1,21,8,C03,24.16884,120.653046,2
2018,12,28,15,12,臺中市,西屯區,0,0,0,8,,,50,,,,,,,,,,,,,,13,23,  ,  ,  ,  ,B03,  ,  ,1,  ,2,1,  ,23,23,1,22,  ,B03,24.174591,120.647073,3
2018,12,28,15,13,臺中市,西屯區,0,0,,8,,,60,,,,,,,,,,,,,,,23,,,,,B03,,,1,,2,,,44,23,1,  ,,B03,24.168132,120.640557,3