年,月,日,時,分,縣市,區,死,受傷,2-30,天候,光線,道路類別,速限,道路型態,事故位置,路面鋪裝,路面狀態,路面缺陷,障礙物,視距,號誌種類,號誌動作,分向設施,快車道或一般車道間,快慢車道間,路面邊線,事故類型及型態,主要肇因,受傷程度,主要傷處,保護裝備,行動電話,當事者區分_類別,車輛用途,當事者行動狀態,駕駛資格情形,駕駛執照種類,飲酒情形,車輛撞擊部位最初,車輛撞擊部位其他,肇事因素個別,肇事因素主要,肇事逃逸,職業,旅次目的,車種,GPS座標X,GPS座標Y,事故類別
2018,12,28,15,25,臺中市,中區,0,1,0,8,1,5,50,14,9,1,5,4,5,7,4,4,5,4,5,2,13,16,2,9,1,1,C03,7,9,1,10,2,11,  ,16,16,1,5,5,C03,24.14277,120.679909,2
2018,12,28,15,29,臺中市,西屯區,0,0,0,8,1,5,40,,,,,,,,,,,,,,,6,  ,  ,  ,  ,B03,  ,  ,1,  ,2,8,  ,6,6,1,22,  ,B03,24.1599,120.645076,3
2018,12,28,15,30,臺中市,北屯區,0,2,0,8,1,5,40,4,1,1,5,4,5,7,1,1,10,5,5,2,16,19,2,8,4,1,F01,7,1,8,20,2,16,  ,19,19,1,21,8,F01,24.173506,120.668181,2
2018,12,28,15,30,臺中市,潭子區,0,2,0,8,1,5,50,14,7,1,5,4,5,7,4,4,1,4,4,2,13,16,3,10,1,1,A12,7,9,1,3,2,1,  ,16,16,1,22,8,A12,24.214157,120.68776,2
2018,12,28,15,31,臺中市,北屯區,0,2,0,8,1,5,50,3,1,1,5,4,5,7,1,1,10,5,5,2,16,6,2,9,1,1,C03,7,5,1,10,2,11,  ,6,6,1,21,8,C03,24.164949,120.697505,2
2018,12,28,15,38,臺中市,霧峰區,0,0,,8,,,70,,,,,,,,,,,,,,,,,,,,B03,,,1,,2,,,16,,1,4,,B03,24.053111,120.695764,3
2018,12,28,15,38,臺中市,龍井區,0,0,,8,,,40,,,,,,,,,,,,,,,,,,,,B03,,,1,,6,,,23,,1,  ,,B03,24.217941,120.546181,3
2018,12,28,15,39,臺中市,南屯區,0,1,0,8,1,5,40,3,2,1,5,4,5,7,1,1,5,5,4,2,18,13,2,9,1,1,C03,7,12,1,10,2,12,  ,13,13,1,18,8,C03,24.136831,120.60852,2
2018,12,28,15,39,臺中市,龍井區,0,1,0,8,1,5,50,3,1,1,5,4,5,7,4,4,10,5,5,2,16,6,3,10,1,1,B03,7,5,1,8,2,5,  ,6,6,1,22,8,B03,24.190858,120.593188,2
2018,12,28,15,40,臺中市,大里區,0,0,,8,,,40,,,,,,,,,,,,,,,,,,,,B03,,,1,,11,,,38,,1,11,,B03,24.073764,120.683209,3
2018,12,28,15,40,臺中市,大甲區,0,1,0,8,1,5,70,14,13,1,5,4,5,7,4,4,1,5,4,1,12,6,3,10,1,1,B03,7,5,1,8,2,5,  ,6,6,1,22,8,B03,24.330145,120.611288,2
2018,12,28,15,44,臺中市,北區,0,0,,8,,,50,,,,,,,,,,,,,,,,,,,,B03,,,1,,2,,,23,,1,  ,,B03,24.171008,120.67219,3
2018,12,28,15,54,臺中市,北區,,,,8,,,50,,,,,,,,,,,,,,,,,,,,B03,,,1,,2,,,16,,1,22,,B03,24.167993,120.672978,3
2018,12,28,15,56,臺中市,南屯區,0,0,,8,,,50,,,,,,,,,,,,,,,,,,,,B12,,,1,,2,,,23,,1,22,,B12,24.149855,120.622599,3
2018,12,28,15,58,臺中市,南區,0,0,,8,,,50,,,,,,,,,,,,,,,,,,,,B03,,,1,,2,,,23,,1,4,,B03,24.158942,120.648457,3
2018,12,28,15,58,臺中市,龍井區,0,1,0,7,1,5,40,4,1,1,5,4,5,7,4,4,10,5,5,2,15,6,3,10,1,1,B12,7,9,1,8,2,1,  ,6,6,1,9,8,B12,24.206748,120.508765,2
2018,12,28,16,0,臺中市,西屯區,0,1,0,8,1,5,50,14,9,1,5,4,5,7,1,1,5,5,5,2,18,42,2,9,1,1,C03,7,9,1,10,2,12,  ,42,42,1,21,8,C03,24.17319,120.6373,2
2018,12,28,16,0,臺中市,清水區,0,0,,,,,80,,,,,,,,,,,,,,,,,,,,B12,,,1,,2,,,23,,1,5,,B12,24.264038,120.542356,3
2018,12,28,16,5,臺中市,后里區,0,1,0,8,1,5,50,3,1,1,5,4,5,7,1,1,5,4,5,1,16,23,2,9,1,1,C04,7,5,1,11,2,11,  ,23,23,1,22,8,C04,24.30549,120.71006,2
2018,12,28,16,6,臺中市,西屯區,0,0,0,8,,,40,,,,,,,,,,,,,,,6,  ,  ,  ,  ,B03,  ,  ,1,  ,2,  ,  ,44,6,1,  ,  ,B03,24.17623,120.634434,3
2018,12,28,16,9,臺中市,大肚區,0,1,0,8,1,5,70,14,7,1,5,4,5,7,4,4,1,4,4,1,12,17,2,9,1,1,B03,7,9,1,8,2,6,  ,17,17,1,21,8,B03,24.128923,120.555608,2
2018,12,28,16,10,臺中市,西屯區,0,0,,8,,,50,,,,,,,,,,,,,,,,,,,,C03,,,1,,2,,,1,,1,  ,,C03,24.202944,120.644532,3
2018,12,28,16,11,臺中市,西區,0,1,0,8,1,5,50,4,2,1,5,4,5,7,4,4,5,5,5,2,14,43,3,10,1,1,B03,7,2,1,8,2,7,  ,43,43,1,4,8,B03,24.146572,120.671634,2
2018,12,28,16,12,臺中市,北屯區,0,1,0,8,1,5,50,3,1,1,5,4,5,7,4,4,10,5,5,2,16,1,3,10,1,1,C01,7,5,1,9,2,14,  ,44,1,1,21,8,C01,24.178989,120.699336,2
2018,12,28,16,12,臺中市,大雅區,0,0,,8,,,40,,,,,,,,,,,,,,,,,,,,C03,,,2,,9,,,19,,2,  ,,C03,24.214687,120.668792,3
2018,12,28,16,14,臺中市,南區,0,1,0,8,1,5,50,3,8,1,5,4,5,7,4,4,1,4,4,2,29,42,2,9,1,1,C03,7,9,1,10,2,15,  ,42,42,1,22,8,C03,24.114175,120.670126,2
2018,12,28,16,14,臺中市,西屯區,0,1,0,8,1,5,50,4,1,1,5,4,5,7,1,1,10,5,5,2,12,43,3,10,1,1,B03,7,6,1,8,2,5,  ,43,43,1,22,8,B03,24.16041,120.636126,2
2018,12,28,16,15,臺中市,南屯區,0,0,0,8,1,5,50,14,7,1,5,4,5,7,4,4,5,4,4,2,13,23,3,10,1,1,C03,7,9,1,10,2,11,11,23,23,1,18,2,C03,24.139774,120.619451,3
2018,12,28,16,16,臺中市,西區,0,0,,8,,,40,,,,,,,,,,,,,,,,,,,,B03,,,1,,2,,,17,,1,21,,B03,24.142805,120.675108,3
2018,12,28,16,17,臺中市,西區,0,0,,8,,,50,,,,,,,,,,,,,,,,,,,,A05,,,1,,2,,,42,,1,5,,A05,24.137331,120.674303,3
2018,12,28,16,17,臺中市,北區,0,0,,8,1,5,50,14,9,1,5,4,5,7,4,4,8,3,4,2,11,,,,,,B03,,,1,,2,,,6,,1,22,,B03,24.152118,120.688501,3
2018,12,28,16,22,臺中市,南屯區,0,0,,8,,,50,,,,,,,,,,,,,,,,,,,,B03,,,1,,2,,,23,,1,22,,B03,24.1398,120.6382,3
2018,12,28,16,26,臺中市,北區,0,1,0,8,1,5,40,3,2,1,5,4,5,7,1,1,5,4,5,2,3,23,3,10,1,1,B01,7,5,1,4,2,5,  ,23,23,1,10,1,B01,24.147609,120.685414,2
2018,12,28,16,28,臺中市,大雅區,0,1,0,8,1,5,50,14,8,1,5,4,5,5,4,4,3,4,4,1,17,19,3,10,1,1,B11,7,1,1,8,2,4,  ,19,19,1,21,8,B11,24.215789,120.670007,2
2018,12,28,16,30,臺中市,北屯區,0,0,,8,,,50,,,,,,,,,,,,,,,,,,,,B03,,,1,,2,,,26,,1,  ,,B03,24.175318,120.690839,3
2018,12,28,16,35,臺中市,南區,0,1,0,8,1,5,50,3,1,1,5,4,5,7,4,4,5,4,4,2,16,6,3,10,1,1,B02,7,5,1,8,2,5,  ,6,6,1,3,5,B02,24.121615,120.652808,2
2018,12,28,16,36,臺中市,沙鹿區,0,1,0,8,1,5,50,4,1,5,5,4,5,7,1,1,10,5,5,2,16,6,3,10,1,1,B03,7,5,1,8,2,2,  ,6,6,1,21,8,B03,24.236998,120.566775,2
2018,12,28,16,37,臺中市,西區,0,0,,8,1,5,50,4,1,1,5,4,5,7,2,1,10,5,5,2,13,,,,,,B02,,,1,,2,,,23,,1,20,,B02,24.152571,120.657347,3
2018,12,28,16,38,臺中市,大里區,0,0,,8,,,50,,,,,,,,,,,,,,,,,,,,B03,,,1,,2,,,16,,1,5,,B03,24.095158,120.697405,3
2018,12,28,16,39,臺中市,大里區,0,0,,8,,,50,,,,,,,,,,,,,,,,,,,,C03,,,1,,2,,,16,,1,4,,C03,24.093088,120.703723,3
2018,12,28,16,41,臺中市,北區,0,3,0,8,1,5,1,14,22,1,5,3,1,7,4,4,9,4,4,2,29,65,  ,  ,  ,  ,   ,  ,  ,  ,  ,  ,  ,  ,65,65,1,  ,  ,   ,24.158079,120.689948,2
2018,12,28,16,41,臺中市,東區,0,2,0,8,1,5,50,3,1,1,5,4,5,7,4,4,10,5,5,2,16,6,2,9,1,1,C03,7,5,1,10,2,14,  ,6,6,1,5,8,C03,24.136386,120.70692,2
2018,12,28,16,43,臺中市,西屯區,0,0,,8,,,50,,,,,,,,,,,,,,,,,,,,B03,,,1,,2,,,7,,1,22,,B03,24.182938,120.61524,3
2018,12,28,16,44,臺中市,北屯區,0,0,,8,,,40,,,,,,,,,,,,,,,,,,,,B03,,,1,,2,,,12,,1,5,,B03,24.174098,120.719077,3
2018,12,28,16,46,臺中市,后里區,0,0,0,8,1,5,50,14,8,1,5,4,5,7,4,4,1,4,4,1,13,23,3,10,1,1,B12,7,9,1,8,2,1,  ,23,23,1,21,8,B12,24.313001,120.698691,3
2018,12,28,16,48,臺中市,西屯區,0,0,,8,,,50,,,,,,,,,,,,,,,,,,,,B03,,,1,,2,,,17,,1,21,,B03,24.200163,120.656086,3
2018,12,28,16,50,臺中市,西屯區,0,1,0,8,1,5,50,4,1,1,5,4,5,7,1,1,5,4,4,2,3,15,3,10,1,1,A11,7,6,1,7,2,15,  ,15,15,1,21,8,A11,24.174717,120.639468,2
2018,12,28,16,50,臺中市,大里區,0,0,,8,,,50,,,,,,,,,,,,,,,,,,,,B03,,,1,,2,,,23,,1,22,,B03,24.111811,120.693286,3
2018,12,28,16,51,臺中市,北屯區,0,0,,8,,,50,,,,,,,,,,,,,,,,,,,,A04,,,1,,2,,,23,,1,10,,A04,24.1749,120.6713,3
2018,12,28,16,51,臺中市,大里區,0,1,0,8,3,5,50,3,1,1,5,4,5,7,4,4,10,5,4,1,17,23,2,9,1,1,F01,7,9,8,20,2,16,  ,23,23,1,15,8,F01,24.110102,120.688692,2
2018,12,28,16,55,臺中市,太平區,0,1,0,8,1,5,50,3,1,1,5,4,5,7,4,4,10,5,5,2,16,6,3,10,3,4,B12,7,6,1,8,2,2,  ,6,6,1,9,8,B12,24.148697,120.717769,2
2018,12,28,16,59,臺中市,中區,0,1,0,8,1,5,50,4,1,1,5,4,5,7,3,1,10,5,5,2,15,6,3,10,1,1,B03,7,9,1,8,2,2,  ,6,6,1,21,8,B03,24.144664,120.680061,2
2018,12,28,16,59,臺中市,霧峰區,0,0,,,,,,,,,,,,,,,,,,,,,,,,,C03,,,1,,2,,,16,,1,18,,C03,,,3
2018,12,28,17,0,臺中市,北區,0,1,0,8,3,5,50,5,1,1,5,4,5,7,1,1,10,5,5,2,16,26,3,10,1,1,B03,7,6,1,8,2,1,  ,26,26,1,21,8,B03,24.154802,120.686119,2
2018,12,28,17,0,臺中市,北屯區,0,0,0,8,,,50,,,,,,,,,,,,,,,6,  ,  ,  ,  ,B03,  ,  ,1,  ,2,  ,  ,6,6,1,5,  ,B03,24.170411,120.685225,3
2018,12,28,17,1,臺中市,大雅區,0,1,0,8,1,5,50,14,7,1,5,4,5,7,4,4,3,4,4,1,13,23,2,8,1,1,C03,7,9,1,10,2,14,  ,23,23,1,21,8,C03,24.215877,120.670519,2
2018,12,28,17,10,臺中市,南屯區,0,0,,8,,,40,,,,,,,,,,,,,,,1,,,,,B03,,,1,,2,,,1,1,1,  ,,B03,24.148243,120.615271,3
2018,12,28,17,10,臺中市,北屯區,0,1,0,8,1,5,40,14,7,1,5,4,5,7,4,4,5,4,4,2,16,19,3,10,3,4,B03,7,1,1,8,2,1,  ,19,19,1,22,8,B03,24.186645,120.662646,2
2018,12,28,17,10,臺中市,后里區,0,2,0,8,1,5,50,14,8,1,5,4,5,7,4,4,9,5,4,1,11,6,2,7,3,4,C03,7,5,1,9,2,11,  ,6,6,1,4,8,C03,24.311471,120.706767,2
2018,12,28,17,13,臺中市,大甲區,0,0,,8,,,40,,,,,,,,,,,,,,,,,,,,B12,,,1,,2,,,23,,1,22,,B12,24.347243,120.627728,3
2018,12,28,17,15,臺中市,太平區,0,1,0,8,1,5,50,4,2,1,5,4,5,7,1,1,5,4,5,1,12,43,3,10,1,1,B03,7,6,1,8,2,4,  ,43,43,1,5,8,B03,24.134747,120.732238,2
2018,12,28,17,15,臺中市,外埔區,0,0,,8,,,70,,,,,,,,,,,,,,,,,,,,C03,,,1,,2,,,23,,1,20,,C03,24.339103,120.640808,3
2018,12,28,17,17,臺中市,中區,0,0,0,8,,,50,,,,,,,,,,,,,,,16,3,  ,  ,  ,C03,  ,  ,1,  ,2,  ,  ,16,16,  ,5,  ,C03,24.139066,120.683388,3
2018,12,28,17,17,臺中市,北區,0,1,0,8,2,5,50,4,1,1,5,4,5,7,4,4,10,5,5,2,16,10,3,10,1,1,B03,7,11,1,8,2,6,  ,10,10,1,22,8,B03,24.157413,120.698603,2
2018,12,28,17,21,臺中市,烏日區,0,1,0,7,3,5,50,4,1,1,5,4,5,7,2,1,1,4,5,2,11,6,3,10,1,1,B03,7,5,1,8,2,8,  ,6,6,1,21,8,B03,24.105653,120.617913,2
2018,12,28,17,22,臺中市,大里區,0,0,,8,,,40,,,,,,,,,,,,,,,,,,,,B03,,,1,,2,,,16,,1,  ,,B03,24.113111,120.698668,3
2018,12,28,17,22,臺中市,神岡區,0,0,,8,,,50,,,,,,,,,,,,,,,,,,,,B03,,,1,,2,,,23,,1,22,,B03,24.248575,120.697066,3
2018,12,28,17,23,臺中市,東勢區,0,0,0,8,,,50,,,,,,,,,,,,,,,25,  ,  ,  ,  ,B12,  ,  ,1,  ,2,  ,  ,25,25,1,  ,  ,B12,24.260534,120.829182,3
2018,12,28,17,25,臺中市,西區,0,0,,8,,,50,,,,,,,,,,,,,,,,,,,,B03,,,1,,2,,,16,,1,5,,B03,24.154466,120.658086,3
2018,12,28,17,27,臺中市,北屯區,0,0,,8,,,50,,,,,,,,,,,,,,,,,,,,A05,,,1,,2,,,23,,1,  ,,A05,24.177642,120.683747,3
2018,12,28,17,35,臺中市,霧峰區,0,2,0,8,3,5,50,4,1,1,5,4,5,7,4,4,5,4,4,1,15,6,2,8,1,1,C03,7,9,1,10,2,14,  ,6,6,1,4,5,C03,24.066251,120.698862,2
2018,12,28,17,40,臺中市,南區,0,1,0,8,3,5,40,14,9,1,5,4,5,7,4,4,10,5,5,2,14,12,3,10,1,1,B03,7,2,1,8,2,3,  ,12,12,1,3,8,B03,24.115677,120.668166,2
2018,12,28,17,40,臺中市,后里區,0,1,0,8,3,5,50,3,1,1,5,4,5,7,4,4,5,4,4,1,16,6,2,9,1,1,C03,7,9,1,10,2,12,  ,6,6,1,22,9,C03,24.309111,120.720365,2
2018,12,28,17,41,臺中市,西區,0,0,,8,,,50,,,,,,,,,,,,,,,23,,,,,B03,,,1,,2,,,6,23,1,5,,B03,24.149757,120.665287,3
2018,12,28,17,42,臺中市,南屯區,0,0,0,8,3,5,50,14,7,1,5,4,5,7,4,4,1,2,4,2,12,16,3,10,1,1,B03,7,9,1,8,2,1,  ,16,16,1,5,8,B03,24.137048,120.637801,3
2018,12,28,17,43,臺中市,南屯區,0,1,0,8,3,5,50,4,1,1,5,4,5,7,4,4,3,5,5,2,16,6,3,10,1,1,B03,7,5,1,8,2,8,  ,6,6,1,21,8,B03,24.142761,120.600061,2
2018,12,28,17,44,臺中市,西屯區,0,0,0,8,2,5,50,,,,,,,,,,,,,,,16,  ,  ,  ,  ,B03,  ,  ,1,  ,2,1,  ,16,16,1,22,  ,B03,24.181762,120.622027,3
2018,12,28,17,44,臺中市,大里區,0,0,,8,,,40,,,,,,,,,,,,,,,,,,,,B03,,,1,,2,,,5,,1,21,,B03,24.107004,120.666013,3
2018,12,28,17,46,臺中市,清水區,0,0,,8,,,50,,,,,,,,,,,,,,,,,,,,B03,,,1,,2,,,12,,1,12,,B03,24.264462,120.5731,3
2018,12,28,17,50,臺中市,西屯區,0,0,0,8,,,50,,,,,,,,,,,,,,,19,  ,  ,  ,  ,B03,  ,  ,1,  ,2,  ,  ,23,19,1,21,  ,B03,24.18043,120.630239,3
2018,12,28,17,51,臺中市,大里區,0,1,0,8,3,5,50,4,1,1,5,4,5,7,1,1,10,5,4,2,12,16,3,10,1,1,B03,7,5,1,8,11,8,  ,16,16,1,4,8,B03,24.111446,120.694769,2
2018,12,28,17,54,臺中市,南區,0,0,0,,,,,,,,,,,,,,,,,,,23,  ,  ,  ,  ,A04,  ,  ,1,  ,2,  ,  ,23,23,1,10,  ,A04,24.12508,120.657399,3
2018,12,28,17,57,臺中市,沙鹿區,0,0,,8,,,50,,,,,,,,,,,,,,,,,,,,B03,,,1,,2,,,16,,  ,4,,B03,24.244421,120.568633,3
2018,12,28,18,1,臺中市,北屯區,0,0,,8,,,40,,,,,,,,,,,,,,,,,,,,B03,,,1,,2,,,19,,1,5,,B03,24.1625,120.7222,3
2018,12,28,18,2,臺中市,大里區,0,0,,8,,,50,,,,,,,,,,,,,,,,,,,,C03,,,1,,2,,,23,,1,21,,C03,24.094838,120.680773,3
2018,12,28,18,2,臺中市,龍井區,0,2,0,8,3,5,50,3,2,1,5,4,5,7,4,4,5,5,5,1,10,26,2,8,1,1,C03,7,9,4,8,2,12,  ,26,26,1,21,8,C03,24.183227,120.578978,2
2018,12,28,18,3,臺中市,太平區,0,0,,8,,,50,,,,,,,,,,,,,,,,,,,,B12,,,1,,2,,,42,,1,9,,B12,24.141046,120.711726,3
2018,12,28,18,4,臺中市,南屯區,0,0,,8,,,50,,,,,,,,,,,,,,,,,,,,A41,,,1,,2,,,7,,1,  ,,A41,24.153599,120.617048,3
2018,12,28,18,5,臺中市,西區,0,2,0,8,2,5,40,14,8,1,5,4,5,7,4,4,5,5,4,2,12,7,2,9,1,1,C03,7,8,1,10,2,12,  ,7,7,1,21,8,C03,24.155607,120.656138,2
2018,12,28,18,5,臺中市,北屯區,0,1,0,8,1,5,50,4,1,1,5,4,5,7,1,1,10,5,5,2,16,9,3,10,1,1,B03,7,6,1,8,2,6,  ,9,9,1,20,8,B03,24.164518,120.70019,2
2018,12,28,18,6,臺中市,南區,0,0,,8,,,50,,,,,,,,,,,,,,,,,,,,C03,,,1,,2,,,25,,1,18,,C03,24.114355,120.666916,3
2018,12,28,18,8,臺中市,西區,0,1,0,8,1,5,50,14,7,1,5,4,5,7,4,4,5,4,5,2,3,51,3,10,4,5,H01,8,16,8,20,10,16,  ,51,51,1,21,8,H01,24.132761,120.6618,2
2018,12,28,18,14,臺中市,西區,0,1,0,8,3,5,40,3,2,1,5,4,5,7,4,4,5,5,4,2,12,23,3,10,1,1,B03,7,3,1,8,2,8,  ,23,23,1,5,8,B03,24.153629,120.654116,2
2018,12,28,18,15,臺中市,北屯區,0,0,0,8,,,40,,,,,,,,,,,,,,,23,  ,  ,  ,  ,B03,  ,  ,1,  ,2,  ,  ,23,23,1,  ,  ,B03,24.182971,120.669766,3
2018,12,28,18,19,臺中市,西屯區,0,0,0,8,,,40,,,,,,,,,,,,,,,16,  ,  ,  ,  ,B03,  ,  ,1,  ,2,  ,  ,16,16,1,22,  ,B03,24.164927,120.630122,3
2018,12,28,18,19,臺中市,后里區,0,1,0,8,3,5,50,14,9,1,5,4,5,7,1,1,9,4,5,1,27,23,2,9,1,1,C03,7,9,1,10,2,11,  ,23,23,1,20,8,C03,24.334418,120.73048,2
2018,12,28,18,19,臺中市,后里區,0,2,0,8,3,5,50,14,9,1,5,4,5,7,1,1,9,4,5,1,27,23,2,9,1,1,C03,7,9,1,10,2,11,  ,23,23,1,20,8,C03,24.334433,120.730474,2
2018,12,28,18,20,臺中市,北屯區,0,0,,8,,,40,,,,,,,,,,,,,,,,,,,,B11,,,1,,2,,,23,,1,21,,B11,24.169466,120.700352,3
2018,12,28,18,20,臺中市,太平區,0,1,0,8,3,5,50,4,1,1,5,4,5,7,1,1,10,5,5,2,17,6,2,9,1,1,C03,7,9,1,10,2,11,  ,6,6,1,21,8,C03,24.149272,120.721948,2
2018,12,28,18,20,臺中市,沙鹿區,0,0,,8,,,60,,,,,,,,,,,,,,,,,,,,B03,,,1,,2,,,43,,1,  ,,B03,24.246437,120.60784,3
2018,12,28,18,20,臺中市,潭子區,0,1,0,8,3,5,60,5,1,1,5,4,5,7,1,1,10,5,5,2,17,9,3,10,1,1,B03,7,6,1,8,2,6,  ,9,9,1,21,8,B03,24.201494,120.703435,2
2018,12,28,18,22,臺中市,龍井區,0,0,,8,,,50,,,,,,,,,,,,,,,,,,,,B03,,,1,,2,,,23,,1,22,,B03,24.183018,120.584514,3
2018,12,28,18,25,臺中市,烏日區,0,1,0,8,3,5,40,14,13,1,5,4,5,7,4,4,5,4,5,1,17,1,2,7,1,1,C03,7,4,1,10,2,11,  ,1,1,1,21,8,C03,24.12595,120.60731,2
2018,12,28,18,25,臺中市,外埔區,0,2,0,8,3,5,50,3,2,1,5,4,5,7,4,4,4,4,4,1,3,51,2,9,4,5,H01,8,18,8,20,10,16,  ,51,51,1,22,8,H01,24.343167,120.636555,2
2018,12,28,18,27,臺中市,東區,0,1,0,8,2,5,50,3,1,1,5,4,5,7,1,1,10,5,5,2,16,6,3,10,1,1,B12,7,5,1,7,2,2,  ,6,6,1,21,8,B12,24.140507,120.696095,2
2018,12,28,18,27,臺中市,龍井區,0,0,,8,,,40,,,,,,,,,,,,,,,,,,,,B03,,,1,,2,,,12,,1,22,,B03,24.188349,120.595476,3
2018,12,28,18,28,臺中市,西屯區,0,0,,8,,,60,,,,,,,,,,,,,,,,,,,,B03,,,1,,2,,,7,,1,  ,,B03,24.158221,120.657731,3
2018,12,28,18,28,臺中市,霧峰區,0,0,0,8,1,2,10,14,9,1,5,,,7,4,4,6,1,5,1,11,10,3,10,3,1,B02,7,7,1,  ,2,7,  ,10,10,1,18,1,B02,24.072026,120.69953,3
2018,12,28,18,31,臺中市,西區,0,1,0,8,3,5,50,14,7,1,5,4,5,7,4,4,5,4,5,2,12,42,3,10,1,1,B03,7,9,1,8,2,2,  ,42,42,1,5,5,B03,24.137666,120.670648,2
2018,12,28,18,32,臺中市,北區,0,1,0,8,3,5,50,14,9,1,5,4,5,7,4,4,1,4,5,2,13,23,2,8,3,4,C03,7,9,1,10,2,11,  ,23,23,1,22,9,C03,24.173693,120.67775,2
2018,12,28,18,33,臺中市,后里區,0,0,,8,,,50,,,,,,,,,,,,,,,,,,,,B03,,,1,,8,,,23,,1,22,,B03,24.309345,120.722356,3
2018,12,28,18,33,臺中市,潭子區,0,0,,8,3,5,80,14,7,1,5,4,5,7,4,4,8,3,4,1,12,,,,,,B03,,,1,,2,,,43,,1,22,,B03,24.199956,120.715009,3
2018,12,28,18,34,臺中市,龍井區,0,2,0,8,3,5,50,4,1,1,5,4,5,7,1,1,10,5,5,2,16,6,3,10,1,1,B03,7,5,1,8,2,5,  ,6,6,1,2,8,B03,24.21046,120.540244,2
2018,12,28,18,35,臺中市,大里區,0,0,,8,,,80,,,,,,,,,,,,,,,,,,,,A12,,,1,,2,,,16,,1,10,,A12,24.113756,120.699123,3
2018,12,28,18,46,臺中市,北區,0,0,,8,,,50,,,,,,,,,,,,,,,,,,,,C03,,,1,,2,,,26,,1,  ,,C03,24.160357,120.684996,3
2018,12,28,18,52,臺中市,西區,0,2,0,8,3,5,50,4,1,1,5,4,5,7,1,1,10,5,5,2,16,42,3,10,1,1,B03,7,6,1,8,2,5,  ,42,42,1,21,8,B03,24.140959,120.673182,2
2018,12,28,18,54,臺中市,北屯區,0,0,,8,,,40,,,,,,,,,,,,,,,,,,,,B03,,,1,,2,,,16,,1,  ,,B03,24.200909,120.682772,3
2018,12,28,18,54,臺中市,北屯區,0,1,0,8,2,5,50,4,1,1,5,4,5,7,1,1,10,5,5,2,16,25,3,10,1,1,B03,7,5,1,8,2,5,  ,25,25,1,4,8,B03,24.175,120.7212,2
2018,12,28,18,55,臺中市,西屯區,0,0,,8,,,40,,,,,,,,,,,,,,,,,,,,B03,,,1,,2,,,25,,1,  ,,B03,24.194533,120.644529,3
2018,12,28,19,0,臺中市,北屯區,0,2,0,8,1,5,40,4,1,1,5,4,5,7,1,1,10,5,5,2,16,8,3,10,1,1,C03,7,5,1,10,2,11,  ,8,8,1,20,8,C03,24.164608,120.699625,2
2018,12,28,19,0,臺中市,龍井區,0,0,0,8,3,5,50,14,2,1,5,4,5,7,1,1,4,3,5,1,13,21,3,10,1,1,B03,7,9,1,8,7,1,  ,23,21,1,9,8,B03,24.148324,120.564215,3
2018,12,28,19,0,臺中市,大雅區,0,0,,8,,,50,,,,,,,,,,,,,,,,,,,,C03,,,1,,2,,,23,,1,12,,C03,24.22106,120.64577,3
2018,12,28,19,1,臺中市,西區,0,0,0,8,,,50,,,,,,,,,,,,,,,42,3,  ,  ,  ,B03,  ,  ,1,  ,2,  ,  ,42,42,  ,5,  ,B03,24.157611,120.663878,3
2018,12,28,19,2,臺中市,西屯區,0,0,0,8,3,5,50,,,,,,,,,,,,,,,16,  ,  ,  ,  ,B03,  ,  ,1,  ,2,8,  ,16,16,1,22,  ,B03,24.179836,120.624885,3
2018,12,28,19,2,臺中市,霧峰區,0,0,,8,,,40,,,,,,,,,,,,,,,,,,,,B03,,,1,,2,,,23,,1,22,,B03,24.061823,120.70021,3
2018,12,28,19,3,臺中市,西屯區,0,1,0,8,3,5,50,14,7,1,5,4,5,7,4,4,1,4,5,2,13,23,3,10,1,1,B03,7,9,1,8,2,1,  ,23,23,1,22,8,B03,24.18325,120.605048,2
2018,12,28,19,4,臺中市,西屯區,0,0,,8,,,50,,,,,,,,,,,,,,,,,,,,C03,,,1,,2,,,42,,1,22,,C03,24.183915,120.620494,3
2018,12,28,19,5,臺中市,清水區,0,0,,,,,70,,,,,,,,,,,,,,,,,,,,B03,,,1,,2,,,16,,1,5,,B03,24.269199,120.567228,3
2018,12,28,19,9,臺中市,南區,0,2,0,8,3,5,40,4,2,1,5,4,5,7,2,1,3,4,4,2,10,4,2,9,4,5,F01,7,9,8,20,8,16,  ,4,4,1,12,5,F01,24.113791,120.653723,2
2018,12,28,19,10,臺中市,大里區,0,0,,8,,,40,,,,,,,,,,,,,,,,,,,,B03,,,1,,2,,,23,,1,5,,B03,24.120668,120.70105,3
2018,12,28,19,11,臺中市,北屯區,0,1,0,8,1,5,50,3,19,1,5,4,5,7,4,4,10,5,5,2,3,51,2,8,4,5,H01,8,16,8,20,10,16,  ,51,51,1,21,8,H01,24.16516,120.695583,2
2018,12,28,19,15,臺中市,西區,0,1,0,8,3,5,50,3,1,1,5,4,5,7,1,1,10,5,5,2,18,42,2,9,1,1,C03,7,9,1,10,2,15,  ,42,42,1,5,5,C03,24.140015,120.664189,2