年,月,日,時,分,縣市,區,死,受傷,2-30,天候,光線,道路類別,速限,道路型態,事故位置,路面鋪裝,路面狀態,路面缺陷,障礙物,視距,號誌種類,號誌動作,分向設施,快車道或一般車道間,快慢車道間,路面邊線,事故類型及型態,主要肇因,受傷程度,主要傷處,保護裝備,行動電話,當事者區分_類別,車輛用途,當事者行動狀態,駕駛資格情形,駕駛執照種類,飲酒情形,車輛撞擊部位最初,車輛撞擊部位其他,肇事因素個別,肇事因素主要,肇事逃逸,職業,旅次目的,車種,GPS座標X,GPS座標Y,事故類別
2018,12,28,19,15,臺中市,北屯區,0,0,,8,,,50,,,,,,,,,,,,,,,,,,,,B03,,,1,,2,,,23,,1,22,,B03,24.19394,120.68215,3
2018,12,28,19,21,臺中市,西屯區,0,0,,8,,,60,,,,,,,,,,,,,,,,,,,,B12,,,1,,2,,,23,,1,  ,,B12,24.179991,120.621448,3
2018,12,28,19,21,臺中市,龍井區,0,0,,8,,,50,,,,,,,,,,,,,,,,,,,,B03,,,1,,2,,,23,,1,22,,B03,24.191677,120.589239,3
2018,12,28,19,29,臺中市,西區,0,1,0,8,3,5,40,14,12,1,5,4,5,7,4,4,5,5,4,2,13,23,2,9,1,1,C03,7,9,1,10,2,11,  ,23,23,1,5,5,C03,24.136975,120.668279,2
2018,12,28,19,29,臺中市,西屯區,0,1,0,8,3,5,50,14,7,1,2,4,5,7,4,4,10,4,5,2,13,23,3,10,1,1,B03,7,9,1,8,2,1,  ,23,23,1,22,8,B03,24.171326,120.636273,2
2018,12,28,19,40,臺中市,西區,0,1,0,8,3,5,50,4,1,1,5,4,5,7,1,1,10,5,5,2,17,23,3,10,1,1,C03,7,9,1,10,2,11,  ,23,23,1,21,8,C03,24.146743,120.661658,2
2018,12,28,19,40,臺中市,大里區,0,0,,8,,,40,,,,,,,,,,,,,,,,,,,,B03,,,1,,2,,,12,,1,22,,B03,24.112444,120.679661,3
2018,12,28,19,45,臺中市,梧棲區,0,0,,8,,,50,,,,,,,,,,,,,,,,,,,,B03,,,1,,2,,,9,,1,9,,B03,24.252288,120.537029,4
2018,12,28,19,45,臺中市,豐原區,0,1,0,7,3,5,50,3,1,1,5,4,5,7,4,4,4,4,4,2,17,19,3,10,1,1,B03,7,1,1,8,2,8,  ,19,19,1,12,8,B03,24.255516,120.73388,2
2018,12,28,19,46,臺中市,西屯區,0,0,,8,,,50,,,,,,,,,,,,,,,,,,,,B03,,,1,,2,,,23,,1,21,,B03,24.179523,120.625845,3
2018,12,28,19,49,臺中市,西區,0,1,0,8,1,5,40,3,1,1,5,4,5,7,4,4,10,5,5,2,16,9,2,9,1,1,C03,7,9,1,10,2,14,  ,23,9,1,21,8,C03,24.156462,120.660951,2
2018,12,28,19,50,臺中市,烏日區,0,1,0,8,3,5,50,14,8,1,5,4,5,7,4,4,1,4,1,1,12,9,3,10,1,1,B03,7,6,1,8,2,2,  ,9,9,1,4,9,B03,24.106583,120.598958,2
2018,12,28,19,51,臺中市,西屯區,0,0,,8,,,50,,,,,,,,,,,,,,,,,,,,C03,,,1,,2,,,43,,1,22,,C03,24.170704,120.643631,3
2018,12,28,19,56,臺中市,北屯區,0,1,0,8,3,5,40,14,8,1,5,4,5,7,4,4,3,4,4,2,12,40,2,7,1,1,B03,7,13,1,8,2,8,  ,40,40,1,22,8,B03,24.167496,120.695939,2
2018,12,28,20,0,臺中市,龍井區,0,0,,8,,,70,,,,,,,,,,,,,,,,,,,,B03,,,1,,2,,,43,,1,21,,B03,24.210555,120.540277,3
2018,12,28,20,4,臺中市,西區,0,0,0,8,,,50,,,,,,,,,,,,,,,42,3,  ,  ,  ,B03,  ,  ,1,  ,2,  ,  ,42,42,  ,5,  ,B03,24.156425,120.663383,3
2018,12,28,20,5,臺中市,北屯區,0,1,0,8,3,5,50,4,18,1,5,4,5,7,1,1,10,5,5,2,3,15,3,10,1,1,B03,7,5,1,8,2,8,  ,15,15,1,20,8,B03,24.172636,120.683203,2
2018,12,28,20,10,臺中市,中區,0,0,,8,,,50,,,,,,,,,,,,,,,,,,,,A04,,,1,,2,,,42,,1,5,,A04,24.137869,120.68526,3
2018,12,28,20,10,臺中市,梧棲區,0,1,0,8,3,5,70,3,2,1,5,3,5,7,4,4,1,4,3,1,16,9,3,10,1,1,B03,7,6,1,8,2,5,  ,9,9,2,9,6,B03,24.249636,120.5379,2
2018,12,28,20,20,臺中市,南區,0,0,,8,,,40,,,,,,,,,,,,,,,,,,,,B03,,,1,,2,,,23,,1,5,,B03,24.132111,120.680916,3
2018,12,28,20,28,臺中市,太平區,0,1,0,8,3,5,40,4,1,1,5,4,5,7,4,4,10,5,5,2,15,6,2,9,1,1,C03,7,9,1,10,2,11,  ,6,6,1,20,5,C03,24.156449,120.722269,2
2018,12,28,20,30,臺中市,梧棲區,0,1,0,8,3,5,50,4,2,1,5,4,5,6,4,4,10,5,5,2,15,6,3,10,1,1,B03,7,9,1,8,2,5,  ,6,6,1,8,8,B03,24.246539,120.534121,2
2018,12,28,20,44,臺中市,北屯區,0,2,0,8,3,5,50,4,1,1,5,4,5,7,1,1,5,5,4,2,16,6,3,10,1,1,C03,7,5,1,10,2,11,  ,6,6,1,22,8,C03,24.175938,120.672871,2
2018,12,28,20,45,臺中市,大肚區,0,0,,8,,,60,,,,,,,,,,,,,,,,,,,,B03,,,1,,2,,,7,,1,22,,B03,24.169072,120.582393,3
2018,12,28,20,46,臺中市,西區,0,0,,8,,,50,,,,,,,,,,,,,,,,,,,,B03,,,1,,2,,,23,,1,21,,B03,24.138851,120.678761,3
2018,12,28,20,50,臺中市,和平區,0,0,,8,1,2,30,14,9,1,5,4,5,7,3,1,4,2,,1,17,,,,,,B03,,,1,,8,,,21,,1,10,,B03,24.173847,120.889475,3
2018,12,28,20,52,臺中市,西屯區,0,0,,8,,,50,,,,,,,,,,,,,,,,,,,,B03,,,1,,2,,,43,,1,  ,,B03,24.160649,120.629583,3
2018,12,28,20,55,臺中市,北屯區,0,2,0,8,3,5,50,14,7,1,5,4,5,7,4,4,1,4,4,2,2,23,2,8,4,5,H01,8,16,8,20,10,16,  ,60,23,1,21,8,H01,24.164901,120.703028,2
2018,12,28,20,59,臺中市,中區,0,0,0,8,,,50,,,,,,,,,,,,,,,23,3,  ,  ,  ,C03,  ,  ,1,  ,2,  ,  ,23,23,  ,5,  ,C03,24.144715,120.681638,3
2018,12,28,21,0,臺中市,北屯區,0,1,0,8,1,5,50,4,1,1,5,4,5,7,2,1,10,5,5,2,16,8,2,9,1,4,C03,7,5,1,10,2,14,  ,8,8,1,22,8,C03,24.171238,120.67928,2
2018,12,28,21,0,臺中市,清水區,0,1,0,8,3,5,50,4,1,1,5,4,5,7,4,4,10,5,5,2,16,8,3,10,1,1,B03,7,5,1,8,2,8,  ,8,8,1,12,8,B03,24.269763,120.574683,2
2018,12,28,21,0,臺中市,沙鹿區,0,1,0,8,3,5,50,14,7,1,5,4,5,7,4,4,6,5,4,2,11,23,3,10,1,1,B03,7,9,1,8,2,7,  ,23,23,1,4,5,B03,24.214209,120.580046,2
2018,12,28,21,2,臺中市,北區,0,1,0,8,3,5,50,14,9,1,5,4,5,7,4,4,5,4,5,2,3,51,2,9,4,5,H01,8,16,8,20,10,16,  ,51,51,1,22,8,H01,24.166867,120.668813,2
2018,12,28,21,2,臺中市,北區,0,1,0,8,3,5,50,4,2,1,5,4,5,7,1,1,8,3,5,2,15,19,2,9,1,1,C03,7,1,1,10,2,11,  ,19,19,1,4,8,C03,24.171578,120.674407,2
2018,12,28,21,2,臺中市,西屯區,0,0,0,8,,,50,,,,,,,,,,,,,,13,23,  ,  ,  ,  ,B03,  ,  ,1,  ,2,5,  ,23,23,1,22,  ,B03,24.18779,120.60749,3
2018,12,28,21,5,臺中市,北屯區,0,2,0,8,3,5,50,4,1,1,5,4,5,7,1,1,3,2,5,2,16,25,2,9,1,1,C03,7,5,1,10,2,14,  ,25,25,1,22,8,C03,24.193455,120.686508,2
2018,12,28,21,5,臺中市,北屯區,0,0,0,8,,,50,,,,,,,,,,,,,,,23,  ,  ,  ,  ,B12,  ,  ,1,  ,9,  ,  ,23,23,2,21,  ,B12,24.181951,120.693555,3
2018,12,28,21,5,臺中市,西屯區,0,0,0,8,3,5,50,,,,,,,,,,,,,,,19,  ,  ,  ,  ,B03,  ,  ,1,  ,2,1,  ,19,19,1,22,  ,B03,24.154766,120.643812,3
2018,12,28,21,10,臺中市,豐原區,0,0,0,8,,,,,,,,,,,,,,,,,,12,  ,  ,  ,  ,B03,  ,  ,1,  ,2,  ,  ,12,12,1,18,  ,B03,24.254058,120.722901,3
2018,12,28,21,12,臺中市,南屯區,0,1,0,8,1,5,50,14,9,1,5,4,5,7,4,4,5,4,5,2,17,19,3,10,3,4,C03,7,1,3,18,2,11,  ,19,19,1,22,9,C03,24.149609,120.649786,2
2018,12,28,21,15,臺中市,潭子區,0,0,,8,,,60,,,,,,,,,,,,,,,,,,,,B03,,,1,,2,,,16,,1,22,,B03,24.212642,120.705266,3
2018,12,28,21,17,臺中市,西區,0,1,0,8,3,5,50,11,9,1,5,4,5,7,4,4,5,4,5,2,12,42,3,10,1,1,B03,7,9,1,8,2,2,  ,42,42,1,21,8,B03,24.154522,120.653063,2
2018,12,28,21,17,臺中市,新社區,0,0,0,8,,,40,,,,,,,,,,,,,,,18,  ,  ,  ,  ,B03,  ,  ,1,  ,2,  ,  ,18,18,1,22,  ,B03,24.248643,120.808315,3
2018,12,28,21,19,臺中市,太平區,0,1,0,8,3,5,50,3,2,1,5,4,5,7,4,4,10,5,5,2,17,43,3,10,1,1,B03,7,9,1,8,2,5,  ,43,43,1,21,8,B03,24.117724,120.717302,2
2018,12,28,21,20,臺中市,北屯區,0,1,0,8,3,5,50,4,1,1,5,4,5,7,1,1,10,5,5,2,16,25,3,10,1,1,B03,7,5,1,8,2,2,  ,25,25,1,9,8,B03,24.173043,120.698428,2
2018,12,28,21,24,臺中市,西區,0,0,0,8,,,50,,,,,,,,,,,,,,,23,3,  ,  ,  ,B03,  ,  ,1,  ,2,  ,  ,23,23,  ,5,  ,B03,24.148315,120.670485,3
2018,12,28,21,25,臺中市,大里區,0,1,0,8,3,5,40,3,1,1,5,4,5,7,4,4,10,5,5,2,16,6,3,10,1,1,B12,7,5,1,8,2,6,  ,6,6,1,21,8,B12,24.082186,120.705723,2
2018,12,28,21,37,臺中市,北區,0,2,0,8,3,5,40,14,8,1,5,4,5,7,4,4,1,4,4,2,12,19,3,10,3,4,B03,7,1,5,8,2,4,  ,19,19,1,22,9,B03,24.158469,120.685028,2
2018,12,28,21,37,臺中市,西屯區,0,0,,8,,,40,,,,,,,,,,,,,,,,,,,,B03,,,1,,2,,,19,,1,  ,,B03,24.201646,120.657013,3
2018,12,28,21,37,臺中市,沙鹿區,0,3,0,8,1,5,50,3,1,1,5,4,5,7,1,1,10,5,5,2,17,25,2,9,1,1,C03,7,9,1,10,2,11,  ,25,25,1,21,8,C03,24.218566,120.579493,2
2018,12,28,21,40,臺中市,北屯區,0,0,,8,,,50,,,,,,,,,,,,,,,,,,,,B03,,,1,,2,,,23,,1,  ,,B03,24.193455,120.686508,3
2018,12,28,21,50,臺中市,大里區,0,1,0,8,3,5,50,14,13,1,5,4,5,7,4,4,5,5,5,1,13,23,2,9,1,1,C03,7,9,2,18,2,11,  ,23,23,1,4,8,C03,24.095585,120.680012,2
2018,12,28,21,51,臺中市,豐原區,0,0,0,8,3,5,50,14,7,1,5,4,5,7,1,1,3,4,4,1,16,21,3,10,1,1,B03,7,7,1,8,4,8,  ,21,21,1,4,8,B03,24.257434,120.718794,3
2018,12,28,21,52,臺中市,梧棲區,0,2,0,8,3,5,50,4,8,1,5,4,5,7,1,1,5,4,4,2,17,8,3,10,1,1,B03,7,5,1,8,2,8,  ,8,8,1,9,5,B03,24.26006,120.532796,2
2018,12,28,21,57,臺中市,西區,0,1,0,8,3,5,40,14,8,1,5,4,5,7,4,4,3,2,3,2,13,23,3,10,1,1,C03,7,9,1,10,2,14,  ,23,23,1,21,8,C03,24.155494,120.662481,2
2018,12,28,21,58,臺中市,西屯區,0,1,0,8,3,5,50,3,7,1,5,4,5,7,4,4,5,4,4,2,11,26,3,10,1,1,B03,7,4,1,8,2,4,  ,26,26,1,22,8,B03,24.156199,120.655833,2
2018,12,28,22,0,臺中市,南屯區,0,0,,8,,,50,,,,,,,,,,,,,,,,,,,,B03,,,1,,2,,,12,,1,22,,B03,24.115949,120.62689,3
2018,12,28,22,2,臺中市,梧棲區,0,1,0,8,3,5,40,3,1,1,5,4,5,7,4,4,10,5,5,2,16,6,2,8,1,1,C03,7,5,1,10,6,11,  ,6,6,1,5,5,C03,24.25929,120.53832,2
2018,12,28,22,3,臺中市,梧棲區,0,0,,8,,,40,,,,,,,,,,,,,,,,,,,,C03,,,1,,2,,,16,,1,20,,C03,24.244838,120.549831,3
2018,12,28,22,30,臺中市,南屯區,0,1,0,8,3,5,40,3,1,1,5,4,5,7,4,4,10,5,5,2,16,6,3,10,1,1,B03,7,5,1,8,2,1,  ,6,6,1,21,8,B03,24.140975,120.63658,2
2018,12,28,22,32,臺中市,西區,0,1,0,8,3,5,50,4,2,1,5,4,5,7,1,1,5,5,5,2,13,23,3,10,1,1,B03,7,9,1,8,2,1,  ,23,23,1,5,8,B03,24.149977,120.657499,2
2018,12,28,22,34,臺中市,西區,0,1,0,8,3,5,50,3,1,1,5,4,5,7,1,1,10,5,5,2,3,15,3,10,1,1,B03,7,5,1,8,2,8,  ,15,15,1,21,8,B03,24.155419,120.658511,2
2018,12,28,22,36,臺中市,西屯區,0,0,0,8,,,40,,,,,,,,,,,,,,14,12,  ,  ,  ,  ,B03,  ,  ,1,  ,2,5,  ,12,12,1,22,  ,B03,24.175716,120.64728,3
2018,12,28,22,37,臺中市,西屯區,0,1,0,8,3,5,40,3,1,1,5,4,5,7,4,4,1,5,5,2,16,6,3,10,1,1,B03,7,6,1,8,2,8,  ,6,6,1,22,8,B03,24.170914,120.637098,2
2018,12,28,22,40,臺中市,南屯區,0,1,0,8,3,5,50,4,1,1,5,4,5,7,2,1,10,5,5,2,17,7,2,9,1,1,C03,7,7,1,10,2,14,14,7,7,1,5,8,C03,24.158348,120.634896,2
2018,12,28,22,47,臺中市,北區,0,1,0,8,3,5,50,3,1,1,5,4,5,7,2,1,5,5,4,2,11,6,3,10,3,4,B03,7,5,1,8,2,8,  ,6,6,1,22,9,B03,24.159296,120.668036,2
2018,12,28,22,57,臺中市,西屯區,0,2,0,8,3,5,40,3,4,1,5,4,5,7,1,1,1,5,1,2,13,23,3,10,1,1,C03,7,9,2,18,2,11,  ,23,23,1,21,8,C03,24.163419,120.648644,2
2018,12,28,23,10,臺中市,北區,0,1,0,8,3,5,50,4,2,1,5,4,5,7,4,4,1,4,4,2,12,6,3,10,1,1,B01,7,7,1,4,2,4,  ,6,6,1,21,8,B01,24.159065,120.69134,2
2018,12,28,23,10,臺中市,大里區,0,1,0,8,3,5,50,14,8,1,5,4,5,7,4,4,5,5,4,1,17,38,3,10,3,4,B03,7,13,1,8,2,7,  ,38,38,1,4,8,B03,24.115046,120.680756,2
2018,12,28,23,25,臺中市,北屯區,0,2,0,8,3,5,50,4,1,1,5,4,5,7,1,1,10,5,5,2,16,6,2,9,1,1,C03,7,5,1,10,2,14,  ,6,6,1,5,8,C03,24.169888,120.702385,2
2018,12,28,23,33,臺中市,西區,0,2,0,8,3,5,50,4,1,1,5,4,5,7,3,1,10,5,5,2,17,42,2,9,1,1,C03,7,5,1,10,2,14,  ,42,42,1,21,8,C03,24.146726,120.660194,2
2018,12,28,23,42,臺中市,北屯區,0,1,0,8,3,5,50,3,1,1,5,4,5,7,4,4,10,5,5,2,16,6,3,10,1,1,B03,7,6,1,8,2,4,  ,6,6,1,21,8,B03,24.17284,120.685448,2
2018,12,29,0,1,臺中市,北區,0,4,0,8,3,5,40,14,8,1,5,4,5,7,4,4,5,4,4,2,13,16,2,9,1,4,C03,7,9,1,10,2,11,  ,16,16,1,5,8,C03,24.156495,120.681396,2
2018,12,29,0,22,臺中市,龍井區,0,3,0,7,3,5,40,3,2,1,5,4,5,7,1,1,10,5,5,2,12,16,3,10,1,1,C03,7,9,1,10,2,11,  ,16,16,1,21,8,C03,24.191605,120.580083,2
2018,12,29,0,30,臺中市,大雅區,0,0,,8,,,40,,,,,,,,,,,,,,,,,,,,B02,,,1,,2,,,12,,1,22,,B02,24.22412,120.64936,3
2018,12,29,1,7,臺中市,西屯區,0,3,0,8,3,5,50,4,2,1,5,4,5,7,2,1,10,5,5,2,12,6,2,9,3,4,C02,7,6,1,9,2,12,  ,6,6,1,22,9,C02,24.182343,120.642683,2
2018,12,29,3,18,臺中市,潭子區,0,1,0,8,3,5,40,14,9,1,5,4,5,7,4,4,10,5,5,1,19,22,2,9,1,1,C03,7,15,1,10,2,11,  ,22,22,1,22,8,C03,24.221996,120.721138,2
2018,12,29,5,2,臺中市,南屯區,0,0,,8,,,40,,,,,,,,,,,,,,,,,,,,B03,,,1,,2,,,19,,1,22,,B03,24.14538,120.637253,3
2018,12,29,5,14,臺中市,太平區,0,1,0,8,3,5,50,4,1,1,5,4,5,7,4,4,10,5,5,2,15,6,2,9,1,1,C03,7,9,1,10,2,11,  ,6,6,1,4,8,C03,24.154125,120.706605,2
2018,12,29,5,26,臺中市,北區,0,1,0,8,3,5,50,4,1,1,5,4,5,7,3,1,10,5,5,2,15,6,3,10,1,4,B01,7,9,1,3,2,1,  ,6,6,1,10,8,B01,24.17,120.674303,2
2018,12,29,6,23,臺中市,西屯區,0,0,0,8,2,5,50,4,2,1,5,4,5,7,2,1,5,4,4,2,17,42,3,10,3,4,B03,7,14,1,8,3,5,  ,42,42,1,22,8,B03,24.187126,120.620278,3
2018,12,29,6,52,臺中市,后里區,0,2,0,8,1,5,50,3,2,1,5,4,5,7,4,4,5,5,5,1,9,43,2,1,4,5,H01,8,21,8,20,10,16,  ,67,43,1,22,9,H01,24.309265,120.727788,2
2018,12,29,7,19,臺中市,北區,0,1,0,8,1,5,50,4,1,1,5,4,5,7,4,4,9,5,5,2,15,6,2,8,1,1,C03,7,9,1,10,2,14,  ,6,6,1,5,8,C03,24.170074,120.674345,2
2018,12,29,7,24,臺中市,大雅區,0,2,0,8,1,5,40,14,9,1,5,4,5,7,1,1,5,4,5,1,16,26,2,9,1,1,C03,7,5,1,10,2,11,  ,26,26,1,22,8,C03,24.225819,120.645907,2
2018,12,29,7,39,臺中市,北屯區,0,1,0,8,1,5,50,5,1,1,5,4,5,7,1,1,10,5,5,2,16,8,2,9,1,1,C03,7,5,1,10,2,14,  ,8,8,1,21,8,C03,24.170468,120.697451,2
2018,12,29,7,50,臺中市,外埔區,0,1,0,8,1,5,50,3,2,1,5,4,5,7,4,4,5,4,5,2,12,17,3,10,3,4,B03,7,4,1,8,2,2,  ,17,17,1,21,8,B03,24.336408,120.625856,2
2018,12,29,7,51,臺中市,西區,0,1,0,8,1,5,50,3,2,1,5,4,5,7,4,4,5,5,5,2,17,26,3,10,1,1,B03,7,9,1,8,2,1,  ,26,26,1,21,8,B03,24.148476,120.668285,2
2018,12,29,7,55,臺中市,清水區,0,0,0,8,,,70,,,,,,,,,,,,,,,23,  ,  ,  ,  ,A41,  ,  ,1,  ,2,  ,  ,23,23,1,21,  ,A41,24.297346,120.565223,3
2018,12,29,7,56,臺中市,潭子區,0,1,0,8,1,5,40,14,9,1,5,4,5,7,4,4,9,5,5,1,17,6,3,10,1,1,B03,7,6,1,8,2,15,  ,6,6,1,22,8,B03,24.218126,120.718555,2
2018,12,29,8,6,臺中市,南區,0,1,0,8,1,5,50,4,18,1,5,4,5,7,4,4,10,5,5,2,1,15,3,10,1,1,B03,7,6,1,8,2,5,  ,15,15,1,21,8,B03,120.670077,24.112743,2
2018,12,29,8,10,臺中市,北屯區,0,1,0,8,1,5,40,3,1,1,5,4,5,7,4,4,10,5,5,2,13,16,2,8,1,1,C03,7,9,1,10,2,11,  ,16,16,1,21,8,C03,24.176204,120.682841,2
2018,12,29,8,18,臺中市,南屯區,0,1,0,8,1,5,50,4,1,1,5,4,5,7,4,4,9,4,4,2,15,6,3,10,1,1,B03,7,9,1,8,2,1,  ,6,6,1,5,8,B03,24.153784,120.626714,2
2018,12,29,8,25,臺中市,西屯區,0,2,0,8,1,5,40,3,2,1,5,4,5,7,1,1,1,4,1,2,13,16,2,9,1,1,C03,7,9,1,10,2,11,  ,16,16,1,22,8,C03,24.184318,120.611441,2
2018,12,29,8,25,臺中市,大里區,0,0,,8,,,40,,,,,,,,,,,,,,,,,,,,B12,,,1,,2,,,12,,1,21,,B12,24.094339,120.703096,3
2018,12,29,8,28,臺中市,大甲區,0,2,0,8,1,5,50,14,7,1,5,4,5,7,4,4,5,4,4,1,16,10,3,10,1,1,B12,7,11,1,8,2,7,  ,10,10,1,21,3,B12,24.355055,120.631685,2
2018,12,29,8,30,臺中市,西屯區,0,2,0,8,1,5,50,14,9,1,5,4,5,7,4,4,8,3,5,2,13,16,2,8,1,1,C03,7,9,1,10,2,11,  ,16,16,1,22,9,C03,24.192621,120.64584,2
2018,12,29,8,30,臺中市,潭子區,0,0,,8,,,50,,,,,,,,,,,,,,,,,,,,A12,,,1,,2,,,5,,1,22,,A12,24.222002,120.694169,3
2018,12,29,8,33,臺中市,北區,0,1,0,8,1,5,50,14,9,1,5,4,5,7,4,4,9,5,5,2,17,6,3,10,1,1,C03,7,5,1,10,2,11,  ,6,6,1,22,8,C03,24.153075,120.686875,2
2018,12,29,8,35,臺中市,大里區,0,0,,8,,,40,,,,,,,,,,,,,,,,,,,,B03,,,1,,2,,,5,,1,12,,B03,24.075145,120.686515,3
2018,12,29,8,40,臺中市,南屯區,0,0,0,8,,,50,,,,,,,,,,,,,,,,3,  ,  ,  ,B03,  ,  ,1,  ,2,  ,  ,7,  ,1,22,  ,B03,24.147874,120.615248,3
2018,12,29,8,46,臺中市,西屯區,0,2,0,8,1,5,50,14,9,1,5,4,5,7,4,4,9,4,5,2,16,17,3,10,1,1,B03,7,9,1,8,2,5,  ,16,17,1,20,8,B03,24.163715,120.656485,2
2018,12,29,8,51,臺中市,北屯區,0,1,0,8,1,5,50,5,1,1,5,4,5,7,1,1,10,5,5,2,16,26,2,9,1,1,C03,7,9,1,10,2,12,  ,26,26,1,18,8,C03,24.1824,120.712,2
2018,12,29,8,53,臺中市,北區,0,1,0,8,1,5,50,4,1,1,5,4,5,7,1,1,10,5,5,2,13,16,2,8,1,1,C03,7,9,1,10,2,11,12,16,16,1,22,1,C03,24.159215,120.673661,2
2018,12,29,8,53,臺中市,梧棲區,0,1,0,8,1,5,40,4,1,1,5,4,5,7,4,4,10,5,5,2,15,6,3,10,3,4,B03,7,9,1,8,2,5,  ,6,6,1,21,8,B03,24.229732,120.543536,2
2018,12,29,8,55,臺中市,大甲區,0,1,0,8,1,5,70,3,1,1,5,4,5,7,4,4,1,5,5,2,16,6,3,10,1,4,B02,7,6,1,8,2,6,  ,6,6,1,21,8,B02,24.409781,120.643351,2
2018,12,29,8,58,臺中市,清水區,0,2,0,8,1,8,40,4,1,1,5,4,5,7,4,4,10,5,5,2,15,6,2,9,1,1,B03,7,9,1,8,2,7,  ,6,6,1,5,1,B03,24.264745,120.5658,2
2018,12,29,9,0,臺中市,太平區,0,1,0,8,1,5,50,3,2,1,5,4,5,7,1,1,4,5,4,1,29,43,3,10,1,1,B03,7,9,1,8,2,5,  ,43,43,1,5,1,B03,24.159105,120.711346,2
2018,12,29,9,7,臺中市,大雅區,0,0,,8,,,50,,,,,,,,,,,,,,,,,,,,B03,,,1,,2,,,6,,1,  ,,B03,24.220948,120.655512,3
2018,12,29,9,8,臺中市,沙鹿區,0,1,0,8,1,5,60,14,7,1,5,4,5,7,4,4,1,4,4,1,17,30,3,10,3,4,A12,7,9,1,3,2,15,  ,30,30,1,21,8,A12,24.250023,120.597428,3
2018,12,29,9,10,臺中市,南區,0,1,0,8,1,5,40,14,8,1,5,4,5,7,4,4,1,4,4,2,16,19,3,10,1,1,B03,7,1,1,8,2,8,  ,19,19,1,4,8,B03,24.158942,120.648457,2
2018,12,29,9,14,臺中市,大里區,0,0,,8,,,50,,,,,,,,,,,,,,,,,,,,C03,,,1,,9,,,4,,2,22,,C03,24.109996,120.690356,3
2018,12,29,9,15,臺中市,西屯區,0,1,0,8,1,5,40,14,9,1,5,4,5,7,4,4,5,4,5,2,16,19,3,10,1,1,B03,7,1,1,8,2,2,  ,19,19,1,22,8,B03,24.17465,120.635941,2
2018,12,29,9,15,臺中市,西屯區,0,1,0,8,1,5,50,14,7,1,5,4,5,7,4,4,9,4,4,2,12,43,2,9,1,1,C03,7,9,1,10,2,14,  ,43,43,1,5,8,C03,24.162366,120.657278,2
2018,12,29,9,20,臺中市,龍井區,0,1,0,8,1,5,50,14,9,1,5,4,5,7,4,4,5,5,5,1,12,40,3,10,3,4,B03,7,13,1,8,11,4,  ,40,40,1,19,7,B03,24.200864,120.523511,2
2018,12,29,9,24,臺中市,梧棲區,0,0,,8,,,50,,,,,,,,,,,,,,,16,,,,,B03,,,1,,2,,,44,16,  ,  ,,B03,24.254787,120.551666,4
2018,12,29,9,27,臺中市,梧棲區,0,0,,8,,,50,,,,,,,,,,,,,,,6,,,,,B03,,,1,,2,,,14,6,  ,  ,,B03,24.244262,120.541066,3
2018,12,29,9,28,臺中市,西屯區,0,0,0,8,,,40,,,,,,,,,,,,,,,23,  ,  ,  ,  ,B03,  ,  ,3,  ,2,  ,  ,23,23,1,22,  ,B03,24.171401,120.635685,3
2018,12,29,9,31,臺中市,東區,0,2,0,8,1,5,40,4,2,1,5,4,5,7,2,1,10,5,5,2,16,43,2,7,1,1,C03,7,6,1,10,2,15,  ,43,43,1,21,8,C03,24.142898,120.689403,2
2018,12,29,9,33,臺中市,北區,0,1,0,8,1,5,50,4,1,1,5,4,5,7,1,1,10,5,5,2,17,6,3,10,1,1,B03,7,6,1,8,2,5,  ,6,6,1,22,8,B03,24.159236,120.669243,2
2018,12,29,9,35,臺中市,北區,0,2,0,8,1,5,50,3,1,1,5,4,5,7,2,1,10,5,5,2,16,26,3,10,1,1,B03,7,6,1,8,2,2,  ,26,26,1,5,8,B03,24.163039,120.680941,2
2018,12,29,9,38,臺中市,西區,0,1,0,8,1,5,50,4,2,1,5,4,5,7,1,1,5,5,5,2,17,25,2,9,1,1,C03,7,6,1,10,2,15,  ,25,25,1,22,8,C03,24.152398,120.655146,2
2018,12,29,9,42,臺中市,豐原區,0,0,,,,,,,,,,,,,,,,,,,,,,,,,B03,,,1,,9,,,23,,  ,  ,,B03,24.248911,120.699671,3
2018,12,29,9,46,臺中市,沙鹿區,0,1,0,8,1,5,50,14,9,1,5,4,5,6,4,4,5,5,5,2,9,23,3,10,1,1,B03,7,9,1,8,2,5,  ,23,23,1,20,9,B03,24.235004,120.557882,2
2018,12,29,9,52,臺中市,南屯區,0,0,,8,,,50,,,,,,,,,,,,,,,,,,,,B03,,,1,,2,,,19,,1,  ,,B03,24.136161,120.646431,3
2018,12,29,10,5,臺中市,梧棲區,0,0,,8,,,40,,,,,,,,,,,,,,,,,,,,B03,,,1,,2,,,17,,  ,  ,,B03,24.253732,120.556324,4
2018,12,29,10,6,臺中市,大肚區,0,1,0,8,1,5,50,14,8,1,5,4,5,7,4,4,1,4,4,1,16,6,3,10,1,1,B03,7,6,1,8,2,6,  ,6,6,1,21,8,B03,24.120513,120.572368,2