年,月,日,時,分,縣市,區,死,受傷,2-30,天候,光線,道路類別,速限,道路型態,事故位置,路面鋪裝,路面狀態,路面缺陷,障礙物,視距,號誌種類,號誌動作,分向設施,快車道或一般車道間,快慢車道間,路面邊線,事故類型及型態,主要肇因,受傷程度,主要傷處,保護裝備,行動電話,當事者區分_類別,車輛用途,當事者行動狀態,駕駛資格情形,駕駛執照種類,飲酒情形,車輛撞擊部位最初,車輛撞擊部位其他,肇事因素個別,肇事因素主要,肇事逃逸,職業,旅次目的,車種,GPS座標X,GPS座標Y,事故類別
2018,12,29,10,8,臺中市,西屯區,0,0,,8,,,40,,,,,,,,,,,,,,,,,,,,C03,,,1,,2,,,26,,1,22,,C03,24.181583,120.635686,3
2018,12,29,10,10,臺中市,中區,0,0,0,8,1,5,50,4,1,1,5,4,5,7,3,4,10,5,5,2,16,,3,  ,  ,  ,B03,  ,  ,1,  ,2,  ,  ,6,  ,1,21,  ,B03,24.144663,120.680067,3
2018,12,29,10,10,臺中市,南區,0,0,0,8,,,40,,,,,,,,,,,,,,,19,3,  ,  ,  ,B03,  ,  ,1,8,2,  ,  ,19,19,  ,21,  ,B03,24.117456,120.66202,3
2018,12,29,10,14,臺中市,太平區,0,0,,8,,,50,,,,,,,,,,,,,,,,,,,,B03,,,1,,2,,,43,,1,  ,,B03,24.126021,120.712268,3
2018,12,29,10,23,臺中市,中區,0,2,0,8,1,5,50,4,1,1,5,4,5,7,1,1,10,5,5,2,16,8,2,9,1,1,C03,7,5,1,10,2,12,  ,8,8,1,21,8,C03,24.147006,120.678566,2
2018,12,29,10,25,臺中市,西屯區,0,1,0,8,1,5,40,4,2,1,5,4,5,7,4,4,5,4,4,2,16,6,3,10,1,1,B03,7,5,1,8,2,2,  ,6,6,1,22,8,B03,24.183405,120.61675,2
2018,12,29,10,25,臺中市,西屯區,0,2,0,8,1,5,50,14,9,1,5,4,5,7,4,4,1,4,5,2,16,19,3,10,1,1,B03,7,1,1,8,2,8,  ,19,19,1,21,8,B03,24.17929,120.636333,2
2018,12,29,10,26,臺中市,大里區,0,0,,8,,,50,,,,,,,,,,,,,,,,,,,,B03,,,1,,2,,,23,,1,21,,B03,24.074037,120.691628,3
2018,12,29,10,29,臺中市,西屯區,0,0,,8,,,40,,,,,,,,,,,,,,,,,,,,B03,,,1,,2,,,2,,1,22,,B03,24.18321,120.636298,3
2018,12,29,10,29,臺中市,新社區,0,0,0,8,,,50,,,,,,,,,,,,,,,12,  ,  ,  ,  ,B03,  ,  ,1,  ,2,  ,  ,12,12,1,  ,  ,B03,24.220744,120.7883,3
2018,12,29,10,32,臺中市,西區,0,0,,8,,,50,,,,,,,,,,,,,,,,,,,,B11,,,1,,2,,,16,,1,21,,B11,24.132119,120.663284,3
2018,12,29,10,35,臺中市,大里區,0,0,,8,,,60,,,,,,,,,,,,,,,,,,,,B03,,,1,,2,,,7,,1,22,,B03,24.103295,120.685121,3
2018,12,29,10,36,臺中市,后里區,0,1,0,8,1,5,50,4,2,1,5,4,5,7,1,1,1,4,4,1,17,42,3,10,1,1,B03,7,6,1,5,2,15,  ,42,42,1,21,8,B03,24.29473,120.723711,2
2018,12,29,10,48,臺中市,北屯區,0,2,0,8,1,5,50,4,1,1,5,4,5,7,2,1,10,5,5,2,16,6,2,9,1,1,C03,7,5,1,10,2,12,  ,6,6,1,21,8,C03,24.164936,120.690776,2
2018,12,29,10,49,臺中市,中區,0,0,0,8,1,5,50,4,1,1,5,4,5,7,4,4,10,5,5,2,16,,3,  ,  ,  ,B03,  ,  ,1,  ,2,  ,  ,14,  ,1,21,  ,B03,24.144663,120.680067,3
2018,12,29,10,49,臺中市,北屯區,0,1,0,8,1,5,50,14,7,1,5,4,5,7,4,4,5,4,4,2,16,4,2,9,1,1,C03,7,11,4,7,2,14,  ,4,4,1,5,8,C03,24.179499,120.719728,2
2018,12,29,10,50,臺中市,西區,0,1,0,8,1,5,50,4,1,1,5,4,5,7,1,1,10,5,5,2,15,25,3,10,1,1,B03,7,9,1,8,2,1,  ,25,25,1,22,8,B03,24.139692,120.668366,2
2018,12,29,10,50,臺中市,南區,0,1,0,8,1,5,50,14,7,1,5,4,5,7,4,4,1,2,4,2,11,23,2,8,1,1,C03,7,9,1,10,2,12,  ,23,23,1,4,8,C03,24.11059,120.646923,2
2018,12,29,10,50,臺中市,龍井區,0,0,,,,,,,,,,,,,,,,,,,,,,,,,B03,,,1,,2,,,17,,1,  ,,B03,24.1,120.6,3
2018,12,29,10,51,臺中市,沙鹿區,0,0,,8,,,40,,,,,,,,,,,,,,,,,,,,B03,,,1,,2,,,6,,1,  ,,B03,24.217118,120.550056,3
2018,12,29,10,55,臺中市,西區,0,0,0,8,,,0,,,,,,,,,,,,,,,,3,  ,  ,  ,B03,  ,  ,1,  ,2,  ,  ,23,  ,  ,21,  ,B03,24.136166,120.661603,3
2018,12,29,10,55,臺中市,北屯區,0,0,,8,,,50,,,,,,,,,,,,,,,,,,,,B03,,,1,,2,,,23,,1,2,,B03,24.1649,120.6955,3
2018,12,29,10,55,臺中市,外埔區,0,0,,8,,,50,,,,,,,,,,,,,,,,,,,,C03,,,1,,2,,,6,,1,22,,C03,24.342983,120.636555,3
2018,12,29,10,58,臺中市,南區,0,0,0,8,,,50,,,,,,,,,,,,,,,23,3,  ,  ,  ,B03,  ,  ,1,8,2,  ,  ,23,23,  ,21,  ,B03,24.118598,120.669935,3
2018,12,29,10,58,臺中市,梧棲區,0,1,0,8,1,5,40,4,2,1,5,4,5,7,1,1,10,5,5,2,16,9,3,10,1,1,B03,7,6,1,8,2,2,  ,9,9,1,20,6,B03,24.254272,120.525083,2
2018,12,29,11,0,臺中市,西區,0,0,,8,,,40,,,,,,,,,,,,,,,,,,,,B03,,,1,,2,,,12,,1,21,,B03,24.130753,120.664948,3
2018,12,29,11,3,臺中市,北屯區,0,0,0,8,,,50,,,,,,,,,,,,,,,26,3,  ,  ,  ,A11,  ,  ,1,  ,3,  ,  ,26,26,  ,21,  ,A11,24.17394,120.673916,3
2018,12,29,11,4,臺中市,北區,0,0,0,8,,,50,,,,,,,,,,,,,,,23,  ,  ,  ,  ,B03,  ,  ,1,8,2,  ,  ,23,23,1,  ,  ,B03,24.152798,120.677356,3
2018,12,29,11,7,臺中市,南區,0,1,0,8,1,5,40,14,8,1,5,4,5,7,4,4,1,4,4,2,16,9,3,10,1,1,B03,7,6,1,8,2,5,  ,9,9,1,4,8,B03,24.113603,120.653001,2
2018,12,29,11,13,臺中市,北區,0,0,0,8,,,50,,,,,,,,,,,,,,,12,3,  ,  ,  ,B03,  ,  ,1,  ,2,  ,  ,12,12,1,5,  ,B03,24.144396,120.682016,3
2018,12,29,11,15,臺中市,大里區,0,0,0,8,1,5,60,14,12,1,5,4,5,7,4,4,1,4,4,1,16,4,3,10,1,1,C03,7,9,1,10,2,14,  ,4,4,1,18,8,C03,24.101378,120.688991,3
2018,12,29,11,16,臺中市,外埔區,0,0,,8,,,50,,,,,,,,,,,,,,,,,,,,B03,,,1,,2,,,8,,1,22,,B03,24.341343,120.639485,3
2018,12,29,11,17,臺中市,西屯區,0,1,0,8,1,5,40,4,2,1,5,4,5,7,4,4,5,4,5,2,16,6,2,9,1,1,C03,7,9,1,10,2,12,  ,6,6,1,22,8,C03,24.188975,120.61783,2
2018,12,29,11,26,臺中市,西區,0,1,0,8,1,5,50,14,7,1,5,4,5,7,4,4,1,4,4,2,17,19,3,10,1,1,B03,7,1,1,8,2,1,  ,19,19,1,22,8,B03,24.142633,120.657413,2
2018,12,29,11,30,臺中市,南屯區,0,1,0,8,1,5,50,14,9,1,5,4,5,7,4,4,5,4,5,2,16,26,2,9,1,1,C03,7,11,1,10,2,12,  ,26,26,1,21,8,C03,24.139323,120.649905,2
2018,12,29,11,31,臺中市,北屯區,0,1,0,8,1,5,50,14,7,1,5,4,3,5,4,4,5,5,4,2,16,19,3,10,1,1,B03,7,1,1,8,2,8,  ,19,19,1,21,8,B03,24.170801,120.687564,2
2018,12,29,11,32,臺中市,西屯區,0,2,0,8,1,5,50,14,7,1,5,4,5,7,4,4,8,4,4,2,12,8,2,7,1,1,C03,7,5,3,18,2,14,  ,8,8,1,22,9,C03,24.175355,120.644861,2
2018,12,29,11,32,臺中市,神岡區,0,0,,8,,,50,,,,,,,,,,,,,,,,,,,,B12,,,1,,2,,,16,,  ,5,,B12,24.24652,120.683778,3
2018,12,29,11,33,臺中市,西區,0,0,0,8,1,6,50,4,1,1,5,4,5,7,1,1,5,5,5,2,16,,3,  ,  ,  ,B03,  ,  ,1,  ,2,  ,  ,6,  ,1,21,  ,B03,24.140601,120.667341,3
2018,12,29,11,33,臺中市,烏日區,0,1,0,8,1,5,70,14,9,1,5,4,5,7,4,4,1,4,4,2,12,9,3,10,1,1,B03,7,6,1,8,2,4,  ,9,9,1,21,8,B03,24.106016,120.615668,2
2018,12,29,11,40,臺中市,大甲區,0,1,0,8,1,5,40,14,9,1,5,4,5,7,4,4,10,5,5,2,11,17,3,10,1,1,C03,7,9,1,10,2,11,  ,17,17,1,5,9,C03,24.350743,120.617973,2
2018,12,29,11,43,臺中市,北屯區,0,0,,8,,,50,,,,,,,,,,,,,,,,,,,,B03,,,1,,2,,,17,,1,5,,B03,24.174896,120.670617,3
2018,12,29,11,45,臺中市,北屯區,0,1,0,8,1,5,50,4,1,1,5,4,5,7,3,1,10,5,5,2,15,6,2,8,1,1,C03,7,9,1,10,2,11,  ,6,6,1,19,8,C03,24.1741,120.7235,2
2018,12,29,11,45,臺中市,西屯區,0,2,0,8,1,5,50,4,1,1,5,4,5,7,4,4,10,5,5,2,16,6,2,8,1,1,C03,7,11,1,10,2,14,  ,6,6,1,5,8,C03,24.179813,120.637681,2
2018,12,29,11,45,臺中市,東勢區,0,1,0,8,1,5,50,3,2,1,5,4,5,7,4,4,5,5,5,1,12,17,3,10,1,1,B03,7,4,1,8,2,2,  ,17,17,1,22,7,B03,24.284786,120.7625,2
2018,12,29,11,48,臺中市,大甲區,0,2,0,8,1,5,40,3,1,1,5,4,5,7,4,4,10,5,5,2,16,6,2,9,1,4,C03,7,5,1,10,2,11,  ,6,6,1,21,8,C03,24.408168,120.644156,2
2018,12,29,11,50,臺中市,中區,0,2,0,8,1,5,40,3,1,1,5,4,5,7,1,1,10,5,5,2,17,42,2,9,1,1,C03,7,5,1,10,2,12,  ,42,42,1,21,8,C03,24.148073,120.679633,2
2018,12,29,11,50,臺中市,南區,0,1,0,8,1,5,50,4,1,1,5,4,5,7,1,1,10,5,5,2,16,6,3,10,1,1,B01,7,6,1,4,2,5,  ,6,6,1,21,8,B01,24.131685,120.676843,2
2018,12,29,11,50,臺中市,潭子區,0,0,,8,,,50,,,,,,,,,,,,,,,,,,,,B03,,,1,,2,,,17,,1,22,,B03,24.191583,120.69955,3
2018,12,29,11,53,臺中市,西屯區,0,0,,8,,,50,,,,,,,,,,,,,,,,,,,,B03,,,1,,2,,,23,,1,  ,,B03,24.178628,120.637468,3
2018,12,29,11,54,臺中市,北區,0,0,0,8,,,40,,,,,,,,,,,,,,,40,  ,  ,  ,  ,B11,  ,  ,1,4,2,  ,  ,40,40,1,  ,  ,B11,24.149913,120.677753,3
2018,12,29,11,58,臺中市,潭子區,0,0,,8,,,50,,,,,,,,,,,,,,,,,,,,C03,,,6,,2,,,23,,1,22,,C03,24.20715,120.70645,3
2018,12,29,12,0,臺中市,西區,0,1,0,8,1,5,50,4,2,1,5,4,5,7,2,1,5,2,4,2,13,16,2,9,1,1,C03,7,9,1,10,2,12,  ,16,16,1,20,8,C03,24.141417,120.66621,2
2018,12,29,12,0,臺中市,外埔區,0,0,0,,,,,,,,,,,,,,,,,,,42,  ,  ,  ,  ,B03,  ,  ,1,  ,2,  ,  ,43,42,1,21,  ,B03,24.320005,120.654142,3
2018,12,29,12,2,臺中市,烏日區,0,1,0,8,1,5,50,14,7,1,5,4,5,7,1,1,1,1,5,1,13,23,2,9,1,1,C03,7,9,1,10,2,12,11,23,23,1,20,8,C03,24.107853,120.638205,2
2018,12,29,12,5,臺中市,烏日區,0,1,0,8,1,5,60,3,1,1,5,4,5,7,1,1,1,3,4,1,16,25,3,10,1,1,B03,7,5,1,8,2,2,  ,25,25,1,22,8,B03,24.115457,120.64181,2
2018,12,29,12,5,臺中市,大甲區,0,0,,8,,,40,,,,,,,,,,,,,,,,,,,,B03,,,1,,2,,,23,,1,19,,B03,24.349343,120.619429,3
2018,12,29,12,10,臺中市,南區,0,1,0,8,1,5,50,11,9,1,5,4,5,7,4,4,5,5,5,2,17,23,2,8,1,1,C03,7,5,1,10,2,11,  ,23,23,1,4,8,C03,24.124421,120.653456,2
2018,12,29,12,10,臺中市,北屯區,0,2,0,8,1,5,50,14,9,1,5,4,5,7,4,4,1,4,5,2,13,16,2,9,1,1,C03,7,9,1,10,2,11,  ,16,16,1,21,8,C03,24.178868,120.700736,2
2018,12,29,12,14,臺中市,中區,0,1,0,8,1,5,50,3,2,1,5,4,5,7,4,4,5,2,5,2,11,26,3,10,1,1,B03,7,9,1,8,2,8,  ,26,26,1,22,8,B03,24.146126,120.681527,2
2018,12,29,12,18,臺中市,南屯區,0,0,,8,,,50,,,,,,,,,,,,,,,,,,,,B03,,,1,,2,,,7,,1,18,,B03,24.144341,120.652836,3
2018,12,29,12,20,臺中市,西區,0,0,,8,,,40,,,,,,,,,,,,,,,,,,,,B03,,,1,,2,,,12,,1,21,,B03,24.131471,120.664626,3
2018,12,29,12,23,臺中市,太平區,0,0,,8,,,50,,,,,,,,,,,,,,,,,,,,B12,,,1,,2,,,7,,1,10,,B12,24.147601,120.713936,3
2018,12,29,12,25,臺中市,北屯區,0,0,0,8,,,50,,,,,,,,,,,,,,,16,  ,  ,  ,  ,B03,  ,  ,1,  ,2,  ,  ,16,16,1,21,  ,B03,24.181705,120.666125,3
2018,12,29,12,27,臺中市,北區,0,1,0,8,1,5,40,14,9,1,5,4,5,7,4,4,10,5,5,2,16,19,3,10,1,1,B03,7,1,1,8,2,1,  ,19,19,1,5,8,B03,24.160765,120.682666,2
2018,12,29,12,27,臺中市,東區,0,2,0,8,1,5,50,5,1,1,5,4,5,7,1,1,10,5,5,2,16,10,2,9,1,1,C03,7,11,1,10,2,14,  ,10,10,1,5,8,C03,24.144501,120.704948,2
2018,12,29,12,30,臺中市,大里區,0,0,,,,,,,,,,,,,,,,,,,,,,,,,   ,,,7,,11,,,43,,  ,  ,,   ,24.109844,120.703813,3
2018,12,29,12,34,臺中市,北屯區,0,1,0,8,1,5,50,4,1,1,5,4,5,7,1,1,10,5,5,2,16,19,3,10,1,1,C03,7,1,1,10,2,14,  ,19,19,1,21,8,C03,24.164966,120.613719,2
2018,12,29,12,45,臺中市,西屯區,0,0,0,8,,,50,,,,,,,,,,,,,,,16,  ,  ,  ,  ,B03,  ,  ,1,  ,2,  ,  ,16,16,1,5,  ,B03,24.20133,120.656795,3
2018,12,29,12,50,臺中市,大雅區,0,1,0,8,1,5,50,5,1,1,5,4,5,1,4,4,10,5,5,1,17,6,2,9,1,1,C03,7,5,1,10,2,11,  ,6,6,1,21,8,C03,24.226896,120.651127,2
2018,12,29,12,58,臺中市,北屯區,0,1,0,8,1,5,50,4,1,1,5,4,5,7,4,4,10,5,5,2,15,6,2,1,1,1,B03,7,9,1,8,2,8,  ,6,6,1,21,8,B03,24.17389,120.680872,2
2018,12,29,13,7,臺中市,烏日區,0,1,0,8,1,5,50,3,1,1,5,4,5,7,1,1,10,5,5,2,16,9,3,10,1,1,B03,7,6,1,8,2,5,  ,9,9,1,21,8,B03,24.09225,120.648678,2
2018,12,29,13,9,臺中市,西區,0,0,0,8,,,0,,,,,,,,,,,,,,,,3,  ,  ,  ,B03,  ,  ,1,  ,2,  ,  ,12,  ,  ,21,  ,B03,24.14903,120.669426,3
2018,12,29,13,10,臺中市,南屯區,0,0,,8,,,40,,,,,,,,,,,,,,,,,,,,B03,,,1,,2,,,12,,1,  ,,B03,24.149688,120.63789,3
2018,12,29,13,10,臺中市,大里區,0,0,0,8,1,5,50,3,1,1,5,4,5,7,4,4,10,5,5,2,14,12,3,10,1,1,B12,7,2,1,8,2,6,  ,12,12,1,5,8,B12,24.098736,120.719895,3
2018,12,29,13,10,臺中市,清水區,0,0,0,8,,,70,,,,,,,,,,,,,,,23,  ,  ,  ,  ,B03,  ,  ,1,  ,2,  ,  ,23,23,1,22,  ,B03,24.282176,120.581577,3
2018,12,29,13,14,臺中市,太平區,0,0,0,8,1,5,50,14,7,1,5,4,5,7,4,4,5,4,4,2,16,19,  ,  ,  ,  ,B03,  ,  ,1,  ,2,  ,  ,44,19,1,21,  ,B03,24.137598,120.724406,3
2018,12,29,13,25,臺中市,南屯區,0,1,0,8,1,5,50,4,2,1,5,4,3,7,1,1,5,5,5,2,17,23,2,9,1,1,C03,7,9,1,10,2,11,12,23,23,1,18,8,C03,24.150001,120.651335,2
2018,12,29,13,27,臺中市,西區,0,0,,8,,,50,,,,,,,,,,,,,,,,,,,,B03,,,1,,2,,,42,,1,21,,B03,24.135072,120.661609,3
2018,12,29,13,30,臺中市,大甲區,0,0,,,,,,,,,,,,,,,,,,,,,,,,,B03,,,1,,2,,,12,,1,9,,B03,24.352239,120.626857,3
2018,12,29,13,31,臺中市,大里區,0,0,,8,,,50,,,,,,,,,,,,,,,,,,,,B03,,,1,,2,,,42,,1,21,,B03,24.100901,120.689749,3
2018,12,29,13,31,臺中市,清水區,0,0,,8,,,40,,,,,,,,,,,,,,,,,,,,B03,,,1,,2,,,23,,1,21,,B03,24.27447,120.581336,3
2018,12,29,13,38,臺中市,西屯區,0,0,,8,,,50,,,,,,,,,,,,,,,,,,,,B12,,,1,,2,,,12,,1,22,,B12,24.182766,120.593669,3
2018,12,29,13,44,臺中市,大里區,0,0,,8,,,50,,,,,,,,,,,,,,,,,,,,B03,,,1,,2,,,16,,1,21,,B03,24.10444,120.68215,3
2018,12,29,13,53,臺中市,梧棲區,0,2,0,8,1,5,70,4,2,1,5,4,5,7,1,1,1,4,4,1,16,26,3,10,1,1,B03,7,6,1,8,2,2,  ,26,26,1,18,6,B03,24.25,120.536458,2
2018,12,29,13,55,臺中市,霧峰區,0,1,0,8,1,5,50,14,8,1,5,4,5,7,4,4,10,4,4,1,17,23,2,9,1,1,C03,7,9,1,10,2,11,  ,23,23,1,21,5,C03,24.058046,120.697786,2
2018,12,29,14,0,臺中市,西區,0,0,,8,1,5,50,14,9,1,5,4,5,7,4,4,5,4,5,2,17,,,,,,B11,,,1,,2,,,42,,1,20,,B11,24.154956,120.659329,3
2018,12,29,14,0,臺中市,沙鹿區,0,0,0,8,,,40,,,,,,,,,,,,,,,6,  ,  ,  ,  ,B03,  ,  ,1,  ,2,  ,  ,6,6,  ,4,  ,B03,24.25351,120.569001,3
2018,12,29,14,1,臺中市,神岡區,0,0,0,8,,,50,,,,,,,,,,,,,,,17,  ,  ,  ,  ,B03,  ,  ,1,  ,2,  ,  ,17,17,1,22,  ,B03,24.238341,120.690441,3
2018,12,29,14,4,臺中市,東區,0,1,0,8,1,5,50,4,1,1,5,4,5,7,1,1,10,5,5,2,11,6,3,10,1,1,C03,7,9,1,10,2,14,  ,6,6,2,5,8,C03,24.145351,120.68938,2
2018,12,29,14,4,臺中市,西屯區,0,0,,,,,,,,,,,,,,,,,,,,,,,,,B03,,,1,,2,,,23,,1,5,,B03,24.163423,120.647966,3
2018,12,29,14,8,臺中市,東區,0,1,0,8,1,5,50,14,9,1,5,4,5,7,4,4,10,4,5,2,14,12,3,10,1,1,B12,7,2,1,8,2,3,  ,12,12,1,5,8,B12,24.137731,120.685646,2
2018,12,29,14,17,臺中市,西屯區,0,0,0,8,,,50,,,,,,,,,,,,,,,26,  ,  ,  ,  ,B12,  ,  ,1,  ,2,  ,  ,26,26,1,22,  ,B12,24.181875,120.624963,3
2018,12,29,14,17,臺中市,西屯區,0,0,,8,,,40,,,,,,,,,,,,,,,,,,,,B03,,,1,,9,,,12,,1,22,,B03,24.177691,120.639701,3
2018,12,29,14,19,臺中市,霧峰區,0,0,,8,,,70,,,,,,,,,,,,,,,,,,,,B03,,,1,,2,,,23,,1,2,,B03,24.057971,120.695628,3
2018,12,29,14,21,臺中市,北屯區,0,0,,8,,,50,,,,,,,,,,,,,,,,,,,,B03,,,1,,2,,,6,,1,5,,B03,24.176295,120.690386,3
2018,12,29,14,23,臺中市,大里區,0,0,,8,,,50,,,,,,,,,,,,,,,,,,,,B12,,,1,,2,,,23,,1,22,,B12,24.082356,120.697134,3
2018,12,29,14,25,臺中市,西屯區,0,1,0,8,1,5,40,4,2,1,5,4,5,7,1,1,5,4,4,2,16,19,2,9,1,1,C03,7,5,1,10,2,14,  ,42,19,1,22,8,C03,24.187055,120.62024,2
2018,12,29,14,27,臺中市,北屯區,0,0,0,8,1,5,50,4,1,1,5,4,5,7,1,1,1,3,5,2,12,26,3,10,1,1,B03,7,8,1,8,2,2,  ,26,26,1,21,8,B03,24.183656,120.686318,3
2018,12,29,14,31,臺中市,北區,0,0,,8,1,5,50,4,9,1,5,4,5,7,2,1,8,3,5,2,11,,,,,,B11,,,1,,2,,,23,,1,5,,B11,24.152968,120.681227,3
2018,12,29,14,32,臺中市,西屯區,0,1,0,8,1,5,40,14,8,1,5,4,5,7,4,4,1,4,4,2,18,42,2,9,1,1,C03,7,9,1,10,2,14,  ,42,42,1,5,8,C03,24.165546,120.639691,2
2018,12,29,14,34,臺中市,西屯區,0,1,0,8,1,5,50,3,1,1,5,4,5,7,1,1,1,4,4,2,16,6,3,10,1,1,B03,7,8,4,10,2,5,  ,6,6,1,21,8,B03,24.183475,120.614061,2
2018,12,29,14,38,臺中市,北區,0,2,0,8,1,5,50,4,1,1,5,4,5,7,4,4,10,5,5,2,16,23,3,10,1,1,B03,7,9,1,8,2,1,  ,6,23,1,22,8,B03,24.154722,120.684166,2
2018,12,29,14,39,臺中市,太平區,0,0,0,8,1,5,50,14,9,1,5,4,5,7,4,4,9,4,5,2,16,19,  ,  ,  ,  ,B12,  ,  ,1,  ,2,  ,  ,19,19,1,21,  ,B12,24.149631,120.712782,3
2018,12,29,14,49,臺中市,后里區,0,0,0,8,,,60,,,,,,,,,,,,,,,23,  ,  ,  ,  ,B03,  ,  ,1,  ,2,  ,  ,23,23,1,19,  ,B03,24.30027,120.723391,3
2018,12,29,14,50,臺中市,烏日區,0,0,,8,,,50,,,,,,,,,,,,,,,,,,,,B02,,,1,,2,,,19,,1,10,,B02,24.113514,120.618192,3
2018,12,29,14,55,臺中市,西區,0,0,0,8,,,0,,,,,,,,,,,,,,,,3,  ,  ,  ,B03,  ,  ,1,  ,2,  ,  ,23,  ,  ,21,  ,B03,24.149088,120.66937,3
2018,12,29,14,55,臺中市,后里區,0,1,0,8,1,5,40,14,9,1,5,4,5,7,4,4,10,5,5,2,17,19,3,10,1,1,B03,7,1,6,18,3,5,  ,19,19,1,21,8,B03,24.310136,120.719141,2
2018,12,29,14,57,臺中市,北屯區,0,0,0,8,,,50,,,,,,,,,,,,,,,23,3,  ,  ,  ,B03,  ,  ,1,  ,2,  ,  ,23,23,  ,21,  ,B03,24.180641,120.666746,3
2018,12,29,15,3,臺中市,南屯區,0,0,,8,,,50,,,,,,,,,,,,,,,,,,,,C03,,,4,,2,,,26,,1,5,,C03,24.147158,120.637823,3
2018,12,29,15,5,臺中市,大肚區,0,2,0,8,1,5,40,3,2,1,5,4,5,7,4,4,5,5,5,1,17,6,2,9,1,1,C03,7,5,3,18,2,14,  ,6,6,1,20,8,C03,24.14939,120.544231,2
2018,12,29,15,10,臺中市,霧峰區,0,0,,8,,,40,,,,,,,,,,,,,,,,,,,,B12,,,1,,2,,,23,,2,22,,B12,24.039541,120.700475,3
2018,12,29,15,10,臺中市,和平區,0,0,0,8,,,30,,,,,,,,,,,,,,,12,  ,  ,  ,  ,B03,  ,  ,1,  ,2,  ,  ,44,12,1,  ,  ,B03,24.203052,121.004983,3
2018,12,29,15,10,臺中市,大雅區,0,0,,8,,,40,,,,,,,,,,,,,,,,,,,,C03,,,1,,2,,,23,,1,22,,C03,24.2252,120.64894,3
2018,12,29,15,15,臺中市,西屯區,0,1,0,8,1,5,40,3,1,1,5,4,5,7,4,4,10,5,5,2,16,6,3,10,3,4,B03,7,5,1,8,2,5,  ,6,6,1,22,8,B03,24.181614,120.640041,2
2018,12,29,15,17,臺中市,北區,0,0,,8,1,5,50,14,7,1,5,4,5,7,2,1,4,1,4,2,12,,,,,,B11,,,1,,2,,,7,,1,4,,B11,24.163488,120.685082,3
2018,12,29,15,17,臺中市,大甲區,0,0,0,,,,,,,,,,,,,,,,,,,8,  ,  ,  ,  ,C03,  ,  ,1,  ,2,  ,  ,8,8,1,21,  ,C03,24.350894,120.624622,3
2018,12,29,15,20,臺中市,北屯區,0,1,0,8,1,5,50,14,9,1,5,4,5,7,4,4,1,4,5,2,13,16,2,9,1,1,C03,7,9,1,10,2,11,  ,16,16,1,21,8,C03,24.17236,120.684079,2
2018,12,29,15,20,臺中市,龍井區,0,0,,8,,,50,,,,,,,,,,,,,,,,,,,,C03,,,1,,2,,,23,,1,22,,C03,24.181361,120.58715,3
2018,12,29,15,20,臺中市,潭子區,0,1,0,8,1,5,60,3,1,1,5,4,5,7,1,1,10,5,5,2,15,19,2,9,1,1,C03,7,1,3,18,2,14,  ,19,19,1,21,8,C03,24.230068,120.708568,2
2018,12,29,15,25,臺中市,大肚區,0,1,0,8,1,5,70,14,8,1,5,4,5,7,4,4,1,4,4,1,16,6,3,10,1,1,A12,7,6,1,3,2,6,  ,6,6,1,10,8,A12,24.128403,120.556366,2
2018,12,29,15,30,臺中市,大里區,0,2,0,8,1,5,50,14,8,1,5,4,5,7,3,1,1,4,5,1,13,16,2,8,1,1,C03,7,9,1,10,2,11,  ,16,16,1,4,8,C03,24.107274,120.68035,2
2018,12,29,15,34,臺中市,南屯區,0,0,,,,,,,,,,,,,,,,,,,,,,,,,B03,,,1,,2,,,5,,2,  ,,B03,24.13615,120.63876,3
2018,12,29,15,44,臺中市,烏日區,0,1,0,8,1,5,70,3,2,1,5,4,5,7,4,4,1,3,3,1,17,23,2,9,1,1,C03,7,9,1,10,2,11,  ,23,23,1,22,8,C03,24.113229,120.587377,2
2018,12,29,15,45,臺中市,北屯區,0,0,,8,,,50,,,,,,,,,,,,,,,,,,,,B03,,,1,,2,,,23,,1,  ,,B03,24.186118,120.687149,3
2018,12,29,15,45,臺中市,大肚區,0,2,0,8,1,5,50,5,1,1,5,4,5,7,1,1,10,5,5,2,17,25,2,9,1,1,C03,7,9,3,18,2,12,  ,25,25,1,19,8,C03,24.150581,120.543208,2
2018,12,29,15,46,臺中市,大肚區,0,0,,8,,,50,,,,,,,,,,,,,,,,,,,,B03,,,1,,2,,,6,,1,22,,B03,24.160537,120.572407,3
2018,12,29,15,50,臺中市,西區,0,1,0,8,1,5,50,4,2,1,5,4,5,7,1,1,1,4,4,1,3,42,3,10,1,1,B03,7,5,1,8,2,1,  ,42,42,1,21,8,B03,24.137911,120.66574,2
2018,12,29,15,53,臺中市,梧棲區,0,2,0,8,1,5,60,10,9,1,5,4,5,7,4,4,1,4,5,2,13,23,2,8,1,1,C02,7,9,1,9,2,11,  ,23,23,1,21,6,C02,24.242074,120.557933,2
2018,12,29,15,59,臺中市,北屯區,0,0,0,8,1,5,50,14,9,1,5,4,5,7,1,1,4,3,5,2,12,23,3,10,1,1,C03,7,9,1,10,2,11,  ,23,23,1,21,8,C03,24.170505,120.698533,3