年,月,日,時,分,縣市,區,死,受傷,2-30,天候,光線,道路類別,速限,道路型態,事故位置,路面鋪裝,路面狀態,路面缺陷,障礙物,視距,號誌種類,號誌動作,分向設施,快車道或一般車道間,快慢車道間,路面邊線,事故類型及型態,主要肇因,受傷程度,主要傷處,保護裝備,行動電話,當事者區分_類別,車輛用途,當事者行動狀態,駕駛資格情形,駕駛執照種類,飲酒情形,車輛撞擊部位最初,車輛撞擊部位其他,肇事因素個別,肇事因素主要,肇事逃逸,職業,旅次目的,車種,GPS座標X,GPS座標Y,事故類別
2018,12,29,16,2,臺中市,東勢區,0,0,0,8,,,60,,,,,,,,,,,,,,,23,  ,  ,  ,  ,B03,  ,  ,1,  ,2,  ,  ,23,23,1,21,  ,B03,24.228662,120.837155,3
2018,12,29,16,5,臺中市,大里區,0,2,0,8,1,5,50,15,7,1,5,4,5,7,4,4,5,5,4,2,16,10,3,10,1,1,B03,7,11,1,8,2,8,  ,10,10,1,12,5,B03,24.11526,120.687308,2
2018,12,29,16,10,臺中市,梧棲區,0,1,0,8,1,5,50,3,2,1,5,4,5,7,4,4,1,4,4,2,17,23,2,9,1,1,C03,7,6,1,10,2,12,  ,23,23,1,18,8,C03,24.258224,120.538342,2
2018,12,29,16,15,臺中市,南屯區,0,0,,8,,,50,,,,,,,,,,,,,,,,,,,,B03,,,8,,10,,,38,,1,4,,B03,24.144904,120.653061,3
2018,12,29,16,20,臺中市,西屯區,0,0,0,8,,,40,,,,,,,,,,,,,,,23,  ,  ,  ,  ,B03,  ,  ,1,  ,2,  ,  ,23,23,1,  ,  ,B03,24.185003,120.637115,3
2018,12,29,16,25,臺中市,西區,0,0,,8,,,50,,,,,,,,,,,,,,,,,,,,B03,,,1,,2,,,16,,  ,21,,B03,24.149978,120.672936,4
2018,12,29,16,29,臺中市,潭子區,0,2,0,8,1,5,50,14,8,1,5,4,5,7,1,1,8,3,4,1,15,11,2,9,1,1,C03,7,11,6,10,2,11,  ,11,11,1,22,1,C03,24.218451,120.72371,2
2018,12,29,16,30,臺中市,太平區,0,0,,8,,,50,,,,,,,,,,,,,,,,,,,,B12,,,1,,2,,,12,,1,21,,B12,24.157427,120.706173,3
2018,12,29,16,40,臺中市,北屯區,0,1,0,8,1,5,50,4,1,1,5,4,5,7,3,1,10,5,5,2,15,6,3,10,3,4,B01,7,9,1,4,2,8,  ,6,6,1,10,8,B01,24.165892,120.689904,2
2018,12,29,16,40,臺中市,大雅區,0,1,0,8,1,5,40,3,1,1,5,4,5,7,4,4,10,5,5,2,16,6,2,9,1,1,C03,7,9,1,10,2,11,  ,6,6,1,21,8,C03,24.225022,120.654586,2
2018,12,29,16,49,臺中市,大雅區,0,0,,8,,,50,,,,,,,,,,,,,,,,,,,,B03,,,1,,2,,,23,,1,22,,B03,24.2257,120.64558,3
2018,12,29,16,50,臺中市,沙鹿區,0,2,0,8,2,5,40,14,8,1,5,4,5,7,4,4,1,4,1,1,23,13,2,9,1,1,C03,7,9,1,10,2,14,  ,13,13,1,5,5,C03,24.213598,120.580817,2
2018,12,29,17,3,臺中市,大雅區,0,2,0,8,1,5,40,4,1,1,5,4,5,7,3,1,5,5,5,1,15,6,2,8,1,1,C03,7,9,3,18,2,11,  ,6,6,1,22,8,C03,24.230991,120.642539,2
2018,12,29,17,8,臺中市,西區,0,1,0,8,2,5,40,14,7,1,5,4,5,7,4,4,1,4,4,2,18,42,2,9,1,1,C03,7,9,1,10,2,14,  ,42,42,1,5,8,C03,24.140015,120.661219,2
2018,12,29,17,9,臺中市,西屯區,0,1,0,8,1,5,50,3,1,1,5,4,5,7,3,1,5,5,5,2,16,6,3,10,1,1,B02,7,5,1,8,2,2,  ,6,6,1,22,8,B02,24.169969,120.63343,2
2018,12,29,17,17,臺中市,北區,0,0,,8,,,50,,,,,,,,,,,,,,,,,,,,B02,,,1,,2,,,19,,1,  ,,B02,24.15247,120.688662,3
2018,12,29,17,19,臺中市,北屯區,0,1,0,8,2,5,40,14,8,1,5,4,5,7,4,4,9,5,4,2,16,10,2,9,1,1,C03,7,11,1,10,2,11,14,10,10,1,5,8,C03,24.16539,120.72206,2
2018,12,29,17,25,臺中市,大雅區,0,3,0,8,3,5,50,14,8,1,5,4,5,7,1,1,9,4,5,1,3,23,2,9,1,1,C03,7,9,1,10,2,11,  ,23,23,1,22,9,C03,24.21653,120.66775,2
2018,12,29,17,28,臺中市,西區,0,0,,8,,,50,,,,,,,,,,,,,,,,,,,,B03,,,1,,1,,,42,,1,5,,B03,24.143728,120.669593,3
2018,12,29,17,29,臺中市,北區,,,,8,,,50,,,,,,,,,,,,,,,,,,,,C03,,,1,,2,,,6,,1,22,,C03,24.159057,120.682368,3
2018,12,29,17,31,臺中市,清水區,0,1,0,7,3,5,50,14,9,1,5,4,5,7,4,4,9,4,5,1,13,10,2,9,1,1,C03,7,9,1,10,2,11,  ,23,10,1,21,8,C03,24.285821,120.574158,2
2018,12,29,17,34,臺中市,東勢區,0,0,0,8,,,50,,,,,,,,,,,,,,,8,3,10,1,1,C03,7,5,1,10,2,14,  ,8,8,1,22,8,C03,24.258387,120.824061,3
2018,12,29,17,35,臺中市,后里區,0,1,0,8,2,5,50,3,2,1,5,4,5,7,3,1,4,5,4,1,17,16,2,8,1,1,C03,7,9,1,10,2,11,  ,16,16,1,21,8,C03,24.310336,120.713261,2
2018,12,29,17,36,臺中市,大里區,0,3,0,8,3,5,60,4,1,1,5,4,5,7,1,1,1,4,4,2,17,8,2,9,1,1,C03,7,5,2,18,2,13,  ,8,8,1,22,8,C03,24.106291,120.665815,2
2018,12,29,17,38,臺中市,太平區,0,0,0,8,3,5,50,4,9,1,5,4,5,7,2,1,5,4,5,2,13,23,  ,  ,  ,  ,B12,  ,  ,1,  ,2,  ,  ,23,23,1,21,  ,B12,24.148882,120.715969,3
2018,12,29,17,40,臺中市,北屯區,0,1,0,8,3,5,50,4,1,1,5,4,5,7,2,1,10,5,5,2,13,23,2,8,3,4,C03,7,9,1,10,2,11,  ,23,23,1,21,8,C03,24.173921,120.67162,2
2018,12,29,17,40,臺中市,沙鹿區,0,0,,8,,,50,,,,,,,,,,,,,,,,,,,,B03,,,1,,2,,,42,,1,4,,B03,24.250705,120.565426,3
2018,12,29,17,44,臺中市,北屯區,0,1,0,8,2,5,50,14,9,1,5,4,5,7,4,4,5,4,5,2,12,1,3,10,1,1,B12,7,4,1,8,2,2,  ,1,1,1,5,8,B12,24.176981,120.733461,2
2018,12,29,17,44,臺中市,西屯區,0,1,0,8,3,5,50,3,1,1,5,4,5,7,4,4,10,5,5,2,16,42,3,10,3,4,B03,7,5,1,8,2,1,  ,42,42,1,22,8,B03,24.20086,120.644126,2
2018,12,29,17,46,臺中市,北屯區,0,0,0,8,,,50,,,,,,,,,,,,,,,12,3,  ,  ,  ,B12,  ,  ,1,1,9,  ,  ,12,12,2,21,  ,B12,24.163403,120.696501,3
2018,12,29,17,47,臺中市,霧峰區,0,0,,8,,,50,,,,,,,,,,,,,,,,,,,,B03,,,1,,2,,,16,,1,21,,B03,24.068613,120.66205,3
2018,12,29,17,50,臺中市,北屯區,0,0,0,8,3,5,50,14,9,1,5,4,5,7,4,4,5,3,5,2,12,7,3,10,1,1,B03,7,8,1,8,2,5,  ,7,7,1,21,8,B03,24.199468,120.754118,3
2018,12,29,17,59,臺中市,西區,0,1,0,8,3,5,50,4,1,1,5,4,5,7,1,1,10,5,5,2,16,6,3,10,1,1,B03,7,5,1,8,2,6,  ,6,6,1,5,8,B03,24.147727,120.653007,2
2018,12,29,17,59,臺中市,大里區,0,0,,8,,,50,,,,,,,,,,,,,,,,,,,,B03,,,1,,2,,,23,,1,4,,B03,24.096115,120.685619,3
2018,12,29,18,0,臺中市,霧峰區,0,0,,8,,,70,,,,,,,,,,,,,,,,,,,,B12,,,1,,2,,,12,,1,22,,B12,24.045842,120.6923,3
2018,12,29,18,0,臺中市,大里區,0,2,0,8,3,5,50,3,2,1,5,4,5,7,4,4,5,5,5,2,3,23,2,9,1,1,C03,7,9,1,10,2,11,  ,23,23,1,21,1,C03,24.09362,120.729273,2
2018,12,29,18,0,臺中市,后里區,0,0,,8,,,50,,,,,,,,,,,,,,,,,,,,B03,,,1,,2,,,23,,1,22,,B03,24.315825,120.680911,4
2018,12,29,18,3,臺中市,梧棲區,0,0,,8,,,40,,,,,,,,,,,,,,,,,,,,B03,,,1,,2,,,23,,1,9,,B03,24.252879,120.540181,3
2018,12,29,18,5,臺中市,霧峰區,0,3,0,8,3,5,50,14,7,1,5,4,5,7,4,4,5,5,5,1,12,7,2,9,1,1,C03,7,7,4,11,2,14,  ,7,7,1,20,7,C03,24.069535,120.699326,2
2018,12,29,18,11,臺中市,東區,0,1,0,8,3,5,50,4,1,1,5,4,5,7,1,1,10,5,5,2,16,9,3,10,1,1,B03,7,6,1,8,2,5,  ,9,9,1,5,8,B03,24.135073,120.69963,2
2018,12,29,18,13,臺中市,東區,0,0,,8,3,5,50,14,9,1,5,4,5,7,4,4,5,4,5,2,13,,,,,,B03,,,1,,2,,,23,,1,  ,,B03,24.135348,120.682533,3
2018,12,29,18,14,臺中市,太平區,0,1,0,8,3,5,50,4,1,1,5,4,5,7,1,1,10,5,5,2,15,25,3,10,1,1,B12,7,9,1,8,2,1,  ,25,25,1,21,8,B12,24.151383,120.716811,2
2018,12,29,18,16,臺中市,沙鹿區,0,0,,8,,,60,,,,,,,,,,,,,,,,,,,,B03,,,1,,2,,,16,,  ,4,,B03,24.25012,120.579907,3
2018,12,29,18,24,臺中市,西區,0,0,,,,,,,,,,,,,,,,,,,,,,,,,B03,,,1,,2,,,42,,1,5,,B03,24.154754,120.659767,3
2018,12,29,18,25,臺中市,北屯區,0,0,,8,,,50,,,,,,,,,,,,,,,19,,,,,B03,,,1,,2,,,19,19,1,19,,B03,24.180121,120.688406,3
2018,12,29,18,25,臺中市,西屯區,0,0,0,8,,,50,,,,,,,,,,,,,,,43,  ,  ,  ,  ,A12,  ,  ,1,  ,9,  ,  ,43,43,1,  ,  ,A12,24.173225,120.621574,3
2018,12,29,18,31,臺中市,北屯區,0,1,0,8,3,5,50,4,1,1,5,4,5,7,1,1,10,5,5,2,16,6,3,10,1,1,B03,7,7,1,8,2,2,  ,6,6,1,5,8,B03,24.164914,120.692125,2
2018,12,29,18,33,臺中市,南屯區,0,1,0,8,3,5,50,4,1,1,5,4,5,7,1,1,10,5,5,2,16,6,3,10,1,1,B03,7,5,1,8,2,2,  ,6,6,1,22,8,B03,24.140031,120.620957,2
2018,12,29,18,51,臺中市,龍井區,0,1,0,8,3,5,70,14,7,1,5,4,5,7,4,4,1,4,1,2,13,23,2,8,1,1,B03,7,9,1,8,2,1,  ,23,23,1,22,8,B03,24.185568,120.587154,2
2018,12,29,18,52,臺中市,西屯區,0,0,,8,,,50,,,,,,,,,,,,,,,,,,,,B03,,,1,,2,,,23,,1,  ,,B03,24.17839,120.643181,3
2018,12,29,18,57,臺中市,西區,0,0,,8,,,50,,,,,,,,,,,,,,,,,,,,B03,,,1,,2,,,23,,1,21,,B03,24.146636,120.654232,4
2018,12,29,19,12,臺中市,西屯區,0,1,0,8,3,5,50,4,1,1,5,4,5,7,1,1,10,5,5,2,16,6,3,10,1,1,B03,7,5,1,8,2,5,  ,6,6,1,4,8,B03,24.173408,120.640894,2
2018,12,29,19,20,臺中市,大里區,0,1,0,8,1,5,40,4,1,1,5,4,5,7,4,4,10,5,5,2,15,6,2,8,1,1,C03,7,9,1,10,2,11,  ,6,6,1,4,8,C03,24.082649,120.699494,2
2018,12,29,19,20,臺中市,大雅區,0,0,,8,,,50,,,,,,,,,,,,,,,,,,,,B03,,,1,,2,,,25,,1,22,,B03,24.22132,120.64828,3
2018,12,29,19,28,臺中市,清水區,0,0,,8,,,50,,,,,,,,,,,,,,,,,,,,B03,,,1,,2,,,25,,1,18,,B03,24.262332,120.572717,3
2018,12,29,19,30,臺中市,外埔區,0,0,,8,,,50,,,,,,,,,,,,,,,,,,,,B03,,,1,,2,,,42,,1,19,,B03,24.340053,120.640475,3
2018,12,29,19,31,臺中市,太平區,0,2,0,8,3,5,50,14,7,1,5,4,5,7,4,4,5,5,4,1,3,51,2,9,4,5,H01,8,16,8,20,10,16,  ,51,51,1,4,8,H01,24.150253,120.729591,2
2018,12,29,19,34,臺中市,梧棲區,0,1,0,8,3,5,40,4,1,1,5,4,5,7,3,1,10,5,5,2,16,16,3,10,1,1,C03,7,9,1,10,2,14,  ,16,16,1,5,5,C03,24.256137,120.526879,2
2018,12,29,19,36,臺中市,南區,0,2,0,8,3,5,50,14,9,1,5,4,5,7,4,4,9,5,5,2,17,43,2,9,1,1,F03,7,9,8,20,2,16,  ,43,43,1,22,9,F03,24.131456,120.680258,2
2018,12,29,19,42,臺中市,西屯區,0,2,0,8,3,5,40,3,1,1,5,4,5,7,4,4,10,5,5,2,16,6,3,10,3,4,B03,7,6,1,8,2,5,  ,6,6,1,22,8,B03,24.179465,120.623131,2
2018,12,29,19,50,臺中市,北區,0,0,,8,3,5,50,4,2,1,5,4,5,7,4,4,8,3,5,2,14,,,,,,A12,,,1,,2,,,12,,1,4,,A12,24.157987,120.700651,3
2018,12,29,19,50,臺中市,大肚區,0,0,,8,,,40,,,,,,,,,,,,,,,,,,,,B03,,,3,,2,,,23,,1,  ,,B03,24.131167,120.556096,3
2018,12,29,20,8,臺中市,梧棲區,0,0,,8,,,50,,,,,,,,,,,,,,,,,,,,B02,,,1,,2,,,42,,1,3,,B02,24.253822,120.530071,3
2018,12,29,20,14,臺中市,太平區,0,0,,8,,,50,,,,,,,,,,,,,,,,,,,,B03,,,1,,2,,,12,,1,21,,B03,24.124946,120.71269,3
2018,12,29,20,32,臺中市,北區,0,0,,8,,,50,,,,,,,,,,,,,,,,,,,,B03,,,1,,2,,,23,,1,5,,B03,24.150762,120.68436,3
2018,12,29,20,40,臺中市,大雅區,0,0,,8,,,40,,,,,,,,,,,,,,,,,,,,F02,,,8,,8,,,5,,1,21,,F02,24.22591,120.677606,3
2018,12,29,20,41,臺中市,西屯區,0,0,0,8,,,50,,,,,,,,,,,,,,,23,  ,  ,  ,  ,B03,  ,  ,1,  ,2,  ,  ,23,23,1,  ,  ,B03,24.178818,120.644578,3
2018,12,29,20,45,臺中市,北屯區,0,1,0,8,3,5,50,3,1,1,5,4,5,7,4,4,10,5,5,2,16,6,3,10,3,4,B03,7,5,1,8,2,1,  ,6,6,1,19,8,B03,24.174646,120.715555,2
2018,12,29,20,47,臺中市,大雅區,0,0,,8,,,50,,,,,,,,,,,,,,,,,,,,B03,,,1,,2,,,6,,1,22,,B03,24.20901,120.66034,3
2018,12,29,20,48,臺中市,北區,0,0,,8,,,50,,,,,,,,,,,,,,,,,,,,C03,,,1,,2,,,43,,1,22,,C03,24.166576,120.673463,3
2018,12,29,20,59,臺中市,東區,0,0,0,8,3,5,40,14,8,1,5,4,5,7,4,4,5,5,4,2,17,23,3,10,1,1,B03,7,15,1,8,2,2,  ,23,23,1,21,8,B03,24.132082,120.687896,3
2018,12,29,21,1,臺中市,北屯區,0,3,0,8,3,5,60,14,7,1,5,4,5,7,4,4,1,4,4,2,13,16,3,10,1,1,B03,7,9,1,8,2,1,  ,16,16,1,5,8,B03,24.164614,120.708516,2
2018,12,29,21,3,臺中市,大里區,0,2,0,8,3,5,50,3,1,1,5,4,5,7,4,4,10,5,5,2,13,23,3,10,1,1,B03,7,9,1,8,2,8,  ,23,23,1,20,5,B03,24.10594,120.696321,2
2018,12,29,21,19,臺中市,潭子區,0,1,0,8,3,5,40,3,1,1,5,4,5,7,1,1,10,5,5,2,13,16,2,9,1,1,C03,7,9,1,10,2,11,  ,16,16,1,22,8,C03,24.205865,120.679525,2
2018,12,29,21,24,臺中市,西屯區,0,0,,8,,,50,,,,,,,,,,,,,,,,,,,,B03,,,1,,2,,,23,,1,  ,,B03,24.169596,120.648036,3
2018,12,29,21,29,臺中市,北區,0,0,,8,3,5,50,4,1,1,5,4,5,7,3,1,8,3,5,2,15,,,,,,C03,,,1,,2,,,6,,1,22,,C03,24.164023,120.669208,3
2018,12,29,21,31,臺中市,北區,0,2,0,8,1,5,50,3,1,1,5,4,5,7,1,1,10,5,5,2,18,23,2,9,1,1,C03,7,9,1,10,2,14,  ,23,23,1,5,8,C03,24.163228,120.68097,2
2018,12,29,21,46,臺中市,東區,0,1,0,7,3,5,40,4,1,1,5,4,5,7,1,1,10,5,5,2,16,8,2,9,1,1,C03,7,5,1,10,2,13,  ,8,8,1,22,8,C03,24.142546,120.689298,2
2018,12,29,21,50,臺中市,北屯區,0,0,,8,,,50,,,,,,,,,,,,,,,,,,,,B12,,,1,,2,,,12,,1,5,,B12,24.16116,120.699161,3
2018,12,29,21,50,臺中市,沙鹿區,0,1,0,8,3,5,50,4,1,1,5,4,5,7,1,1,10,5,5,2,23,23,2,7,1,1,B03,7,9,1,8,2,5,  ,23,23,1,5,5,B03,24.216423,120.570844,2
2018,12,29,21,53,臺中市,西屯區,0,0,,8,,,50,,,,,,,,,,,,,,,,,,,,B03,,,1,,2,,,16,,1,22,,B03,24.172356,120.645271,3
2018,12,29,21,54,臺中市,北屯區,0,1,0,8,3,5,50,14,7,1,5,4,5,7,4,4,9,5,4,2,16,10,3,10,3,4,B03,7,11,1,8,2,4,  ,10,10,1,21,8,B03,24.185678,120.663064,2
2018,12,29,21,57,臺中市,烏日區,0,2,0,8,3,5,50,14,9,1,5,4,5,7,4,4,10,5,5,1,18,43,2,9,1,1,C03,7,9,1,10,2,14,  ,43,43,1,21,8,C03,24.119437,120.617022,2
2018,12,29,22,2,臺中市,西屯區,0,1,0,8,3,5,50,4,1,1,5,4,5,7,1,1,4,3,4,2,18,42,2,9,1,1,C03,7,9,1,10,2,12,  ,42,42,1,21,8,C03,24.174626,120.648723,2
2018,12,29,22,14,臺中市,中區,0,3,0,8,3,5,50,14,9,1,5,4,5,7,4,4,10,5,5,2,12,7,2,7,1,1,C03,7,7,1,10,2,14,  ,7,7,1,2,9,C03,24.142631,120.67417,2
2018,12,29,22,15,臺中市,太平區,0,1,0,8,3,5,50,4,1,1,5,4,5,7,1,1,10,5,5,2,18,21,2,9,1,1,C03,7,6,1,10,7,12,  ,21,21,1,4,8,C03,24.153766,120.718377,2
2018,12,29,22,15,臺中市,龍井區,0,0,,8,,,60,,,,,,,,,,,,,,,,,,,,B03,,,1,,2,,,7,,1,21,,B03,24.186283,120.577443,3
2018,12,29,22,20,臺中市,龍井區,0,2,0,7,3,5,50,4,1,1,5,4,5,7,1,1,10,5,5,2,15,25,2,9,1,1,C03,7,9,1,10,2,11,  ,25,25,1,21,8,C03,24.184716,120.58484,2
2018,12,29,22,21,臺中市,大里區,0,1,0,8,3,5,50,4,1,1,5,4,5,7,4,4,10,5,5,1,17,23,2,9,1,1,C03,7,9,1,10,2,15,  ,23,23,1,3,8,C03,24.092084,120.703556,2
2018,12,29,22,30,臺中市,西屯區,0,0,,8,,,40,,,,,,,,,,,,,,,,,,,,B03,,,1,,2,,,12,,1,22,,B03,24.168061,120.637865,3
2018,12,29,22,30,臺中市,梧棲區,0,0,,8,,,50,,,,,,,,,,,,,,,,,,,,B03,,,1,,2,,,12,,1,2,,B03,24.248684,120.538554,3
2018,12,29,22,39,臺中市,西區,0,1,0,8,3,5,50,4,1,1,5,4,5,7,2,1,10,5,5,2,16,6,3,10,1,1,B03,7,5,1,8,2,2,  ,6,6,1,21,8,B03,24.146771,120.649892,2
2018,12,29,22,43,臺中市,沙鹿區,0,2,0,8,3,5,40,14,8,1,5,4,5,7,4,4,1,4,4,1,3,23,2,9,1,1,C03,7,9,1,10,2,11,  ,23,23,1,22,8,C03,24.244683,120.613221,2
2018,12,29,23,5,臺中市,中區,0,1,0,8,3,5,50,4,1,1,5,4,5,7,1,1,10,5,5,2,16,6,3,10,1,1,B01,7,5,1,4,2,8,  ,6,6,1,21,8,B01,24.143828,120.680977,2
2018,12,29,23,20,臺中市,西屯區,0,0,0,8,,,50,,,,,,,,,,,,,,,3,  ,  ,  ,  ,B03,  ,  ,1,  ,2,  ,  ,3,3,1,  ,  ,B03,24.1758,120.644056,3
2018,12,29,23,25,臺中市,北屯區,0,1,0,8,3,5,40,4,1,1,5,4,5,7,3,1,10,5,5,2,15,6,3,10,1,1,B03,7,9,1,8,2,8,  ,6,6,1,5,8,B03,24.170178,120.71861,2
2018,12,29,23,28,臺中市,北區,0,2,0,8,3,5,40,4,1,1,5,4,5,7,4,4,10,5,5,2,15,6,2,9,3,4,C03,7,9,1,10,2,15,  ,6,6,1,5,8,C03,24.15396,120.697413,2
2018,12,29,23,39,臺中市,北區,0,2,0,8,3,5,50,4,1,1,5,4,5,7,3,1,10,5,5,2,15,6,2,9,1,4,C03,7,9,1,10,2,12,  ,6,6,1,18,8,C03,24.161617,120.680944,2
2018,12,29,23,45,臺中市,太平區,0,0,,8,,,50,,,,,,,,,,,,,,,,,,,,   ,,,7,,11,,,43,,1,  ,,   ,24.15426,120.704128,3
2018,12,30,0,5,臺中市,太平區,0,1,0,8,3,5,50,14,9,1,5,4,5,7,4,4,5,5,5,2,18,21,2,9,1,1,F02,7,9,8,20,8,16,  ,21,21,1,12,8,F02,24.122616,120.720775,2
2018,12,30,0,9,臺中市,南區,0,2,0,8,3,5,50,14,9,1,5,4,5,7,4,4,5,4,5,2,17,26,2,9,1,1,C03,7,15,1,10,2,14,  ,26,26,1,21,8,C03,24.130483,120.661901,2
2018,12,30,0,27,臺中市,西屯區,0,1,0,8,3,5,50,3,2,1,5,4,5,7,4,4,10,5,5,2,16,9,3,10,1,1,B03,7,6,1,8,2,2,  ,9,9,1,21,8,B03,24.171956,120.63478,2
2018,12,30,0,44,臺中市,北區,0,1,0,8,3,5,50,4,1,1,5,4,5,7,4,4,5,5,5,2,16,6,3,10,1,1,B03,7,9,1,10,2,2,  ,6,6,1,21,8,B03,24.172384,120.675109,2
2018,12,30,0,48,臺中市,北區,0,0,,8,3,5,40,,,,,,,,,,,,,,,,,,,,   ,,,7,,11,,,43,,  ,  ,,   ,24.147368,120.686152,3
2018,12,30,1,1,臺中市,外埔區,0,1,0,8,3,5,70,5,1,1,5,4,5,7,1,1,1,2,5,1,23,22,2,1,1,1,B03,7,9,1,8,2,5,  ,22,22,1,21,8,B03,24.320118,120.667556,2
2018,12,30,1,15,臺中市,大肚區,0,2,0,7,3,5,50,11,9,1,5,4,5,1,4,4,5,5,5,1,11,17,2,9,1,1,C03,7,6,1,10,2,11,  ,17,17,1,17,8,C03,24.152008,120.573958,2
2018,12,30,2,19,臺中市,北區,0,1,0,8,3,5,50,14,7,1,5,4,5,7,1,1,1,2,5,2,17,40,3,10,3,4,B03,7,14,1,8,2,2,  ,40,40,1,5,8,B03,24.173412,120.676092,2
2018,12,30,2,25,臺中市,北屯區,0,2,0,8,3,5,50,4,1,1,5,4,5,7,1,1,10,5,5,2,15,25,2,7,3,4,B12,7,9,1,8,2,8,  ,25,25,1,21,8,B12,24.176891,120.7193,2
2018,12,30,2,40,臺中市,西屯區,0,0,0,8,3,5,50,,,,,,,,,,,,,,,42,  ,  ,  ,  ,B03,  ,  ,1,  ,2,2,  ,42,42,1,21,  ,B03,24.176025,120.635351,3
2018,12,30,2,43,臺中市,神岡區,0,1,0,8,3,5,40,14,9,1,5,4,5,7,4,4,10,5,5,1,18,21,2,9,1,1,C03,7,9,1,10,8,11,12,21,21,1,9,8,C03,24.276406,120.683145,2
2018,12,30,3,50,臺中市,南屯區,0,2,0,8,3,5,40,4,20,1,5,4,5,7,2,1,10,5,5,2,18,13,2,9,3,4,C03,7,9,1,10,2,11,  ,13,13,1,22,9,C03,24.149504,120.623117,2
2018,12,30,5,8,臺中市,北屯區,0,0,,8,,,40,,,,,,,,,,,,,,,,,,,,B12,,,1,,2,,,25,,1,5,,B12,24.201271,120.687141,3
2018,12,30,5,28,臺中市,西屯區,0,1,0,8,3,5,50,3,1,1,5,4,5,7,3,1,10,5,5,2,16,6,3,10,1,1,B03,7,5,1,8,2,5,  ,6,6,1,22,5,B03,24.170409,120.647311,2
2018,12,30,6,6,臺中市,南區,0,1,0,8,1,5,40,3,2,1,5,4,5,7,4,4,9,5,4,2,14,12,3,10,1,1,B12,7,2,1,8,2,6,  ,12,12,1,5,8,B12,24.126291,120.66106,2
2018,12,30,6,15,臺中市,南屯區,0,2,0,8,1,5,50,14,9,1,5,4,5,7,4,4,1,4,5,2,10,4,2,9,3,4,C03,7,9,1,10,2,11,  ,4,4,1,5,4,C03,24.139978,120.649089,2
2018,12,30,6,50,臺中市,神岡區,0,0,,8,,,50,,,,,,,,,,,,,,,,,,,,C03,,,1,,2,,,8,,1,21,,C03,24.276325,120.683056,4
2018,12,30,7,20,臺中市,潭子區,0,1,0,8,1,5,50,4,1,1,5,4,5,7,4,4,10,5,5,2,16,6,2,9,1,1,C03,7,9,1,10,2,12,  ,6,6,1,22,9,C03,24.228885,120.710198,2
2018,12,30,7,30,臺中市,大肚區,0,1,0,8,1,5,40,3,1,1,5,4,5,7,2,1,10,5,5,2,13,16,2,9,1,4,C03,7,9,1,10,2,11,  ,16,16,1,5,1,C03,24.172525,120.582792,2
2018,12,30,7,40,臺中市,霧峰區,0,1,0,8,1,5,40,14,8,1,5,4,5,7,4,4,1,4,4,1,26,42,2,9,1,1,B03,7,9,1,8,2,1,  ,42,42,1,21,5,B03,24.073935,120.663154,2
2018,12,30,8,10,臺中市,清水區,0,1,0,8,1,5,40,14,9,1,5,4,5,7,4,4,10,5,5,2,14,12,3,10,1,1,B12,7,2,1,8,2,3,  ,12,12,1,21,8,B12,24.281825,120.552739,2
2018,12,30,8,15,臺中市,太平區,0,1,0,8,1,5,50,3,1,1,5,4,5,7,4,4,10,5,5,2,16,6,2,8,1,1,C03,7,5,1,10,2,11,  ,6,6,1,9,7,C03,24.126316,120.723261,2
2018,12,30,8,19,臺中市,神岡區,0,1,0,8,1,5,50,4,2,1,5,4,5,7,1,1,10,4,5,1,18,42,2,9,1,1,C03,7,9,1,10,2,12,  ,42,42,1,23,8,C03,24.246851,120.686511,2
2018,12,30,8,32,臺中市,新社區,0,1,0,8,1,5,50,3,1,1,5,4,5,7,4,4,5,5,5,1,16,6,3,10,1,1,B03,7,6,1,8,2,8,  ,6,6,1,22,8,B03,24.202987,120.79748,2
2018,12,30,8,44,臺中市,大里區,0,0,,8,,,40,,,,,,,,,,,,,,,,,,,,B01,,,1,,11,,,23,,1,22,,B01,24.107876,120.699617,3
2018,12,30,8,55,臺中市,龍井區,0,0,,8,,,50,,,,,,,,,,,,,,,,,,,,B12,,,1,,2,,,18,,1,5,,B12,24.194605,120.546313,3
2018,12,30,8,59,臺中市,西區,0,0,,8,,,50,,,,,,,,,,,,,,,,,,,,B03,,,1,,2,,,23,,1,5,,B03,24.13466,120.676597,4
2018,12,30,9,11,臺中市,大甲區,0,1,0,8,1,5,60,14,7,1,5,4,5,7,4,4,1,4,4,1,13,16,3,10,3,4,A31,7,9,1,1,2,1,  ,16,16,1,10,8,A31,24.359628,120.629924,2
2018,12,30,9,12,臺中市,南區,0,1,0,8,1,5,50,5,1,1,5,4,5,7,1,1,10,5,5,2,3,43,3,10,1,1,C03,7,9,1,10,2,11,  ,43,43,1,21,8,C03,24.132977,120.679405,2
2018,12,30,9,21,臺中市,大里區,0,0,,8,,,50,,,,,,,,,,,,,,,,,,,,C03,,,1,,2,,,17,,1,22,,C03,24.09272,120.69032,4