年,月,日,時,分,縣市,區,死,受傷,2-30,天候,光線,道路類別,速限,道路型態,事故位置,路面鋪裝,路面狀態,路面缺陷,障礙物,視距,號誌種類,號誌動作,分向設施,快車道或一般車道間,快慢車道間,路面邊線,事故類型及型態,主要肇因,受傷程度,主要傷處,保護裝備,行動電話,當事者區分_類別,車輛用途,當事者行動狀態,駕駛資格情形,駕駛執照種類,飲酒情形,車輛撞擊部位最初,車輛撞擊部位其他,肇事因素個別,肇事因素主要,肇事逃逸,職業,旅次目的,車種,GPS座標X,GPS座標Y,事故類別
2018,12,30,19,0,臺中市,大安區,0,1,0,8,3,5,50,14,9,1,5,4,5,7,4,4,9,5,5,1,29,21,2,9,1,1,C03,7,9,6,18,8,12,  ,21,21,1,20,8,C03,24.376453,120.608712,2
2018,12,30,19,1,臺中市,北區,0,0,0,8,,,50,,,,,,,,,,,,,,,26,  ,  ,  ,  ,B03,  ,  ,1,  ,2,  ,  ,26,26,1,  ,  ,B03,24.146522,120.686108,3
2018,12,30,19,3,臺中市,西屯區,0,0,,8,,,50,,,,,,,,,,,,,,,,,,,,A02,,,1,,2,,,23,,1,22,,A02,24.176426,120.650181,3
2018,12,30,19,10,臺中市,沙鹿區,0,0,,8,,,40,,,,,,,,,,,,,,,,,,,,B03,,,1,,2,,,23,,1,21,,B03,24.229189,120.574438,3
2018,12,30,19,19,臺中市,大里區,0,0,,8,,,40,,,,,,,,,,,,,,,,,,,,B12,,,1,,2,,,17,,1,  ,,B12,24.105438,120.701043,3
2018,12,30,19,21,臺中市,豐原區,0,0,0,7,3,2,50,14,9,1,5,4,5,7,1,1,3,3,5,1,13,45,3,10,1,1,B03,7,9,1,8,2,1,  ,45,45,1,9,8,B03,24.268222,120.749458,3
2018,12,30,19,29,臺中市,南屯區,0,0,,8,,,50,,,,,,,,,,,,,,,,,,,,B12,,,1,,2,,,42,,1,22,,B12,24.157084,120.617021,3
2018,12,30,19,30,臺中市,后里區,0,0,0,8,,,60,,,,,,,,,,,,,,,26,  ,  ,  ,  ,B03,  ,  ,1,  ,2,  ,  ,26,26,1,  ,  ,B03,24.282336,120.722448,3
2018,12,30,19,32,臺中市,大雅區,0,1,0,8,3,5,50,3,2,1,5,4,5,7,3,1,10,4,4,1,16,6,3,10,1,1,B03,7,6,1,8,2,2,  ,6,6,1,22,9,B03,24.216524,120.666766,2
2018,12,30,19,40,臺中市,清水區,0,0,0,8,,,50,,,,,,,,,,,,,,,23,  ,  ,  ,  ,B03,  ,  ,1,  ,2,  ,  ,23,23,1,21,  ,B03,24.267393,120.574864,3
2018,12,30,19,45,臺中市,南屯區,0,0,0,8,3,5,50,14,9,1,5,4,5,7,4,4,5,5,5,2,12,19,3,10,1,1,B03,7,1,1,8,2,8,8,19,19,1,5,5,B03,24.140472,120.642851,3
2018,12,30,19,55,臺中市,大肚區,0,0,0,8,3,5,50,3,8,1,5,4,5,7,4,4,5,4,4,2,17,17,3,10,1,1,B03,7,9,1,7,6,2,  ,17,17,1,21,8,B03,24.154909,120.544301,3
2018,12,30,20,6,臺中市,西區,0,0,0,8,,,50,,,,,,,,,,,,,,,12,3,  ,  ,  ,B03,  ,  ,1,  ,2,  ,  ,12,12,  ,5,  ,B03,24.152211,120.662921,3
2018,12,30,20,12,臺中市,東區,0,0,0,8,3,5,50,14,9,1,5,4,5,7,4,4,10,4,5,2,17,23,3,10,1,1,A04,7,1,1,2,2,4,  ,23,23,1,10,8,A04,,,3
2018,12,30,20,27,臺中市,西屯區,0,0,,8,,,50,,,,,,,,,,,,,,,,,,,,B02,,,1,,2,,,23,,1,22,,B02,24.189105,120.615591,3
2018,12,30,20,34,臺中市,西屯區,0,0,0,8,,,50,,,,,,,,,,,,,,,23,  ,  ,  ,  ,B03,  ,  ,1,  ,2,  ,  ,23,23,1,  ,  ,B03,24.175766,120.640351,3
2018,12,30,20,43,臺中市,北屯區,0,1,0,8,3,5,50,4,1,1,5,4,5,7,2,1,10,5,5,2,16,26,3,10,1,1,B02,7,6,1,4,2,5,  ,26,26,1,5,8,B02,24.17291,120.698131,2
2018,12,30,21,4,臺中市,中區,0,1,0,8,3,5,50,4,1,1,5,4,5,7,3,1,10,5,5,2,15,6,3,10,1,1,B01,7,9,1,8,2,2,  ,6,6,1,10,8,B01,24.142933,120.682102,2
2018,12,30,21,5,臺中市,太平區,0,3,0,8,3,5,40,4,1,1,5,4,5,7,4,4,5,5,5,2,15,6,2,9,1,1,C03,7,9,1,10,2,14,  ,6,6,1,18,8,C03,24.141428,120.723862,2
2018,12,30,21,5,臺中市,大雅區,0,2,0,8,3,5,50,4,1,1,5,4,5,7,1,1,10,4,5,1,12,16,2,9,1,1,C03,7,9,1,10,2,14,  ,16,16,1,22,9,C03,24.222901,120.645043,2
2018,12,30,21,11,臺中市,西屯區,0,0,,8,,,40,,,,,,,,,,,,,,,,,,,,B12,,,1,,2,,,16,,1,22,,B12,24.165371,120.64406,3
2018,12,30,21,21,臺中市,潭子區,0,0,,8,,,50,,,,,,,,,,,,,,,,,,,,B03,,,1,,2,,,6,,1,22,,B03,24.192096,120.701767,3
2018,12,30,21,25,臺中市,太平區,0,0,,8,,,50,,,,,,,,,,,,,,,,,,,,B12,,,1,,2,,,23,,1,  ,,B12,24.138425,120.71449,3
2018,12,30,21,40,臺中市,西區,0,2,0,8,3,5,50,4,1,1,5,4,5,7,1,1,10,5,5,2,3,15,3,10,1,1,B03,7,5,1,8,2,8,  ,15,15,1,2,9,B03,24.152647,120.659691,2
2018,12,30,21,42,臺中市,龍井區,0,1,0,7,3,5,50,4,1,1,5,4,5,7,1,1,10,5,5,2,16,25,3,10,1,1,B03,7,9,1,8,2,8,  ,25,25,1,18,8,B03,24.184469,120.585067,2
2018,12,30,21,43,臺中市,南屯區,0,1,0,8,3,5,40,14,7,1,5,4,5,7,4,4,9,5,4,2,12,19,3,10,1,1,B03,7,1,1,8,2,8,  ,19,19,1,4,8,B03,24.134101,120.64394,2
2018,12,30,22,4,臺中市,龍井區,0,1,0,8,3,5,50,4,1,1,5,4,5,7,4,4,10,5,5,2,16,4,2,9,1,1,C03,7,6,1,10,8,11,  ,4,4,1,12,8,C03,24.202568,120.547924,2
2018,12,30,22,6,臺中市,西屯區,0,0,,8,,,50,,,,,,,,,,,,,,,,,,,,B03,,,1,,2,,,12,,1,  ,,B03,24.184611,120.645421,3
2018,12,30,22,10,臺中市,太平區,0,1,0,8,3,5,50,14,9,1,5,4,5,7,4,4,5,5,5,2,13,23,3,10,1,1,C03,7,9,1,10,2,11,  ,23,23,1,5,8,C03,24.154495,120.709533,2
2018,12,30,22,15,臺中市,北區,0,1,0,8,3,5,50,4,1,1,5,4,5,7,3,1,10,5,5,2,15,6,3,10,1,1,B03,7,9,1,8,2,1,  ,6,6,1,22,9,B03,24.155009,120.678238,2
2018,12,30,22,57,臺中市,中區,0,1,0,8,3,5,50,14,9,1,5,4,5,7,4,4,5,4,5,2,17,43,2,8,1,1,B03,7,9,1,8,2,5,  ,43,43,1,21,8,B03,24.145353,120.676241,2
2018,12,30,23,0,臺中市,西屯區,0,0,0,8,3,5,50,14,8,1,5,4,5,7,1,1,9,4,4,2,12,23,3,10,3,4,B03,7,9,1,8,2,15,  ,43,23,1,22,9,B03,24.182369,120.644858,3
2018,12,30,23,3,臺中市,沙鹿區,0,2,0,7,3,5,50,14,7,1,5,4,5,7,4,4,9,5,4,2,13,23,2,9,1,1,C03,7,9,1,10,2,11,  ,23,23,1,18,9,C03,24.222737,120.577713,2
2018,12,30,23,7,臺中市,北區,0,0,,8,,,40,,,,,,,,,,,,,,,,,,,,B01,,,1,,2,,,23,,1,10,,B01,24.161588,120.671426,3
2018,12,30,23,13,臺中市,大甲區,0,1,0,8,3,5,50,3,1,1,5,4,5,7,1,1,10,5,5,2,16,6,3,10,1,1,B03,7,5,1,8,2,5,  ,6,6,1,21,8,B03,24.350901,120.62744,2
2018,12,30,23,16,臺中市,南屯區,0,0,0,8,3,5,40,,1,1,5,4,5,7,4,4,10,5,5,2,16,8,3,10,1,1,C03,7,5,1,10,2,14,  ,8,8,1,22,8,C03,24.147697,120.61536,3
2018,12,30,23,36,臺中市,霧峰區,0,3,0,8,3,5,40,4,1,1,5,4,5,7,4,4,10,5,5,2,16,6,2,9,1,1,C03,7,9,1,10,2,12,  ,6,6,1,18,8,C03,24.078293,120.713131,2
2018,12,30,23,37,臺中市,北區,0,1,0,8,3,5,50,14,7,1,5,4,5,7,4,4,5,5,4,2,13,13,2,9,1,1,C03,7,9,1,10,2,11,  ,13,13,1,22,9,C03,24.149814,120.675622,2
2018,12,30,23,50,臺中市,烏日區,0,0,,,,,,,,,,,,,,,,,,,,,,,,,B03,,,1,,2,,,23,,1,  ,,B03,,,4
2018,12,31,0,36,臺中市,中區,0,1,0,8,3,5,50,4,1,1,5,4,5,7,4,4,10,5,5,2,16,4,2,9,1,1,C03,7,15,1,10,2,14,  ,4,4,1,21,8,C03,24.144645,120.676187,2
2018,12,31,0,36,臺中市,西屯區,0,1,0,8,1,5,50,4,2,1,5,4,5,7,1,1,9,4,4,2,12,6,3,10,1,1,B02,7,5,1,8,2,1,  ,6,6,1,21,8,B02,24.174694,120.644353,2
2018,12,31,1,2,臺中市,梧棲區,0,2,0,8,3,5,50,4,1,1,5,4,5,7,3,1,10,5,5,1,15,6,3,10,3,4,H03,8,20,8,20,2,16,  ,67,6,1,21,8,H03,24.254508,120.528833,2
2018,12,31,1,14,臺中市,西屯區,0,0,,8,,,60,,,,,,,,,,,,,,,,,,,,B03,,,1,,2,,,16,,  ,22,,B03,24.169112,120.639288,3
2018,12,31,1,27,臺中市,龍井區,0,0,,8,,,50,,,,,,,,,,,,,,,,,,,,B03,,,3,,2,,,6,,1,12,,B03,24.197678,120.563531,3
2018,12,31,1,50,臺中市,西屯區,0,0,0,8,,,80,,,,5,,,,,,,,,,,7,  ,  ,  ,  ,B03,  ,  ,1,8,2,  ,  ,7,7,1,  ,  ,B03,24.177264,120.634566,3
2018,12,31,2,22,臺中市,大甲區,0,1,0,8,3,5,50,11,9,1,5,4,5,7,4,4,5,5,5,2,10,42,2,9,1,1,C03,7,9,1,10,2,11,  ,42,42,1,21,8,C03,24.353401,120.636054,2
2018,12,31,2,33,臺中市,西屯區,0,0,,8,,,60,,,,,,,,,,,,,,,,,,,,B02,,,1,,2,,,23,,1,21,,B02,24.176339,120.634125,3
2018,12,31,2,44,臺中市,潭子區,0,0,0,8,,,50,,,,,,,,,,,,,,,23,  ,  ,  ,  ,B03,  ,  ,1,  ,2,  ,  ,23,23,1,22,  ,B03,24.187129,120.702159,3
2018,12,31,3,39,臺中市,北區,0,1,0,8,3,5,50,3,1,1,5,4,5,7,4,4,10,5,5,2,13,23,2,8,1,1,C03,7,9,1,9,2,11,  ,23,23,1,22,9,C03,24.167924,120.680864,2
2018,12,31,3,47,臺中市,南屯區,0,0,,8,,,40,,,,,,,,,,,,,,,,,,,,B03,,,6,,8,,,21,,1,  ,,B03,24.149589,120.623045,3
2018,12,31,6,8,臺中市,潭子區,0,0,,8,,,50,,,,,,,,,,,,,,,,,,,,B03,,,1,,2,,,6,,1,22,,B03,24.191971,120.701901,3
2018,12,31,6,10,臺中市,北屯區,0,1,0,8,2,5,50,14,9,1,5,4,5,7,4,4,1,2,5,2,13,23,3,10,3,4,B03,7,9,3,18,2,5,  ,23,23,1,5,8,B03,24.171555,120.691394,2
2018,12,31,6,11,臺中市,大雅區,0,2,0,8,3,5,50,3,1,1,5,4,5,7,1,1,10,4,5,1,15,25,2,9,1,1,C03,7,9,1,10,2,14,  ,25,25,1,22,9,C03,24.234787,120.636451,2
2018,12,31,6,51,臺中市,西屯區,0,1,0,8,1,5,50,3,1,1,5,4,5,7,4,4,10,5,5,2,17,10,3,10,1,1,B03,7,11,1,8,2,8,  ,10,10,1,21,8,B03,24.186653,120.604161,2
2018,12,31,6,52,臺中市,太平區,0,1,0,8,1,5,40,14,9,1,5,4,5,7,4,4,5,4,5,1,12,26,3,10,1,1,B12,7,4,1,8,2,6,  ,26,26,1,21,1,B12,24.140181,120.712004,2
2018,12,31,7,17,臺中市,龍井區,0,2,0,8,1,5,50,4,1,1,5,4,5,7,4,4,10,5,5,2,17,19,2,9,1,4,C03,7,1,3,18,2,11,  ,19,19,1,22,8,C03,24.180983,120.583767,2
2018,12,31,7,40,臺中市,北屯區,0,2,0,8,1,5,50,4,1,1,5,4,5,7,1,1,10,5,5,2,17,43,2,9,1,1,C03,7,9,1,10,2,11,12,43,43,1,5,8,C03,24.162683,120.721426,2
2018,12,31,7,40,臺中市,大里區,0,1,0,8,1,5,50,14,7,1,5,4,5,7,3,1,9,4,4,2,12,42,3,10,3,4,B03,7,9,1,8,2,5,  ,42,42,1,21,8,B03,24.111668,120.694225,2
2018,12,31,7,50,臺中市,神岡區,0,1,0,8,1,5,50,4,1,1,5,4,5,7,1,1,10,5,5,2,16,25,2,9,1,1,C03,7,5,1,10,2,11,  ,25,25,1,22,9,C03,24.251451,120.701225,2
2018,12,31,7,50,臺中市,潭子區,0,2,0,8,1,5,50,14,9,1,5,4,5,7,4,4,8,3,5,1,11,6,2,9,4,5,F03,7,7,8,20,2,16,  ,6,6,1,22,1,F03,24.210637,120.709108,2
2018,12,31,8,10,臺中市,南屯區,,,,8,,,40,,,,,,,,,,,,,,,,,,,,A12,,,1,,2,,,42,,1,22,,A12,24.145299,120.614878,3
2018,12,31,8,17,臺中市,中區,0,1,0,8,1,5,50,5,1,1,5,4,5,7,2,1,10,4,5,2,16,6,3,10,1,1,B03,7,6,1,8,2,2,  ,6,6,1,9,9,B03,24.144691,120.681596,2
2018,12,31,8,17,臺中市,大里區,0,0,,8,,,50,,,,,,,,,,,,,,,,,,,,C03,,,1,,2,,,6,,1,22,,C03,24.092971,120.70014,3
2018,12,31,8,30,臺中市,南屯區,0,0,,8,,,40,,,,,,,,,,,,,,,,,,,,B03,,,1,,2,,,23,,1,5,,B03,24.140506,120.622445,3
2018,12,31,8,30,臺中市,大里區,0,0,,8,,,40,,,,,,,,,,,,,,,,,,,,   ,,,7,,11,,,43,,  ,  ,,   ,24.084045,120.705943,3
2018,12,31,8,54,臺中市,西屯區,0,1,0,8,1,5,50,3,1,1,5,4,5,7,4,4,1,4,5,2,13,23,3,10,3,4,B03,7,9,1,8,2,1,  ,23,23,1,21,8,B03,24.201321,120.663728,2
2018,12,31,9,3,臺中市,清水區,0,0,,8,,,40,,,,,,,,,,,,,,,,,,,,B03,,,1,,2,,,23,,1,21,,B03,24.270255,120.56765,3
2018,12,31,9,3,臺中市,神岡區,0,0,,8,,,50,,,,,,,,,,,,,,,,,,,,F01,,,8,,2,,,4,,1,  ,,F01,24.247125,120.686238,3
2018,12,31,9,19,臺中市,沙鹿區,0,1,0,8,1,5,50,3,1,1,5,4,5,7,4,4,10,5,5,2,16,6,3,10,1,1,B12,7,5,1,8,2,1,  ,6,6,1,9,8,B12,24.228859,120.573797,2
2018,12,31,9,30,臺中市,霧峰區,0,0,,8,,,40,,,,,,,,,,,,,,,,,,,,B02,,,1,,2,,,8,,1,6,,B02,24.011778,120.697351,3
2018,12,31,9,30,臺中市,大雅區,0,1,0,8,1,5,40,11,9,1,5,4,5,7,4,4,10,5,5,2,11,5,3,10,1,1,C03,7,9,1,10,2,14,  ,5,5,1,22,9,C03,24.209844,120.625799,2
2018,12,31,9,40,臺中市,龍井區,0,1,0,8,1,5,50,14,9,1,5,4,5,7,4,4,5,4,5,1,12,23,3,10,1,1,B12,7,9,1,8,2,8,  ,23,23,1,12,8,B12,24.19663,120.546851,2
2018,12,31,9,40,臺中市,沙鹿區,0,0,,8,,,50,,,,,,,,,,,,,,,,,,,,C04,,,1,,2,,,23,,1,19,,C04,24.237112,120.558555,3
2018,12,31,9,44,臺中市,北區,0,1,0,8,1,5,50,4,1,1,5,4,5,7,1,1,10,5,5,2,16,26,3,10,1,1,B03,7,6,1,8,2,2,  ,26,26,1,22,8,B03,24.151794,120.677393,2
2018,12,31,9,47,臺中市,烏日區,0,0,,8,,,50,,,,,,,,,,,,,,,,,,,,B03,,,1,,2,,,17,,1,21,,B03,24.104181,120.638714,3
2018,12,31,9,59,臺中市,東勢區,0,0,,8,,,50,,,,,,,,,,,,,,,,,,,,B03,,,1,,3,,,18,,1,9,,B03,24.256796,120.828621,3
2018,12,31,10,0,臺中市,龍井區,0,0,,8,,,40,,,,,,,,,,,,,,,,,,,,B03,,,1,,2,,,17,,1,22,,B03,24.188487,120.593463,3
2018,12,31,10,6,臺中市,西屯區,0,1,0,8,1,5,40,14,8,1,5,4,5,7,4,4,1,4,1,2,13,23,2,9,1,1,C03,7,8,1,10,2,11,  ,23,23,1,22,8,C03,24.168475,120.640326,2
2018,12,31,10,30,臺中市,北屯區,0,1,0,8,1,5,50,4,1,1,5,4,5,7,2,1,10,5,5,2,16,26,2,9,1,1,F01,7,9,8,20,2,16,  ,26,26,1,21,8,F01,24.17106,120.6942,2
2018,12,31,10,30,臺中市,新社區,0,1,0,8,1,5,50,4,1,1,5,4,5,7,4,4,5,3,5,1,14,12,3,10,1,1,B03,7,2,1,8,2,3,  ,12,12,1,22,9,B03,24.243683,120.808146,2
2018,12,31,10,40,臺中市,沙鹿區,0,1,0,8,1,5,50,14,9,1,5,4,5,7,4,4,9,5,5,2,17,23,3,10,1,1,B12,7,5,1,8,2,4,  ,44,23,1,21,3,B12,24.213379,120.571833,2
2018,12,31,10,43,臺中市,清水區,0,0,,8,,,40,,,,,,,,,,,,,,,,,,,,B03,,,1,,2,,,23,,1,5,,B03,24.280161,120.58049,3
2018,12,31,10,52,臺中市,南屯區,0,0,0,8,,,50,,,,,,,,,,,,,,,67,  ,  ,  ,  ,   ,  ,  ,7,20,9,  ,  ,67,67,  ,  ,  ,   ,24.143899,120.646677,3
2018,12,31,10,53,臺中市,西屯區,0,0,0,8,,,50,,,,,,,,,,,,,,,43,  ,  ,  ,  ,G06,  ,  ,7,  ,11,  ,  ,43,43,1,  ,  ,G06,24.174395,120.60834,3
2018,12,31,10,55,臺中市,北屯區,0,1,0,8,1,5,50,4,4,1,5,4,5,7,2,1,10,5,5,2,11,23,3,10,1,1,B03,7,9,1,8,2,1,  ,23,23,1,21,8,B03,24.171736,120.690813,2
2018,12,31,11,0,臺中市,南區,0,1,0,8,1,5,50,4,1,1,5,4,5,7,1,1,10,5,5,2,16,6,3,10,1,1,B03,7,5,1,8,3,5,  ,6,6,1,20,5,B03,24.12212,120.684265,2
2018,12,31,11,0,臺中市,西屯區,0,0,,8,,,50,,,,,,,,,,,,,,,43,,,,,B03,,,1,,2,,,43,43,1,  ,,B03,24.170603,120.655873,3
2018,12,31,11,9,臺中市,大雅區,0,1,0,8,1,5,40,5,1,1,5,4,5,7,4,4,10,5,5,2,16,6,2,8,1,1,C03,7,9,1,10,2,12,  ,6,6,1,22,8,C03,24.232847,120.664852,2
2018,12,31,11,12,臺中市,東區,0,0,0,7,1,5,40,14,8,1,5,4,3,7,4,4,5,5,4,2,16,2,3,10,1,1,B03,7,4,1,8,2,4,  ,7,2,1,21,8,B03,24.135494,120.70894,3
2018,12,31,11,30,臺中市,西區,0,2,0,8,1,5,50,4,2,1,5,4,5,7,2,1,5,2,4,2,13,16,2,9,1,1,C03,7,9,6,18,2,11,  ,16,16,1,20,8,C03,24.146759,120.652161,2
2018,12,31,11,31,臺中市,北屯區,0,2,0,8,1,5,50,14,7,1,5,4,5,7,4,4,9,5,4,2,17,7,2,9,1,1,C04,7,4,1,11,2,12,14,16,7,1,5,8,C04,24.182323,120.695076,2
2018,12,31,11,36,臺中市,烏日區,0,1,0,8,1,5,50,4,1,1,5,4,5,7,4,4,10,5,5,2,15,6,3,10,1,1,C03,7,9,2,18,2,11,  ,6,6,1,5,8,C03,24.10415,120.639757,2
2018,12,31,11,38,臺中市,西屯區,0,1,0,8,1,5,40,14,8,1,5,4,5,7,4,4,8,3,5,2,13,23,2,8,1,1,C03,7,9,1,10,2,11,  ,23,23,1,22,9,C03,24.201155,120.660388,2
2018,12,31,11,43,臺中市,烏日區,0,1,0,8,1,5,50,14,9,1,5,4,5,7,4,4,1,5,4,2,18,23,2,9,1,1,C03,7,4,1,10,2,12,  ,23,23,1,21,8,C03,24.10608,120.60726,2
2018,12,31,11,43,臺中市,大甲區,0,1,0,8,1,5,40,4,1,1,5,4,5,7,4,4,10,5,5,2,15,6,3,10,1,1,B03,7,9,1,8,2,8,  ,6,6,1,4,8,B03,24.406028,120.646222,2
2018,12,31,11,46,臺中市,大雅區,0,1,0,8,1,5,50,14,8,1,5,4,5,7,4,4,9,4,5,2,17,10,3,10,1,1,B03,7,11,1,8,2,8,  ,10,10,1,22,9,B03,24.22343,120.65115,2
2018,12,31,11,48,臺中市,潭子區,0,0,,8,1,5,60,14,8,1,5,4,5,7,1,1,8,3,4,1,13,,,,,,B03,,,1,,2,,,23,,1,22,,B03,24.231423,120.706472,3
2018,12,31,11,50,臺中市,西屯區,0,1,0,8,1,5,50,3,1,1,5,4,5,7,3,1,10,5,5,2,17,6,2,9,1,1,C04,7,5,1,10,2,13,  ,6,6,1,21,8,C04,24.161367,120.638393,2
2018,12,31,11,50,臺中市,烏日區,0,0,,,,,,,,,,,,,,,,,,,,,,,,,B03,,,1,,2,,,19,,1,22,,B03,24.104594,120.623381,3
2018,12,31,11,51,臺中市,潭子區,0,0,,8,,,50,,,,,,,,,,,,,,,,,,,,B01,,,1,,2,,,60,,1,22,,B01,24.194315,120.700285,3
2018,12,31,11,53,臺中市,西屯區,0,0,,8,,,50,,,,,,,,,,,,,,,,,,,,B03,,,3,,2,,,42,,1,  ,,B03,24.167819,120.638047,3
2018,12,31,12,1,臺中市,新社區,0,0,0,8,,,40,,,,,,,,,,,,,,,6,  ,  ,  ,  ,B03,  ,  ,3,  ,2,  ,  ,6,6,1,22,  ,B03,24.168296,120.82533,3
2018,12,31,12,6,臺中市,后里區,0,0,0,8,1,5,40,14,9,1,5,4,5,7,4,4,10,5,5,2,17,42,3,10,1,1,B03,7,9,1,8,2,6,  ,23,42,1,21,8,B03,24.307307,120.726859,3
2018,12,31,12,9,臺中市,烏日區,0,0,0,8,,,50,,,,,,,,,,,,,,,38,  ,  ,  ,  ,B03,  ,  ,1,  ,2,  ,  ,9,38,1,  ,  ,B03,24.10957,120.637338,3
2018,12,31,12,10,臺中市,大雅區,0,0,,8,,,40,,,,,,,,,,,,,,,,,,,,B03,,,1,,2,,,12,,1,  ,,B03,24.217441,120.647443,3
2018,12,31,12,15,臺中市,后里區,0,0,0,8,1,5,50,14,9,1,5,4,5,7,4,4,1,4,5,1,14,12,3,10,1,1,B03,7,2,1,7,2,5,  ,12,12,1,22,8,B03,24.31784,120.691117,3
2018,12,31,12,17,臺中市,沙鹿區,0,1,0,8,1,5,40,4,2,1,5,4,5,7,2,1,1,4,1,1,16,23,3,10,1,1,B03,7,6,1,8,2,8,  ,23,23,1,3,8,B03,24.230014,120.574304,2
2018,12,31,12,20,臺中市,西區,0,0,,8,,,40,,,,,,,,,,,,,,,,,,,,B03,,,1,,2,,,12,,1,21,,B03,24.150465,120.67262,3
2018,12,31,12,20,臺中市,大肚區,0,3,0,8,1,5,70,4,1,1,5,4,5,7,1,1,1,4,4,1,16,25,2,9,1,1,C03,7,9,3,18,4,12,  ,25,25,1,3,5,C03,24.127163,120.558124,2
2018,12,31,12,25,臺中市,沙鹿區,0,1,0,8,1,5,40,3,1,1,5,4,5,7,1,1,1,4,4,1,16,25,3,10,1,1,B03,7,5,1,8,2,4,  ,44,25,1,4,8,B03,24.249881,120.601133,2
2018,12,31,12,31,臺中市,西屯區,0,0,0,8,,,50,,,,,,,,,,,,,,,17,  ,  ,  ,  ,A05,  ,  ,1,  ,2,  ,  ,17,17,1,10,  ,A05,24.199571,120.655621,3
2018,12,31,12,37,臺中市,沙鹿區,0,0,,8,,,50,,,,,,,,,,,,,,,,,,,,B03,,,1,,2,,,26,,1,21,,B03,24.244,120.615032,3
2018,12,31,12,43,臺中市,西屯區,0,0,,8,,,60,,,,,,,,,,,,,,,,,,,,B03,,,1,,2,,,42,,1,  ,,B03,24.182481,120.616655,3
2018,12,31,12,54,臺中市,東區,0,1,0,7,1,5,50,4,9,1,5,4,5,7,4,4,9,4,5,2,15,6,3,10,1,1,B01,7,9,1,4,2,5,  ,6,6,1,5,8,B01,24.144255,120.687636,2
2018,12,31,13,4,臺中市,石岡區,0,0,,8,,,70,,,,,,,,,,,,,,,,,,,,B03,,,1,,2,,,23,,1,22,,B03,24.27468,120.784031,3
2018,12,31,13,19,臺中市,西區,0,0,0,8,,,40,,,,,,,,,,,,,,,19,  ,  ,  ,  ,B03,  ,  ,1,  ,2,  ,  ,19,19,1,20,  ,B03,24.145596,120.657248,3
2018,12,31,13,22,臺中市,梧棲區,0,0,,8,,,70,,,,,,,,,,,,,,,,,,,,B03,,,1,,2,,,23,,1,2,,B03,24.250172,120.535483,3
2018,12,31,13,24,臺中市,神岡區,0,0,,8,,,40,,,,,,,,,,,,,,,,,,,,A12,,,1,,2,,,12,,1,9,,A12,24.252676,120.69755,3
2018,12,31,13,26,臺中市,后里區,0,1,0,8,1,5,50,4,1,1,5,4,5,7,1,1,1,4,4,1,16,6,3,10,1,1,B12,7,6,1,8,2,2,  ,6,6,1,21,8,B12,24.304424,120.722223,2
2018,12,31,13,29,臺中市,潭子區,0,2,0,8,1,5,40,3,1,1,5,4,5,7,1,1,10,5,5,2,16,4,2,8,4,5,F01,7,11,8,20,9,16,  ,4,4,1,22,8,F01,24.196468,120.702633,2
2018,12,31,13,34,臺中市,北屯區,0,1,0,8,1,5,40,14,8,1,5,4,5,7,4,4,1,4,4,2,18,42,2,8,1,1,C03,7,9,1,10,2,15,  ,42,42,1,21,8,C03,24.17323,120.685643,2
2018,12,31,13,37,臺中市,西屯區,0,1,0,8,1,5,40,4,1,1,5,4,5,7,1,1,1,3,1,2,12,43,3,10,1,1,B03,7,9,1,8,2,15,  ,43,43,1,22,9,B03,24.17898,120.624169,2
2018,12,31,13,40,臺中市,北區,0,0,,8,,,50,,,,,,,,,,,,,,,,,,,,B03,,,1,,2,,,7,,1,5,,B03,24.153715,120.688593,3
2018,12,31,13,43,臺中市,西區,0,0,0,8,,,0,,,,,,,,,,,,,,,,3,  ,  ,  ,B03,  ,  ,1,  ,2,  ,  ,23,  ,  ,21,  ,B03,24.133743,120.667383,3
2018,12,31,13,47,臺中市,西屯區,0,0,,8,,,40,,,,,,,,,,,,,,,,,,,,B03,,,1,,2,,,23,,1,  ,,B03,24.162762,120.628496,3
2018,12,31,13,48,臺中市,北區,0,2,0,8,1,5,40,14,8,1,5,4,5,7,4,4,1,4,4,2,13,13,2,9,1,1,C03,7,9,1,10,2,11,  ,13,13,1,22,8,C03,24.162287,120.664552,2
2018,12,31,13,51,臺中市,北屯區,0,1,0,8,1,5,50,14,7,1,5,4,5,7,4,4,9,5,4,2,16,7,3,10,1,1,B03,7,10,1,8,2,2,  ,7,7,1,5,8,B03,24.17338,120.6849,2
2018,12,31,13,53,臺中市,清水區,0,1,0,8,1,5,50,4,1,1,5,4,5,7,1,1,5,4,5,1,15,25,3,10,1,1,B03,7,9,1,8,2,5,  ,25,25,1,1,8,B03,24.26457,120.549468,2
2018,12,31,13,55,臺中市,西區,0,1,0,8,1,5,50,3,1,1,5,4,5,7,1,1,10,5,5,2,17,6,3,10,1,1,B03,7,5,1,8,2,2,  ,6,6,1,22,9,B03,24.155359,120.658577,2