年,月,日,時,分,縣市,區,死,受傷,2-30,天候,光線,道路類別,速限,道路型態,事故位置,路面鋪裝,路面狀態,路面缺陷,障礙物,視距,號誌種類,號誌動作,分向設施,快車道或一般車道間,快慢車道間,路面邊線,事故類型及型態,主要肇因,受傷程度,主要傷處,保護裝備,行動電話,當事者區分_類別,車輛用途,當事者行動狀態,駕駛資格情形,駕駛執照種類,飲酒情形,車輛撞擊部位最初,車輛撞擊部位其他,肇事因素個別,肇事因素主要,肇事逃逸,職業,旅次目的,車種,GPS座標X,GPS座標Y,事故類別
2018,12,31,13,55,臺中市,大里區,0,0,,8,,,40,,,,,,,,,,,,,,,,,,,,B12,,,1,,2,,,12,,1,21,,B12,24.094593,120.684573,3
2018,12,31,13,59,臺中市,南屯區,0,0,0,8,,,50,,,,,,,,,,,,,,,9,  ,  ,  ,  ,B03,  ,  ,1,8,2,  ,  ,9,9,1,12,  ,B03,24.150479,120.622219,3
2018,12,31,14,0,臺中市,西區,0,1,0,8,1,5,50,4,1,1,5,4,5,7,2,1,10,5,5,2,16,25,2,9,2,1,F02,7,5,8,20,2,16,  ,26,25,1,20,9,F02,24.143226,120.685776,2
2018,12,31,14,0,臺中市,北屯區,0,0,0,8,,,50,,,,,,,,,,,,,,,42,  ,  ,  ,  ,B03,  ,  ,1,  ,2,  ,  ,42,42,  ,5,  ,B03,24.206653,120.786701,3
2018,12,31,14,1,臺中市,大里區,0,1,0,8,1,8,40,14,8,1,5,4,5,7,4,4,9,4,4,1,17,38,3,10,3,4,B12,7,14,1,8,2,1,  ,38,38,1,4,8,B12,24.094218,120.71336,2
2018,12,31,14,5,臺中市,南屯區,0,0,0,8,1,5,50,4,1,1,5,4,5,7,2,1,10,5,5,2,16,26,3,10,1,1,B12,7,6,5,18,2,6,6,26,26,1,6,3,B12,24.146776,120.647703,3
2018,12,31,14,5,臺中市,北屯區,0,1,0,8,1,5,50,3,2,1,5,4,5,7,4,4,5,5,4,2,13,23,2,9,1,1,C03,7,9,1,10,2,11,  ,23,23,1,22,8,C03,24.175513,120.672095,2
2018,12,31,14,6,臺中市,西屯區,0,0,,8,,,60,,,,,,,,,,,,,,,,,,,,B03,,,1,,2,,,23,,1,22,,B03,24.164072,120.647113,3
2018,12,31,14,10,臺中市,和平區,0,0,0,6,1,8,30,11,9,1,4,4,5,6,4,4,10,5,5,1,11,17,  ,  ,  ,  ,A05,  ,  ,1,  ,2,  ,  ,17,17,1,10,  ,A05,24.34055,121.312799,3
2018,12,31,14,17,臺中市,北區,0,0,0,8,,,50,,,,,,,,,,,,,,,,3,  ,  ,  ,B11,  ,  ,1,  ,2,  ,  ,23,  ,1,22,  ,B11,24.160198,120.684693,3
2018,12,31,14,20,臺中市,北屯區,0,1,0,8,1,5,50,4,2,1,5,4,5,7,2,1,5,4,4,2,13,16,2,8,1,1,C03,7,9,1,10,2,11,  ,16,16,1,21,8,C03,24.165751,120.694554,2
2018,12,31,14,27,臺中市,南區,0,2,0,8,1,5,50,4,1,1,5,4,5,7,4,4,10,5,5,2,16,6,2,9,1,1,C03,7,5,1,10,2,11,  ,6,6,1,21,8,C03,24.131296,120.674393,2
2018,12,31,14,31,臺中市,西區,0,1,0,8,1,5,50,3,18,1,5,4,5,7,4,4,10,5,5,2,9,12,3,10,1,1,B12,7,2,1,8,2,3,  ,12,12,1,5,1,B12,24.133324,120.661636,2
2018,12,31,14,32,臺中市,烏日區,0,0,,8,,,60,,,,,,,,,,,,,,,,,,,,B03,,,1,,2,,,12,,1,21,,B03,24.106666,120.613563,3
2018,12,31,14,33,臺中市,中區,0,0,0,8,,,0,,,,,,,,,,,,,,,,3,  ,  ,  ,B12,  ,  ,1,  ,2,  ,  ,23,  ,  ,21,  ,B12,24.133783,120.667083,3
2018,12,31,14,38,臺中市,南區,0,0,0,8,,,50,,,,,,,,,,,,,,,42,3,  ,  ,  ,B12,  ,  ,1,  ,2,  ,  ,42,42,  ,22,  ,B12,24.11565,120.660781,3
2018,12,31,14,39,臺中市,南區,0,2,0,8,1,5,50,14,9,1,5,4,5,7,4,4,9,5,5,2,17,23,2,8,1,1,C03,7,5,1,10,2,11,  ,23,23,1,21,8,C03,24.118754,120.658091,2
2018,12,31,14,43,臺中市,西屯區,0,0,,8,,,50,,,,,,,,,,,,,,,,,,,,B03,,,1,,2,,,23,,1,22,,B03,24.196385,120.657718,3
2018,12,31,14,45,臺中市,新社區,0,2,0,8,1,5,50,14,9,1,5,4,5,7,4,4,10,3,5,1,11,23,2,8,1,1,C03,7,4,1,10,2,14,  ,23,23,1,22,9,C03,24.204596,120.804405,2
2018,12,31,14,47,臺中市,沙鹿區,0,2,0,8,1,5,40,3,2,1,5,4,5,7,4,4,4,5,5,1,16,11,2,9,1,1,C03,7,11,1,10,2,12,  ,11,11,1,4,8,C03,24.240108,120.56474,2
2018,12,31,14,51,臺中市,西區,0,0,,8,,,50,,,,,,,,,,,,,,,,,,,,B02,,,1,,2,,,23,,1,22,,B02,24.13818,120.68018,3
2018,12,31,15,17,臺中市,西屯區,0,0,,8,,,40,,,,,,,,,,,,,,,,,,,,A11,,,1,,2,,,1,,1,10,,A11,24.201091,120.659294,3
2018,12,31,15,25,臺中市,大甲區,0,1,0,8,1,5,50,5,2,1,5,4,5,7,4,4,5,5,4,1,17,23,2,9,1,1,C03,7,9,1,10,2,11,  ,23,23,1,4,8,C03,24.355141,120.631963,2
2018,12,31,15,30,臺中市,大里區,0,0,,8,,,40,,,,,,,,,,,,,,,,,,,,C03,,,1,,2,,,9,,1,5,,C03,24.114316,120.686885,3
2018,12,31,15,33,臺中市,大雅區,0,1,0,8,1,5,50,3,1,1,5,4,5,7,1,1,9,4,4,1,17,6,3,10,1,1,B12,7,5,1,8,2,5,  ,6,6,1,22,9,B12,24.21807,120.64858,2
2018,12,31,15,39,臺中市,北屯區,0,3,0,8,1,5,40,14,8,1,5,4,5,7,4,4,3,4,4,2,2,54,2,9,4,5,H01,8,16,8,20,10,16,  ,54,54,1,5,8,H01,24.167288,120.69559,2
2018,12,31,15,39,臺中市,潭子區,0,0,,8,,,60,,,,,,,,,,,,,,,,,,,,C03,,,1,,2,,,16,,1,22,,C03,24.203448,120.704106,3
2018,12,31,15,40,臺中市,大甲區,0,0,,,,,,,,,,,,,,,,,,,,,,,,,B03,,,1,,2,,,18,,1,5,,B03,,,3
2018,12,31,15,43,臺中市,大肚區,0,0,,8,,,50,,,,,,,,,,,,,,,,,,,,B03,,,1,,2,,,23,,2,21,,B03,24.124863,120.562206,3
2018,12,31,15,44,臺中市,東勢區,0,0,,8,,,50,,,,,,,,,,,,,,,,,,,,C03,,,1,,2,,,19,,1,  ,,C03,24.253222,120.830546,3
2018,12,31,15,45,臺中市,烏日區,0,1,0,8,1,5,50,14,7,1,5,4,5,7,4,4,5,4,4,2,17,26,3,10,1,1,C03,7,5,1,10,2,11,  ,26,26,1,21,8,C03,24.10813,120.634925,2
2018,12,31,15,49,臺中市,北區,0,1,0,8,1,5,50,3,1,1,5,4,5,7,1,1,10,5,5,2,16,6,3,10,1,1,C03,7,5,4,8,2,12,  ,6,6,1,21,8,C03,24.152399,120.682295,2
2018,12,31,15,50,臺中市,烏日區,0,0,,8,,,50,,,,,,,,,,,,,,,,,,,,B03,,,1,,2,,,23,,1,  ,,B03,24.110485,120.625741,3
2018,12,31,15,52,臺中市,北區,0,0,0,8,,,50,,,,,,,,,,,,,,,23,  ,  ,  ,  ,A02,  ,  ,1,  ,9,  ,  ,23,23,1,  ,  ,A02,24.150982,120.688096,3
2018,12,31,15,55,臺中市,南屯區,0,0,0,8,1,5,20,15,22,1,5,4,5,7,4,4,5,5,5,2,14,12,3,10,1,1,B03,7,2,1,8,2,3,3,12,12,1,5,5,B03,24.130693,120.643991,3
2018,12,31,16,5,臺中市,大里區,0,0,,8,,,40,,,,,,,,,,,,,,,,,,,,B03,,,1,,2,,,17,,1,22,,B03,24.103043,120.680954,3
2018,12,31,16,6,臺中市,神岡區,0,0,,8,,,40,,,,,,,,,,,,,,,,,,,,B12,,,1,,2,,,19,,1,21,,B12,24.26485,120.704936,3
2018,12,31,16,10,臺中市,北屯區,0,1,0,8,1,5,50,4,18,1,5,4,5,7,1,1,10,5,5,2,3,15,3,10,1,1,B03,7,5,1,8,2,8,  ,15,15,1,21,8,B03,24.179836,120.709846,2
2018,12,31,16,13,臺中市,南屯區,0,1,0,8,1,5,50,3,1,1,5,4,5,7,2,1,10,5,5,2,16,6,3,10,1,1,B03,7,5,1,8,2,6,  ,6,6,1,22,8,B03,24.158838,120.634005,2
2018,12,31,16,20,臺中市,大甲區,0,1,0,8,1,5,50,4,1,1,5,4,5,7,4,4,10,5,5,2,15,6,3,10,1,1,B03,7,9,1,8,2,1,  ,6,6,1,4,8,B03,24.346198,120.618865,2
2018,12,31,16,21,臺中市,大里區,0,1,0,8,1,5,50,14,9,1,5,4,5,7,4,4,5,4,5,1,16,7,3,10,1,1,B12,7,7,1,8,2,8,  ,7,7,1,4,8,B12,24.114935,120.676965,2
2018,12,31,16,25,臺中市,西屯區,0,0,0,8,,,40,,,,,,,,,,,,,,,43,  ,  ,  ,  ,B03,  ,  ,1,  ,2,  ,  ,43,43,1,22,  ,B03,24.179428,120.642813,3
2018,12,31,16,40,臺中市,大里區,0,2,0,8,1,5,40,4,1,1,5,4,5,7,3,1,10,5,5,2,16,6,3,10,1,1,B03,7,9,1,8,2,2,  ,6,6,1,21,8,B03,24.110928,120.674817,2
2018,12,31,16,49,臺中市,大甲區,0,2,0,8,1,5,50,14,9,1,5,4,5,7,4,4,5,5,5,1,16,26,2,3,4,1,F03,7,9,8,20,2,16,  ,42,26,2,9,7,F03,24.158942,120.648457,2
2018,12,31,16,50,臺中市,北屯區,0,0,0,8,3,5,50,4,1,1,5,4,5,7,1,1,10,5,5,2,16,21,3,10,1,1,C03,7,15,1,10,7,14,  ,21,21,1,21,8,C03,24.200746,120.676684,3
2018,12,31,16,50,臺中市,龍井區,0,1,0,8,1,5,40,5,1,1,5,4,5,7,4,4,10,5,5,2,16,6,3,10,1,1,B03,7,5,5,8,2,4,  ,6,6,1,12,8,B03,24.209236,120.547411,2
2018,12,31,16,52,臺中市,北屯區,0,1,0,8,2,5,50,4,1,1,5,4,5,7,4,4,10,5,5,2,15,6,2,1,1,1,C03,7,9,1,10,2,12,  ,6,6,1,20,3,C03,24.185156,120.70108,2
2018,12,31,16,55,臺中市,大里區,0,2,0,8,1,5,50,3,1,1,5,4,5,7,4,4,10,4,4,1,17,42,3,10,1,1,B03,7,6,1,8,2,8,  ,42,42,1,8,8,B03,24.091361,120.692015,2
2018,12,31,16,57,臺中市,北區,0,0,,8,,,50,,,,,,,,,,,,,,,,,,,,B03,,,1,,2,,,23,,1,5,,B03,24.164771,120.66477,3
2018,12,31,16,58,臺中市,西屯區,0,0,,8,,,50,,,,,,,,,,,,,,,,,,,,B02,,,1,,2,,,23,,1,5,,B02,24.161884,120.640391,3
2018,12,31,17,0,臺中市,北屯區,0,2,0,8,1,5,50,4,1,1,5,4,5,7,1,1,10,5,5,2,16,6,3,10,1,1,B03,7,5,1,8,2,2,  ,6,6,1,21,8,B03,24.187143,120.686253,2
2018,12,31,17,5,臺中市,大肚區,0,0,,8,,,40,,,,,,,,,,,,,,,,,,,,B03,,,1,,2,,,17,,1,21,,B03,24.11999,120.577158,3
2018,12,31,17,5,臺中市,和平區,0,0,0,8,,,40,,,,,,,,,,,,,,,42,  ,  ,  ,  ,B03,  ,  ,1,  ,2,  ,  ,42,42,1,21,  ,B03,24.208282,121.012656,4
2018,12,31,17,7,臺中市,南屯區,0,0,,8,,,50,,,,,,,,,,,,,,,,,,,,B03,,,1,,2,,,23,,1,21,,B03,24.146972,120.637215,3
2018,12,31,17,13,臺中市,中區,0,0,,8,,,50,,,,,,,,,,,,,,,,,,,,B03,,,1,,2,,,6,,1,21,,B03,24.139628,120.678307,3
2018,12,31,17,25,臺中市,太平區,0,2,0,8,2,5,50,3,1,1,5,4,5,7,1,1,10,5,5,2,16,6,3,10,1,1,B03,7,5,1,8,2,8,  ,6,6,1,21,8,B03,24.096444,120.728746,2
2018,12,31,17,26,臺中市,北區,0,1,0,8,1,5,50,14,9,1,5,4,5,7,1,1,5,5,4,2,17,19,3,10,1,1,B12,7,1,1,8,2,4,  ,19,19,1,21,8,B12,24.155214,120.669238,2
2018,12,31,17,30,臺中市,南屯區,0,0,,8,,,50,,,,,,,,,,,,,,,,,,,,B03,,,1,,2,,,7,,1,22,,B03,24.145144,120.622041,3
2018,12,31,17,36,臺中市,西屯區,0,1,0,8,2,5,50,4,1,1,5,4,5,7,1,1,10,5,5,2,16,44,3,10,3,4,B03,7,5,1,8,2,7,  ,44,44,1,22,9,B03,24.204904,120.598339,2
2018,12,31,17,40,臺中市,南屯區,0,1,0,8,3,5,50,14,9,1,5,4,5,7,4,4,5,5,5,2,17,26,3,10,1,1,C03,7,1,1,10,2,11,11,26,26,1,18,5,C03,24.146884,120.645138,2
2018,12,31,17,41,臺中市,潭子區,0,0,,,,,,,,,,,,,,,,,,,,,,,,,B03,,,1,,1,,,23,,1,21,,B03,,,3
2018,12,31,17,42,臺中市,龍井區,0,0,,8,,,40,,,,,,,,,,,,,,,,,,,,B03,,,1,,2,,,12,,1,3,,B03,24.216293,120.547215,3
2018,12,31,17,55,臺中市,后里區,0,3,0,8,3,5,50,4,9,1,5,4,5,7,1,1,1,2,4,1,13,21,3,10,1,1,B03,7,9,1,1,8,5,  ,21,21,1,21,8,B03,24.316638,120.724435,2
2018,12,31,18,0,臺中市,西區,0,0,,,,,,,,,,,,,,,,,,,,,,,,,B03,,,1,,2,,,16,,1,  ,,B03,,,3
2018,12,31,18,0,臺中市,后里區,0,1,0,8,3,5,50,4,1,1,5,4,5,7,4,4,5,5,5,2,15,6,3,10,1,1,B03,7,9,1,8,2,4,  ,14,6,1,22,9,B03,24.316064,120.702332,2
2018,12,31,18,2,臺中市,南屯區,0,1,0,8,3,5,50,14,9,1,5,4,5,7,4,4,1,4,5,2,17,23,2,9,1,1,C03,7,9,1,10,2,11,  ,23,23,1,22,8,C03,24.154858,120.646897,2
2018,12,31,18,6,臺中市,東區,0,0,0,7,3,5,50,3,1,1,5,4,5,7,4,4,9,4,5,2,16,19,  ,  ,  ,  ,B12,  ,1,1,8,2,8,  ,19,19,1,5,  ,B12,24.136118,120.686455,3
2018,12,31,18,6,臺中市,大雅區,0,2,0,8,3,5,50,5,1,1,5,4,5,7,1,1,1,4,4,1,16,10,2,9,1,1,C03,7,11,3,18,8,12,  ,10,10,1,22,8,C03,24.21718,120.665814,2
2018,12,31,18,10,臺中市,北區,0,1,0,8,3,5,50,3,1,1,5,4,5,7,4,4,5,5,5,2,11,6,3,10,3,4,B03,7,5,1,8,2,1,  ,6,6,1,22,9,B03,24.160729,120.697513,2
2018,12,31,18,12,臺中市,南區,0,1,0,8,3,5,50,4,1,1,5,4,5,7,1,1,10,5,5,2,1,15,3,10,1,1,B03,7,5,1,8,2,8,  ,15,15,1,22,8,B03,24.116782,120.668277,2
2018,12,31,18,13,臺中市,大里區,0,0,,8,,,50,,,,,,,,,,,,,,,,,,,,C03,,,1,,2,,,23,,1,21,,C03,24.1091,120.66194,3
2018,12,31,18,21,臺中市,大雅區,0,0,,8,,,50,,,,,,,,,,,,,,,,,,,,B01,,,1,,2,,,25,,1,  ,,B01,24.2227,120.64659,3
2018,12,31,18,31,臺中市,北屯區,0,1,0,8,3,5,50,4,18,1,5,4,5,7,1,1,1,4,5,2,3,52,3,10,1,1,B03,7,5,1,8,2,1,  ,23,52,1,20,5,B03,24.162108,120.692851,2
2018,12,31,18,45,臺中市,外埔區,0,0,0,8,,,40,,,,,,,,,,,,,,,23,  ,  ,  ,  ,B03,  ,  ,1,  ,2,  ,  ,23,23,1,  ,  ,B03,24.342737,120.639329,3
2018,12,31,18,50,臺中市,北屯區,0,2,0,8,3,5,50,3,1,1,5,4,5,7,1,1,10,5,5,2,16,25,3,10,1,1,B03,7,5,1,8,2,1,  ,25,25,1,22,8,B03,24.177828,120.721221,2
2018,12,31,18,51,臺中市,霧峰區,0,2,0,8,3,5,50,14,9,1,5,4,5,7,4,4,5,5,5,1,2,23,2,9,1,1,C03,7,9,1,10,2,11,  ,23,23,1,4,8,C03,24.080621,120.709317,2
2018,12,31,18,52,臺中市,梧棲區,0,0,,8,,,50,,,,,,,,,,,,,,,16,,,,,B03,,,1,,2,,,44,16,  ,  ,,B03,24.257831,120.539075,4
2018,12,31,18,53,臺中市,龍井區,0,1,0,8,3,5,50,14,9,1,5,4,5,7,4,4,9,5,5,1,17,42,3,10,3,4,C03,7,21,1,10,11,13,  ,42,42,1,10,8,C03,24.197408,120.523133,2
2018,12,31,18,55,臺中市,烏日區,0,0,,8,,,30,,,,,,,,,,,,,,,,,,,,B03,,,1,,2,,,6,,1,21,,B03,24.107853,120.603036,3
2018,12,31,19,6,臺中市,東區,0,1,0,8,3,5,50,4,1,1,5,4,5,7,1,1,10,5,5,2,16,23,2,9,1,1,C03,7,9,1,10,2,14,  ,23,23,1,5,8,C03,24.127259,120.70078,2
2018,12,31,19,16,臺中市,西屯區,0,1,0,8,3,5,50,3,1,1,5,4,5,7,4,4,10,5,5,2,16,6,3,10,3,4,B03,7,5,1,8,2,2,  ,6,6,1,22,8,B03,24.186855,120.620861,2
2018,12,31,19,30,臺中市,西屯區,0,0,0,8,,,50,,,,,,,,,,,,,,,42,  ,  ,  ,  ,C03,  ,  ,1,  ,2,  ,  ,42,42,1,5,  ,C03,24.185555,120.619528,3
2018,12,31,19,30,臺中市,后里區,0,0,,8,,,50,,,,,,,,,,,,,,,,,,,,A05,,,1,,2,,,23,,1,  ,,A05,24.321223,120.700385,3
2018,12,31,19,40,臺中市,南屯區,0,0,0,8,3,5,40,14,8,1,5,4,5,7,4,4,5,5,4,2,17,43,3,10,1,1,C03,7,13,1,10,1,13,13,43,43,1,18,8,C03,24.145946,120.641229,3
2018,12,31,19,49,臺中市,沙鹿區,0,0,,8,,,50,,,,,,,,,,,,,,,,,,,,C03,,,1,,2,,,1,,1,20,,C03,24.242943,120.565173,3
2018,12,31,19,53,臺中市,太平區,0,1,0,8,3,5,50,4,1,1,5,4,5,7,4,4,10,5,5,2,12,8,2,9,1,1,C03,7,5,1,10,2,11,  ,8,8,1,6,7,C03,24.150196,120.706463,2
2018,12,31,19,58,臺中市,大里區,0,1,0,8,3,5,50,4,1,1,5,4,5,7,1,1,10,5,5,2,17,10,3,10,1,1,B03,7,11,1,8,2,6,  ,10,10,1,21,8,B03,24.116938,120.679323,2
2018,12,31,20,7,臺中市,北屯區,0,0,,8,,,50,,,,,,,,,,,,,,,,,,,,B03,,,1,,2,,,16,,1,21,,B03,24.200756,120.687076,3
2018,12,31,20,10,臺中市,東區,0,0,,8,,,50,,,,,,,,,,,,,,,,,,,,F01,,,8,,2,,,43,,1,22,,F01,24.137614,120.705387,3
2018,12,31,20,10,臺中市,西屯區,0,1,0,8,3,5,50,15,22,1,5,4,5,7,4,4,1,5,5,2,16,27,3,10,1,1,B03,7,6,1,8,2,2,  ,27,27,1,22,8,B03,24.185286,120.642468,2
2018,12,31,20,15,臺中市,東勢區,0,2,0,8,3,5,50,4,1,1,5,4,5,7,3,1,10,5,5,2,12,23,2,8,1,1,C03,7,9,1,10,2,11,  ,23,23,1,21,8,C03,24.244958,120.840548,2
2018,12,31,20,19,臺中市,北屯區,0,0,0,8,,,50,,,,,,,,,,,,,,,23,  ,  ,  ,  ,C03,  ,  ,1,  ,2,  ,  ,23,23,1,18,  ,C03,24.173366,120.66814,3
2018,12,31,20,37,臺中市,西屯區,0,0,0,8,,,50,,,,,,,,,,,,,,,42,  ,  ,  ,  ,B03,  ,  ,1,  ,2,  ,  ,42,42,1,22,  ,B03,24.163857,120.663047,3
2018,12,31,20,45,臺中市,大甲區,0,1,0,7,3,5,50,5,2,1,5,4,5,7,1,1,5,5,5,1,16,25,2,9,1,1,C03,7,6,3,18,2,14,  ,25,25,1,5,8,C03,24.346463,120.624257,2
2018,12,31,20,51,臺中市,西區,0,1,0,8,3,5,50,4,1,1,5,4,5,7,2,1,10,5,5,2,16,26,2,8,1,1,C03,7,5,1,10,2,14,  ,26,26,1,21,8,C03,24.14497,120.653003,2
2018,12,31,20,51,臺中市,潭子區,0,3,0,8,3,5,50,3,1,1,5,4,5,7,3,1,1,2,4,1,12,7,2,9,1,1,F03,7,7,8,20,2,16,  ,7,7,1,22,8,F03,24.215924,120.702672,2
2018,12,31,21,0,臺中市,北屯區,0,0,,8,,,40,,,,,,,,,,,,,,,,,,,,B03,,,1,,9,,,23,,2,22,,B03,24.169522,120.695973,3
2018,12,31,21,0,臺中市,大里區,0,0,,8,,,50,,,,,,,,,,,,,,,,,,,,B03,,,1,,2,,,12,,1,5,,B03,24.115854,120.67614,3
2018,12,31,21,9,臺中市,西區,0,1,0,8,3,5,50,14,9,1,5,4,5,7,4,4,5,4,5,2,17,30,3,10,1,1,C03,7,9,1,10,2,15,  ,30,30,1,21,8,C03,24.13672,120.681288,2
2018,12,31,21,15,臺中市,大里區,0,1,0,8,3,5,50,11,7,1,5,4,5,7,4,4,5,5,5,1,17,40,3,10,1,1,B03,7,15,1,8,2,4,  ,40,40,1,1,8,B03,24.088442,120.700493,2
2018,12,31,21,20,臺中市,南屯區,0,0,,8,,,50,,,,,,,,,,,,,,,,,,,,B01,,,1,,2,,,7,,1,22,,B01,24.134114,120.646553,3
2018,12,31,21,24,臺中市,南區,0,1,0,8,3,5,50,4,1,1,5,4,5,7,4,4,10,5,5,2,16,19,3,10,1,1,B03,7,1,1,8,2,7,  ,19,19,1,22,9,B03,24.118905,120.681154,2
2018,12,31,21,25,臺中市,龍井區,0,1,0,8,3,5,50,3,1,1,5,4,5,7,4,4,5,5,4,2,29,67,  ,  ,  ,  ,   ,  ,  ,  ,  ,  ,  ,  ,67,67,1,  ,  ,   ,24.181305,120.591917,2
2018,12,31,21,30,臺中市,西屯區,0,1,0,8,3,5,50,4,20,1,5,4,5,7,2,2,5,4,4,2,19,23,2,9,1,1,C03,7,9,1,10,2,14,  ,23,23,1,18,8,C03,24.175918,120.637369,2
2018,12,31,21,30,臺中市,大里區,0,1,0,8,3,5,50,4,1,1,5,4,5,7,1,1,10,5,5,2,15,25,3,10,1,1,B03,7,9,1,8,2,1,  ,25,25,1,22,8,B03,24.1099,120.681905,2
2018,12,31,21,31,臺中市,大里區,0,1,0,8,3,5,50,4,2,1,5,4,5,7,4,4,5,5,5,2,16,9,2,9,1,1,C03,7,6,1,10,5,11,  ,9,9,1,21,8,C03,24.111926,120.68474,2
2018,12,31,21,40,臺中市,北屯區,0,3,0,8,3,5,40,3,1,1,5,4,5,7,4,4,10,5,5,2,12,43,2,9,3,4,C03,7,9,1,10,2,11,  ,43,43,1,21,8,C03,24.164215,120.714273,2
2018,12,31,21,44,臺中市,北屯區,0,2,0,8,3,5,40,14,8,1,5,4,5,7,4,4,1,4,4,2,13,23,2,9,1,1,C03,7,9,2,18,2,14,  ,23,23,1,16,8,C03,24.176273,120.670234,2
2018,12,31,21,48,臺中市,東勢區,0,1,0,8,4,5,40,14,9,1,5,4,5,7,4,4,10,5,5,2,19,42,2,1,1,1,B02,7,9,1,8,2,1,  ,42,42,1,21,8,B02,24.247491,120.835438,2
2018,12,31,21,51,臺中市,南屯區,0,1,0,8,1,5,50,4,1,1,5,4,5,7,3,1,10,5,5,2,15,6,3,10,1,1,B03,7,9,1,8,2,8,  ,6,6,1,22,8,B03,24.152308,120.647783,2
2018,12,31,22,2,臺中市,南屯區,0,1,0,8,1,5,50,4,9,1,5,4,5,7,1,1,1,4,5,2,12,23,2,9,1,1,C03,7,9,1,10,2,15,  ,23,23,1,22,8,C03,24.146318,120.637345,2
2018,12,31,22,13,臺中市,西屯區,0,1,0,8,3,5,40,4,1,1,5,4,5,7,2,1,10,5,5,2,16,19,3,10,3,4,B02,7,1,1,8,2,4,  ,19,19,1,22,8,B02,24.185848,120.616356,2
2018,12,31,22,22,臺中市,北區,0,2,0,8,3,5,50,3,1,1,5,4,5,7,4,4,10,5,5,2,17,6,3,10,1,1,B03,7,6,1,8,2,2,  ,6,6,1,22,8,B03,24.1584,120.6705,2
2018,12,31,22,28,臺中市,西屯區,0,0,,8,,,50,,,,,,,,,,,,,,,,,,,,B03,,,1,,2,,,12,,1,22,,B03,24.179526,120.63347,3
2018,12,31,22,29,臺中市,太平區,0,0,,8,,,50,,,,,,,,,,,,,,,,,,,,B03,,,1,,2,,,10,,1,21,,B03,24.148885,120.718766,3
2018,12,31,22,30,臺中市,沙鹿區,0,0,,8,,,40,,,,,,,,,,,,,,,,,,,,B03,,,1,,2,,,12,,1,9,,B03,24.235318,120.55895,3
2018,12,31,22,35,臺中市,大里區,0,2,0,8,3,5,50,14,8,1,5,4,5,7,4,4,5,5,4,1,2,23,2,9,1,1,C03,7,9,1,10,2,12,  ,23,23,1,4,8,C03,24.071017,120.67992,2
2018,12,31,22,50,臺中市,梧棲區,0,0,,8,,,50,,,,,,,,,,,,,,,,,,,,B03,,,1,,2,,,12,,1,3,,B03,24.252941,120.550618,3
2018,12,31,23,0,臺中市,沙鹿區,0,0,,8,,,50,,,,,,,,,,,,,,,,,,,,B03,,,1,,2,,,42,,1,4,,B03,24.219929,120.588595,3
2018,12,31,23,2,臺中市,大里區,0,0,,8,,,50,,,,,,,,,,,,,,,,,,,,B03,,,1,,2,,,18,,1,22,,B03,24.096478,120.695846,3
2018,12,31,23,3,臺中市,南屯區,0,0,,8,,,50,,,,,,,,,,,,,,,,,,,,B03,,,1,,2,,,26,,1,  ,,B03,24.143896,120.646523,3
2018,12,31,23,3,臺中市,大里區,0,1,0,8,3,5,40,3,1,1,5,4,5,7,3,1,10,5,5,2,16,6,3,10,1,1,B03,7,5,1,8,2,8,  ,6,6,1,9,8,B03,24.11068,120.701179,2
2018,12,31,23,3,臺中市,清水區,0,1,0,8,3,5,50,4,1,1,5,4,5,7,4,4,10,5,5,2,15,6,3,10,1,1,B12,7,9,1,8,2,5,  ,6,6,1,21,8,B12,24.268988,120.576937,2
2018,12,31,23,12,臺中市,太平區,0,1,0,8,3,5,50,4,2,1,5,4,5,7,1,1,5,2,5,2,17,25,2,9,1,1,C03,7,6,1,10,2,11,  ,25,25,1,18,5,C03,24.148839,120.715892,2
2018,12,31,23,34,臺中市,霧峰區,0,2,0,8,3,5,50,4,1,1,5,4,5,7,3,1,10,5,5,2,13,10,2,9,1,1,C03,7,11,2,18,2,13,  ,10,10,1,16,8,C03,24.074594,120.700013,2
2018,12,31,23,37,臺中市,南屯區,0,0,,8,,,50,,,,,,,,,,,,,,,,,,,,B03,,,1,,2,,,23,,1,22,,B03,24.146795,120.647349,3
2018,12,31,23,44,臺中市,大肚區,0,0,,8,,,40,,,,,,,,,,,,,,,,,,,,   ,,,7,,11,,,43,,1,  ,,   ,24.172288,120.581873,3
2018,12,31,23,51,臺中市,大里區,0,2,0,8,1,5,50,3,13,1,5,4,5,7,4,4,8,1,5,1,9,19,2,8,1,1,B03,7,1,1,8,2,15,  ,19,19,1,22,8,B03,24.114901,120.678275,2
2018,12,31,23,55,臺中市,后里區,0,0,,8,,,60,,,,,,,,,,,,,,,,,,,,B03,,,1,,2,,,26,,1,4,,B03,24.311796,120.704468,3